inspection_id,has_electricity,has_drinking_water,has_functional_toilet,has_boundary_wall,has_playground,inspector_name,remarks,date,school_id
INSP02966,1.0,1.0,1.0,1.0,,Fariq Tripathi,Good condition,2025-04-02,SCH0476
INSP00970,1.0,1.0,1.0,1.0,1.0,Unnati Kulkarni,Good condition,2025-05-13,SCH0337
INSP01386,1.0,1.0,0.0,1.0,1.0,Girik Natt,Toilets locked,2025-06-26,SCH0127
INSP01234,0.0,0.0,1.0,1.0,0.0,Rudra Kurian,Good condition,2025-06-02,SCH0372
INSP02997,1.0,1.0,1.0,1.0,0.0,Mohammed Dara,Average,2025-10-29,SCH0517
INSP02408,,0.0,1.0,0.0,1.0,,No remarks,2025-10-30,SCH0334
INSP02849,1.0,1.0,1.0,1.0,0.0,Meera Sachar,Needs repair,2025-07-23,SCH0229
INSP01240,1.0,1.0,1.0,0.0,0.0,Shivani Konda,Toilets locked,2025-12-29,SCH0072
INSP02649,1.0,1.0,1.0,1.0,1.0,Yachana Mody,Good condition,2026-01-20,SCH0516
INSP01667,1.0,1.0,1.0,,1.0,Eiravati Choudhry,Good condition,2025-05-12,SCH0182
INSP02398,1.0,0.0,1.0,0.0,1.0,Ira Choudhary,No remarks,2026-05-01,SCH0221
INSP01451,1.0,0.0,1.0,1.0,1.0,,Needs repair,2025-12-29,SCH0026
INSP00613,1.0,1.0,1.0,,0.0,Maya Chada,Good condition,2025-10-04,SCH0092
INSP01189,1.0,0.0,1.0,1.0,0.0,Caleb Lala,Toilets locked,2025-12-25,SCH0063
INSP00832,0.0,,1.0,1.0,0.0,Xavier Gade,,2025-10-02,SCH0509
INSP02501,1.0,1.0,1.0,0.0,0.0,Kamya Ravi,Toilets locked,2025-05-10,SCH0033
INSP00333,1.0,,1.0,0.0,1.0,Jasmit Ramachandran,Toilets locked,2025-10-09,SCH0477
INSP02727,1.0,1.0,1.0,1.0,1.0,Chasmum Uppal,Good condition,2025-10-06,SCH0522
INSP00145,0.0,1.0,1.0,1.0,0.0,Yachana Mangat,Toilets locked,2025-11-22,SCH0215
INSP02233,1.0,1.0,1.0,1.0,0.0,Samaksh Khare,Average,2025-10-23,SCH0428
INSP01671,1.0,1.0,1.0,0.0,1.0,Manan Mangat,Needs repair,2025-12-22,SCH0042
INSP01776,0.0,1.0,1.0,1.0,,Manbir Sodhi,Needs repair,2025-09-14,SCH0403
INSP01733,1.0,1.0,0.0,1.0,1.0,Qarin Nayar,Toilets locked,2025-10-23,SCH0175
INSP02204,0.0,1.0,1.0,0.0,1.0,,,2026-06-02,SCH0010
INSP02552,0.0,1.0,1.0,1.0,1.0,Gaurangi Ratti,Toilets locked,2025-04-08,SCH0140
INSP00219,0.0,1.0,1.0,1.0,0.0,Zehaan Deshpande,Average,2025-09-09,SCH0325
INSP00292,1.0,1.0,1.0,0.0,1.0,Chasmum Ganguly,No remarks,2025-11-25,SCH0371
INSP02177,1.0,1.0,,,1.0,Jonathan Jain,Good condition,2025-04-26,SCH0583
INSP00818,1.0,0.0,1.0,1.0,0.0,Krishna Gaba,Average,2025-09-16,SCH0078
INSP00602,1.0,1.0,1.0,1.0,0.0,Umang Sagar,Average,2025-11-20,SCH0360
INSP00018,1.0,1.0,1.0,1.0,0.0,Unnati Goel,,2026-03-15,SCH0582
INSP00171,0.0,1.0,0.0,,0.0,Sneha Ghosh,Good condition,2025-02-04,SCH0067
INSP01738,1.0,1.0,1.0,0.0,0.0,Osha Bajwa,,2025-10-02,SCH0230
INSP02283,1.0,1.0,1.0,1.0,1.0,Sai Warrior,Average,2025-09-21,SCH0559
INSP02803,0.0,1.0,1.0,,0.0,Ekaraj Sehgal,,2026-02-19,SCH0238
INSP01408,,1.0,1.0,0.0,1.0,Kamala Roy,Average,2026-10-03,SCH0274
INSP00179,1.0,1.0,1.0,1.0,1.0,Riya Kant,Good condition,2025-12-09,SCH0577
INSP01337,1.0,1.0,1.0,0.0,0.0,Imaran Tandon,Toilets locked,2025-06-03,SCH0011
INSP01815,0.0,0.0,1.0,1.0,0.0,Lavanya Choudhry,Average,2025-05-01,SCH0240
INSP02205,1.0,1.0,1.0,0.0,0.0,Rudra Bail,Toilets locked,2025-07-11,SCH0037
INSP01412,0.0,1.0,1.0,,,Sai Bhasin,Average,2025-08-05,SCH0596
INSP02746,1.0,1.0,1.0,1.0,,Isaac Kalla,,2025-11-13,SCH0422
INSP01663,0.0,1.0,1.0,0.0,,Neel Ganesh,Needs repair,2026-06-03,SCH0456
INSP01227,1.0,0.0,,1.0,1.0,Isaiah Mangat,,2025-06-29,SCH0398
INSP02025,1.0,1.0,1.0,1.0,1.0,Bhanumati Chaudhari,,2025-10-08,SCH0219
INSP02771,1.0,1.0,1.0,1.0,0.0,Rajata Mistry,Toilets locked,2026-03-02,SCH0339
INSP02097,,0.0,1.0,1.0,,Laksh Dugar,Good condition,2025-05-05,SCH0564
INSP00135,,1.0,1.0,0.0,1.0,Jackson Narasimhan,Toilets locked,2026-03-09,SCH0542
INSP02846,0.0,1.0,1.0,1.0,0.0,Ishanvi Arya,Average,2026-02-12,SCH0258
INSP02987,,1.0,1.0,0.0,1.0,Kevin Gade,Needs repair,2025-06-24,SCH0131
INSP00103,1.0,1.0,1.0,1.0,1.0,Netra Ram,Average,2026-02-24,SCH0022
INSP00415,1.0,1.0,1.0,1.0,1.0,Liam Sibal,Average,2025-11-05,SCH0093
INSP02697,1.0,1.0,1.0,0.0,1.0,Hritik Naidu,Toilets locked,2026-02-12,SCH0122
INSP01484,1.0,1.0,1.0,1.0,1.0,Hamsini Pandya,Toilets locked,2025-12-21,SCH0362
INSP01188,0.0,,1.0,0.0,1.0,Max Shenoy,Toilets locked,2025-06-15,SCH0005
INSP01730,0.0,1.0,1.0,1.0,0.0,,Good condition,2025-10-26,SCH0476
INSP02006,1.0,1.0,1.0,,0.0,Zashil Hegde,Average,2025-08-02,SCH0075
INSP02154,1.0,0.0,1.0,1.0,0.0,,No remarks,2025-10-12,SCH0434
INSP02572,1.0,0.0,1.0,,1.0,Girindra Tiwari,,2025-04-28,SCH0556
INSP01147,1.0,0.0,1.0,0.0,0.0,Vritti Agarwal,No remarks,2025-09-30,SCH0535
INSP00310,1.0,1.0,1.0,1.0,0.0,,,2026-02-20,SCH0037
INSP02274,1.0,1.0,1.0,1.0,,Baghyawati Chana,Toilets locked,2025-12-19,SCH0434
INSP02440,0.0,1.0,1.0,1.0,0.0,Shivansh Trivedi,Toilets locked,2026-09-01,SCH0458
INSP00193,0.0,1.0,1.0,1.0,1.0,Shivansh Tara,No remarks,2026-12-03,SCH0533
INSP00195,1.0,1.0,1.0,1.0,0.0,Nimrat Hayer,Toilets locked,2025-07-12,SCH0346
INSP00777,1.0,0.0,1.0,1.0,0.0,Oeshi Pradhan,Needs repair,2025-06-18,SCH0058
INSP01678,1.0,1.0,1.0,1.0,0.0,Fitan Halder,Toilets locked,2026-03-24,SCH0263
INSP01236,0.0,1.0,0.0,0.0,0.0,,Good condition,2025-03-11,SCH0442
INSP01394,1.0,1.0,1.0,0.0,0.0,Yamini Naidu,Needs repair,2025-09-14,SCH0261
INSP00045,1.0,1.0,0.0,1.0,1.0,Nicholas Keer,No remarks,2025-11-04,SCH0003
INSP01765,0.0,1.0,0.0,0.0,0.0,Zinal Bhavsar,Average,2025-04-28,SCH0167
INSP00946,1.0,1.0,1.0,0.0,1.0,Isaac Khatri,,2025-06-09,SCH0129
INSP02052,1.0,1.0,0.0,1.0,0.0,Peter Mody,No remarks,2025-08-18,SCH0398
INSP00830,1.0,0.0,1.0,1.0,0.0,Yatin Ghose,Toilets locked,2025-07-20,SCH0526
INSP02967,0.0,1.0,1.0,0.0,0.0,Falak Jaggi,Good condition,2025-09-16,SCH0153
INSP02922,1.0,1.0,1.0,1.0,0.0,Isaiah Nagarajan,,2026-02-04,SCH0194
INSP01279,1.0,1.0,0.0,1.0,,Ekani Oommen,Average,2025-12-13,SCH0475
INSP02900,0.0,1.0,1.0,1.0,0.0,Maya Sastry,,2025-06-28,SCH0138
INSP02808,0.0,1.0,1.0,0.0,1.0,Vyanjana Badal,Good condition,2025-04-30,SCH0052
INSP01802,0.0,1.0,1.0,1.0,0.0,Aishani Dhillon,Needs repair,2026-02-28,SCH0364
INSP00486,,1.0,1.0,0.0,1.0,Faras Yohannan,Average,2025-09-06,SCH0501
INSP02372,1.0,0.0,1.0,1.0,0.0,Upkaar Narang,Good condition,2026-03-13,SCH0600
INSP00443,1.0,0.0,1.0,1.0,,Gauri Deshmukh,Average,2025-05-15,SCH0530
INSP01642,1.0,1.0,1.0,,1.0,Vasudha Jayaraman,Average,2025-11-26,SCH0239
INSP02598,1.0,1.0,1.0,1.0,1.0,Pranav Master,Average,2025-04-28,SCH0223
INSP01714,0.0,1.0,1.0,1.0,1.0,,Good condition,2025-05-07,SCH0320
INSP02982,0.0,1.0,,,1.0,Sanya Choudhry,Toilets locked,2025-09-26,SCH0169
INSP00757,0.0,1.0,1.0,0.0,1.0,Bhanumati Sridhar,Needs repair,2025-10-22,SCH0129
INSP01881,1.0,1.0,1.0,1.0,0.0,Hemani Chander,No remarks,2025-04-29,SCH0593
INSP00241,1.0,1.0,1.0,1.0,1.0,Peter Rajagopalan,Needs repair,2025-11-09,SCH0360
INSP02355,1.0,1.0,0.0,1.0,1.0,Alexander Gokhale,,2026-01-22,SCH0211
INSP01666,1.0,1.0,0.0,0.0,0.0,Diya Saini,,2025-12-27,SCH0199
INSP02431,1.0,1.0,1.0,0.0,1.0,Ikshita Dhillon,No remarks,2026-03-16,SCH0083
INSP01744,1.0,1.0,1.0,0.0,1.0,Ekansh Bhandari,No remarks,2026-02-10,SCH0308
INSP00140,1.0,1.0,0.0,1.0,0.0,Zaitra Chandran,Good condition,2025-10-07,SCH0103
INSP00347,,1.0,0.0,1.0,1.0,Neel Murthy,,2025-09-16,SCH0194
INSP01537,1.0,1.0,1.0,0.0,1.0,Chandran Gopal,,2025-10-29,SCH0105
INSP00315,1.0,1.0,1.0,0.0,0.0,Anvi Tara,Needs repair,2025-11-13,SCH0483
INSP01743,1.0,1.0,1.0,1.0,1.0,,,2026-02-06,SCH0257
INSP00323,1.0,1.0,1.0,0.0,,Raksha Jain,Good condition,2025-02-10,SCH0316
INSP01682,1.0,1.0,1.0,1.0,1.0,Vaishnavi Rau,Average,2026-01-07,SCH0302
INSP01460,1.0,0.0,1.0,,,Charles Bahri,Average,2025-09-05,SCH0289
INSP02034,1.0,0.0,0.0,0.0,0.0,Zarna Rau,,2026-12-01,SCH0386
INSP00257,,1.0,1.0,1.0,1.0,Advay Rama,Average,2025-07-21,SCH0408
INSP02300,,0.0,1.0,0.0,1.0,Balhaar Wable,Toilets locked,2026-01-17,SCH0566
INSP01732,1.0,0.0,0.0,1.0,0.0,Dalaja Lala,Needs repair,2025-11-12,SCH0529
INSP02601,1.0,1.0,1.0,0.0,,Vrishti Dugar,Toilets locked,2026-01-03,SCH0154
INSP00204,1.0,1.0,,1.0,1.0,Jacob Mani,No remarks,2025-09-06,SCH0590
INSP01785,0.0,1.0,1.0,0.0,0.0,Vidhi Om,Good condition,2025-04-03,SCH0488
INSP00299,0.0,1.0,1.0,0.0,0.0,Odika Bhandari,,2025-12-14,SCH0599
INSP00052,0.0,1.0,1.0,0.0,0.0,Daksha Kapadia,Good condition,2025-12-07,SCH0320
INSP00215,1.0,1.0,1.0,0.0,0.0,Ikbal Nagy,Needs repair,2025-05-19,SCH0419
INSP00064,1.0,1.0,1.0,0.0,0.0,Forum Choudhary,Toilets locked,2026-03-03,SCH0051
INSP02497,1.0,1.0,1.0,1.0,0.0,Ayushman Vyas,Needs repair,2026-02-23,SCH0004
INSP02801,0.0,,0.0,1.0,1.0,Lavanya Thaker,Needs repair,2025-05-08,SCH0473
INSP01358,1.0,0.0,1.0,0.0,0.0,Ojasvi Chad,Toilets locked,2025-11-12,SCH0527
INSP00300,0.0,1.0,1.0,0.0,1.0,Yauvani Narang,Toilets locked,2025-04-13,SCH0443
INSP00433,1.0,1.0,1.0,1.0,1.0,Viraj Munshi,Toilets locked,2025-08-27,SCH0523
INSP01101,0.0,1.0,1.0,0.0,1.0,Abdul Dayal,Average,2026-02-26,SCH0512
INSP00053,1.0,1.0,1.0,1.0,0.0,Lipika Agarwal,Needs repair,2025-04-05,SCH0112
INSP00795,0.0,1.0,1.0,1.0,,Caleb Pandya,No remarks,2025-10-20,SCH0458
INSP02078,,1.0,1.0,0.0,0.0,Raghav Bakshi,Average,2025-10-15,SCH0542
INSP01252,1.0,1.0,1.0,0.0,0.0,Dev Sawhney,Average,2025-10-22,SCH0450
INSP01075,0.0,1.0,0.0,1.0,0.0,Oviya Sidhu,Average,2025-09-03,SCH0176
INSP02378,1.0,1.0,1.0,1.0,0.0,Manthan Bora,,2025-07-03,SCH0441
INSP01588,1.0,1.0,1.0,1.0,1.0,Yatin Mander,Toilets locked,2025-12-12,SCH0440
INSP01289,1.0,1.0,1.0,1.0,1.0,Brijesh Natarajan,Toilets locked,2025-10-31,SCH0546
INSP01675,1.0,1.0,1.0,1.0,,Rachana Vaidya,No remarks,2025-08-26,SCH0035
INSP02133,1.0,0.0,1.0,0.0,0.0,Krishna Viswanathan,Toilets locked,2026-01-12,SCH0367
INSP01448,1.0,1.0,1.0,,0.0,Isaac Pall,Average,2026-03-03,SCH0422
INSP02897,1.0,1.0,0.0,0.0,0.0,Idika Muni,No remarks,2025-10-14,SCH0263
INSP00071,1.0,,1.0,0.0,0.0,Advaith Ghosh,No remarks,2025-08-20,SCH0047
INSP00643,1.0,1.0,1.0,1.0,1.0,Anjali Lalla,No remarks,2026-03-30,SCH0506
INSP02543,0.0,1.0,1.0,0.0,1.0,Quincy Ramaswamy,No remarks,2026-03-04,SCH0164
INSP00945,1.0,1.0,1.0,0.0,1.0,Omaja Ghose,Toilets locked,2025-11-12,SCH0073
INSP02852,1.0,1.0,1.0,,0.0,Hardik Venkatesh,,2026-01-11,SCH0050
INSP02539,1.0,,1.0,1.0,1.0,Jeet Swaminathan,,2025-04-21,SCH0131
INSP01106,1.0,,1.0,1.0,,,No remarks,2025-04-13,SCH0254
INSP01175,0.0,,1.0,0.0,0.0,Amaira Tara,Average,2025-04-22,SCH0422
INSP02670,0.0,1.0,0.0,1.0,0.0,Krish Kala,,2025-08-10,SCH0525
INSP01757,,1.0,1.0,1.0,1.0,Siya Kashyap,,2025-04-25,SCH0354
INSP00479,1.0,0.0,1.0,0.0,,Eiravati Buch,Toilets locked,2025-07-09,SCH0535
INSP02178,1.0,1.0,0.0,,1.0,Madhav Rattan,Needs repair,2026-03-01,SCH0160
INSP02429,1.0,1.0,0.0,1.0,0.0,Ekantika Nath,Needs repair,2025-06-14,SCH0291
INSP00730,1.0,0.0,1.0,1.0,0.0,Eshana Dey,Needs repair,2025-10-09,SCH0305
INSP01761,0.0,1.0,1.0,1.0,,Tanveer Reddy,Average,2025-07-18,SCH0564
INSP02282,1.0,1.0,1.0,0.0,1.0,Yug Sur,Average,2025-10-30,SCH0168
INSP00290,,1.0,,1.0,1.0,Warjas Vala,,2025-12-28,SCH0416
INSP01092,1.0,1.0,1.0,0.0,1.0,Balendra Warrior,Needs repair,2025-12-23,SCH0532
INSP01420,0.0,1.0,1.0,1.0,,Darsh Nori,Needs repair,2025-05-01,SCH0040
INSP00451,1.0,1.0,0.0,0.0,,Qushi Tella,Average,2025-07-15,SCH0490
INSP02443,1.0,,1.0,1.0,,Chavvi Pradhan,,2026-02-23,SCH0473
INSP00808,1.0,0.0,0.0,1.0,,Azaan Basak,,2025-02-07,SCH0493
INSP00464,1.0,1.0,1.0,1.0,0.0,Bhavya Doshi,Average,2025-06-30,SCH0227
INSP02529,1.0,1.0,0.0,1.0,1.0,Advik Raja,Needs repair,2025-07-19,SCH0041
INSP02699,1.0,1.0,0.0,1.0,0.0,,,2025-12-03,SCH0482
INSP00568,1.0,1.0,0.0,0.0,0.0,Edhitha Srivastava,Needs repair,2026-03-31,SCH0043
INSP01611,1.0,1.0,1.0,1.0,1.0,Zehaan Virk,Needs repair,2025-11-06,SCH0493
INSP00077,0.0,0.0,1.0,1.0,0.0,Aachal Chandra,Good condition,2025-08-18,SCH0186
INSP00332,1.0,1.0,1.0,1.0,1.0,Fiyaz Chanda,Average,2025-08-20,SCH0450
INSP00612,1.0,1.0,1.0,0.0,,Geetika Raman,,2026-03-17,SCH0327
INSP01074,0.0,1.0,1.0,1.0,0.0,Tanvi Wagle,Toilets locked,2025-10-12,SCH0265
INSP00786,,0.0,0.0,1.0,1.0,Zarna Bhargava,No remarks,2026-02-13,SCH0313
INSP00046,1.0,1.0,1.0,1.0,0.0,Naksh Ray,Good condition,2025-11-14,SCH0280
INSP02908,1.0,1.0,0.0,1.0,0.0,Bhavani Gaba,Toilets locked,2025-06-12,SCH0248
INSP00344,1.0,1.0,1.0,1.0,1.0,Ganga Korpal,Toilets locked,2026-01-06,SCH0451
INSP02171,1.0,1.0,0.0,0.0,0.0,Anirudh Muni,Good condition,2025-11-27,SCH0171
INSP01560,1.0,1.0,1.0,0.0,0.0,,Needs repair,2025-06-09,SCH0554
INSP00545,0.0,1.0,1.0,1.0,1.0,Ishanvi Wason,Needs repair,2025-06-02,SCH0302
INSP01024,1.0,1.0,1.0,1.0,1.0,Rehaan Ahluwalia,No remarks,2025-11-08,SCH0428
INSP00153,1.0,1.0,1.0,1.0,1.0,Geetika Kulkarni,,2025-10-15,SCH0540
INSP01981,1.0,1.0,1.0,0.0,0.0,,Toilets locked,2025-05-03,SCH0499
INSP01323,1.0,1.0,1.0,1.0,0.0,Triya Dutta,No remarks,2025-09-07,SCH0264
INSP01019,1.0,1.0,1.0,1.0,0.0,Vedant Hayer,No remarks,2025-06-06,SCH0303
INSP02182,1.0,1.0,1.0,0.0,1.0,Krisha Mital,Good condition,2026-01-29,SCH0248
INSP00001,1.0,1.0,1.0,1.0,,Ira Ranganathan,Good condition,2025-09-22,SCH0087
INSP01463,0.0,1.0,0.0,1.0,1.0,Alexander Garde,Needs repair,2025-06-28,SCH0247
INSP00622,0.0,1.0,1.0,0.0,0.0,Girish Batta,Average,2025-10-05,SCH0089
INSP00409,1.0,1.0,1.0,0.0,1.0,Vaishnavi Sarkar,No remarks,2025-04-17,SCH0069
INSP02837,0.0,0.0,0.0,0.0,0.0,Gabriel Biswas,Average,2025-06-04,SCH0424
INSP01967,1.0,,1.0,0.0,0.0,Yoshita Sridhar,Toilets locked,2025-08-30,SCH0105
INSP02845,1.0,1.0,1.0,1.0,1.0,Parth Bawa,Average,2025-11-29,SCH0341
INSP01622,1.0,1.0,0.0,0.0,1.0,Chaman Dubey,,2026-03-15,SCH0546
INSP01367,1.0,1.0,1.0,1.0,1.0,Suhani Viswanathan,Good condition,2025-12-21,SCH0078
INSP00888,0.0,0.0,1.0,,,Niharika Subramaniam,,2025-08-21,SCH0179
INSP01845,1.0,1.0,1.0,1.0,0.0,Wridesh Patil,,2025-05-20,SCH0105
INSP00033,1.0,1.0,1.0,1.0,1.0,Urvi Dani,,2025-06-24,SCH0323
INSP00212,1.0,1.0,1.0,0.0,0.0,Daksh Vora,Good condition,2025-05-22,SCH0080
INSP02551,1.0,1.0,1.0,1.0,0.0,David Cheema,Toilets locked,2025-12-20,SCH0186
INSP00015,1.0,1.0,0.0,1.0,1.0,Yashoda Jani,Average,2025-04-05,SCH0124
INSP00094,1.0,,1.0,0.0,1.0,Ekapad Rattan,Needs repair,2025-10-28,SCH0234
INSP01256,1.0,1.0,1.0,1.0,1.0,Manya Mody,No remarks,2025-08-30,SCH0037
INSP01398,1.0,1.0,1.0,0.0,0.0,Wahab Patil,Toilets locked,2025-11-05,SCH0517
INSP02819,1.0,1.0,0.0,,1.0,,Good condition,2025-11-10,SCH0116
INSP00355,1.0,1.0,,1.0,0.0,Yoshita Nazareth,Average,2026-03-02,SCH0410
INSP00150,1.0,0.0,0.0,0.0,1.0,Christopher Dutt,Good condition,2025-12-30,SCH0428
INSP00255,1.0,1.0,,1.0,1.0,Jai Varughese,Average,2025-05-05,SCH0540
INSP02030,1.0,1.0,0.0,1.0,0.0,,,2025-04-04,SCH0010
INSP00599,1.0,1.0,,1.0,0.0,Bakhshi Shan,,2025-04-13,SCH0292
INSP00185,0.0,1.0,1.0,0.0,0.0,Osha Iyengar,No remarks,2025-05-30,SCH0041
INSP00579,0.0,1.0,0.0,0.0,0.0,,Average,2025-06-07,SCH0345
INSP01091,1.0,1.0,1.0,1.0,1.0,,,2025-12-09,SCH0447
INSP01174,1.0,1.0,1.0,1.0,0.0,Maanav Rau,Needs repair,2025-11-25,SCH0340
INSP02252,1.0,1.0,1.0,0.0,0.0,Anita Kannan,,2025-04-12,SCH0476
INSP00472,1.0,1.0,1.0,0.0,1.0,Janya Lalla,Average,2025-08-26,SCH0242
INSP01966,1.0,1.0,0.0,0.0,1.0,Vihaan Varma,Good condition,2026-03-13,SCH0281
INSP01964,1.0,1.0,1.0,1.0,0.0,Jeevika Pandit,Average,2025-06-21,SCH0598
INSP01303,1.0,1.0,,1.0,0.0,Vihaan Bora,Good condition,2026-03-17,SCH0359
INSP02998,1.0,1.0,,1.0,0.0,Arya Shenoy,Toilets locked,2026-03-20,SCH0117
INSP00258,0.0,1.0,1.0,1.0,0.0,Unnati Iyengar,Toilets locked,2025-07-06,SCH0067
INSP00933,0.0,1.0,1.0,1.0,1.0,Yashasvi Sethi,No remarks,2025-07-02,SCH0176
INSP01685,1.0,1.0,0.0,0.0,0.0,Ayushman Chand,Average,2025-11-20,SCH0505
INSP00719,1.0,1.0,1.0,1.0,1.0,Harinakshi Boase,,2025-12-06,SCH0533
INSP00597,0.0,1.0,0.0,1.0,0.0,Rohan Rau,No remarks,2026-06-02,SCH0014
INSP00611,1.0,1.0,1.0,1.0,1.0,Nachiket Purohit,No remarks,2025-09-01,SCH0432
INSP00756,,1.0,1.0,0.0,0.0,Suhani Baral,Toilets locked,2025-10-24,SCH0489
INSP02326,1.0,1.0,1.0,1.0,1.0,Wazir Varty,Good condition,2025-08-14,SCH0196
INSP01507,0.0,,1.0,0.0,1.0,Chanchal Parmer,,2025-09-28,SCH0177
INSP02488,1.0,,1.0,1.0,0.0,Urvi Datta,Toilets locked,2025-12-13,SCH0209
INSP01887,1.0,1.0,1.0,1.0,0.0,Balvan Vohra,,2025-07-16,SCH0019
INSP01339,0.0,1.0,0.0,1.0,1.0,,Good condition,2025-04-11,SCH0428
INSP02612,,1.0,1.0,0.0,0.0,Wahab Thakkar,No remarks,2025-09-08,SCH0400
INSP00175,1.0,1.0,1.0,0.0,0.0,Abdul Ratti,Average,2025-04-18,SCH0427
INSP01392,1.0,1.0,1.0,1.0,1.0,Yug Pradhan,Needs repair,2025-07-10,SCH0428
INSP02249,1.0,1.0,1.0,1.0,0.0,Tanmayi Goel,,2026-03-17,SCH0026
INSP00121,1.0,1.0,1.0,1.0,1.0,Ekanta Ramesh,No remarks,2025-09-08,SCH0480
INSP02893,1.0,1.0,1.0,1.0,1.0,Maya Cheema,Toilets locked,2026-09-01,SCH0257
INSP00529,1.0,1.0,1.0,,1.0,Jacob Buch,Needs repair,2026-03-25,SCH0080
INSP02568,1.0,1.0,0.0,1.0,1.0,Mahika Swaminathan,,2026-01-24,SCH0356
INSP00904,,1.0,1.0,,0.0,Sai Vasa,Toilets locked,2026-02-13,SCH0380
INSP02916,1.0,1.0,0.0,0.0,1.0,Aditya Korpal,Needs repair,2026-03-19,SCH0327
INSP00440,1.0,1.0,1.0,1.0,1.0,Ronith Desai,Toilets locked,2025-10-15,SCH0026
INSP01379,1.0,1.0,1.0,1.0,,Samar Sandal,Average,2025-06-04,SCH0026
INSP02773,1.0,1.0,1.0,1.0,1.0,Pratyush Parsa,Good condition,2025-08-27,SCH0124
INSP02145,1.0,,0.0,1.0,1.0,Hemal Contractor,Good condition,2025-07-12,SCH0522
INSP00189,1.0,1.0,1.0,1.0,1.0,Ishanvi Mangal,Average,2025-12-10,SCH0311
INSP01951,1.0,1.0,0.0,1.0,1.0,,Average,2025-08-13,SCH0202
INSP01265,1.0,1.0,1.0,,0.0,Maanas Murty,Toilets locked,2026-12-01,SCH0122
INSP02351,1.0,0.0,1.0,0.0,0.0,Leena Wason,,2025-04-20,SCH0204
INSP01115,,0.0,,1.0,1.0,Darsh Krishna,No remarks,2025-04-09,SCH0269
INSP00271,1.0,1.0,1.0,1.0,0.0,Timothy Ghosh,Toilets locked,2026-01-12,SCH0240
INSP00252,1.0,1.0,1.0,1.0,0.0,Mohini Soni,,2025-04-10,SCH0111
INSP00369,0.0,1.0,0.0,1.0,1.0,Geetika Mishra,Toilets locked,2026-03-27,SCH0347
INSP00388,1.0,1.0,1.0,0.0,1.0,Ishaan Chandran,Average,2025-06-27,SCH0573
INSP01422,1.0,1.0,,1.0,0.0,George Rai,Good condition,2026-09-01,SCH0024
INSP00810,0.0,1.0,1.0,0.0,0.0,Ira Lall,,2025-10-25,SCH0511
INSP01953,0.0,,,0.0,1.0,Ria Ray,No remarks,2025-06-06,SCH0033
INSP02483,,1.0,1.0,1.0,1.0,Bhanumati Balay,Needs repair,2025-06-27,SCH0237
INSP00247,0.0,1.0,0.0,1.0,0.0,,Needs repair,2025-12-19,SCH0255
INSP01238,1.0,1.0,,1.0,1.0,Finn Oommen,No remarks,2025-05-20,SCH0211
INSP02432,1.0,,1.0,0.0,1.0,Lekha Khanna,Average,2025-08-05,SCH0406
INSP01150,,1.0,1.0,0.0,0.0,Abhimanyu Gopal,Needs repair,2025-10-09,SCH0432
INSP02168,0.0,1.0,1.0,1.0,0.0,Isha Nazareth,,2025-03-09,SCH0592
INSP00977,1.0,1.0,1.0,1.0,0.0,Samar Modi,Good condition,2025-08-28,SCH0305
INSP02500,1.0,1.0,1.0,1.0,,,Needs repair,2025-09-14,SCH0294
INSP02165,1.0,1.0,1.0,1.0,1.0,Vansha Mand,Toilets locked,2025-10-31,SCH0541
INSP00444,1.0,1.0,1.0,1.0,1.0,Abha Om,Toilets locked,2026-02-04,SCH0458
INSP02806,1.0,1.0,0.0,0.0,1.0,Abhiram Karnik,Needs repair,2025-12-10,SCH0599
INSP00565,1.0,0.0,1.0,1.0,0.0,Lohit Palan,Good condition,2025-07-21,SCH0573
INSP02093,1.0,1.0,1.0,1.0,1.0,Rudra Master,Toilets locked,2025-10-29,SCH0375
INSP00677,0.0,1.0,1.0,1.0,0.0,Turvi Agarwal,Needs repair,2025-11-04,SCH0143
INSP00880,1.0,1.0,1.0,,0.0,,Toilets locked,2025-07-08,SCH0590
INSP02660,1.0,1.0,0.0,1.0,,Nidra Bhatt,No remarks,2026-07-03,SCH0552
INSP01860,1.0,1.0,1.0,1.0,0.0,Onveer Kalla,Toilets locked,2025-08-17,SCH0576
INSP02795,1.0,1.0,1.0,1.0,0.0,Arin Seshadri,Average,2025-12-15,SCH0260
INSP00176,1.0,1.0,1.0,0.0,0.0,Tanay Master,Toilets locked,2025-11-13,SCH0556
INSP00556,,1.0,1.0,0.0,0.0,Banjeet Garde,Toilets locked,2025-06-16,SCH0479
INSP02222,1.0,1.0,1.0,,,Tanvi Gupta,Average,2025-11-19,SCH0140
INSP01557,0.0,1.0,1.0,1.0,1.0,Vidhi Dora,Good condition,2025-04-23,SCH0097
INSP02959,0.0,1.0,1.0,1.0,0.0,Zinal Halder,No remarks,2026-02-24,SCH0062
INSP02293,0.0,1.0,1.0,0.0,0.0,Janani Varkey,No remarks,2026-03-07,SCH0237
INSP01809,1.0,1.0,,0.0,1.0,Nathaniel Mani,Needs repair,2025-12-19,SCH0294
INSP00868,1.0,0.0,1.0,0.0,0.0,,Good condition,2025-04-09,SCH0321
INSP02119,1.0,1.0,1.0,1.0,1.0,Dalbir Tandon,Good condition,2025-04-30,SCH0022
INSP00450,0.0,1.0,1.0,0.0,1.0,,Toilets locked,2025-12-28,SCH0066
INSP01135,1.0,0.0,0.0,,0.0,Advik Peri,Needs repair,2025-10-20,SCH0317
INSP01851,1.0,1.0,1.0,1.0,1.0,Keya Dua,,2026-02-28,SCH0294
INSP00582,0.0,1.0,0.0,,0.0,Lekha Mammen,,2025-12-27,SCH0312
INSP02491,0.0,1.0,1.0,0.0,1.0,Eta Lalla,Average,2026-01-27,SCH0066
INSP02051,1.0,1.0,1.0,1.0,1.0,Thomas Dhar,Good condition,2025-10-22,SCH0072
INSP02664,0.0,1.0,0.0,,0.0,Bakhshi Koshy,No remarks,2025-06-13,SCH0199
INSP01426,1.0,1.0,1.0,1.0,1.0,Urvi Chandra,Average,2026-01-18,SCH0067
INSP02172,0.0,1.0,1.0,1.0,1.0,Upadhriti Singhal,No remarks,2025-05-25,SCH0172
INSP00765,,1.0,0.0,0.0,,Maanas Gupta,,2025-04-26,SCH0333
INSP02549,1.0,1.0,1.0,0.0,0.0,Advik Morar,Good condition,2025-04-10,SCH0193
INSP00508,1.0,1.0,0.0,1.0,1.0,,Good condition,2026-03-14,SCH0042
INSP01946,1.0,1.0,1.0,0.0,1.0,Yug Sachdeva,Average,2025-11-13,SCH0282
INSP00267,1.0,1.0,1.0,0.0,0.0,Manthan Maharaj,Needs repair,2025-12-26,SCH0482
INSP00197,1.0,0.0,,1.0,1.0,Rajata Sarraf,Average,2026-01-14,SCH0416
INSP02941,1.0,,1.0,0.0,0.0,Jalsa Dhar,Average,2025-04-18,SCH0198
INSP00089,1.0,1.0,0.0,0.0,1.0,Thomas Kar,No remarks,2025-06-14,SCH0256
INSP02884,1.0,1.0,1.0,0.0,1.0,Nitara Chandra,Needs repair,2025-12-06,SCH0265
INSP01318,1.0,1.0,1.0,1.0,0.0,,Good condition,2025-06-06,SCH0350
INSP02826,1.0,1.0,1.0,1.0,1.0,Warinder Palan,Good condition,2025-04-13,SCH0414
INSP00679,1.0,1.0,0.0,1.0,0.0,Wishi Hayre,No remarks,2025-07-25,SCH0278
INSP00913,0.0,1.0,1.0,1.0,0.0,Aarini Korpal,Toilets locked,2025-05-03,SCH0592
INSP00728,1.0,1.0,1.0,1.0,1.0,Ridhi Gour,No remarks,2026-03-30,SCH0033
INSP00411,1.0,1.0,1.0,1.0,0.0,Harita Bala,Needs repair,2026-01-23,SCH0049
INSP00991,1.0,1.0,1.0,1.0,0.0,Keya Sampath,Good condition,2026-01-22,SCH0546
INSP00583,0.0,0.0,1.0,1.0,0.0,,Needs repair,2025-06-25,SCH0152
INSP02724,1.0,1.0,1.0,,0.0,Urvi D’Alia,,2025-12-23,SCH0574
INSP00026,,1.0,1.0,1.0,1.0,,Needs repair,2025-09-25,SCH0114
INSP02359,,1.0,1.0,1.0,0.0,Eshana Devan,,2025-08-03,SCH0388
INSP02709,1.0,1.0,1.0,1.0,,,No remarks,2025-11-12,SCH0525
INSP01948,1.0,1.0,1.0,1.0,1.0,Wahab Nadig,Toilets locked,2025-11-04,SCH0221
INSP02015,1.0,1.0,1.0,0.0,0.0,Isaac Verma,Toilets locked,2025-08-22,SCH0162
INSP02164,1.0,1.0,1.0,0.0,0.0,Chameli Ravel,No remarks,2026-01-23,SCH0093
INSP01840,1.0,,1.0,,0.0,Laksh Puri,Toilets locked,2026-12-03,SCH0388
INSP00322,1.0,0.0,1.0,0.0,1.0,Harrison Sharaf,Toilets locked,2025-08-25,SCH0408
INSP01427,1.0,1.0,1.0,1.0,0.0,Siddharth Rajagopalan,Average,2025-04-25,SCH0474
INSP02426,1.0,0.0,1.0,1.0,1.0,Jack Thaker,Average,2025-07-14,SCH0567
INSP01610,1.0,0.0,,1.0,0.0,Abhiram Kapadia,,2025-08-30,SCH0406
INSP00424,1.0,1.0,1.0,1.0,,Jonathan Murty,Needs repair,2025-10-22,SCH0072
INSP01413,1.0,1.0,1.0,0.0,1.0,Jairaj Buch,,2025-05-09,SCH0543
INSP00068,1.0,1.0,1.0,0.0,1.0,Wahab Vala,,2025-08-05,SCH0361
INSP02294,1.0,1.0,1.0,1.0,0.0,Yashica Chatterjee,Toilets locked,2026-03-07,SCH0319
INSP01619,0.0,1.0,,0.0,0.0,Devika Walia,Toilets locked,2025-09-13,SCH0001
INSP02607,1.0,0.0,,1.0,0.0,Yuvraj Dey,Average,2026-01-17,SCH0046
INSP00032,1.0,1.0,1.0,1.0,1.0,Sai Rana,Good condition,2025-05-28,SCH0556
INSP02679,0.0,1.0,1.0,0.0,,Samesh Koshy,Good condition,2025-12-05,SCH0412
INSP00528,,1.0,1.0,1.0,1.0,Ekavir Jayaraman,,2025-08-11,SCH0415
INSP02288,1.0,1.0,1.0,0.0,1.0,Geetika Chatterjee,Average,2025-12-12,SCH0332
INSP00458,1.0,1.0,1.0,1.0,0.0,Zansi Dhar,No remarks,2026-01-14,SCH0311
INSP02659,1.0,1.0,1.0,0.0,0.0,Michael Doctor,Average,2026-02-12,SCH0175
INSP02902,1.0,1.0,1.0,1.0,1.0,Chasmum Sheth,,2025-04-19,SCH0217
INSP02454,1.0,1.0,1.0,0.0,,,No remarks,2025-06-28,SCH0341
INSP02919,1.0,1.0,1.0,1.0,1.0,Gaurika Acharya,Good condition,2026-01-08,SCH0463
INSP00863,0.0,1.0,1.0,1.0,1.0,Caleb Thaman,Good condition,2025-06-22,SCH0195
INSP02675,1.0,1.0,1.0,0.0,1.0,Lavanya Chad,Needs repair,2025-12-05,SCH0065
INSP00167,1.0,1.0,1.0,1.0,1.0,Ekapad Bandi,Average,2026-01-03,SCH0002
INSP00125,0.0,1.0,1.0,1.0,0.0,Yashica Dhar,Average,2025-09-08,SCH0213
INSP02595,1.0,1.0,1.0,1.0,0.0,,Good condition,2025-07-04,SCH0201
INSP00683,0.0,1.0,1.0,0.0,0.0,Aarna Khalsa,Average,2025-06-02,SCH0075
INSP02330,0.0,1.0,1.0,0.0,1.0,Manya Vasa,Average,2025-07-18,SCH0296
INSP00573,0.0,0.0,0.0,1.0,1.0,Hema Badal,Toilets locked,2025-05-26,SCH0521
INSP01199,1.0,,1.0,1.0,0.0,Gaurav Ramaswamy,Toilets locked,2025-12-16,SCH0448
INSP01090,1.0,1.0,1.0,1.0,,Sneha Bhalla,,2026-03-05,SCH0425
INSP01360,1.0,1.0,1.0,1.0,1.0,Triya Dewan,Toilets locked,2025-07-13,SCH0168
INSP02365,1.0,1.0,1.0,1.0,1.0,Chanakya Manne,Good condition,2025-07-03,SCH0260
INSP00507,1.0,1.0,1.0,1.0,1.0,Anamika Parmar,Average,2025-11-09,SCH0570
INSP01273,1.0,1.0,1.0,1.0,1.0,Aachal Garg,Good condition,2025-12-23,SCH0191
INSP02712,1.0,0.0,1.0,1.0,1.0,Jacob Dani,Toilets locked,2025-05-20,SCH0016
INSP02046,0.0,0.0,1.0,1.0,1.0,Warda Mander,Needs repair,2025-12-04,SCH0228
INSP01711,0.0,1.0,1.0,1.0,1.0,Yamini Venkataraman,,2025-07-07,SCH0017
INSP02871,1.0,1.0,1.0,,0.0,Devansh Jaggi,Average,2025-05-25,SCH0126
INSP02468,1.0,1.0,1.0,1.0,1.0,Arjun Dyal,Toilets locked,2025-08-07,SCH0528
INSP00931,1.0,1.0,1.0,1.0,0.0,Chaitanya Palla,No remarks,2025-11-09,SCH0040
INSP00177,1.0,0.0,0.0,0.0,,Shivani Dutt,Good condition,2026-01-27,SCH0137
INSP00595,1.0,1.0,1.0,1.0,1.0,Upadhriti Parmar,Good condition,2025-04-23,SCH0586
INSP01564,1.0,1.0,1.0,1.0,1.0,Patrick Pant,,2025-07-14,SCH0588
INSP02031,0.0,1.0,0.0,0.0,1.0,Madhav Dass,Needs repair,2025-10-03,SCH0018
INSP02452,1.0,1.0,1.0,1.0,0.0,Ikbal Viswanathan,,2025-12-26,SCH0043
INSP01002,1.0,1.0,1.0,1.0,0.0,Harsh Jani,Toilets locked,2025-10-27,SCH0208
INSP01232,0.0,1.0,1.0,,1.0,David Sant,Average,2025-04-24,SCH0471
INSP00802,1.0,0.0,1.0,0.0,1.0,Advay Dugal,No remarks,2025-06-17,SCH0517
INSP00434,1.0,1.0,1.0,0.0,1.0,Nicholas Guha,No remarks,2026-02-22,SCH0535
INSP00081,1.0,0.0,1.0,1.0,0.0,Kamya Sandhu,Good condition,2025-09-06,SCH0314
INSP02263,0.0,1.0,,1.0,0.0,Krishna Dash,Average,2025-06-16,SCH0494
INSP01197,1.0,1.0,,0.0,0.0,Zaid Ram,Toilets locked,2026-01-10,SCH0073
INSP02094,1.0,1.0,1.0,1.0,0.0,Urvashi Mane,No remarks,2025-04-06,SCH0431
INSP00417,1.0,1.0,,0.0,1.0,Pranit Luthra,Toilets locked,2025-10-25,SCH0200
INSP02957,1.0,1.0,1.0,1.0,1.0,Jalsa Choudhry,No remarks,2025-09-24,SCH0212
INSP00496,1.0,1.0,0.0,0.0,1.0,Sanya Bava,Toilets locked,2026-01-23,SCH0380
INSP01628,1.0,1.0,1.0,1.0,0.0,Karan D’Alia,Good condition,2025-09-25,SCH0044
INSP00938,1.0,1.0,1.0,0.0,0.0,Advika Garde,Toilets locked,2025-06-11,SCH0053
INSP02885,1.0,1.0,1.0,1.0,1.0,Ranbir Rajagopalan,Average,2025-08-24,SCH0225
INSP00371,0.0,1.0,1.0,1.0,0.0,Samarth Patla,Needs repair,2025-09-28,SCH0214
INSP01548,1.0,0.0,1.0,1.0,0.0,Fitan Upadhyay,Toilets locked,2025-06-20,SCH0224
INSP01695,0.0,1.0,1.0,,0.0,Chaaya Boase,Good condition,2025-05-25,SCH0577
INSP01941,1.0,0.0,1.0,0.0,1.0,Vasatika Jayaraman,Toilets locked,2025-06-30,SCH0478
INSP01787,1.0,1.0,0.0,1.0,0.0,Jagat Sachar,Average,2025-03-04,SCH0258
INSP01927,1.0,,1.0,1.0,1.0,Vinaya Pau,Needs repair,2026-02-09,SCH0053
INSP01573,1.0,0.0,1.0,1.0,1.0,Chatresh Devi,Toilets locked,2025-05-22,SCH0553
INSP02196,0.0,1.0,,1.0,0.0,Tejas Subramaniam,,2025-04-08,SCH0194
INSP00839,1.0,0.0,1.0,1.0,0.0,Banjeet Nigam,Toilets locked,2025-11-15,SCH0552
INSP01243,1.0,1.0,1.0,1.0,0.0,Hardik Anne,Good condition,2026-04-02,SCH0269
INSP01865,,1.0,0.0,1.0,1.0,Panini Raja,Average,2025-06-30,SCH0387
INSP00142,0.0,0.0,1.0,1.0,0.0,Mugdha Dugal,Average,2025-09-25,SCH0510
INSP01207,1.0,,0.0,1.0,1.0,Yauvani Karan,No remarks,2025-11-01,SCH0036
INSP01728,0.0,1.0,1.0,,0.0,Wriddhish Rege,,2025-06-11,SCH0252
INSP01481,1.0,0.0,,,1.0,Raksha Rajagopal,,2025-04-04,SCH0032
INSP01937,1.0,,1.0,1.0,0.0,Agastya Patla,Average,2025-05-21,SCH0523
INSP01939,0.0,1.0,1.0,1.0,1.0,Sathvik Agate,Toilets locked,2025-12-20,SCH0241
INSP00533,1.0,0.0,1.0,1.0,1.0,Harita Mukherjee,Needs repair,2026-01-08,SCH0135
INSP02895,1.0,1.0,1.0,1.0,0.0,Hardik Bir,Good condition,2025-12-01,SCH0104
INSP02245,1.0,1.0,0.0,1.0,0.0,Omkaar Kothari,No remarks,2025-10-09,SCH0253
INSP00655,1.0,1.0,1.0,1.0,1.0,Yatin Mann,No remarks,2026-01-13,SCH0121
INSP02413,1.0,,1.0,0.0,0.0,Aishani Bumb,No remarks,2025-12-05,SCH0157
INSP00412,1.0,1.0,0.0,1.0,0.0,Anirudh Ganesh,Needs repair,2025-04-02,SCH0426
INSP00901,1.0,1.0,0.0,1.0,1.0,Neel Roy,,2025-10-12,SCH0096
INSP00178,1.0,0.0,0.0,0.0,,Inaya Batta,Needs repair,2025-10-24,SCH0112
INSP00928,0.0,1.0,1.0,0.0,1.0,Yashoda Halder,No remarks,2026-07-03,SCH0085
INSP02887,1.0,1.0,1.0,0.0,1.0,Gabriel Doctor,Average,2025-10-16,SCH0295
INSP02535,1.0,1.0,1.0,1.0,0.0,Zansi Varty,Toilets locked,2026-02-22,SCH0228
INSP01821,1.0,0.0,1.0,,1.0,Darpan Dara,Toilets locked,2025-12-12,SCH0457
INSP01000,1.0,1.0,1.0,,0.0,Jasmit Bora,Toilets locked,2025-10-20,SCH0210
INSP02345,1.0,1.0,1.0,1.0,1.0,Jagvi Borde,Good condition,2025-12-21,SCH0007
INSP00480,0.0,0.0,1.0,0.0,0.0,Damini Jha,Good condition,2025-04-08,SCH0216
INSP00184,0.0,1.0,1.0,1.0,0.0,Ekbal Ranganathan,Toilets locked,2025-06-13,SCH0332
INSP00696,0.0,1.0,1.0,1.0,1.0,Krishna Kale,Average,2025-06-27,SCH0441
INSP01158,1.0,1.0,1.0,,0.0,Neel Dutta,Toilets locked,2025-11-04,SCH0489
INSP00671,0.0,,1.0,1.0,0.0,Veda Korpal,Needs repair,2025-07-25,SCH0350
INSP00606,0.0,1.0,1.0,0.0,,Mekhala Verma,,2025-07-13,SCH0261
INSP02272,1.0,1.0,1.0,1.0,0.0,Janaki Shetty,No remarks,2025-07-28,SCH0277
INSP01799,1.0,1.0,1.0,0.0,1.0,Warda Kade,No remarks,2025-04-25,SCH0421
INSP00760,0.0,1.0,1.0,1.0,0.0,Kashvi Chander,Good condition,2025-09-21,SCH0181
INSP02875,1.0,1.0,1.0,0.0,0.0,Arya Dey,Good condition,2025-06-03,SCH0239
INSP00686,1.0,1.0,,1.0,1.0,Chanakya Raval,Needs repair,2025-12-12,SCH0268
INSP00487,1.0,1.0,1.0,1.0,1.0,Aarini Joshi,Average,2026-03-19,SCH0291
INSP01579,1.0,1.0,1.0,1.0,0.0,Omaja Bhasin,Needs repair,2025-07-08,SCH0142
INSP00394,1.0,1.0,1.0,1.0,1.0,Dhruv Jain,Needs repair,2025-10-05,SCH0114
INSP01152,1.0,1.0,0.0,0.0,1.0,Laban Doshi,,2025-05-27,SCH0430
INSP02029,1.0,1.0,1.0,1.0,0.0,,Needs repair,2026-02-28,SCH0463
INSP02862,1.0,1.0,1.0,,1.0,Reyansh Uppal,Good condition,2025-09-30,SCH0350
INSP00163,0.0,1.0,1.0,0.0,0.0,Anvi Sani,Average,2025-10-09,SCH0005
INSP01223,1.0,1.0,1.0,1.0,0.0,Girik Tella,Good condition,2025-06-15,SCH0325
INSP01916,0.0,1.0,0.0,1.0,0.0,Balveer Bhatt,Toilets locked,2025-10-03,SCH0302
INSP01049,1.0,1.0,1.0,1.0,1.0,Leela Gera,Average,2025-09-05,SCH0416
INSP00431,1.0,1.0,0.0,1.0,1.0,Chakradev Contractor,No remarks,2025-08-30,SCH0582
INSP01104,1.0,1.0,0.0,,0.0,Utkarsh Sarin,Good condition,2025-10-12,SCH0386
INSP00439,1.0,1.0,1.0,1.0,1.0,Rachana Aggarwal,No remarks,2025-09-05,SCH0279
INSP01884,0.0,1.0,1.0,1.0,0.0,Aarini Sandal,No remarks,2025-09-05,SCH0133
INSP01226,0.0,1.0,1.0,1.0,0.0,Neha Yadav,Average,2026-01-30,SCH0070
INSP02032,1.0,1.0,1.0,1.0,0.0,Yoshita Konda,,2025-10-13,SCH0497
INSP01037,1.0,1.0,1.0,1.0,1.0,Krish Divan,Average,2025-11-13,SCH0322
INSP01076,0.0,1.0,1.0,1.0,1.0,,No remarks,2025-10-02,SCH0024
INSP01749,1.0,,0.0,1.0,,,Toilets locked,2026-05-02,SCH0301
INSP00031,1.0,1.0,,,1.0,Noah Misra,Average,2025-06-06,SCH0159
INSP02021,1.0,1.0,,1.0,0.0,Faras Behl,Needs repair,2025-05-06,SCH0019
INSP02103,1.0,1.0,1.0,1.0,0.0,,,2025-08-18,SCH0526
INSP00963,1.0,1.0,,0.0,0.0,Tanvi Seth,,2025-10-18,SCH0375
INSP02285,1.0,1.0,1.0,,1.0,Saumya Suri,,2026-01-27,SCH0593
INSP00174,1.0,1.0,1.0,1.0,0.0,Vedika Chacko,Toilets locked,2025-12-15,SCH0093
INSP02213,0.0,0.0,1.0,0.0,0.0,Gaurika Bail,Good condition,2025-12-15,SCH0411
INSP00297,1.0,1.0,1.0,0.0,1.0,Ayush Anne,No remarks,2026-01-26,SCH0018
INSP00326,1.0,1.0,0.0,1.0,1.0,Daksha Gole,No remarks,2026-02-10,SCH0180
INSP01290,1.0,1.0,1.0,1.0,0.0,Nikita Baria,No remarks,2025-10-11,SCH0102
INSP00280,0.0,1.0,1.0,0.0,0.0,Triya Chaudhuri,No remarks,2025-06-29,SCH0138
INSP02655,1.0,1.0,0.0,0.0,0.0,Aarav Mannan,,2026-02-20,SCH0117
INSP02414,1.0,1.0,1.0,0.0,1.0,Mason Kara,Average,2025-08-08,SCH0417
INSP01984,0.0,1.0,1.0,0.0,0.0,Aditya Kar,Needs repair,2025-09-14,SCH0383
INSP00813,1.0,1.0,1.0,1.0,0.0,Gautam Divan,Average,2025-10-28,SCH0506
INSP01217,0.0,1.0,1.0,0.0,1.0,Upasna Rao,No remarks,2025-04-25,SCH0455
INSP02617,1.0,0.0,1.0,0.0,0.0,Kabir Borde,Good condition,2025-05-15,SCH0155
INSP00701,0.0,1.0,1.0,1.0,1.0,Benjamin Jani,No remarks,2025-11-09,SCH0078
INSP00558,0.0,0.0,1.0,0.0,1.0,Baljiwan Yohannan,No remarks,2025-08-21,SCH0236
INSP01899,1.0,1.0,1.0,1.0,0.0,Mitali Singh,No remarks,2025-09-21,SCH0184
INSP02518,1.0,1.0,1.0,0.0,1.0,Zayyan Varughese,Needs repair,2025-09-30,SCH0344
INSP01512,1.0,1.0,1.0,1.0,,Yashawini Seth,Good condition,2025-11-30,SCH0487
INSP00074,1.0,,1.0,1.0,1.0,Raagini Krish,Average,2025-07-18,SCH0365
INSP02255,1.0,1.0,1.0,1.0,0.0,Lavanya Subramanian,Toilets locked,2025-10-18,SCH0270
INSP00049,1.0,1.0,1.0,1.0,1.0,Brijesh Mallick,Good condition,2025-07-05,SCH0083
INSP00603,1.0,0.0,1.0,0.0,1.0,Zinal Kant,No remarks,2026-03-20,SCH0058
INSP00681,1.0,1.0,0.0,1.0,0.0,Vinaya Dayal,No remarks,2026-01-28,SCH0239
INSP01452,1.0,1.0,1.0,0.0,1.0,Gopal Sridhar,No remarks,2025-11-24,SCH0218
INSP01903,1.0,1.0,1.0,0.0,1.0,Aarini Kapadia,Average,2025-09-24,SCH0056
INSP02406,,1.0,0.0,1.0,0.0,Fariq Garg,,2026-01-16,SCH0269
INSP01445,1.0,1.0,1.0,0.0,1.0,Shravya Srinivas,No remarks,2025-11-06,SCH0177
INSP02878,1.0,1.0,,1.0,0.0,Darpan Bala,Toilets locked,2025-12-23,SCH0317
INSP01578,0.0,1.0,1.0,0.0,1.0,Zaid Brar,Good condition,2025-09-20,SCH0524
INSP00403,1.0,,1.0,1.0,1.0,Orinder Sarna,Needs repair,2025-04-20,SCH0590
INSP01746,1.0,,1.0,0.0,0.0,Tarak Rattan,Needs repair,2026-02-06,SCH0303
INSP02755,1.0,1.0,1.0,1.0,1.0,,Needs repair,2025-04-09,SCH0029
INSP01555,0.0,1.0,1.0,0.0,0.0,Avi Om,Good condition,2026-02-15,SCH0078
INSP02738,1.0,,1.0,0.0,0.0,Chavvi Datta,Good condition,2025-09-12,SCH0201
INSP01212,1.0,1.0,0.0,1.0,0.0,Ayushman Saxena,Toilets locked,2025-10-04,SCH0380
INSP02561,0.0,1.0,1.0,1.0,0.0,Mekhala Goyal,Average,2025-07-22,SCH0571
INSP02270,1.0,,0.0,0.0,1.0,Indali Peri,Good condition,2026-01-19,SCH0268
INSP02237,1.0,1.0,0.0,1.0,1.0,Warda Nair,Average,2025-12-30,SCH0357
INSP01513,1.0,1.0,0.0,1.0,0.0,Hemang Krishnamurthy,Average,2026-12-01,SCH0467
INSP02356,1.0,1.0,1.0,1.0,1.0,Ishani Doctor,Needs repair,2025-12-07,SCH0030
INSP01875,1.0,1.0,,1.0,0.0,Urvi Loyal,No remarks,2025-12-02,SCH0556
INSP01012,1.0,1.0,1.0,1.0,1.0,Neha Doctor,Average,2025-04-11,SCH0185
INSP01072,1.0,1.0,0.0,1.0,0.0,Daksh Sarma,,2026-04-03,SCH0258
INSP00680,0.0,1.0,,0.0,0.0,Ethan Kurian,Good condition,2025-12-18,SCH0443
INSP01712,0.0,,1.0,1.0,0.0,Lucky Wadhwa,Average,2025-06-30,SCH0563
INSP00325,1.0,0.0,1.0,0.0,1.0,Krishna Saxena,Toilets locked,2025-03-07,SCH0447
INSP00820,1.0,1.0,1.0,0.0,0.0,Rachita Wable,Average,2026-01-16,SCH0307
INSP01489,1.0,0.0,1.0,1.0,0.0,Samarth Hayre,,2025-11-01,SCH0055
INSP01812,1.0,1.0,1.0,0.0,1.0,Arya Dara,Good condition,2026-01-29,SCH0434
INSP00811,0.0,0.0,0.0,1.0,1.0,Chasmum Vyas,,2025-10-29,SCH0585
INSP01973,1.0,0.0,1.0,1.0,1.0,Sathvik Acharya,,2025-11-28,SCH0396
INSP02840,1.0,1.0,1.0,0.0,1.0,,Needs repair,2025-04-18,SCH0232
INSP02212,1.0,1.0,1.0,1.0,0.0,Ekantika Manne,No remarks,2026-03-29,SCH0046
INSP01129,1.0,0.0,1.0,0.0,1.0,Harish Vohra,Needs repair,2025-11-16,SCH0032
INSP00502,1.0,1.0,1.0,0.0,1.0,,,2025-06-07,SCH0297
INSP02642,1.0,,1.0,0.0,0.0,Bhavini Wagle,Toilets locked,2025-08-13,SCH0003
INSP02125,1.0,1.0,1.0,1.0,1.0,Guneet Wali,No remarks,2025-11-08,SCH0076
INSP02828,0.0,0.0,1.0,0.0,0.0,Elijah Sen,Average,2025-07-05,SCH0126
INSP00240,1.0,0.0,1.0,1.0,1.0,Vanya Sem,No remarks,2025-11-07,SCH0029
INSP00762,0.0,1.0,1.0,0.0,,,Good condition,2025-05-16,SCH0543
INSP01717,0.0,1.0,1.0,0.0,1.0,Chandran Kapadia,Good condition,2025-12-15,SCH0390
INSP01229,1.0,1.0,,0.0,1.0,Prisha Bhat,Average,2025-03-08,SCH0125
INSP01473,1.0,1.0,1.0,1.0,1.0,Arunima Thakkar,Average,2025-10-16,SCH0221
INSP00953,1.0,1.0,1.0,0.0,1.0,Oeshi Bhatia,No remarks,2025-10-27,SCH0133
INSP01262,1.0,1.0,0.0,1.0,1.0,Joshua Sastry,Toilets locked,2025-07-22,SCH0195
INSP02307,1.0,0.0,1.0,0.0,1.0,Maya Behl,Average,2026-03-22,SCH0141
INSP01654,,1.0,,1.0,,Praneel Jani,Average,2025-04-11,SCH0554
INSP01045,0.0,1.0,0.0,1.0,1.0,Ekta Goel,Average,2026-02-15,SCH0366
INSP01478,0.0,1.0,1.0,,0.0,Abha Memon,No remarks,2026-01-16,SCH0502
INSP00512,,0.0,0.0,1.0,1.0,Udyati Koshy,,2026-03-02,SCH0467
INSP01361,1.0,1.0,0.0,1.0,0.0,Bhavani Prabhakar,Needs repair,2026-03-26,SCH0572
INSP02141,0.0,1.0,1.0,1.0,1.0,Ekaja Bal,No remarks,2025-10-15,SCH0513
INSP00841,1.0,1.0,1.0,1.0,0.0,,,2026-03-08,SCH0044
INSP02176,1.0,1.0,1.0,1.0,0.0,Netra Sule,No remarks,2026-02-22,SCH0155
INSP01831,,1.0,1.0,1.0,0.0,Vrinda Comar,Good condition,2025-12-10,SCH0181
INSP02769,1.0,0.0,1.0,0.0,0.0,Qarin Dhingra,,2025-11-21,SCH0018
INSP00638,1.0,1.0,1.0,1.0,1.0,Tanvi Gaba,Good condition,2025-09-23,SCH0120
INSP01950,1.0,0.0,0.0,,1.0,Zinal Buch,,2025-09-29,SCH0080
INSP02954,1.0,1.0,1.0,1.0,1.0,Nisha Manda,Needs repair,2025-04-07,SCH0065
INSP01722,1.0,1.0,1.0,1.0,1.0,Ridhi Ahuja,Good condition,2026-02-07,SCH0268
INSP00600,0.0,1.0,1.0,1.0,1.0,Zayyan Om,No remarks,2025-05-26,SCH0008
INSP01475,1.0,1.0,,1.0,1.0,Anita Acharya,Good condition,2025-12-21,SCH0235
INSP02135,1.0,,1.0,1.0,1.0,Sneha Shanker,No remarks,2026-03-17,SCH0131
INSP02602,1.0,0.0,1.0,0.0,,,,2025-11-11,SCH0514
INSP00109,1.0,1.0,1.0,1.0,0.0,Sai Sarma,Good condition,2025-01-09,SCH0002
INSP02401,1.0,0.0,1.0,0.0,0.0,,,2025-02-07,SCH0117
INSP01583,1.0,0.0,1.0,0.0,0.0,Guneet Pai,Average,2025-12-01,SCH0590
INSP00319,0.0,1.0,1.0,1.0,0.0,Ladli Buch,Good condition,2026-01-22,SCH0477
INSP02983,1.0,1.0,1.0,,0.0,,Good condition,2026-03-20,SCH0229
INSP02725,1.0,1.0,1.0,1.0,1.0,,Needs repair,2026-03-23,SCH0281
INSP01095,1.0,1.0,1.0,1.0,1.0,Ronith Kakar,Needs repair,2025-04-17,SCH0469
INSP00569,0.0,1.0,0.0,0.0,0.0,Vasana Dugar,,2025-06-15,SCH0449
INSP02687,1.0,1.0,1.0,0.0,1.0,Widisha Bhatti,Needs repair,2025-12-26,SCH0202
INSP02298,1.0,1.0,1.0,1.0,,Madhavi Talwar,Needs repair,2025-11-27,SCH0085
INSP02872,1.0,1.0,1.0,1.0,1.0,Fiyaz Puri,No remarks,2025-10-01,SCH0148
INSP01546,0.0,1.0,1.0,0.0,0.0,Hemang Dar,Needs repair,2025-06-29,SCH0052
INSP02974,1.0,1.0,1.0,1.0,0.0,Gunbir Khare,Good condition,2026-02-19,SCH0569
INSP01925,1.0,1.0,0.0,1.0,0.0,Gaurang Pandey,Toilets locked,2026-02-06,SCH0393
INSP02692,,1.0,1.0,0.0,1.0,Watika Toor,Average,2025-04-06,SCH0189
INSP02805,1.0,1.0,1.0,0.0,0.0,,Good condition,2025-05-10,SCH0337
INSP01469,1.0,1.0,1.0,1.0,1.0,Janya Baral,Average,2025-09-21,SCH0230
INSP00057,1.0,,0.0,1.0,0.0,Wriddhish Merchant,,2025-06-30,SCH0456
INSP01789,1.0,1.0,1.0,1.0,1.0,Quincy Thaker,No remarks,2026-01-21,SCH0547
INSP02275,1.0,1.0,1.0,1.0,0.0,Zayan Vig,Toilets locked,2026-03-27,SCH0474
INSP02131,1.0,1.0,1.0,0.0,0.0,Charles Prashad,,2025-05-26,SCH0354
INSP02197,,1.0,1.0,1.0,0.0,Dhriti Kanda,Needs repair,2025-08-02,SCH0131
INSP00469,1.0,1.0,0.0,0.0,1.0,Isha Solanki,Average,2025-05-19,SCH0416
INSP01886,1.0,1.0,1.0,0.0,1.0,Vinaya Nagar,No remarks,2026-02-17,SCH0564
INSP00941,1.0,1.0,1.0,,0.0,Girik Butala,,2025-10-24,SCH0310
INSP00536,1.0,1.0,1.0,0.0,1.0,Omisha Sankaran,Toilets locked,2025-06-24,SCH0141
INSP01428,1.0,1.0,1.0,1.0,1.0,Kavya Lall,Average,2026-01-21,SCH0140
INSP00555,1.0,1.0,0.0,,0.0,Yashodhara Mammen,Needs repair,2025-08-16,SCH0197
INSP02621,1.0,1.0,1.0,0.0,0.0,Ekantika Oommen,Average,2025-04-26,SCH0101
INSP02211,1.0,1.0,1.0,0.0,0.0,Rajeshri Mohan,Toilets locked,2025-06-02,SCH0566
INSP02536,1.0,1.0,0.0,,0.0,Forum Sachdev,,2026-02-14,SCH0466
INSP00692,1.0,1.0,1.0,1.0,,Isaiah Bali,No remarks,2025-04-10,SCH0355
INSP00070,0.0,1.0,1.0,0.0,1.0,Vasana Mahajan,Good condition,2026-02-15,SCH0496
INSP02764,,,1.0,0.0,1.0,Omya Karan,Average,2026-02-26,SCH0433
INSP01740,,1.0,1.0,0.0,,Hema Khosla,,2025-07-20,SCH0394
INSP00437,1.0,,1.0,1.0,1.0,Jagat Sawhney,Good condition,2026-03-18,SCH0438
INSP02122,0.0,,1.0,1.0,0.0,Liam Tata,Needs repair,2025-08-12,SCH0553
INSP01004,1.0,1.0,1.0,1.0,1.0,Chatura Ben,Toilets locked,2026-03-29,SCH0145
INSP01254,1.0,1.0,1.0,,1.0,Anmol Puri,Needs repair,2025-07-19,SCH0379
INSP00566,0.0,1.0,0.0,0.0,1.0,Isaiah Nayar,Needs repair,2025-04-04,SCH0304
INSP00314,1.0,1.0,0.0,1.0,1.0,,Good condition,2025-07-27,SCH0189
INSP00234,1.0,1.0,1.0,1.0,0.0,,No remarks,2025-11-24,SCH0340
INSP02381,1.0,1.0,1.0,,0.0,Samesh Bala,Good condition,2025-12-07,SCH0273
INSP00735,1.0,1.0,1.0,1.0,0.0,Aryan Seth,,2025-08-06,SCH0481
INSP01378,1.0,1.0,1.0,0.0,0.0,Mahika Sarkar,Needs repair,2025-04-10,SCH0030
INSP00112,1.0,1.0,0.0,1.0,0.0,Anusha Kalita,Needs repair,2025-06-30,SCH0399
INSP01345,1.0,1.0,1.0,1.0,0.0,Ishita Deep,,2025-11-05,SCH0236
INSP01506,1.0,0.0,1.0,1.0,0.0,Advika Ahuja,No remarks,2025-04-16,SCH0055
INSP01053,1.0,1.0,1.0,1.0,0.0,Chameli Gour,,2025-04-04,SCH0468
INSP02321,1.0,1.0,0.0,,1.0,Balendra Saxena,Good condition,2025-07-11,SCH0528
INSP02043,0.0,1.0,1.0,0.0,0.0,Alexander Sami,Toilets locked,2025-12-21,SCH0141
INSP00473,1.0,1.0,1.0,,,Henry Hayre,Needs repair,2025-08-14,SCH0183
INSP01377,0.0,1.0,1.0,1.0,0.0,Dalbir Keer,,2025-11-12,SCH0389
INSP01614,1.0,1.0,1.0,0.0,0.0,Ekta Kari,Good condition,2025-06-10,SCH0483
INSP01178,1.0,1.0,1.0,1.0,,Aishani Behl,,2025-07-13,SCH0211
INSP01753,1.0,,1.0,1.0,1.0,Dalbir Patel,Needs repair,2025-06-25,SCH0344
INSP01374,1.0,1.0,,1.0,0.0,Qushi Bhandari,,2026-02-20,SCH0430
INSP02210,1.0,1.0,1.0,0.0,1.0,Oeshi Kuruvilla,Toilets locked,2025-05-23,SCH0214
INSP01341,1.0,0.0,1.0,0.0,0.0,Qabil Dubey,Needs repair,2025-09-21,SCH0238
INSP00747,1.0,1.0,1.0,1.0,1.0,Darsh Raja,No remarks,2025-11-27,SCH0027
INSP02003,1.0,1.0,1.0,0.0,,Aradhana Parmar,Toilets locked,2025-10-18,SCH0009
INSP01300,,1.0,1.0,0.0,1.0,Upma Chander,Needs repair,2025-12-28,SCH0084
INSP00362,1.0,0.0,1.0,1.0,0.0,,No remarks,2026-01-04,SCH0386
INSP00136,1.0,1.0,1.0,1.0,0.0,Banjeet Rajagopalan,Needs repair,2025-11-24,SCH0281
INSP01591,1.0,1.0,1.0,1.0,1.0,Manan Tripathi,No remarks,2025-11-08,SCH0032
INSP02286,1.0,1.0,0.0,1.0,1.0,,Average,2025-05-28,SCH0150
INSP00860,0.0,1.0,0.0,1.0,0.0,Aadi Johal,Good condition,2026-01-10,SCH0343
INSP02380,1.0,1.0,1.0,1.0,0.0,Girik Narain,No remarks,2026-01-06,SCH0332
INSP00367,0.0,0.0,1.0,0.0,0.0,Udyati Garde,,2025-09-07,SCH0321
INSP01867,1.0,0.0,1.0,1.0,1.0,Osha Chaudhary,Needs repair,2025-07-15,SCH0459
INSP00030,1.0,1.0,1.0,1.0,,Panini Choudhary,Needs repair,2026-01-08,SCH0484
INSP02632,1.0,0.0,1.0,0.0,0.0,Upma Bir,Toilets locked,2026-02-18,SCH0051
INSP00023,1.0,1.0,1.0,1.0,1.0,,Needs repair,2025-07-26,SCH0082
INSP02507,1.0,1.0,1.0,0.0,1.0,Abeer Pingle,Average,2025-04-19,SCH0501
INSP01134,1.0,1.0,1.0,0.0,1.0,,No remarks,2025-01-07,SCH0284
INSP01035,1.0,1.0,1.0,0.0,1.0,Nirja Cherian,Average,2026-02-27,SCH0442
INSP00421,,1.0,1.0,1.0,0.0,Om Shah,Good condition,2025-07-07,SCH0273
INSP01538,1.0,1.0,0.0,0.0,0.0,Lucky Prabhu,Good condition,2026-11-03,SCH0496
INSP00461,0.0,1.0,0.0,0.0,1.0,Bhanumati Balasubramanian,No remarks,2025-10-12,SCH0399
INSP00044,1.0,1.0,1.0,0.0,0.0,Girindra Chana,Needs repair,2025-09-28,SCH0456
INSP00088,0.0,0.0,1.0,,1.0,Yuvraj Bhargava,Good condition,2025-11-23,SCH0282
INSP00930,1.0,1.0,0.0,1.0,1.0,Watika Subramaniam,No remarks,2025-10-12,SCH0012
INSP01125,1.0,1.0,1.0,1.0,1.0,Gauri Chaudry,,2026-01-18,SCH0530
INSP01772,1.0,0.0,1.0,1.0,1.0,Indira Wali,Toilets locked,2025-04-11,SCH0231
INSP01018,1.0,1.0,1.0,1.0,1.0,Udant Kumer,Needs repair,2026-01-07,SCH0531
INSP00283,1.0,1.0,0.0,0.0,,Abhiram Singh,,2026-02-28,SCH0486
INSP00694,1.0,1.0,1.0,1.0,0.0,Maya Saraf,Average,2025-05-14,SCH0341
INSP01942,1.0,1.0,1.0,1.0,0.0,Reyansh Kata,Average,2026-02-12,SCH0137
INSP02910,1.0,1.0,0.0,1.0,1.0,Krisha Tailor,Toilets locked,2025-09-06,SCH0070
INSP02990,1.0,1.0,0.0,1.0,0.0,Upma Soman,Needs repair,2026-03-08,SCH0521
INSP02112,0.0,1.0,1.0,1.0,1.0,Jhalak Vig,Toilets locked,2025-09-28,SCH0265
INSP00534,1.0,1.0,1.0,1.0,0.0,Aadi Mukhopadhyay,Toilets locked,2025-12-24,SCH0219
INSP01179,1.0,1.0,1.0,,0.0,Ekantika Char,,2025-06-19,SCH0336
INSP02581,1.0,1.0,1.0,0.0,1.0,David Dyal,,2026-11-01,SCH0014
INSP00790,,1.0,1.0,1.0,0.0,,Average,2025-02-05,SCH0457
INSP02482,1.0,1.0,1.0,1.0,1.0,Leena Mohan,Toilets locked,2025-07-03,SCH0513
INSP02516,1.0,1.0,1.0,0.0,,Samaksh Thakkar,,2025-10-24,SCH0293
INSP02228,1.0,1.0,1.0,1.0,,Dominic Salvi,Average,2025-07-28,SCH0210
INSP00875,1.0,1.0,1.0,1.0,,Diya Suresh,,2025-06-18,SCH0146
INSP00766,1.0,1.0,1.0,1.0,1.0,Ayush Bakshi,Needs repair,2026-02-20,SCH0268
INSP01042,1.0,1.0,1.0,0.0,1.0,Gautami Ganguly,Good condition,2026-02-21,SCH0330
INSP00791,0.0,1.0,1.0,0.0,,Ishanvi Khatri,No remarks,2025-07-28,SCH0466
INSP02816,1.0,1.0,1.0,1.0,1.0,Warda Chander,No remarks,2025-09-27,SCH0503
INSP01566,1.0,1.0,1.0,1.0,0.0,Sathvik Mallick,Good condition,2025-06-14,SCH0298
INSP02311,1.0,1.0,1.0,1.0,0.0,Abhimanyu Srinivasan,,2026-02-27,SCH0090
INSP02190,1.0,1.0,1.0,0.0,0.0,Sanya Gokhale,Average,2025-11-17,SCH0600
INSP02305,1.0,1.0,0.0,0.0,0.0,Nitara Devi,Good condition,2025-07-07,SCH0151
INSP02989,0.0,1.0,1.0,1.0,0.0,Advika Mitra,,2025-04-20,SCH0380
INSP00222,1.0,1.0,1.0,,1.0,Warjas Goda,,2025-10-13,SCH0015
INSP00544,1.0,1.0,1.0,1.0,0.0,Amara Tiwari,,2025-08-06,SCH0233
INSP01424,0.0,,1.0,1.0,0.0,Nikita Sampath,,2025-01-08,SCH0354
INSP02259,1.0,1.0,1.0,1.0,0.0,Vedant Prashad,Needs repair,2025-06-29,SCH0136
INSP00706,1.0,1.0,1.0,,,Vincent Singh,Average,2025-10-02,SCH0307
INSP02466,1.0,1.0,1.0,0.0,0.0,Arya Pal,Needs repair,2025-09-10,SCH0421
INSP01007,1.0,1.0,1.0,,0.0,Darsh Lala,,2025-08-20,SCH0410
INSP01794,1.0,1.0,1.0,0.0,1.0,Ekani Rajagopal,Average,2025-12-08,SCH0208
INSP02782,1.0,,1.0,1.0,1.0,Anmol Palla,Needs repair,2025-10-05,SCH0592
INSP02930,1.0,,1.0,0.0,1.0,Peter Lala,Needs repair,2026-02-27,SCH0288
INSP00979,1.0,1.0,1.0,0.0,0.0,Shaurya Krishnan,Needs repair,2025-04-08,SCH0488
INSP01905,1.0,1.0,1.0,0.0,,Ganga Bahri,Needs repair,2025-09-22,SCH0562
INSP00273,1.0,0.0,1.0,0.0,1.0,Eiravati Gara,,2025-08-09,SCH0413
INSP00522,1.0,1.0,1.0,0.0,1.0,Jason Swamy,Needs repair,2025-12-24,SCH0509
INSP00523,1.0,1.0,0.0,1.0,0.0,Gagan Acharya,Good condition,2025-10-15,SCH0419
INSP01069,1.0,1.0,1.0,1.0,1.0,Qadim Barad,Needs repair,2025-08-30,SCH0439
INSP02068,1.0,1.0,1.0,0.0,1.0,Tanay Vala,,2025-07-01,SCH0378
INSP00351,0.0,1.0,1.0,1.0,,Rachit Das,,2025-08-19,SCH0141
INSP02248,1.0,1.0,0.0,0.0,0.0,Yatan Sandal,Good condition,2025-12-18,SCH0306
INSP01850,1.0,0.0,1.0,0.0,0.0,Nisha Datta,Needs repair,2025-07-24,SCH0161
INSP02439,1.0,1.0,1.0,0.0,1.0,Chakradhar Kohli,Good condition,2025-10-31,SCH0212
INSP00652,1.0,1.0,1.0,1.0,1.0,,,2025-05-08,SCH0276
INSP01808,1.0,1.0,1.0,0.0,1.0,Mugdha Jayaraman,Toilets locked,2025-09-19,SCH0007
INSP02726,0.0,1.0,0.0,1.0,1.0,Warhi Shetty,Needs repair,2026-03-02,SCH0314
INSP02528,0.0,1.0,1.0,1.0,1.0,Urvi Chaudhry,,2025-10-27,SCH0096
INSP01346,1.0,1.0,0.0,1.0,0.0,Samar Keer,Toilets locked,2025-08-29,SCH0341
INSP01079,0.0,1.0,1.0,1.0,0.0,Rishi Mani,No remarks,2025-11-05,SCH0420
INSP02745,1.0,1.0,1.0,0.0,0.0,Janya Jayaraman,Toilets locked,2026-01-21,SCH0436
INSP00169,1.0,1.0,1.0,1.0,0.0,Samuel Barad,Good condition,2025-11-04,SCH0373
INSP02636,1.0,1.0,1.0,1.0,1.0,Fariq Samra,No remarks,2026-01-02,SCH0209
INSP02604,1.0,1.0,1.0,1.0,1.0,Anay Karan,,2025-04-14,SCH0411
INSP02924,0.0,1.0,1.0,1.0,0.0,Manthan Bali,Good condition,2025-07-18,SCH0042
INSP02070,1.0,1.0,1.0,0.0,1.0,Reyansh Narayanan,Average,2025-07-27,SCH0344
INSP02324,1.0,,0.0,0.0,1.0,Ati Wagle,Average,2025-08-13,SCH0493
INSP01934,0.0,1.0,0.0,1.0,1.0,Wahab Chaudhry,Average,2025-05-25,SCH0404
INSP01638,0.0,0.0,1.0,1.0,0.0,Keya Jain,Good condition,2026-01-21,SCH0392
INSP01838,1.0,1.0,1.0,0.0,1.0,Peter Varkey,Average,2025-08-30,SCH0579
INSP01376,1.0,1.0,1.0,1.0,1.0,Tejas Patla,Good condition,2025-07-23,SCH0513
INSP02354,0.0,1.0,1.0,0.0,0.0,Charles Patla,No remarks,2025-09-25,SCH0484
INSP00220,1.0,1.0,,1.0,0.0,Ayush Chada,No remarks,2025-06-23,SCH0228
INSP00368,1.0,1.0,1.0,1.0,0.0,,Toilets locked,2025-06-04,SCH0445
INSP02804,,1.0,1.0,1.0,1.0,Pushti Wagle,,2025-04-08,SCH0220
INSP00950,1.0,1.0,1.0,1.0,0.0,Varenya Ramaswamy,,2025-12-28,SCH0446
INSP02399,1.0,,1.0,0.0,,Anamika Parekh,No remarks,2026-01-27,SCH0077
INSP02253,0.0,1.0,1.0,1.0,0.0,,Needs repair,2026-02-13,SCH0533
INSP01457,0.0,1.0,,1.0,0.0,Yauvani Gade,,2025-10-17,SCH0334
INSP00352,1.0,1.0,1.0,1.0,0.0,Charita Kant,Needs repair,2025-04-27,SCH0196
INSP01098,0.0,1.0,,,0.0,Theodore Chaudhari,,2026-01-29,SCH0340
INSP01264,1.0,1.0,1.0,0.0,0.0,,,2025-06-25,SCH0083
INSP02239,0.0,1.0,1.0,1.0,1.0,Yatan Iyengar,Needs repair,2025-06-19,SCH0190
INSP00491,,1.0,1.0,0.0,1.0,Zashil Narang,,2025-06-29,SCH0218
INSP02827,1.0,1.0,0.0,1.0,0.0,Mekhala Wadhwa,Good condition,2025-10-16,SCH0196
INSP02494,1.0,1.0,1.0,0.0,1.0,Nathaniel Das,Toilets locked,2026-09-03,SCH0516
INSP00499,0.0,1.0,1.0,1.0,0.0,Qabil Varty,No remarks,2025-04-24,SCH0447
INSP02789,1.0,1.0,1.0,1.0,,Alka Prabhu,,2025-01-09,SCH0100
INSP00211,1.0,1.0,0.0,0.0,0.0,Ekapad Kulkarni,Needs repair,2026-09-02,SCH0164
INSP00898,0.0,0.0,0.0,1.0,1.0,Warda Basak,Needs repair,2025-03-07,SCH0006
INSP01205,1.0,1.0,1.0,1.0,0.0,Wakeeta Dar,No remarks,2026-02-12,SCH0352
INSP00651,1.0,1.0,0.0,1.0,0.0,Henry Om,Needs repair,2025-12-31,SCH0206
INSP00228,1.0,1.0,1.0,1.0,1.0,,,2026-03-23,SCH0168
INSP00366,1.0,1.0,1.0,1.0,0.0,Ira Bhagat,,2026-02-20,SCH0238
INSP02223,0.0,1.0,0.0,1.0,0.0,,,2025-06-10,SCH0369
INSP00277,1.0,1.0,1.0,1.0,1.0,Robert Tandon,Good condition,2026-02-17,SCH0318
INSP02099,1.0,1.0,1.0,1.0,,Janaki Kulkarni,Average,2025-05-14,SCH0073
INSP01114,1.0,0.0,1.0,0.0,1.0,Mitesh Bains,Toilets locked,2025-11-19,SCH0431
INSP00737,1.0,1.0,1.0,1.0,1.0,Siddharth Kakar,No remarks,2026-01-12,SCH0465
INSP02575,1.0,1.0,1.0,0.0,0.0,Laksh Nayak,Average,2026-01-07,SCH0335
INSP01994,,1.0,1.0,0.0,0.0,,No remarks,2025-08-12,SCH0017
INSP00408,,1.0,1.0,0.0,1.0,Eesha Khalsa,Needs repair,2025-09-06,SCH0411
INSP02417,1.0,0.0,1.0,1.0,1.0,Devansh Sathe,Needs repair,2025-03-04,SCH0482
INSP02506,1.0,1.0,1.0,1.0,0.0,Xalak Dixit,Average,2025-05-01,SCH0521
INSP02458,1.0,1.0,,,0.0,Alexander Varughese,Average,2026-01-17,SCH0411
INSP02247,,1.0,0.0,0.0,0.0,Jackson Sinha,No remarks,2025-06-03,SCH0378
INSP02531,1.0,1.0,1.0,1.0,0.0,Azad Sengupta,No remarks,2025-07-06,SCH0580
INSP01771,1.0,0.0,,1.0,0.0,Azaan Ramanathan,Toilets locked,2025-08-11,SCH0085
INSP00008,1.0,1.0,1.0,1.0,0.0,Falak Karpe,Good condition,2025-06-04,SCH0059
INSP01492,0.0,0.0,1.0,1.0,,,,2025-12-12,SCH0268
INSP01533,1.0,1.0,1.0,1.0,0.0,Charles Sagar,Average,2025-05-30,SCH0032
INSP01801,1.0,1.0,1.0,1.0,0.0,Barkha Upadhyay,Needs repair,2025-09-26,SCH0417
INSP00416,0.0,1.0,1.0,1.0,0.0,Jason Kannan,Needs repair,2025-07-22,SCH0024
INSP01607,1.0,,1.0,1.0,1.0,Jasmit Kurian,Average,2026-01-21,SCH0064
INSP00840,1.0,1.0,1.0,,1.0,Omisha Dua,Toilets locked,2025-08-30,SCH0226
INSP01763,1.0,1.0,0.0,0.0,1.0,,Good condition,2025-07-02,SCH0420
INSP00865,0.0,1.0,0.0,0.0,1.0,Atharv Dara,Average,2026-01-11,SCH0583
INSP00200,1.0,1.0,1.0,1.0,0.0,Oviya Keer,Average,2025-11-26,SCH0193
INSP01117,1.0,1.0,1.0,0.0,0.0,Varsha Mohanty,,2025-09-23,SCH0413
INSP00284,0.0,1.0,0.0,0.0,1.0,Bhavani Tak,,2025-04-24,SCH0493
INSP00232,1.0,1.0,0.0,1.0,0.0,Jairaj D’Alia,Average,2026-10-01,SCH0433
INSP02992,0.0,1.0,1.0,0.0,0.0,Megha Keer,No remarks,2026-03-22,SCH0015
INSP01081,1.0,1.0,1.0,1.0,,Vritti Bhalla,Toilets locked,2025-04-10,SCH0226
INSP00097,1.0,1.0,1.0,1.0,1.0,Abhiram Kapadia,Average,2025-11-07,SCH0429
INSP01508,1.0,1.0,1.0,0.0,1.0,Vidhi Butala,Good condition,2025-07-29,SCH0310
INSP02760,1.0,1.0,1.0,1.0,1.0,Anmol Venkataraman,No remarks,2025-10-09,SCH0170
INSP01813,1.0,1.0,1.0,0.0,1.0,Hemani Lad,,2025-12-14,SCH0532
INSP02936,1.0,1.0,1.0,0.0,0.0,Ojas Gola,Toilets locked,2025-08-14,SCH0151
INSP01201,1.0,0.0,1.0,0.0,0.0,Samar Bhatt,,2025-12-06,SCH0297
INSP02587,1.0,1.0,0.0,1.0,1.0,David Shanker,No remarks,2025-04-24,SCH0338
INSP02720,1.0,1.0,1.0,1.0,1.0,Janani Keer,Average,2026-12-03,SCH0294
INSP02556,1.0,1.0,1.0,0.0,1.0,Jagat Kade,No remarks,2025-11-17,SCH0524
INSP01890,1.0,1.0,1.0,0.0,0.0,Samaksh Kant,No remarks,2025-09-21,SCH0312
INSP00105,,1.0,1.0,1.0,1.0,Maya Tella,,2025-07-28,SCH0086
INSP02350,1.0,1.0,1.0,1.0,1.0,,Needs repair,2025-09-29,SCH0094
INSP01928,1.0,1.0,1.0,1.0,1.0,Sai Karan,No remarks,2025-07-19,SCH0096
INSP02715,0.0,1.0,1.0,1.0,1.0,Anvi Gara,Needs repair,2025-05-10,SCH0239
INSP01124,0.0,1.0,0.0,1.0,1.0,Gavin Mall,,2026-01-31,SCH0364
INSP02009,1.0,1.0,1.0,1.0,1.0,Vrinda Ratta,,2025-11-12,SCH0146
INSP00806,0.0,1.0,1.0,0.0,0.0,,Good condition,2025-12-28,SCH0231
INSP02409,1.0,1.0,1.0,1.0,0.0,Riya Dewan,No remarks,2026-03-15,SCH0182
INSP02582,1.0,1.0,1.0,0.0,,Maya Mammen,No remarks,2026-03-23,SCH0500
INSP00745,1.0,1.0,1.0,1.0,1.0,Ijaya Ramesh,No remarks,2025-09-20,SCH0264
INSP00227,1.0,1.0,1.0,0.0,1.0,Bhavika Gandhi,Needs repair,2025-12-07,SCH0420
INSP01222,0.0,1.0,0.0,1.0,0.0,,No remarks,2025-11-10,SCH0556
INSP01293,1.0,1.0,1.0,1.0,0.0,Wyatt Doctor,Toilets locked,2025-11-20,SCH0385
INSP02421,0.0,1.0,0.0,1.0,0.0,Yash Sagar,Needs repair,2025-11-20,SCH0110
INSP02092,1.0,1.0,1.0,0.0,0.0,Maanav Gour,Needs repair,2026-03-30,SCH0466
INSP01030,1.0,1.0,1.0,0.0,0.0,Vedhika Saha,Average,2026-11-03,SCH0547
INSP00890,0.0,1.0,1.0,0.0,1.0,,No remarks,2025-09-20,SCH0423
INSP01617,1.0,1.0,1.0,0.0,1.0,Chanchal Bhardwaj,Average,2026-02-28,SCH0432
INSP01111,1.0,1.0,1.0,0.0,0.0,Avni Kuruvilla,,2026-04-01,SCH0438
INSP02116,1.0,1.0,1.0,0.0,0.0,Pavani Saini,Needs repair,2025-07-14,SCH0215
INSP02763,0.0,1.0,1.0,1.0,0.0,Isha Walia,No remarks,2025-11-05,SCH0330
INSP01043,1.0,1.0,1.0,1.0,1.0,,,2025-10-28,SCH0379
INSP01777,1.0,1.0,1.0,1.0,1.0,Zaitra Keer,Needs repair,2025-06-04,SCH0080
INSP00465,1.0,0.0,1.0,1.0,0.0,,Needs repair,2025-09-07,SCH0211
INSP00882,1.0,,1.0,1.0,,Hardik Guha,No remarks,2025-02-04,SCH0313
INSP02156,,1.0,1.0,0.0,0.0,Aadhya Baral,Good condition,2025-04-28,SCH0302
INSP01423,1.0,1.0,1.0,0.0,0.0,Geetika Garde,Average,2025-07-04,SCH0416
INSP00773,1.0,1.0,1.0,0.0,1.0,Vidhi Karpe,Toilets locked,2025-09-09,SCH0413
INSP01768,1.0,1.0,1.0,0.0,0.0,Pranit Deep,Needs repair,2025-11-26,SCH0544
INSP01065,1.0,1.0,0.0,1.0,0.0,Jalsa Gokhale,Good condition,2025-06-27,SCH0074
INSP00213,1.0,1.0,1.0,0.0,0.0,Vasudha Bal,No remarks,2025-05-23,SCH0284
INSP00013,0.0,1.0,1.0,1.0,0.0,Advik Edwin,No remarks,2026-01-05,SCH0345
INSP00423,,1.0,,0.0,1.0,Sathvik Balasubramanian,Average,2025-10-17,SCH0321
INSP02368,1.0,1.0,1.0,1.0,1.0,Zinal Chaudhary,Toilets locked,2025-05-09,SCH0384
INSP01054,1.0,,0.0,1.0,,Varenya Ramakrishnan,Needs repair,2025-06-22,SCH0476
INSP01230,1.0,1.0,0.0,1.0,1.0,Lila Contractor,No remarks,2025-07-10,SCH0456
INSP01456,1.0,1.0,1.0,1.0,0.0,,Toilets locked,2026-03-11,SCH0323
INSP00742,0.0,,1.0,,1.0,Oviya Panchal,Needs repair,2025-06-11,SCH0455
INSP02776,1.0,1.0,1.0,0.0,1.0,Lakshit Sur,,2025-07-09,SCH0139
INSP02700,1.0,1.0,1.0,1.0,0.0,Rachita Rana,Needs repair,2026-03-17,SCH0252
INSP02329,1.0,0.0,1.0,1.0,0.0,Baljiwan Mani,,2026-03-13,SCH0596
INSP00799,0.0,1.0,0.0,1.0,0.0,Megha Sanghvi,Average,2026-01-19,SCH0035
INSP01432,1.0,0.0,1.0,1.0,1.0,Hamsini Dugar,Toilets locked,2025-05-20,SCH0057
INSP02427,0.0,1.0,0.0,1.0,0.0,Pooja Kunda,Needs repair,2025-09-11,SCH0074
INSP00510,0.0,1.0,1.0,1.0,1.0,Radha Sunder,Average,2025-05-08,SCH0101
INSP00645,1.0,1.0,0.0,1.0,0.0,Amaira Padmanabhan,Average,2025-10-18,SCH0589
INSP00598,1.0,1.0,1.0,,0.0,Niharika Pillai,Needs repair,2025-10-06,SCH0276
INSP02714,0.0,1.0,0.0,0.0,0.0,Andrew Batta,Good condition,2025-07-10,SCH0592
INSP01162,1.0,1.0,1.0,1.0,0.0,Sathvik Lala,Average,2025-05-28,SCH0527
INSP01362,0.0,0.0,1.0,0.0,,Vritti Som,No remarks,2025-07-13,SCH0206
INSP00858,0.0,1.0,1.0,1.0,1.0,Imaran Mohan,No remarks,2025-07-05,SCH0189
INSP02780,1.0,1.0,,0.0,0.0,Charita Mangat,No remarks,2025-12-12,SCH0072
INSP00519,1.0,0.0,1.0,,1.0,,No remarks,2025-07-27,SCH0309
INSP00965,1.0,1.0,1.0,1.0,1.0,Kashish Sankaran,Toilets locked,2025-07-02,SCH0287
INSP02968,1.0,0.0,0.0,0.0,1.0,Kavya Shan,,2025-10-04,SCH0074
INSP00574,1.0,1.0,0.0,1.0,1.0,Yashasvi More,No remarks,2025-08-17,SCH0434
INSP02865,0.0,1.0,0.0,1.0,1.0,Isaiah Rastogi,Average,2025-04-27,SCH0095
INSP02544,1.0,1.0,1.0,1.0,1.0,,,2025-05-10,SCH0046
INSP02107,1.0,1.0,1.0,0.0,1.0,Fitan Devan,Needs repair,2025-12-27,SCH0459
INSP02754,0.0,1.0,1.0,1.0,0.0,Vansha Buch,Good condition,2025-12-10,SCH0363
INSP01308,1.0,1.0,0.0,1.0,1.0,Jack Subramanian,,2025-07-15,SCH0173
INSP01587,1.0,1.0,1.0,0.0,1.0,Ryan Srinivasan,Needs repair,2025-04-18,SCH0254
INSP00124,0.0,,1.0,1.0,0.0,Deepa Parmar,Average,2025-12-18,SCH0515
INSP01498,1.0,1.0,1.0,0.0,0.0,Advik Lata,No remarks,2025-10-26,SCH0324
INSP00221,1.0,1.0,1.0,0.0,1.0,Finn Ranganathan,Needs repair,2025-07-19,SCH0090
INSP00359,0.0,1.0,1.0,0.0,1.0,Irya Bhatnagar,No remarks,2025-02-09,SCH0288
INSP02530,1.0,1.0,1.0,0.0,1.0,Amaira Upadhyay,Needs repair,2025-04-13,SCH0084
INSP02777,1.0,1.0,0.0,1.0,0.0,Advika Chacko,,2025-10-22,SCH0270
INSP02113,1.0,1.0,1.0,1.0,0.0,Kiaan Wable,Toilets locked,2025-05-14,SCH0325
INSP01796,1.0,1.0,1.0,0.0,0.0,Hitesh Atwal,Good condition,2026-03-26,SCH0041
INSP01698,1.0,1.0,0.0,1.0,0.0,Chakradev Sengupta,Average,2025-12-29,SCH0552
INSP00260,1.0,1.0,0.0,0.0,1.0,Zayyan Solanki,No remarks,2025-12-14,SCH0057
INSP02913,1.0,0.0,1.0,1.0,0.0,Atharv Varty,Good condition,2025-10-21,SCH0015
INSP02415,1.0,1.0,1.0,0.0,0.0,Akshay Bahri,No remarks,2025-10-23,SCH0259
INSP01351,1.0,1.0,1.0,1.0,1.0,Ekantika Nazareth,Average,2025-11-01,SCH0462
INSP02517,0.0,0.0,1.0,0.0,0.0,Pranit Tata,,2025-05-23,SCH0266
INSP01107,1.0,0.0,1.0,0.0,1.0,Devika Kari,Good condition,2025-04-12,SCH0179
INSP02532,1.0,1.0,0.0,1.0,1.0,William Biswas,Needs repair,2025-09-26,SCH0116
INSP01878,1.0,1.0,1.0,1.0,1.0,Onkar Din,Good condition,2026-03-20,SCH0053
INSP01657,1.0,0.0,1.0,0.0,1.0,Vidhi Mall,No remarks,2025-05-15,SCH0163
INSP01094,1.0,1.0,1.0,1.0,1.0,Advika Munshi,,2025-02-11,SCH0489
INSP02856,1.0,1.0,1.0,0.0,0.0,Wishi Narang,,2026-01-07,SCH0547
INSP02449,1.0,,,,0.0,George Om,,2025-11-20,SCH0486
INSP00457,1.0,1.0,1.0,1.0,1.0,Zehaan Guha,,2025-12-18,SCH0232
INSP00463,1.0,0.0,1.0,,1.0,Oeshi Krishna,Average,2025-10-26,SCH0078
INSP01692,1.0,1.0,1.0,1.0,0.0,Aditya Mukhopadhyay,Needs repair,2025-07-01,SCH0156
INSP01668,1.0,0.0,1.0,0.0,1.0,,Average,2025-04-10,SCH0339
INSP01414,0.0,1.0,1.0,1.0,1.0,Nirja Chawla,Toilets locked,2025-05-15,SCH0096
INSP00382,1.0,1.0,0.0,0.0,1.0,Harsh Chadha,No remarks,2026-01-19,SCH0242
INSP02939,1.0,1.0,1.0,0.0,1.0,Varsha Tandon,Average,2025-09-22,SCH0433
INSP01534,0.0,0.0,1.0,1.0,1.0,Libni Deol,,2025-07-10,SCH0208
INSP02473,1.0,,1.0,,1.0,Upadhriti Rai,,2025-11-03,SCH0205
INSP02442,0.0,,1.0,1.0,1.0,Krish Sinha,Good condition,2026-02-21,SCH0512
INSP00966,0.0,1.0,1.0,1.0,1.0,Aishani Kara,No remarks,2025-06-19,SCH0426
INSP02842,1.0,1.0,0.0,0.0,1.0,Chakrika Kata,Good condition,2025-07-18,SCH0113
INSP01778,1.0,1.0,1.0,0.0,0.0,Urvashi Batra,Toilets locked,2026-03-12,SCH0556
INSP00943,0.0,1.0,1.0,0.0,,Anmol Deshmukh,Good condition,2025-05-05,SCH0356
INSP00060,1.0,,1.0,1.0,1.0,Geetika Kapoor,Average,2025-05-31,SCH0564
INSP02391,0.0,1.0,1.0,1.0,,Irya Mittal,,2026-01-07,SCH0301
INSP02859,0.0,1.0,0.0,1.0,1.0,,Average,2026-03-12,SCH0279
INSP01766,1.0,1.0,0.0,0.0,,Ayush Mann,Needs repair,2026-05-01,SCH0360
INSP01576,1.0,1.0,1.0,1.0,0.0,Omya Swaminathan,Toilets locked,2025-08-11,SCH0099
INSP02484,1.0,1.0,1.0,0.0,0.0,Panini Nayar,Good condition,2026-03-19,SCH0510
INSP02411,0.0,0.0,1.0,1.0,1.0,Andrew Chahal,Toilets locked,2025-12-22,SCH0105
INSP01028,,1.0,1.0,0.0,1.0,Isha Vohra,Good condition,2026-01-22,SCH0107
INSP00658,,1.0,1.0,0.0,1.0,Peter Rao,Good condition,2026-03-21,SCH0117
INSP01314,0.0,1.0,,1.0,0.0,Siya Sahni,Toilets locked,2025-08-11,SCH0351
INSP00846,1.0,,1.0,0.0,1.0,,Needs repair,2025-06-28,SCH0190
INSP00543,1.0,1.0,1.0,,1.0,Advaith Rajagopal,Toilets locked,2026-01-24,SCH0327
INSP00870,1.0,1.0,1.0,1.0,0.0,Rachana Mani,No remarks,2025-08-20,SCH0454
INSP01710,1.0,1.0,1.0,0.0,0.0,Harrison Bera,Toilets locked,2025-05-15,SCH0016
INSP01310,1.0,1.0,1.0,1.0,0.0,,Needs repair,2025-08-09,SCH0249
INSP02227,1.0,1.0,1.0,,0.0,Xiti Walla,Needs repair,2025-08-11,SCH0097
INSP02579,1.0,1.0,1.0,1.0,,Frederick Mistry,Good condition,2025-12-12,SCH0008
INSP01447,1.0,1.0,1.0,1.0,0.0,Advay Rege,,2026-03-24,SCH0035
INSP02644,1.0,1.0,1.0,1.0,0.0,Madhavi Dey,Average,2025-11-12,SCH0130
INSP01656,0.0,1.0,1.0,1.0,1.0,Maanas Basu,No remarks,2025-03-12,SCH0543
INSP01504,1.0,1.0,1.0,,0.0,Akshay Iyengar,No remarks,2025-10-29,SCH0236
INSP01085,1.0,1.0,1.0,0.0,,Yashasvi Amble,Average,2026-02-07,SCH0262
INSP02379,1.0,,1.0,1.0,1.0,Oscar Basak,No remarks,2026-03-30,SCH0284
INSP01433,1.0,1.0,0.0,1.0,0.0,Akshay Narayan,Average,2025-05-30,SCH0590
INSP02546,1.0,,1.0,1.0,1.0,Anjali Magar,Needs repair,2025-11-06,SCH0182
INSP01892,1.0,1.0,1.0,1.0,0.0,Jairaj Hegde,Good condition,2025-08-31,SCH0238
INSP01062,0.0,1.0,0.0,1.0,1.0,Lipika Cherian,Average,2025-05-13,SCH0009
INSP00436,1.0,1.0,1.0,1.0,0.0,Aachal Pai,Good condition,2025-12-23,SCH0581
INSP02474,1.0,1.0,1.0,1.0,1.0,Abeer Toor,No remarks,2026-10-01,SCH0352
INSP00238,0.0,1.0,1.0,1.0,,Hiral Goda,Toilets locked,2025-09-08,SCH0166
INSP01488,1.0,1.0,1.0,1.0,1.0,Irya Prabhu,Toilets locked,2025-08-17,SCH0242
INSP02728,0.0,1.0,1.0,1.0,1.0,Hiral Morar,,2025-06-30,SCH0282
INSP00110,0.0,1.0,1.0,0.0,0.0,Eiravati Chaudhuri,Toilets locked,2025-04-23,SCH0119
INSP02084,,0.0,1.0,1.0,0.0,Naveen Bhandari,Good condition,2025-09-11,SCH0283
INSP00782,1.0,1.0,1.0,1.0,1.0,Tanveer Dyal,Toilets locked,2026-01-10,SCH0162
INSP00164,0.0,,1.0,1.0,0.0,Vedhika Bora,Good condition,2026-02-05,SCH0163
INSP00289,1.0,1.0,1.0,1.0,0.0,Parth Bhatnagar,,2025-12-27,SCH0457
INSP00253,,1.0,0.0,1.0,1.0,Nicholas Agate,Toilets locked,2025-07-07,SCH0006
INSP01118,1.0,1.0,0.0,0.0,1.0,Aishani Keer,Needs repair,2025-07-08,SCH0382
INSP02127,1.0,1.0,1.0,1.0,0.0,Tara Oza,Good condition,2025-12-15,SCH0350
INSP01739,,1.0,0.0,1.0,1.0,Zilmil Kumar,,2025-06-06,SCH0436
INSP00768,0.0,0.0,1.0,0.0,0.0,Chatura Pradhan,Good condition,2026-02-19,SCH0172
INSP00788,1.0,1.0,1.0,0.0,1.0,Jeet Roy,Average,2025-07-06,SCH0421
INSP01443,1.0,1.0,1.0,1.0,1.0,Jairaj Chaudhary,Good condition,2025-09-30,SCH0463
INSP00927,,1.0,0.0,1.0,1.0,,Good condition,2025-04-03,SCH0420
INSP01836,1.0,,1.0,0.0,1.0,Lavanya Seshadri,Average,2025-07-19,SCH0134
INSP01287,1.0,1.0,,1.0,1.0,Qarin Bhavsar,No remarks,2025-05-29,SCH0119
INSP01554,1.0,1.0,1.0,0.0,,Urvashi Mann,Average,2026-01-21,SCH0575
INSP02457,1.0,0.0,1.0,1.0,0.0,Liam Munshi,Good condition,2025-08-02,SCH0475
INSP02230,1.0,1.0,1.0,1.0,0.0,Nachiket Gara,Good condition,2025-05-20,SCH0207
INSP02752,1.0,1.0,1.0,1.0,1.0,Urmi Shetty,No remarks,2025-11-21,SCH0255
INSP02313,1.0,1.0,1.0,1.0,1.0,Gunbir Pingle,Average,2025-08-17,SCH0542
INSP02563,1.0,1.0,1.0,0.0,0.0,,Average,2026-01-23,SCH0049
INSP00848,1.0,1.0,0.0,0.0,1.0,Vasatika Khanna,Good condition,2025-07-02,SCH0009
INSP01438,1.0,0.0,1.0,1.0,0.0,Diya Anand,Toilets locked,2026-01-01,SCH0081
INSP02541,,1.0,1.0,0.0,0.0,Vamakshi Sura,Good condition,2025-07-27,SCH0566
INSP00462,0.0,1.0,1.0,1.0,0.0,Tanmayi Vasa,Toilets locked,2025-01-04,SCH0277
INSP02357,1.0,1.0,,0.0,1.0,Robert Rattan,,2025-06-29,SCH0059
INSP01603,1.0,1.0,1.0,1.0,1.0,,Toilets locked,2025-04-10,SCH0473
INSP00158,1.0,1.0,1.0,1.0,1.0,Umang Pai,Toilets locked,2025-07-17,SCH0331
INSP02523,1.0,1.0,0.0,0.0,0.0,Anita Dhingra,Good condition,2025-07-30,SCH0256
INSP02087,1.0,1.0,1.0,1.0,0.0,Noah Narayanan,Good condition,2025-11-06,SCH0140
INSP01805,1.0,1.0,1.0,1.0,1.0,Gavin Chahal,Needs repair,2025-12-05,SCH0594
INSP00678,1.0,1.0,1.0,,0.0,Praneel Borde,Average,2026-02-17,SCH0230
INSP01874,0.0,1.0,0.0,0.0,0.0,Luke Pingle,Toilets locked,2025-10-17,SCH0304
INSP02373,0.0,1.0,1.0,0.0,1.0,,Toilets locked,2026-02-22,SCH0532
INSP00239,1.0,0.0,1.0,0.0,1.0,,,2026-04-03,SCH0449
INSP00980,1.0,1.0,1.0,1.0,0.0,Geetika Srinivasan,Needs repair,2025-07-20,SCH0600
INSP01221,1.0,1.0,0.0,0.0,,Chanchal Narula,Toilets locked,2025-05-27,SCH0542
INSP00244,1.0,1.0,1.0,1.0,1.0,Samaksh Barad,Toilets locked,2025-11-09,SCH0353
INSP00101,1.0,1.0,0.0,1.0,1.0,Jalsa Chaudry,Good condition,2025-09-16,SCH0478
INSP00316,1.0,1.0,1.0,1.0,0.0,,Average,2025-07-14,SCH0212
INSP01011,0.0,1.0,1.0,1.0,1.0,Umang Sahota,No remarks,2026-03-03,SCH0556
INSP02584,0.0,1.0,1.0,1.0,1.0,Jacob Jha,Toilets locked,2026-02-10,SCH0380
INSP02583,0.0,1.0,1.0,1.0,1.0,Nirja Rama,,2025-10-20,SCH0116
INSP01056,1.0,1.0,1.0,,0.0,Alka Gopal,No remarks,2025-09-03,SCH0467
INSP00262,1.0,1.0,1.0,1.0,1.0,Utkarsh Oak,No remarks,2025-06-25,SCH0232
INSP01834,1.0,1.0,1.0,0.0,1.0,,Good condition,2025-11-09,SCH0295
INSP00196,0.0,0.0,,1.0,0.0,Om Issac,,2025-11-02,SCH0465
INSP01980,1.0,,1.0,1.0,0.0,,Average,2025-07-06,SCH0115
INSP02950,0.0,1.0,1.0,1.0,1.0,Mahika Sankaran,Average,2026-02-26,SCH0314
INSP02384,0.0,0.0,1.0,0.0,0.0,Zehaan Dugar,Toilets locked,2025-10-28,SCH0346
INSP00180,0.0,1.0,1.0,0.0,1.0,Urishilla Shere,Good condition,2025-09-09,SCH0417
INSP00835,0.0,0.0,1.0,0.0,0.0,Krishna Sama,No remarks,2026-02-24,SCH0572
INSP00843,0.0,,1.0,1.0,0.0,Vaishnavi Salvi,No remarks,2026-02-10,SCH0229
INSP02441,1.0,,1.0,1.0,1.0,Nirja Khurana,No remarks,2026-02-07,SCH0485
INSP01581,1.0,1.0,1.0,0.0,0.0,Anirudh Purohit,Toilets locked,2025-01-08,SCH0205
INSP01038,1.0,,1.0,1.0,0.0,Vrishti Balakrishnan,Good condition,2026-01-23,SCH0465
INSP00341,1.0,1.0,0.0,1.0,0.0,Lohit Bala,Needs repair,2025-05-07,SCH0098
INSP01180,,0.0,,0.0,0.0,Rachana Chander,Needs repair,2025-10-02,SCH0451
INSP01988,1.0,0.0,0.0,1.0,0.0,Veda Rao,Average,2025-12-26,SCH0188
INSP00749,1.0,0.0,0.0,,0.0,Kala Kale,No remarks,2026-03-09,SCH0065
INSP01193,1.0,1.0,1.0,0.0,1.0,Faraj Sura,Average,2025-04-30,SCH0137
INSP00663,1.0,0.0,1.0,1.0,0.0,Manan Bhattacharyya,,2025-11-30,SCH0424
INSP00481,1.0,1.0,,0.0,1.0,Amaira Balakrishnan,No remarks,2025-05-29,SCH0019
INSP00804,1.0,1.0,1.0,0.0,0.0,Waida Handa,Good condition,2025-12-03,SCH0524
INSP01455,1.0,1.0,1.0,1.0,,Nihal Dasgupta,,2025-12-26,SCH0322
INSP01499,1.0,0.0,,0.0,1.0,Urvi Warrior,Good condition,2025-08-01,SCH0512
INSP02562,0.0,1.0,1.0,1.0,1.0,,Toilets locked,2026-03-25,SCH0118
INSP00550,1.0,1.0,,0.0,0.0,Unnati Chacko,Toilets locked,2025-10-17,SCH0554
INSP01741,1.0,,1.0,1.0,1.0,Yochana Dhillon,Needs repair,2025-09-06,SCH0125
INSP00784,0.0,1.0,0.0,0.0,0.0,Daksh Sachdev,No remarks,2025-06-06,SCH0334
INSP02848,1.0,0.0,0.0,0.0,1.0,Lajita Mohanty,Average,2025-04-18,SCH0146
INSP02314,0.0,1.0,1.0,1.0,1.0,Lila Sundaram,Average,2025-04-22,SCH0159
INSP00743,1.0,1.0,1.0,0.0,1.0,Tanay Borde,Needs repair,2025-04-24,SCH0420
INSP02578,1.0,1.0,1.0,1.0,1.0,Manan Kapur,Toilets locked,2025-11-21,SCH0514
INSP02611,1.0,1.0,0.0,,1.0,,Average,2025-05-19,SCH0097
INSP01764,1.0,1.0,1.0,,1.0,,Good condition,2026-01-31,SCH0019
INSP02273,1.0,,1.0,1.0,0.0,Wishi Sachdeva,No remarks,2025-05-25,SCH0483
INSP02085,,1.0,1.0,1.0,1.0,Ekta Gala,Good condition,2025-09-12,SCH0286
INSP01781,1.0,1.0,1.0,1.0,0.0,Divya Chaudhuri,Needs repair,2025-09-19,SCH0492
INSP02419,1.0,1.0,1.0,1.0,0.0,Kamala Sampath,No remarks,2026-01-08,SCH0221
INSP01128,1.0,1.0,1.0,0.0,1.0,Neel Singhal,Toilets locked,2026-03-18,SCH0022
INSP00248,1.0,1.0,1.0,1.0,0.0,Wyatt Parmar,Toilets locked,2026-03-24,SCH0286
INSP00872,1.0,1.0,1.0,1.0,1.0,Chavvi Upadhyay,Average,2025-12-06,SCH0577
INSP01026,,1.0,1.0,1.0,0.0,Veer Biswas,Toilets locked,2026-03-02,SCH0592
INSP02955,0.0,1.0,1.0,0.0,1.0,Faris Dave,No remarks,2025-12-21,SCH0306
INSP02860,1.0,1.0,1.0,1.0,1.0,Jeevika Rama,Toilets locked,2025-05-21,SCH0335
INSP00627,0.0,1.0,1.0,,0.0,,Average,2026-02-14,SCH0256
INSP00348,1.0,1.0,1.0,1.0,0.0,,,2026-01-18,SCH0025
INSP00279,1.0,1.0,1.0,,1.0,Hemal Lalla,Good condition,2025-04-26,SCH0174
INSP01989,1.0,1.0,,1.0,1.0,Damyanti Kashyap,Good condition,2025-08-29,SCH0436
INSP02404,1.0,1.0,1.0,1.0,0.0,Warjas Deol,No remarks,2026-03-06,SCH0011
INSP00656,1.0,1.0,0.0,0.0,0.0,Ati Sandhu,,2025-05-03,SCH0143
INSP01357,1.0,1.0,0.0,1.0,0.0,Lajita Saha,Toilets locked,2025-11-11,SCH0106
INSP01033,0.0,1.0,1.0,1.0,1.0,Kiaan Raval,No remarks,2025-08-16,SCH0150
INSP00908,1.0,1.0,1.0,0.0,1.0,Ojasvi Thaman,No remarks,2025-11-25,SCH0572
INSP02761,,1.0,1.0,1.0,0.0,Champak Upadhyay,Good condition,2025-04-08,SCH0334
INSP02721,1.0,1.0,1.0,1.0,0.0,Harita Saran,Good condition,2025-10-11,SCH0164
INSP01136,1.0,0.0,1.0,0.0,,Hitesh Dixit,No remarks,2025-07-14,SCH0461
INSP00912,1.0,0.0,1.0,1.0,0.0,Yashawini Lalla,Needs repair,2025-10-07,SCH0493
INSP01908,1.0,1.0,1.0,0.0,1.0,Ekaja Yohannan,Good condition,2025-07-29,SCH0101
INSP00633,0.0,,1.0,0.0,0.0,Leela Deshmukh,,2026-02-24,SCH0376
INSP01103,0.0,1.0,1.0,0.0,1.0,Varsha Shankar,,2025-08-09,SCH0389
INSP00446,0.0,1.0,1.0,0.0,0.0,Tanish Sunder,Toilets locked,2026-10-03,SCH0059
INSP00618,1.0,1.0,1.0,1.0,1.0,Adweta Divan,Needs repair,2026-03-18,SCH0185
INSP01363,1.0,1.0,1.0,,0.0,,Needs repair,2025-05-06,SCH0108
INSP01196,0.0,1.0,0.0,0.0,1.0,Gaurika Narasimhan,Average,2025-07-27,SCH0553
INSP01191,1.0,1.0,0.0,1.0,1.0,Vihaan Ramaswamy,Toilets locked,2025-09-20,SCH0272
INSP02292,1.0,1.0,1.0,1.0,,Niharika Gara,Good condition,2025-10-29,SCH0013
INSP01748,1.0,,1.0,1.0,1.0,Abhimanyu Bansal,Good condition,2025-08-30,SCH0488
INSP00845,0.0,1.0,1.0,1.0,1.0,,No remarks,2026-03-16,SCH0131
INSP02685,,0.0,0.0,0.0,1.0,Ekanta Nagar,Toilets locked,2025-10-10,SCH0512
INSP00548,1.0,,1.0,1.0,,Yauvani Nagar,Average,2026-03-07,SCH0455
INSP01979,1.0,1.0,1.0,0.0,0.0,,Needs repair,2026-02-28,SCH0041
INSP02179,1.0,1.0,0.0,1.0,0.0,Wriddhish Grewal,,2025-07-08,SCH0213
INSP01058,0.0,1.0,1.0,0.0,1.0,Gayathri Baria,No remarks,2026-03-06,SCH0262
INSP00264,1.0,1.0,1.0,1.0,1.0,Veer Gera,Toilets locked,2025-12-15,SCH0139
INSP02996,1.0,1.0,1.0,0.0,1.0,Naveen Swamy,No remarks,2025-04-05,SCH0492
INSP02477,1.0,,1.0,1.0,,,No remarks,2026-03-18,SCH0280
INSP02024,1.0,1.0,1.0,0.0,,Hamsini Majumdar,Needs repair,2025-06-15,SCH0583
INSP00354,1.0,1.0,1.0,0.0,1.0,Veer Chana,Average,2025-08-21,SCH0301
INSP00803,1.0,0.0,0.0,1.0,0.0,Qushi Zachariah,Average,2026-03-22,SCH0180
INSP00209,1.0,1.0,0.0,1.0,0.0,Naksh Andra,Good condition,2025-04-24,SCH0294
INSP00614,1.0,1.0,1.0,0.0,,Jasmit Rama,Good condition,2026-03-23,SCH0027
INSP01048,1.0,0.0,1.0,1.0,0.0,Ethan Sarkar,Toilets locked,2025-03-07,SCH0133
INSP02158,1.0,1.0,0.0,0.0,1.0,Faras Grewal,Average,2026-02-21,SCH0593
INSP01676,1.0,0.0,0.0,1.0,1.0,Yashawini Sem,,2025-11-12,SCH0381
INSP01272,1.0,1.0,1.0,0.0,0.0,Maanas Chaudhry,Good condition,2025-07-17,SCH0020
INSP01271,1.0,1.0,0.0,1.0,0.0,Onkar Behl,Toilets locked,2025-12-29,SCH0557
INSP01954,1.0,0.0,1.0,1.0,1.0,Osha Loyal,Toilets locked,2025-01-05,SCH0029
INSP02693,0.0,0.0,1.0,1.0,0.0,Warinder Vora,Average,2025-06-01,SCH0526
INSP00058,1.0,1.0,1.0,1.0,0.0,,Needs repair,2026-03-14,SCH0064
INSP02348,0.0,1.0,,1.0,0.0,Isaac Natarajan,Needs repair,2026-01-09,SCH0424
INSP00812,0.0,1.0,1.0,0.0,0.0,Varsha Pingle,Good condition,2026-03-07,SCH0548
INSP01552,1.0,0.0,1.0,0.0,1.0,Amaira Gandhi,No remarks,2025-07-25,SCH0089
INSP02737,1.0,1.0,1.0,1.0,1.0,Hardik Borde,Average,2025-04-03,SCH0348
INSP00562,1.0,1.0,1.0,1.0,1.0,Lakshmi Ganesh,No remarks,2025-03-05,SCH0072
INSP02310,1.0,1.0,1.0,0.0,1.0,Indali Bhatt,No remarks,2025-05-06,SCH0452
INSP00230,0.0,1.0,1.0,,1.0,Mason Hari,,2025-07-12,SCH0124
INSP02640,1.0,1.0,1.0,1.0,0.0,Gaurav Bobal,Toilets locked,2025-08-20,SCH0169
INSP02033,1.0,1.0,1.0,1.0,1.0,Ryan Trivedi,,2025-06-09,SCH0099
INSP02933,1.0,1.0,,0.0,1.0,Anusha Parekh,Good condition,2025-09-24,SCH0177
INSP00539,,1.0,1.0,1.0,1.0,Vamakshi Shroff,Needs repair,2025-06-15,SCH0302
INSP01736,1.0,0.0,0.0,1.0,,Janaki Upadhyay,Average,2026-02-17,SCH0259
INSP02576,1.0,1.0,1.0,0.0,1.0,Sarthak Warrior,Good condition,2026-03-17,SCH0249
INSP02229,1.0,1.0,1.0,0.0,1.0,Eiravati Baral,Needs repair,2026-03-14,SCH0307
INSP02870,1.0,1.0,1.0,1.0,0.0,Anmol Chawla,Average,2025-12-04,SCH0402
INSP00561,1.0,1.0,1.0,1.0,1.0,Mitali Setty,,2026-01-16,SCH0113
INSP00708,1.0,1.0,0.0,1.0,0.0,Aayush Krish,No remarks,2026-01-01,SCH0121
INSP01235,1.0,0.0,0.0,0.0,1.0,Ishanvi Gera,Needs repair,2025-06-12,SCH0486
INSP00425,1.0,,1.0,0.0,1.0,Aahana Ravi,Average,2025-05-06,SCH0068
INSP00648,0.0,0.0,1.0,1.0,1.0,Lajita Radhakrishnan,Average,2025-04-10,SCH0425
INSP01883,1.0,1.0,1.0,0.0,1.0,Shivansh Bir,Good condition,2025-10-08,SCH0185
INSP01324,1.0,1.0,0.0,1.0,1.0,,Good condition,2025-07-17,SCH0553
INSP02596,1.0,1.0,1.0,0.0,0.0,Anay Atwal,,2025-05-14,SCH0031
INSP01160,,1.0,0.0,1.0,0.0,Samuel Sankaran,Good condition,2025-12-30,SCH0388
INSP01006,0.0,1.0,1.0,0.0,0.0,Irya Bawa,Toilets locked,2025-11-29,SCH0053
INSP00621,1.0,1.0,1.0,,,Neel Dugal,No remarks,2025-06-08,SCH0451
INSP00554,,1.0,1.0,1.0,,,Average,2025-08-08,SCH0124
INSP02802,1.0,1.0,1.0,1.0,1.0,Onkar Chadha,No remarks,2026-01-02,SCH0505
INSP01558,1.0,1.0,1.0,1.0,0.0,,,2026-11-01,SCH0220
INSP00999,0.0,1.0,1.0,1.0,1.0,Amol Brahmbhatt,Needs repair,2025-07-17,SCH0557
INSP01365,1.0,1.0,1.0,,1.0,Dhruv Lad,,2026-01-16,SCH0239
INSP01755,1.0,1.0,0.0,1.0,1.0,Nachiket Varty,No remarks,2026-02-09,SCH0039
INSP02886,0.0,1.0,,0.0,0.0,Alexander Hayre,Good condition,2025-12-27,SCH0063
INSP01645,1.0,1.0,1.0,0.0,1.0,Sanaya Ramakrishnan,Needs repair,2025-06-14,SCH0280
INSP00441,1.0,1.0,1.0,1.0,1.0,Niharika Bansal,Toilets locked,2026-09-02,SCH0356
INSP00509,0.0,1.0,1.0,0.0,0.0,Abdul Dugar,Good condition,2025-10-05,SCH0322
INSP00590,,1.0,1.0,1.0,0.0,Yashica Tiwari,Average,2026-03-12,SCH0487
INSP01237,1.0,1.0,1.0,,0.0,Aarush Bassi,Good condition,2025-12-17,SCH0448
INSP00650,1.0,0.0,,0.0,0.0,Vedika Kohli,Needs repair,2025-12-23,SCH0534
INSP02041,,1.0,1.0,0.0,0.0,Yashawini Ganesan,,2025-12-07,SCH0236
INSP02683,1.0,1.0,1.0,1.0,0.0,Vihaan Saini,Good condition,2025-04-23,SCH0186
INSP01317,1.0,1.0,1.0,1.0,1.0,Harita Chatterjee,,2025-07-14,SCH0315
INSP01335,1.0,1.0,1.0,1.0,0.0,Mitali Lad,Good condition,2026-01-11,SCH0210
INSP01843,1.0,1.0,0.0,1.0,0.0,Meera Sampath,,2026-03-15,SCH0032
INSP00631,0.0,1.0,1.0,1.0,1.0,Vasatika Grewal,,2026-11-01,SCH0292
INSP01403,0.0,1.0,1.0,1.0,1.0,Kabir Cheema,No remarks,2025-11-13,SCH0469
INSP00483,1.0,1.0,1.0,0.0,,,Average,2025-06-07,SCH0389
INSP01245,0.0,1.0,0.0,1.0,1.0,Ekanta Bahri,Toilets locked,2025-12-29,SCH0463
INSP02571,1.0,1.0,,1.0,1.0,Wridesh Soni,Needs repair,2025-05-11,SCH0079
INSP02231,1.0,1.0,1.0,0.0,1.0,Aayush Ratti,No remarks,2025-08-29,SCH0263
INSP02096,1.0,1.0,1.0,0.0,,Reva Sidhu,No remarks,2025-10-29,SCH0362
INSP00857,0.0,1.0,1.0,1.0,1.0,Fitan De,Good condition,2025-07-11,SCH0368
INSP00531,,1.0,1.0,1.0,0.0,Ranveer Tank,,2026-03-15,SCH0594
INSP01996,1.0,1.0,1.0,1.0,1.0,Yagnesh Borra,No remarks,2025-04-11,SCH0188
INSP00050,1.0,0.0,1.0,1.0,0.0,Hamsini Golla,Toilets locked,2025-10-03,SCH0466
INSP00859,1.0,1.0,1.0,1.0,0.0,Pallavi Wagle,Needs repair,2025-12-17,SCH0578
INSP01073,1.0,1.0,1.0,0.0,1.0,Wriddhish Bal,Toilets locked,2025-09-27,SCH0583
INSP00720,1.0,0.0,1.0,1.0,,Anita Sengupta,Toilets locked,2026-03-01,SCH0370
INSP01826,1.0,1.0,0.0,,1.0,Xalak Raghavan,Average,2026-02-08,SCH0416
INSP01430,0.0,0.0,1.0,1.0,0.0,Veda Parikh,Needs repair,2025-09-07,SCH0255
INSP02370,1.0,0.0,1.0,0.0,1.0,Brinda Buch,,2025-12-11,SCH0058
INSP01449,1.0,1.0,1.0,,,Chandresh Gokhale,,2025-12-07,SCH0317
INSP01633,1.0,1.0,1.0,0.0,1.0,Tara Mahal,Good condition,2025-11-25,SCH0554
INSP02244,1.0,1.0,,1.0,0.0,Vinaya Vala,Average,2026-03-25,SCH0475
INSP02888,1.0,1.0,1.0,0.0,1.0,Advika Raghavan,Needs repair,2025-04-23,SCH0061
INSP02744,1.0,1.0,1.0,0.0,1.0,Brijesh Naidu,No remarks,2025-06-20,SCH0105
INSP01544,1.0,1.0,1.0,,0.0,Logan Sarin,,2025-12-17,SCH0236
INSP02167,0.0,1.0,1.0,1.0,1.0,,No remarks,2025-04-08,SCH0365
INSP01792,1.0,,1.0,1.0,1.0,Dhriti Boase,Average,2026-03-29,SCH0032
INSP01393,1.0,1.0,1.0,1.0,1.0,Veer Ramaswamy,,2025-05-01,SCH0397
INSP02257,,1.0,1.0,0.0,1.0,Dalaja Karnik,Good condition,2025-08-26,SCH0036
INSP02766,1.0,1.0,1.0,,1.0,Gaurangi Barad,Average,2025-05-08,SCH0287
INSP01651,1.0,1.0,1.0,1.0,1.0,Dev Kata,,2025-07-25,SCH0026
INSP00298,,1.0,1.0,1.0,1.0,Jagdish Gulati,Toilets locked,2025-12-01,SCH0141
INSP01327,1.0,1.0,1.0,0.0,1.0,Parth Krishnamurthy,Needs repair,2026-05-02,SCH0276
INSP01458,1.0,1.0,1.0,1.0,1.0,Forum Handa,No remarks,2026-03-22,SCH0067
INSP00959,1.0,1.0,1.0,1.0,1.0,Aadhya Baral,Needs repair,2025-05-05,SCH0128
INSP01321,0.0,1.0,1.0,1.0,1.0,,Average,2026-01-30,SCH0524
INSP01609,0.0,1.0,1.0,1.0,1.0,Kala Nath,Toilets locked,2026-02-26,SCH0290
INSP01214,1.0,0.0,0.0,0.0,0.0,Vedhika Ahluwalia,,2025-11-30,SCH0212
INSP00350,1.0,,1.0,1.0,1.0,Anamika Choudhury,No remarks,2025-05-12,SCH0285
INSP02565,1.0,1.0,1.0,0.0,0.0,Nathan Padmanabhan,Average,2025-12-30,SCH0579
INSP00644,1.0,1.0,1.0,0.0,0.0,Ekaja Wason,Needs repair,2026-01-31,SCH0260
INSP01897,1.0,,0.0,0.0,1.0,Dhruv Batra,Needs repair,2025-09-28,SCH0567
INSP01284,1.0,1.0,1.0,1.0,0.0,Avni Modi,Toilets locked,2025-03-11,SCH0489
INSP00670,1.0,0.0,1.0,0.0,1.0,Warjas Mody,Average,2025-08-10,SCH0291
INSP02537,0.0,1.0,1.0,0.0,1.0,,Average,2025-04-17,SCH0265
INSP01643,1.0,1.0,1.0,1.0,1.0,Aarini Chawla,Toilets locked,2025-10-15,SCH0111
INSP01955,0.0,1.0,0.0,,1.0,Siya Parekh,,2026-01-15,SCH0561
INSP02591,1.0,1.0,1.0,1.0,1.0,Chaman Mistry,Average,2026-01-31,SCH0252
INSP02499,1.0,1.0,1.0,0.0,,Chaitaly Bath,,2026-03-15,SCH0322
INSP01553,1.0,1.0,,0.0,1.0,Indrajit Nori,Good condition,2025-12-17,SCH0071
INSP01715,1.0,1.0,0.0,1.0,0.0,,Needs repair,2026-03-20,SCH0262
INSP00787,1.0,1.0,1.0,1.0,1.0,Arya Ramesh,No remarks,2025-10-02,SCH0244
INSP02833,1.0,1.0,0.0,1.0,0.0,Harita Ratta,Toilets locked,2025-10-21,SCH0138
INSP00141,1.0,1.0,1.0,1.0,0.0,Hemani Rastogi,Toilets locked,2025-05-14,SCH0318
INSP00789,1.0,1.0,1.0,0.0,0.0,Qasim Mody,Good condition,2025-11-21,SCH0074
INSP01726,1.0,0.0,1.0,1.0,1.0,Chakradhar Kapoor,Average,2025-11-13,SCH0316
INSP02688,,1.0,1.0,0.0,0.0,Baljiwan Gaba,No remarks,2025-07-19,SCH0009
INSP00715,,1.0,,1.0,1.0,Udyati Soman,Average,2025-09-30,SCH0334
INSP01466,1.0,1.0,1.0,0.0,0.0,Hitesh Chana,No remarks,2025-10-24,SCH0047
INSP01718,1.0,1.0,1.0,1.0,1.0,Peter Tella,No remarks,2025-11-06,SCH0443
INSP01601,0.0,0.0,1.0,1.0,0.0,Harinakshi Suri,,2025-07-21,SCH0468
INSP01627,0.0,1.0,1.0,1.0,1.0,Qasim Krishnamurthy,Average,2025-11-14,SCH0018
INSP00619,0.0,1.0,1.0,1.0,,Arin Nagarajan,,2025-07-07,SCH0033
INSP00407,1.0,1.0,0.0,1.0,0.0,Lekha Radhakrishnan,,2025-09-29,SCH0344
INSP01519,1.0,1.0,1.0,0.0,0.0,Tanveer Tiwari,,2025-09-23,SCH0173
INSP02017,0.0,1.0,1.0,1.0,1.0,Orinder Ahuja,Good condition,2026-09-02,SCH0420
INSP02937,0.0,1.0,1.0,,,Raghav Mall,No remarks,2026-03-18,SCH0344
INSP01269,1.0,1.0,1.0,,,Ojasvi Rattan,,2025-10-04,SCH0488
INSP01780,,0.0,1.0,1.0,0.0,Qadim Prabhu,Needs repair,2026-02-15,SCH0453
INSP00498,1.0,1.0,0.0,1.0,1.0,Divya Kari,Toilets locked,2025-11-05,SCH0590
INSP00343,1.0,1.0,0.0,1.0,,Yamini Badami,Average,2025-05-28,SCH0346
INSP02879,,,1.0,1.0,1.0,Devika Tank,Toilets locked,2025-12-15,SCH0063
INSP02390,0.0,1.0,0.0,1.0,1.0,Onveer Jaggi,Good condition,2025-12-06,SCH0119
INSP00783,1.0,0.0,1.0,0.0,0.0,Harish Kaul,Average,2025-06-16,SCH0078
INSP02291,1.0,1.0,,1.0,0.0,Nitesh Zachariah,Average,2025-07-04,SCH0008
INSP00304,0.0,1.0,0.0,1.0,0.0,Faqid Mitter,,2025-11-03,SCH0325
INSP01952,1.0,1.0,1.0,,0.0,Urvi Pai,Needs repair,2025-10-27,SCH0086
INSP00665,1.0,1.0,1.0,1.0,1.0,Harinakshi Shenoy,Toilets locked,2026-03-15,SCH0450
INSP01814,0.0,0.0,1.0,1.0,0.0,Zarna Saxena,Toilets locked,2026-01-19,SCH0197
INSP01624,1.0,,0.0,1.0,0.0,,Average,2025-06-23,SCH0401
INSP02836,0.0,1.0,1.0,0.0,0.0,Lavanya Nazareth,Toilets locked,2025-10-18,SCH0370
INSP01629,1.0,1.0,0.0,0.0,0.0,Isaac Wagle,Average,2025-09-03,SCH0321
INSP00085,1.0,1.0,0.0,1.0,1.0,Bhanumati Gaba,Needs repair,2025-05-14,SCH0466
INSP02333,1.0,1.0,0.0,0.0,1.0,Yuvraj Butala,No remarks,2026-01-25,SCH0590
INSP00942,0.0,0.0,1.0,0.0,0.0,Ikbal Verma,Average,2025-09-28,SCH0494
INSP00962,1.0,0.0,0.0,0.0,1.0,Vasatika Barad,No remarks,2025-07-24,SCH0143
INSP00842,1.0,1.0,1.0,0.0,,Veda Ratta,Good condition,2026-01-21,SCH0142
INSP02502,0.0,1.0,1.0,0.0,1.0,Rachit Sibal,Good condition,2026-01-05,SCH0335
INSP02651,,1.0,1.0,0.0,1.0,Nilima Kannan,Toilets locked,2026-06-01,SCH0106
INSP01415,1.0,1.0,1.0,1.0,0.0,Odika Deol,Toilets locked,2025-08-19,SCH0330
INSP00291,1.0,1.0,1.0,1.0,1.0,Ikbal Swamy,Needs repair,2026-05-02,SCH0441
INSP02195,1.0,1.0,1.0,1.0,0.0,Qushi Zachariah,Needs repair,2025-01-05,SCH0509
INSP01242,0.0,1.0,1.0,1.0,0.0,Abha Bal,Average,2025-12-31,SCH0386
INSP00605,1.0,1.0,0.0,0.0,1.0,Kalpit Varma,Average,2026-02-25,SCH0138
INSP02150,1.0,1.0,,0.0,1.0,Elijah Kade,Average,2025-04-27,SCH0047
INSP00917,1.0,1.0,1.0,0.0,1.0,Lakshmi Menon,,2025-05-06,SCH0474
INSP02622,0.0,1.0,1.0,,1.0,,Toilets locked,2026-03-16,SCH0216
INSP01823,0.0,,1.0,0.0,1.0,Bishakha Pant,Toilets locked,2025-11-03,SCH0221
INSP01100,1.0,1.0,0.0,0.0,0.0,Advay Kamdar,,2025-05-08,SCH0486
INSP01089,1.0,1.0,0.0,1.0,0.0,Lakshit Sem,Average,2025-08-07,SCH0600
INSP02214,1.0,1.0,1.0,,0.0,Nitara Ghosh,Needs repair,2026-07-02,SCH0103
INSP01442,,1.0,1.0,1.0,0.0,,No remarks,2025-07-15,SCH0205
INSP00822,1.0,1.0,1.0,0.0,1.0,Aachal Babu,,2025-07-12,SCH0393
INSP02597,1.0,1.0,,1.0,0.0,,Toilets locked,2025-09-27,SCH0084
INSP01001,1.0,1.0,1.0,0.0,1.0,,No remarks,2025-05-29,SCH0240
INSP01495,0.0,0.0,1.0,0.0,0.0,Garima Sodhi,,2025-08-30,SCH0062
INSP00019,0.0,1.0,1.0,0.0,1.0,,Needs repair,2026-03-03,SCH0418
INSP02975,1.0,1.0,1.0,1.0,0.0,,Needs repair,2026-02-18,SCH0543
INSP01126,1.0,1.0,,0.0,1.0,Wriddhish Kalla,Needs repair,2025-11-11,SCH0219
INSP01352,1.0,0.0,,1.0,1.0,Jack Munshi,,2025-08-07,SCH0545
INSP02251,1.0,,1.0,1.0,0.0,Jasmit Ghose,Good condition,2025-10-07,SCH0497
INSP01396,0.0,1.0,1.0,0.0,0.0,,Good condition,2025-06-13,SCH0390
INSP01719,1.0,1.0,0.0,0.0,1.0,,Average,2026-07-01,SCH0538
INSP01594,0.0,1.0,1.0,0.0,0.0,Ranveer Randhawa,Good condition,2025-11-04,SCH0378
INSP01810,1.0,1.0,,1.0,1.0,Divya Purohit,Toilets locked,2026-01-30,SCH0343
INSP01658,0.0,1.0,1.0,0.0,1.0,Sudiksha Nagy,Average,2025-05-17,SCH0247
INSP02128,1.0,1.0,1.0,1.0,0.0,Avi Chawla,Toilets locked,2025-04-23,SCH0059
INSP01518,1.0,1.0,0.0,1.0,1.0,Zansi Kaul,Toilets locked,2025-05-10,SCH0190
INSP01010,,1.0,1.0,,1.0,Yutika Chowdhury,No remarks,2025-10-06,SCH0566
INSP00361,1.0,0.0,1.0,0.0,0.0,Faris Lad,Average,2025-12-09,SCH0410
INSP02690,1.0,1.0,1.0,0.0,0.0,Ethan Gala,Toilets locked,2025-05-07,SCH0292
INSP02013,1.0,1.0,1.0,0.0,1.0,Kamala Khatri,Good condition,2025-08-16,SCH0098
INSP02739,1.0,1.0,1.0,1.0,0.0,Urvashi Kala,Toilets locked,2025-12-10,SCH0198
INSP01841,0.0,0.0,1.0,0.0,0.0,Samaksh Murthy,Good condition,2025-10-14,SCH0164
INSP00345,1.0,0.0,1.0,0.0,1.0,Deepa Goyal,Toilets locked,2025-04-12,SCH0535
INSP00987,1.0,1.0,1.0,1.0,1.0,Anya Palla,,2025-04-15,SCH0385
INSP02026,0.0,1.0,1.0,1.0,0.0,Tanmayi Gokhale,Toilets locked,2026-03-06,SCH0382
INSP01912,1.0,1.0,0.0,1.0,0.0,Priya Das,Needs repair,2026-03-17,SCH0459
INSP01476,1.0,0.0,0.0,0.0,0.0,Caleb Mallick,No remarks,2025-06-27,SCH0258
INSP01299,1.0,,1.0,1.0,1.0,Warjas Jani,Toilets locked,2025-11-01,SCH0075
INSP00114,1.0,1.0,1.0,1.0,1.0,Sara Palla,,2025-06-16,SCH0302
INSP01211,1.0,1.0,1.0,1.0,0.0,Rajeshri Sheth,Needs repair,2025-06-28,SCH0306
INSP02023,0.0,1.0,1.0,0.0,0.0,Hitesh Rajan,Good condition,2025-10-04,SCH0181
INSP01895,1.0,0.0,1.0,0.0,,Jai Kara,Toilets locked,2025-05-23,SCH0220
INSP00086,1.0,1.0,1.0,1.0,0.0,Dipta Rastogi,Toilets locked,2026-12-01,SCH0244
INSP02175,1.0,1.0,1.0,0.0,1.0,Triya Sibal,No remarks,2025-11-01,SCH0020
INSP00669,1.0,1.0,1.0,0.0,0.0,,,2026-01-29,SCH0321
INSP01015,,1.0,1.0,0.0,0.0,Daksha Wadhwa,No remarks,2025-12-07,SCH0060
INSP00129,1.0,1.0,0.0,1.0,0.0,Pooja Pillai,No remarks,2026-01-31,SCH0030
INSP02498,1.0,1.0,0.0,1.0,0.0,Eshana Chanda,No remarks,2026-10-02,SCH0236
INSP02961,1.0,1.0,0.0,1.0,1.0,Azad Sachar,,2025-08-18,SCH0144
INSP00892,0.0,1.0,1.0,1.0,1.0,Vedika Krish,Good condition,2025-04-29,SCH0400
INSP01584,1.0,1.0,1.0,0.0,1.0,Zinal Rege,Good condition,2025-11-27,SCH0151
INSP00308,1.0,1.0,1.0,1.0,1.0,Nicholas Pathak,No remarks,2025-12-21,SCH0116
INSP00384,1.0,,1.0,,1.0,Maanas Mangat,Good condition,2025-10-15,SCH0051
INSP02044,1.0,1.0,1.0,1.0,1.0,William Mohanty,,2025-10-23,SCH0245
INSP01296,1.0,1.0,,0.0,0.0,Azaan Deol,,2025-12-12,SCH0346
INSP02067,1.0,1.0,1.0,1.0,0.0,Jagrati Grover,Needs repair,2025-05-11,SCH0215
INSP00427,1.0,1.0,1.0,1.0,1.0,Chakrika Bajaj,Good condition,2026-01-12,SCH0452
INSP00495,1.0,0.0,1.0,0.0,1.0,Kai Mitra,Needs repair,2026-02-16,SCH0491
INSP01208,1.0,0.0,1.0,1.0,1.0,Shivani Chahal,Toilets locked,2025-03-04,SCH0526
INSP01209,0.0,1.0,1.0,1.0,1.0,Krishna Iyer,Good condition,2026-01-30,SCH0479
INSP02317,,1.0,1.0,1.0,1.0,Daniel Nagy,No remarks,2025-08-14,SCH0241
INSP01400,1.0,,1.0,1.0,1.0,Balendra Sundaram,Needs repair,2025-10-24,SCH0072
INSP01767,1.0,0.0,1.0,1.0,0.0,Krisha Sheth,Toilets locked,2025-06-22,SCH0105
INSP00276,1.0,1.0,1.0,0.0,1.0,,Toilets locked,2026-02-10,SCH0512
INSP00490,0.0,1.0,1.0,1.0,0.0,Charvi Iyer,No remarks,2025-08-06,SCH0353
INSP02667,0.0,0.0,,0.0,1.0,Jeremiah Tandon,No remarks,2026-03-31,SCH0114
INSP00691,0.0,1.0,0.0,0.0,0.0,,Average,2025-12-10,SCH0310
INSP01798,1.0,1.0,1.0,1.0,1.0,,Toilets locked,2026-02-28,SCH0582
INSP01770,0.0,1.0,1.0,1.0,1.0,Isha Issac,,2026-03-21,SCH0105
INSP02258,1.0,1.0,1.0,0.0,1.0,Guneet Kannan,No remarks,2026-07-03,SCH0567
INSP01331,1.0,1.0,0.0,1.0,1.0,Nitesh Baria,No remarks,2025-10-12,SCH0498
INSP02868,1.0,,1.0,1.0,0.0,Girish Zachariah,Good condition,2026-02-13,SCH0322
INSP01059,1.0,1.0,0.0,,0.0,,Toilets locked,2025-08-27,SCH0425
INSP00119,1.0,0.0,0.0,1.0,1.0,Owen Koshy,Average,2025-08-05,SCH0009
INSP01025,1.0,1.0,1.0,1.0,1.0,Amara Sura,Average,2026-03-19,SCH0056
INSP02784,1.0,1.0,0.0,1.0,1.0,Aishani Butala,Needs repair,2026-01-07,SCH0042
INSP00282,0.0,1.0,1.0,1.0,1.0,Yuvraj Suri,Good condition,2025-04-26,SCH0148
INSP01672,1.0,1.0,1.0,0.0,0.0,Bahadurjit Jhaveri,,2026-02-27,SCH0540
INSP02459,0.0,1.0,1.0,,0.0,Zaitra Brahmbhatt,,2026-02-01,SCH0298
INSP00969,0.0,1.0,0.0,1.0,0.0,Sanya Dutta,Toilets locked,2025-09-18,SCH0290
INSP02064,1.0,0.0,1.0,1.0,0.0,Ethan Muni,,2026-01-25,SCH0080
INSP01919,,1.0,1.0,0.0,1.0,Chaaya Parekh,,2025-06-01,SCH0536
INSP01790,,0.0,1.0,1.0,0.0,Yoshita Rastogi,No remarks,2025-08-14,SCH0213
INSP00156,0.0,1.0,0.0,1.0,0.0,Christopher Kohli,,2025-04-11,SCH0331
INSP00305,,1.0,1.0,1.0,0.0,Krisha Patel,No remarks,2026-03-01,SCH0416
INSP02054,1.0,1.0,1.0,1.0,1.0,Vasatika Dyal,,2025-11-12,SCH0232
INSP02684,0.0,1.0,1.0,1.0,1.0,,Average,2025-12-05,SCH0340
INSP01690,1.0,0.0,1.0,1.0,0.0,Anirudh Swaminathan,Needs repair,2025-04-05,SCH0237
INSP02781,1.0,1.0,1.0,,1.0,Saksham Palla,No remarks,2025-04-19,SCH0405
INSP02360,0.0,0.0,1.0,0.0,1.0,Qabil Mani,Toilets locked,2025-12-18,SCH0040
INSP01526,,1.0,0.0,1.0,0.0,Netra Puri,No remarks,2026-01-26,SCH0418
INSP00576,0.0,1.0,1.0,0.0,1.0,Ubika Nath,Needs repair,2026-03-31,SCH0018
INSP02065,0.0,1.0,1.0,1.0,0.0,Unnati Dayal,Needs repair,2026-02-17,SCH0487
INSP02705,1.0,1.0,1.0,1.0,0.0,Chatresh Gala,Good condition,2026-02-27,SCH0063
INSP02759,1.0,1.0,0.0,0.0,0.0,Upkaar Kamdar,Toilets locked,2025-04-05,SCH0448
INSP01322,1.0,1.0,0.0,0.0,0.0,Harita Zachariah,Good condition,2025-04-28,SCH0209
INSP00844,0.0,,1.0,,1.0,Warjas Sundaram,No remarks,2025-07-26,SCH0053
INSP01407,,1.0,0.0,0.0,0.0,,No remarks,2025-11-24,SCH0459
INSP00270,1.0,1.0,1.0,,1.0,,Good condition,2025-12-26,SCH0175
INSP00630,1.0,1.0,1.0,1.0,1.0,Dayamai Gola,No remarks,2026-01-26,SCH0104
INSP01034,1.0,1.0,1.0,1.0,,Charan Bhakta,Needs repair,2025-10-13,SCH0111
INSP00287,1.0,1.0,1.0,1.0,1.0,Warhi Kanda,,2025-05-09,SCH0395
INSP02331,,1.0,0.0,1.0,0.0,Siya Shan,Good condition,2026-03-29,SCH0379
INSP00301,1.0,1.0,1.0,0.0,1.0,Saanvi Tripathi,Toilets locked,2025-10-31,SCH0078
INSP01510,1.0,1.0,1.0,1.0,0.0,Jagdish Warrior,Toilets locked,2025-08-23,SCH0336
INSP02020,1.0,,0.0,0.0,0.0,Anmol Pau,Needs repair,2025-12-31,SCH0209
INSP01868,1.0,1.0,1.0,1.0,1.0,Ayaan Handa,Good condition,2026-01-19,SCH0283
INSP01468,,1.0,1.0,0.0,,Quincy Dewan,Toilets locked,2026-01-18,SCH0452
INSP00066,1.0,1.0,1.0,1.0,1.0,Yadavi Krishnan,,2025-07-01,SCH0242
INSP02340,1.0,0.0,1.0,0.0,0.0,Lohit Sahni,Toilets locked,2026-02-03,SCH0174
INSP00891,0.0,1.0,1.0,0.0,1.0,Radha Mahajan,Average,2025-12-08,SCH0446
INSP01879,1.0,1.0,1.0,1.0,0.0,,No remarks,2025-09-29,SCH0430
INSP01972,1.0,1.0,1.0,1.0,1.0,Kalpit Varkey,Needs repair,2025-07-21,SCH0168
INSP02657,0.0,1.0,1.0,1.0,1.0,,,2025-12-16,SCH0125
INSP02976,1.0,1.0,1.0,,1.0,,Average,2026-01-09,SCH0388
INSP00231,1.0,1.0,1.0,1.0,1.0,Irya Patla,Needs repair,2025-07-01,SCH0365
INSP00504,1.0,1.0,0.0,1.0,1.0,Balvan Babu,Needs repair,2025-04-17,SCH0265
INSP01353,1.0,1.0,1.0,1.0,1.0,Veda Sethi,No remarks,2025-08-17,SCH0179
INSP01511,,1.0,1.0,1.0,,Gabriel Bhakta,Average,2025-04-24,SCH0419
INSP01613,0.0,1.0,1.0,0.0,1.0,Ekta Pingle,No remarks,2026-12-01,SCH0361
INSP01375,1.0,1.0,,1.0,1.0,Ojas Mohanty,No remarks,2025-09-29,SCH0310
INSP01005,1.0,0.0,1.0,0.0,0.0,Qasim Walia,Average,2025-04-19,SCH0138
INSP00837,1.0,1.0,1.0,1.0,1.0,Ethan Som,Good condition,2025-03-05,SCH0428
INSP01724,,1.0,1.0,1.0,1.0,Yadavi Suresh,No remarks,2025-06-15,SCH0348
INSP00375,0.0,1.0,,1.0,1.0,Warjas Solanki,No remarks,2026-02-19,SCH0204
INSP01399,1.0,1.0,1.0,1.0,1.0,Osha Mandal,,2025-07-12,SCH0517
INSP02226,1.0,0.0,1.0,1.0,1.0,Ekanta Karpe,Toilets locked,2025-10-09,SCH0431
INSP01993,1.0,,,1.0,0.0,Raghav Saxena,,2025-11-21,SCH0214
INSP02012,1.0,0.0,1.0,0.0,,,,2025-11-25,SCH0223
INSP00752,1.0,1.0,1.0,1.0,1.0,Rajata Srinivas,Toilets locked,2026-01-04,SCH0381
INSP00100,1.0,1.0,1.0,1.0,1.0,Onkar Sarma,Average,2025-01-08,SCH0033
INSP01923,1.0,1.0,1.0,1.0,0.0,Harita Toor,Needs repair,2025-04-05,SCH0253
INSP00867,1.0,1.0,1.0,1.0,1.0,Robert Pradhan,,2025-10-01,SCH0495
INSP00911,0.0,1.0,1.0,1.0,1.0,,Toilets locked,2025-09-18,SCH0400
INSP01477,,1.0,1.0,1.0,1.0,Sanya Tata,Average,2025-09-15,SCH0297
INSP00530,1.0,,1.0,0.0,1.0,Jonathan Narasimhan,Average,2025-12-15,SCH0524
INSP01261,1.0,0.0,1.0,0.0,0.0,,Toilets locked,2025-07-04,SCH0204
INSP01832,0.0,1.0,1.0,0.0,1.0,Devansh Rai,,2025-11-15,SCH0362
INSP00637,1.0,0.0,1.0,0.0,0.0,Noah Mittal,Good condition,2025-10-27,SCH0038
INSP01270,1.0,1.0,1.0,1.0,1.0,Jeevika Gola,Good condition,2025-11-11,SCH0056
INSP00186,1.0,1.0,1.0,1.0,1.0,Charita Karan,,2025-08-28,SCH0179
INSP01382,1.0,0.0,0.0,1.0,1.0,Ekbal Dalal,No remarks,2025-11-16,SCH0306
INSP01568,1.0,1.0,,1.0,0.0,Abdul Kara,Average,2025-06-27,SCH0076
INSP00932,1.0,,1.0,,0.0,Barkha Chaudhuri,Toilets locked,2025-09-23,SCH0311
INSP02877,0.0,1.0,1.0,1.0,0.0,Anika Deshmukh,,2025-08-06,SCH0404
INSP01559,1.0,1.0,0.0,0.0,0.0,Triya Acharya,No remarks,2025-11-03,SCH0544
INSP02810,0.0,1.0,1.0,0.0,1.0,Mohammed Wable,Average,2025-08-16,SCH0587
INSP01274,,1.0,0.0,1.0,1.0,Ekaja Guha,Average,2025-07-14,SCH0356
INSP02180,1.0,1.0,1.0,0.0,1.0,Advaith Badal,Average,2025-10-25,SCH0591
INSP00608,1.0,1.0,0.0,1.0,0.0,David Viswanathan,Toilets locked,2025-08-26,SCH0580
INSP01503,1.0,1.0,1.0,1.0,1.0,Krishna Thaman,Needs repair,2025-10-16,SCH0140
INSP00152,0.0,1.0,1.0,1.0,0.0,Zayan Ramakrishnan,Good condition,2025-10-05,SCH0127
INSP01437,1.0,1.0,1.0,,0.0,Aadhya Sachar,Needs repair,2025-04-03,SCH0373
INSP02260,1.0,1.0,,0.0,1.0,Girik Wable,No remarks,2025-06-22,SCH0239
INSP00732,1.0,1.0,0.0,1.0,1.0,Lopa Balay,No remarks,2025-09-13,SCH0480
INSP02857,,,1.0,1.0,1.0,Vasudha Badami,Toilets locked,2026-02-10,SCH0305
INSP02869,1.0,1.0,1.0,1.0,1.0,Rajeshri Mitra,Toilets locked,2025-04-21,SCH0566
INSP00024,1.0,1.0,1.0,1.0,0.0,Bhavna Kamdar,No remarks,2026-03-09,SCH0056
INSP02627,0.0,1.0,1.0,1.0,1.0,Arunima Krishna,Average,2025-09-16,SCH0495
INSP00159,1.0,1.0,1.0,0.0,0.0,Nidra Rout,Good condition,2025-10-14,SCH0559
INSP00862,0.0,1.0,0.0,1.0,0.0,Ishanvi Patil,,2025-09-05,SCH0168
INSP00903,1.0,1.0,0.0,0.0,1.0,Aachal Tella,Toilets locked,2026-02-24,SCH0331
INSP02981,1.0,1.0,0.0,0.0,1.0,Balendra More,Toilets locked,2026-02-25,SCH0253
INSP01231,1.0,1.0,1.0,,1.0,Balveer Garde,Needs repair,2025-08-25,SCH0243
INSP02377,1.0,1.0,1.0,0.0,0.0,Bina Deshpande,Average,2025-12-12,SCH0540
INSP00445,1.0,1.0,1.0,0.0,0.0,Hiral Ray,Toilets locked,2025-07-09,SCH0569
INSP00755,1.0,1.0,1.0,1.0,,Dayita Om,Toilets locked,2025-07-15,SCH0575
INSP00924,1.0,1.0,1.0,1.0,1.0,Lucky Ratti,Needs repair,2025-12-10,SCH0155
INSP02988,0.0,1.0,1.0,1.0,0.0,Janaki Bajwa,Average,2025-03-05,SCH0242
INSP00312,1.0,1.0,1.0,0.0,1.0,Nihal Panchal,Needs repair,2026-03-23,SCH0175
INSP00549,1.0,1.0,1.0,0.0,0.0,Lila Oak,Toilets locked,2026-01-29,SCH0429
INSP02105,1.0,1.0,0.0,0.0,0.0,Ati Sankar,No remarks,2026-01-23,SCH0173
INSP01625,0.0,1.0,1.0,0.0,0.0,Kevin Gole,,2025-04-13,SCH0498
INSP00307,1.0,1.0,1.0,1.0,0.0,David Pillai,Good condition,2025-12-28,SCH0595
INSP00288,1.0,0.0,1.0,1.0,1.0,,Needs repair,2025-11-03,SCH0283
INSP00695,1.0,1.0,1.0,1.0,1.0,Nimrat Prashad,Needs repair,2025-04-09,SCH0278
INSP00309,1.0,1.0,1.0,0.0,,Osha Kant,Average,2025-05-10,SCH0487
INSP02444,1.0,1.0,0.0,1.0,1.0,Qarin Mandal,Average,2026-01-01,SCH0286
INSP00750,0.0,1.0,1.0,1.0,1.0,Udant Sehgal,Toilets locked,2026-03-24,SCH0080
INSP01602,1.0,1.0,1.0,,1.0,Zarna Rama,,2026-03-02,SCH0323
INSP01691,1.0,1.0,1.0,1.0,,Advay Sandhu,Average,2025-07-29,SCH0570
INSP01577,,1.0,1.0,,0.0,,Good condition,2026-03-24,SCH0552
INSP00909,1.0,1.0,,1.0,1.0,Zarna Purohit,No remarks,2025-06-16,SCH0112
INSP00087,0.0,1.0,1.0,1.0,1.0,Sachi Vyas,Average,2025-12-27,SCH0568
INSP02504,1.0,1.0,1.0,1.0,0.0,Fitan Kanda,No remarks,2025-06-08,SCH0059
INSP02958,1.0,1.0,0.0,1.0,0.0,Michael Amble,Toilets locked,2025-06-28,SCH0264
INSP02624,0.0,1.0,1.0,1.0,1.0,Mugdha Dasgupta,No remarks,2025-09-01,SCH0035
INSP00971,1.0,1.0,1.0,,1.0,Jairaj Jaggi,Needs repair,2025-08-22,SCH0547
INSP00014,1.0,1.0,0.0,1.0,1.0,Falan Sankaran,Needs repair,2026-05-01,SCH0325
INSP00874,1.0,1.0,1.0,0.0,1.0,,Needs repair,2025-12-09,SCH0011
INSP00809,0.0,1.0,0.0,0.0,1.0,Viraj Barad,Good condition,2026-01-28,SCH0064
INSP02711,0.0,1.0,0.0,0.0,1.0,Zehaan Kumer,Toilets locked,2026-02-23,SCH0168
INSP00515,1.0,1.0,1.0,1.0,,Vidhi Khalsa,No remarks,2025-04-05,SCH0548
INSP02779,1.0,1.0,1.0,1.0,,Sai Mahal,Needs repair,2026-08-02,SCH0481
INSP00410,1.0,1.0,1.0,0.0,0.0,Wishi Babu,,2025-11-03,SCH0072
INSP02010,1.0,1.0,1.0,0.0,1.0,Praneel Bhandari,No remarks,2025-09-18,SCH0206
INSP01338,1.0,1.0,,1.0,0.0,Mitali Krishnamurthy,No remarks,2026-01-17,SCH0261
INSP02383,0.0,1.0,1.0,0.0,0.0,Siya Grover,No remarks,2026-02-05,SCH0199
INSP01462,0.0,1.0,1.0,1.0,0.0,Nidra Dasgupta,Toilets locked,2025-06-03,SCH0138
INSP01371,0.0,1.0,1.0,,0.0,Laban Menon,Average,2026-01-03,SCH0275
INSP02807,1.0,1.0,1.0,0.0,0.0,Aachal Johal,Good condition,2025-09-02,SCH0259
INSP01585,1.0,1.0,,1.0,1.0,Chasmum Mittal,Good condition,2025-09-15,SCH0263
INSP00383,1.0,1.0,1.0,0.0,0.0,Fariq Naidu,Needs repair,2025-09-17,SCH0473
INSP02016,1.0,0.0,1.0,0.0,1.0,Ojas Garde,Good condition,2025-04-07,SCH0201
INSP02663,1.0,1.0,1.0,1.0,1.0,Falguni Dasgupta,,2025-09-29,SCH0229
INSP02496,0.0,1.0,0.0,1.0,1.0,Garima Mane,No remarks,2025-09-10,SCH0243
INSP02462,1.0,1.0,1.0,1.0,,Viraj Batta,Toilets locked,2025-07-07,SCH0016
INSP01848,1.0,1.0,1.0,1.0,0.0,Oscar Maharaj,Good condition,2026-01-18,SCH0051
INSP02059,1.0,1.0,1.0,0.0,,Chaitaly Mutti,Good condition,2026-01-16,SCH0145
INSP02629,1.0,1.0,1.0,0.0,1.0,Jeremiah Sidhu,Toilets locked,2026-03-22,SCH0448
INSP00553,1.0,1.0,1.0,0.0,0.0,Jagvi Kumar,,2025-08-25,SCH0245
INSP00223,0.0,0.0,,0.0,0.0,Shravya Divan,,2025-10-14,SCH0027
INSP01097,1.0,1.0,,1.0,0.0,Jagat Pathak,Toilets locked,2025-07-25,SCH0530
INSP00009,1.0,1.0,1.0,1.0,1.0,Benjamin Bali,Needs repair,2025-12-29,SCH0555
INSP02863,,1.0,1.0,0.0,1.0,Onkar Mohanty,Needs repair,2026-01-23,SCH0586
INSP00317,1.0,1.0,0.0,1.0,1.0,Chatresh Naik,,2026-02-25,SCH0154
INSP01329,1.0,1.0,0.0,1.0,0.0,Praneel Keer,Toilets locked,2025-04-16,SCH0151
INSP00428,,1.0,1.0,0.0,1.0,Robert Sarraf,Average,2025-06-28,SCH0207
INSP00106,1.0,1.0,1.0,1.0,1.0,Pahal Upadhyay,Needs repair,2026-01-17,SCH0441
INSP02241,1.0,1.0,0.0,0.0,0.0,Zaitra Narula,No remarks,2025-05-22,SCH0505
INSP00143,1.0,1.0,1.0,1.0,1.0,Bhavya Mannan,Good condition,2025-12-13,SCH0402
INSP00122,1.0,1.0,0.0,1.0,0.0,Geetika Sampath,Average,2025-03-07,SCH0359
INSP02495,,1.0,1.0,1.0,0.0,Vedhika Srinivas,Average,2025-07-26,SCH0504
INSP01190,0.0,1.0,1.0,1.0,1.0,Damini Madan,Good condition,2026-03-08,SCH0496
INSP02081,,1.0,0.0,1.0,,Hema Basu,Good condition,2026-02-14,SCH0443
INSP02783,1.0,1.0,1.0,1.0,0.0,Oni Bhagat,,2025-07-17,SCH0480
INSP02114,0.0,1.0,1.0,0.0,,,,2025-10-24,SCH0388
INSP00116,,0.0,1.0,1.0,0.0,Ekbal Mohanty,Average,2026-01-07,SCH0071
INSP01570,1.0,1.0,1.0,1.0,0.0,Deepa Kalla,Toilets locked,2026-10-02,SCH0257
INSP02269,1.0,1.0,1.0,1.0,1.0,Prisha Tank,No remarks,2026-02-08,SCH0558
INSP02261,1.0,1.0,1.0,1.0,1.0,Yash Andra,Good condition,2025-09-20,SCH0509
INSP01818,1.0,1.0,1.0,1.0,0.0,Krisha Sabharwal,Average,2025-06-26,SCH0211
INSP01784,1.0,1.0,1.0,1.0,0.0,,Good condition,2025-07-30,SCH0397
INSP02004,,1.0,0.0,1.0,1.0,Andrew Raju,Average,2025-10-05,SCH0132
INSP00673,1.0,0.0,0.0,1.0,1.0,Vrishti Misra,No remarks,2025-04-09,SCH0173
INSP01727,0.0,1.0,1.0,1.0,0.0,Irya Suri,,2025-07-26,SCH0371
INSP01819,1.0,1.0,1.0,0.0,1.0,,,2026-03-30,SCH0495
INSP02186,0.0,1.0,1.0,0.0,1.0,Aayush Viswanathan,Average,2025-04-05,SCH0193
INSP00592,1.0,,0.0,1.0,0.0,Laksh Narayanan,,2025-12-03,SCH0329
INSP02187,1.0,1.0,1.0,1.0,1.0,Idika Vasa,Good condition,2026-01-14,SCH0049
INSP00889,1.0,1.0,1.0,0.0,0.0,Wriddhish Lal,,2025-07-01,SCH0379
INSP01958,0.0,1.0,1.0,1.0,1.0,Christopher Choudhury,Toilets locked,2025-10-18,SCH0525
INSP02058,1.0,1.0,,1.0,0.0,Vritti Om,No remarks,2025-10-16,SCH0588
INSP00214,1.0,1.0,1.0,1.0,1.0,Balveer Din,Needs repair,2025-08-30,SCH0147
INSP00779,1.0,1.0,1.0,0.0,,Gaurika Dugal,Good condition,2025-08-08,SCH0418
INSP01863,0.0,,1.0,0.0,,Pratyush Mani,,2025-08-27,SCH0092
INSP00801,0.0,1.0,1.0,1.0,1.0,Henry Modi,Average,2025-08-06,SCH0552
INSP02610,,1.0,1.0,1.0,0.0,Bishakha Subramaniam,No remarks,2025-12-19,SCH0145
INSP01615,1.0,1.0,1.0,1.0,0.0,Bishakha Baria,Needs repair,2025-05-22,SCH0534
INSP01703,1.0,1.0,1.0,1.0,0.0,Harini Ahluwalia,Needs repair,2025-05-30,SCH0242
INSP02407,0.0,0.0,,1.0,0.0,Ati Lala,Needs repair,2026-01-16,SCH0533
INSP02915,,1.0,1.0,0.0,0.0,Oliver Dubey,,2025-11-21,SCH0144
INSP02986,1.0,1.0,1.0,1.0,1.0,Nandini Mann,Good condition,2025-09-04,SCH0293
INSP02851,1.0,0.0,1.0,0.0,1.0,Yug Chand,Needs repair,2026-03-22,SCH0442
INSP01344,0.0,1.0,1.0,0.0,0.0,Omya Minhas,Good condition,2026-10-03,SCH0450
INSP00274,1.0,1.0,1.0,0.0,0.0,Lekha Khanna,Average,2025-07-21,SCH0453
INSP00072,,1.0,1.0,0.0,0.0,,Good condition,2025-09-23,SCH0321
INSP02534,1.0,1.0,1.0,,0.0,Avi Rau,,2025-05-29,SCH0023
INSP01088,1.0,1.0,1.0,1.0,0.0,Chatura Cheema,No remarks,2025-07-31,SCH0316
INSP00395,1.0,,1.0,1.0,0.0,Harita Balan,Average,2026-02-28,SCH0191
INSP00584,1.0,1.0,1.0,,0.0,Tanmayi Mann,Good condition,2025-09-08,SCH0196
INSP01704,0.0,,1.0,1.0,1.0,Gaurang Bandi,No remarks,2025-06-04,SCH0433
INSP02124,1.0,1.0,1.0,1.0,1.0,,,2025-04-27,SCH0043
INSP02130,1.0,1.0,1.0,0.0,1.0,,No remarks,2025-10-02,SCH0199
INSP00501,1.0,0.0,1.0,0.0,0.0,Chandresh Bava,Toilets locked,2025-05-22,SCH0126
INSP02894,1.0,,0.0,0.0,0.0,Faraj Nori,Good condition,2025-06-19,SCH0479
INSP02343,1.0,0.0,1.0,1.0,0.0,Zayyan Khare,Good condition,2025-07-09,SCH0320
INSP02881,0.0,1.0,,1.0,1.0,Vansha Solanki,Average,2025-12-25,SCH0080
INSP01652,1.0,1.0,1.0,1.0,1.0,Ayaan Tak,Good condition,2025-12-25,SCH0088
INSP01260,0.0,1.0,,1.0,1.0,Avni Butala,Average,2025-05-12,SCH0477
INSP02909,0.0,0.0,,0.0,1.0,Laban Hari,Needs repair,2025-12-16,SCH0308
INSP02242,1.0,1.0,1.0,,0.0,Balendra Thaker,Needs repair,2025-11-29,SCH0171
INSP00206,1.0,1.0,1.0,1.0,0.0,Yahvi Brahmbhatt,Average,2025-11-23,SCH0218
INSP00734,1.0,0.0,1.0,1.0,1.0,Anay Dubey,Good condition,2025-05-28,SCH0419
INSP02514,1.0,1.0,0.0,0.0,1.0,Benjamin Mahajan,,2025-06-07,SCH0442
INSP00527,1.0,0.0,1.0,0.0,0.0,Bhavini Contractor,No remarks,2026-03-30,SCH0209
INSP01917,1.0,1.0,,0.0,1.0,Garima Dhawan,Toilets locked,2025-10-25,SCH0232
INSP00899,0.0,0.0,0.0,0.0,1.0,Upma Mani,,2025-07-30,SCH0108
INSP00378,1.0,1.0,1.0,1.0,0.0,Ikshita Kadakia,Toilets locked,2025-08-21,SCH0299
INSP01926,1.0,1.0,1.0,1.0,1.0,,Needs repair,2025-06-04,SCH0247
INSP02820,0.0,1.0,1.0,1.0,0.0,Yasti Arya,,2025-12-17,SCH0328
INSP01612,0.0,1.0,1.0,0.0,1.0,Azad Narayan,Needs repair,2025-04-30,SCH0205
INSP00387,1.0,1.0,1.0,1.0,1.0,Gaurang Chowdhury,Needs repair,2025-07-05,SCH0307
INSP00199,0.0,1.0,1.0,1.0,0.0,Harshil Choudhury,,2025-06-08,SCH0253
INSP01051,,1.0,1.0,1.0,1.0,Ubika Kari,Good condition,2025-12-25,SCH0319
INSP00591,1.0,1.0,1.0,0.0,1.0,Anirudh Dewan,Needs repair,2026-03-27,SCH0384
INSP00520,0.0,1.0,0.0,0.0,0.0,,No remarks,2026-03-19,SCH0220
INSP02132,1.0,0.0,0.0,0.0,1.0,Yadavi Dora,Average,2025-07-31,SCH0568
INSP02747,1.0,1.0,1.0,0.0,0.0,Nathaniel Purohit,No remarks,2025-07-23,SCH0174
INSP00430,0.0,1.0,1.0,0.0,1.0,Chandran Singhal,Toilets locked,2026-01-31,SCH0412
INSP01084,0.0,1.0,1.0,,0.0,Nirja Bandi,Average,2026-01-03,SCH0194
INSP00208,1.0,1.0,1.0,,0.0,,No remarks,2025-11-24,SCH0376
INSP00492,1.0,1.0,1.0,1.0,,Ethan Samra,No remarks,2025-04-10,SCH0536
INSP02104,0.0,1.0,0.0,0.0,1.0,Siddharth Ramesh,,2025-10-17,SCH0321
INSP00793,1.0,1.0,0.0,0.0,1.0,,No remarks,2025-06-09,SCH0228
INSP02623,1.0,1.0,0.0,1.0,0.0,Faras Deo,Needs repair,2025-04-16,SCH0074
INSP01187,1.0,1.0,1.0,0.0,0.0,Fariq Kunda,,2025-12-19,SCH0269
INSP01186,0.0,0.0,0.0,,0.0,Saumya Parsa,Toilets locked,2025-04-26,SCH0540
INSP01965,1.0,1.0,1.0,1.0,1.0,Hardik Dhillon,No remarks,2026-02-07,SCH0079
INSP01816,1.0,1.0,0.0,1.0,1.0,Urishilla Gour,No remarks,2025-09-25,SCH0216
INSP02352,1.0,1.0,1.0,1.0,0.0,Siya Mody,No remarks,2025-07-19,SCH0348
INSP01411,,1.0,1.0,1.0,0.0,,Needs repair,2025-01-10,SCH0289
INSP00084,,1.0,1.0,1.0,,Meera Sura,Good condition,2026-01-02,SCH0093
INSP02554,0.0,1.0,0.0,1.0,1.0,Irya Srinivas,Needs repair,2025-12-22,SCH0278
INSP02346,1.0,1.0,1.0,0.0,0.0,Girindra Gade,,2025-02-07,SCH0523
INSP00021,1.0,1.0,0.0,1.0,0.0,,No remarks,2025-04-12,SCH0199
INSP01539,0.0,1.0,0.0,1.0,1.0,Ubika Kala,Average,2025-05-08,SCH0149
INSP01707,1.0,,1.0,1.0,0.0,Arjun Bava,No remarks,2025-04-15,SCH0550
INSP01745,1.0,1.0,1.0,1.0,1.0,Ijaya Andra,Average,2026-03-21,SCH0599
INSP01406,1.0,1.0,1.0,1.0,1.0,Aarush Venkataraman,No remarks,2025-10-20,SCH0111
INSP02867,0.0,1.0,1.0,1.0,1.0,Mohammed Prashad,,2026-01-14,SCH0535
INSP02832,1.0,1.0,1.0,0.0,,Eiravati Tripathi,Toilets locked,2025-05-15,SCH0063
INSP02883,1.0,1.0,1.0,0.0,1.0,,No remarks,2025-08-05,SCH0449
INSP00974,,1.0,0.0,1.0,1.0,Keya Zacharia,Good condition,2025-05-25,SCH0276
INSP02932,0.0,1.0,1.0,1.0,0.0,Devansh Loyal,,2025-08-19,SCH0516
INSP00884,1.0,1.0,,1.0,1.0,Ishita Raja,,2025-10-17,SCH0377
INSP01099,1.0,1.0,1.0,0.0,,Orinder Sur,Good condition,2025-04-25,SCH0239
INSP00157,1.0,1.0,1.0,1.0,0.0,Wazir Panchal,Needs repair,2025-09-10,SCH0201
INSP02400,1.0,1.0,1.0,1.0,0.0,,Average,2025-05-07,SCH0464
INSP00887,1.0,1.0,,1.0,1.0,Balhaar Dhawan,Needs repair,2025-09-23,SCH0105
INSP01779,1.0,1.0,1.0,0.0,0.0,Zayan Aurora,Average,2025-09-17,SCH0063
INSP02608,1.0,0.0,1.0,1.0,1.0,Fariq Mitra,Toilets locked,2025-08-04,SCH0290
INSP01673,1.0,0.0,1.0,1.0,0.0,Sarthak Bhardwaj,Good condition,2026-02-26,SCH0471
INSP02666,0.0,1.0,1.0,0.0,0.0,Ganga Nayak,Needs repair,2025-04-21,SCH0600
INSP02487,0.0,1.0,1.0,1.0,0.0,Chanakya Hayer,,2025-12-10,SCH0438
INSP02977,0.0,1.0,1.0,1.0,0.0,Jeremiah Chaudhari,,2025-04-14,SCH0359
INSP01454,1.0,0.0,1.0,1.0,0.0,Adya Issac,No remarks,2025-02-09,SCH0141
INSP02786,1.0,,0.0,1.0,,Ayush Deshmukh,,2025-05-19,SCH0358
INSP00459,1.0,1.0,0.0,1.0,1.0,Reyansh Raval,,2025-12-27,SCH0307
INSP00079,1.0,1.0,1.0,1.0,0.0,,No remarks,2025-12-13,SCH0207
INSP01057,1.0,1.0,1.0,0.0,0.0,Veda Chada,No remarks,2025-06-06,SCH0009
INSP00907,1.0,1.0,0.0,0.0,1.0,Turvi Banerjee,Needs repair,2026-03-12,SCH0598
INSP01750,0.0,1.0,1.0,0.0,,Yashvi Mohan,,2025-05-21,SCH0089
INSP02334,1.0,1.0,1.0,0.0,0.0,Samesh Krishnan,Toilets locked,2025-11-22,SCH0046
INSP02835,1.0,1.0,1.0,0.0,0.0,Nathan Keer,Good condition,2025-10-28,SCH0273
INSP00381,1.0,1.0,1.0,1.0,0.0,George Arya,No remarks,2025-11-03,SCH0235
INSP00948,,1.0,1.0,0.0,1.0,Nihal Devan,Good condition,2026-03-12,SCH0071
INSP01911,1.0,1.0,,1.0,0.0,Owen Nagy,Average,2025-05-19,SCH0423
INSP02118,1.0,1.0,1.0,1.0,1.0,Maanas Handa,Average,2026-03-01,SCH0429
INSP00716,1.0,1.0,1.0,1.0,1.0,Jagdish Gour,No remarks,2025-10-27,SCH0117
INSP02108,1.0,1.0,1.0,0.0,1.0,Widisha Pall,Toilets locked,2025-10-14,SCH0295
INSP00687,1.0,1.0,1.0,1.0,0.0,Yug Kamdar,No remarks,2025-10-17,SCH0284
INSP02698,1.0,1.0,1.0,1.0,,Gaurika Upadhyay,,2025-06-03,SCH0282
INSP01294,0.0,1.0,1.0,1.0,1.0,Udant Muni,Needs repair,2025-10-23,SCH0099
INSP00306,1.0,,0.0,0.0,1.0,Isaiah Golla,Toilets locked,2025-06-17,SCH0447
INSP00210,0.0,1.0,1.0,1.0,1.0,Divya Atwal,Toilets locked,2025-12-22,SCH0500
INSP01660,1.0,,1.0,1.0,0.0,,Good condition,2026-01-27,SCH0026
INSP02341,0.0,1.0,0.0,0.0,1.0,Nitara Comar,Toilets locked,2025-09-14,SCH0561
INSP01721,0.0,1.0,1.0,1.0,1.0,Om Sanghvi,Needs repair,2025-04-08,SCH0600
INSP00886,1.0,1.0,1.0,1.0,0.0,Gautam Krishnan,Toilets locked,2025-07-12,SCH0409
INSP02615,0.0,1.0,1.0,0.0,0.0,,No remarks,2025-05-31,SCH0129
INSP00918,1.0,1.0,1.0,0.0,0.0,Umang Kulkarni,,2025-08-01,SCH0221
INSP01861,1.0,1.0,1.0,0.0,0.0,Aarush Ramakrishnan,Toilets locked,2025-09-25,SCH0061
INSP00192,1.0,0.0,1.0,1.0,1.0,Tanvi Bahri,No remarks,2026-03-30,SCH0188
INSP01949,1.0,1.0,1.0,,1.0,Ganga Nayak,Needs repair,2026-01-23,SCH0203
INSP02148,0.0,0.0,1.0,1.0,,Netra Shetty,Needs repair,2025-09-21,SCH0058
INSP01266,1.0,0.0,1.0,1.0,0.0,Wyatt Shroff,Needs repair,2026-03-20,SCH0479
INSP00484,1.0,1.0,1.0,1.0,0.0,Michael Thakur,Toilets locked,2025-08-14,SCH0004
INSP00916,1.0,0.0,1.0,0.0,0.0,Ethan Swaminathan,No remarks,2025-11-08,SCH0274
INSP02733,1.0,1.0,1.0,1.0,1.0,,Average,2025-08-09,SCH0071
INSP00278,0.0,1.0,1.0,0.0,0.0,Joshua Rajagopalan,Toilets locked,2026-02-06,SCH0530
INSP00989,1.0,0.0,1.0,1.0,,Gavin Taneja,Toilets locked,2026-03-31,SCH0413
INSP01957,1.0,1.0,0.0,1.0,0.0,Ayushman Raju,No remarks,2026-03-26,SCH0210
INSP01246,1.0,1.0,1.0,0.0,,Henry Basak,Good condition,2025-07-06,SCH0285
INSP00572,1.0,1.0,0.0,1.0,1.0,Bakhshi Raman,Toilets locked,2026-02-21,SCH0369
INSP01436,0.0,1.0,1.0,1.0,,Manthan Raja,Average,2025-09-04,SCH0312
INSP00994,1.0,0.0,0.0,0.0,1.0,,Good condition,2026-02-08,SCH0595
INSP01567,0.0,1.0,0.0,0.0,0.0,Jatin Ganesh,,2026-08-01,SCH0434
INSP01563,0.0,,1.0,0.0,0.0,Waida Thakkar,No remarks,2025-10-10,SCH0589
INSP00586,0.0,1.0,,1.0,1.0,,Needs repair,2025-04-21,SCH0569
INSP02526,0.0,1.0,0.0,1.0,0.0,Dayita Nayar,Needs repair,2025-10-28,SCH0484
INSP02788,,1.0,1.0,,0.0,Samar Munshi,,2026-02-18,SCH0508
INSP01350,1.0,1.0,0.0,1.0,0.0,Tarak Shetty,,2025-08-21,SCH0169
INSP01008,0.0,1.0,,1.0,0.0,Omisha Oza,,2025-04-04,SCH0583
INSP00675,1.0,0.0,1.0,1.0,1.0,,Average,2025-07-31,SCH0513
INSP02203,1.0,1.0,,1.0,1.0,Chanakya Tandon,Average,2025-07-10,SCH0472
INSP00856,1.0,1.0,0.0,0.0,1.0,Jagrati Krishnamurthy,Needs repair,2025-08-01,SCH0373
INSP00448,1.0,1.0,1.0,,1.0,Odika Maharaj,Needs repair,2025-06-01,SCH0066
INSP01862,1.0,1.0,1.0,1.0,0.0,Praneel Kalla,Toilets locked,2025-04-11,SCH0243
INSP01804,1.0,1.0,0.0,,0.0,Madhav Wali,Needs repair,2025-05-13,SCH0246
INSP02382,1.0,1.0,1.0,0.0,1.0,Caleb Thakur,Needs repair,2025-09-25,SCH0043
INSP02813,1.0,1.0,0.0,0.0,1.0,Anita Tara,,2025-12-03,SCH0281
INSP02509,1.0,1.0,1.0,1.0,,Chanakya Taneja,Needs repair,2025-11-03,SCH0589
INSP01915,1.0,1.0,1.0,1.0,,Anay Golla,,2025-03-05,SCH0390
INSP02809,1.0,1.0,1.0,1.0,0.0,Anthony Jha,,2025-08-01,SCH0326
INSP02619,1.0,1.0,1.0,1.0,0.0,Vihaan Parsa,Average,2025-12-21,SCH0320
INSP01248,1.0,1.0,1.0,0.0,0.0,Logan Balasubramanian,Average,2026-03-22,SCH0520
INSP00295,1.0,1.0,1.0,1.0,0.0,Unnati Tella,Needs repair,2025-07-20,SCH0283
INSP00589,0.0,0.0,1.0,0.0,0.0,Jacob Pandit,Toilets locked,2026-03-30,SCH0044
INSP01282,,1.0,1.0,1.0,0.0,Manbir Sethi,,2025-04-18,SCH0086
INSP01589,1.0,0.0,,1.0,0.0,Dhriti Pandit,No remarks,2025-11-13,SCH0438
INSP02035,1.0,,1.0,0.0,0.0,Chavvi Khurana,Good condition,2025-05-04,SCH0445
INSP02695,1.0,1.0,1.0,0.0,0.0,Upasna Kade,Good condition,2025-05-13,SCH0276
INSP02520,,1.0,1.0,1.0,1.0,Ria Menon,Good condition,2026-01-30,SCH0039
INSP02376,1.0,1.0,1.0,0.0,1.0,,Good condition,2025-04-14,SCH0417
INSP01418,1.0,1.0,1.0,1.0,1.0,Tara Loyal,Average,2025-07-18,SCH0204
INSP00426,0.0,0.0,1.0,0.0,1.0,Wishi Rama,Average,2025-07-19,SCH0254
INSP00535,1.0,1.0,1.0,1.0,1.0,Yahvi Sengupta,Good condition,2025-04-14,SCH0280
INSP01055,1.0,1.0,1.0,0.0,1.0,Janya Saxena,Needs repair,2026-01-03,SCH0500
INSP02567,1.0,1.0,1.0,1.0,0.0,Arin Sood,,2026-03-27,SCH0524
INSP02635,1.0,1.0,1.0,1.0,0.0,,Average,2025-05-28,SCH0003
INSP02928,0.0,0.0,0.0,1.0,0.0,Vinaya Ghosh,Needs repair,2025-08-01,SCH0508
INSP00133,0.0,1.0,1.0,1.0,1.0,Mugdha Varma,Average,2025-08-04,SCH0250
INSP02184,1.0,0.0,0.0,1.0,1.0,Yatin Prasad,Average,2025-11-05,SCH0230
INSP00422,1.0,1.0,1.0,,1.0,Leela Narula,Needs repair,2025-12-31,SCH0093
INSP02796,0.0,1.0,1.0,1.0,,Anay Mahal,No remarks,2025-06-07,SCH0600
INSP02149,1.0,1.0,0.0,0.0,1.0,Alka Bawa,,2025-08-22,SCH0566
INSP01369,1.0,1.0,1.0,0.0,,Rachana Dass,Toilets locked,2025-04-28,SCH0287
INSP00557,0.0,1.0,1.0,0.0,1.0,Saumya Narang,Average,2025-04-30,SCH0356
INSP02460,1.0,1.0,0.0,0.0,0.0,Dipta De,Toilets locked,2025-04-16,SCH0257
INSP01661,1.0,1.0,1.0,0.0,1.0,Wyatt Sharaf,Toilets locked,2025-12-25,SCH0119
INSP02817,0.0,1.0,,1.0,,Aahana Sani,,2025-06-22,SCH0054
INSP02045,1.0,1.0,1.0,0.0,0.0,Rishi Sridhar,Good condition,2025-06-07,SCH0458
INSP00571,1.0,1.0,1.0,1.0,,Yash Sami,,2025-07-30,SCH0223
INSP00353,1.0,1.0,1.0,0.0,0.0,Patrick Rau,,2025-06-17,SCH0276
INSP00092,1.0,1.0,1.0,0.0,0.0,Warda Krishna,,2026-07-01,SCH0555
INSP02969,1.0,1.0,1.0,1.0,1.0,Rayaan Mital,Needs repair,2025-10-09,SCH0329
INSP02665,0.0,1.0,1.0,0.0,0.0,,No remarks,2025-11-04,SCH0314
INSP01171,1.0,0.0,1.0,1.0,1.0,Chaitaly Balan,No remarks,2025-11-29,SCH0534
INSP02896,0.0,0.0,0.0,,1.0,Praneel Deo,,2025-09-06,SCH0075
INSP01286,1.0,,1.0,1.0,0.0,Wazir Sehgal,Average,2026-03-24,SCH0423
INSP02169,1.0,1.0,0.0,1.0,0.0,Qarin Parmar,No remarks,2025-06-16,SCH0037
INSP02216,1.0,1.0,0.0,0.0,0.0,Vedika Deshpande,,2025-09-27,SCH0318
INSP01592,1.0,1.0,1.0,1.0,,Jhalak Choudhry,,2025-06-17,SCH0234
INSP02634,1.0,0.0,1.0,1.0,1.0,Wazir Kapur,Toilets locked,2026-02-11,SCH0442
INSP00698,1.0,1.0,1.0,1.0,1.0,Victor Bhandari,,2025-08-15,SCH0351
INSP02637,1.0,1.0,0.0,0.0,1.0,Oscar Sunder,No remarks,2025-09-17,SCH0327
INSP00349,0.0,1.0,1.0,1.0,0.0,Qushi Shere,Good condition,2026-02-05,SCH0207
INSP01747,0.0,1.0,1.0,0.0,0.0,Edhitha Soman,No remarks,2025-05-30,SCH0344
INSP02470,,1.0,0.0,0.0,1.0,Yauvani Mistry,Average,2025-10-14,SCH0078
INSP02858,1.0,1.0,1.0,0.0,1.0,Reyansh Bhatnagar,,2025-07-10,SCH0154
INSP02358,1.0,1.0,1.0,1.0,1.0,Wakeeta Gaba,Average,2025-06-24,SCH0109
INSP01138,1.0,1.0,1.0,0.0,1.0,Brinda Nanda,No remarks,2025-06-12,SCH0007
INSP02005,1.0,,,0.0,1.0,Ranveer Chadha,Toilets locked,2025-04-08,SCH0422
INSP01621,1.0,0.0,1.0,1.0,0.0,Darsh Narang,Needs repair,2025-01-10,SCH0482
INSP02979,1.0,1.0,,0.0,1.0,Samesh Dar,Needs repair,2025-08-03,SCH0031
INSP02963,1.0,1.0,1.0,1.0,0.0,Anika Pandya,Toilets locked,2025-08-19,SCH0398
INSP01340,1.0,1.0,1.0,0.0,1.0,Lipika Kara,Average,2026-03-15,SCH0223
INSP02620,1.0,,1.0,0.0,1.0,Ucchal Kapur,Needs repair,2026-02-09,SCH0584
INSP00454,0.0,,1.0,1.0,1.0,Yashvi Talwar,Toilets locked,2025-06-22,SCH0071
INSP00914,1.0,1.0,1.0,1.0,0.0,Ati Suri,Average,2025-12-09,SCH0323
INSP02339,1.0,0.0,1.0,1.0,1.0,Hritik Dutt,,2026-01-07,SCH0069
INSP01200,1.0,,1.0,1.0,0.0,Janya Murty,Good condition,2025-06-24,SCH0009
INSP01275,1.0,1.0,0.0,0.0,1.0,Ekanta Mangat,Average,2026-03-29,SCH0562
INSP02060,,1.0,0.0,1.0,1.0,Dev Walia,,2025-12-20,SCH0571
INSP00038,1.0,1.0,1.0,0.0,1.0,Deepa Mahal,Needs repair,2025-08-16,SCH0496
INSP00975,0.0,1.0,1.0,1.0,1.0,Gaurika Ranganathan,Good condition,2025-05-26,SCH0464
INSP02912,0.0,1.0,1.0,1.0,1.0,Veer Narayanan,Needs repair,2025-11-24,SCH0404
INSP00984,,1.0,0.0,1.0,0.0,,Needs repair,2025-10-14,SCH0114
INSP02014,0.0,1.0,1.0,1.0,,Kiaan Vaidya,Average,2025-04-28,SCH0409
INSP02120,1.0,1.0,1.0,0.0,0.0,Victor Subramaniam,Needs repair,2025-07-26,SCH0457
INSP01419,0.0,1.0,1.0,1.0,0.0,Joshua Korpal,Needs repair,2026-02-17,SCH0280
INSP01285,1.0,0.0,1.0,1.0,,Yutika Behl,Average,2026-03-30,SCH0291
INSP02162,1.0,1.0,1.0,0.0,0.0,Imaran Iyengar,No remarks,2025-07-10,SCH0001
INSP00040,1.0,1.0,1.0,0.0,1.0,Xavier Manda,Needs repair,2025-04-18,SCH0180
INSP01487,1.0,1.0,1.0,1.0,1.0,,,2025-05-18,SCH0280
INSP01992,1.0,1.0,1.0,1.0,0.0,Indali Gandhi,No remarks,2025-09-06,SCH0382
INSP00170,1.0,1.0,1.0,1.0,1.0,Ekani Kaul,Good condition,2025-07-04,SCH0102
INSP01356,1.0,1.0,0.0,0.0,0.0,Dipta Kapoor,,2025-05-18,SCH0017
INSP00738,0.0,1.0,1.0,1.0,0.0,,Good condition,2025-08-28,SCH0497
INSP01737,1.0,1.0,1.0,1.0,0.0,,,2025-05-10,SCH0181
INSP02839,1.0,1.0,1.0,1.0,1.0,Rudra Memon,,2026-11-02,SCH0511
INSP01565,1.0,0.0,1.0,,1.0,,Average,2025-05-26,SCH0533
INSP02088,1.0,1.0,1.0,1.0,1.0,Rachana Wali,Toilets locked,2026-05-03,SCH0087
INSP00635,1.0,1.0,0.0,1.0,,,,2025-10-30,SCH0523
INSP02785,1.0,0.0,1.0,1.0,0.0,Yatin Dara,Average,2025-07-04,SCH0067
INSP02090,,1.0,1.0,0.0,0.0,Jonathan Iyer,Toilets locked,2025-07-24,SCH0491
INSP01641,1.0,1.0,0.0,0.0,1.0,Darpan Ganesh,Good condition,2026-01-26,SCH0430
INSP01291,,1.0,,1.0,1.0,Sachi Mahal,,2026-03-29,SCH0163
INSP02461,1.0,1.0,0.0,0.0,0.0,Adya Date,No remarks,2026-04-03,SCH0435
INSP01381,1.0,1.0,0.0,0.0,0.0,Ishaan Sharaf,Good condition,2026-02-13,SCH0460
INSP00580,0.0,1.0,0.0,0.0,,Nathan Dhar,Good condition,2025-04-15,SCH0164
INSP00329,1.0,1.0,1.0,1.0,0.0,Simon Koshy,No remarks,2025-12-23,SCH0294
INSP01833,1.0,1.0,1.0,0.0,1.0,Nirja Bhardwaj,Toilets locked,2025-05-17,SCH0252
INSP00893,0.0,0.0,1.0,1.0,1.0,Vaishnavi Setty,Toilets locked,2025-02-09,SCH0062
INSP01144,0.0,1.0,0.0,1.0,0.0,Utkarsh Mallick,Toilets locked,2025-11-07,SCH0112
INSP00781,0.0,0.0,1.0,1.0,1.0,Samaksh Shukla,No remarks,2025-05-09,SCH0441
INSP00160,0.0,0.0,1.0,1.0,0.0,Nidra Hayer,No remarks,2026-01-01,SCH0200
INSP01731,1.0,1.0,1.0,0.0,1.0,Ishani Goel,Toilets locked,2025-06-22,SCH0149
INSP01930,1.0,0.0,1.0,0.0,,Madhavi Bassi,Good condition,2025-12-30,SCH0396
INSP02448,1.0,1.0,1.0,0.0,0.0,,No remarks,2025-07-28,SCH0445
INSP00062,1.0,1.0,0.0,,0.0,Abhiram Gandhi,,2026-02-04,SCH0502
INSP00850,1.0,0.0,1.0,1.0,0.0,Niharika Kannan,Toilets locked,2025-03-07,SCH0055
INSP02246,1.0,1.0,1.0,1.0,0.0,Upadhriti Chada,Toilets locked,2025-06-21,SCH0081
INSP01597,1.0,,0.0,1.0,0.0,Aashi Bassi,Toilets locked,2026-10-01,SCH0326
INSP01044,1.0,1.0,1.0,1.0,1.0,Chandresh Varghese,Toilets locked,2026-03-16,SCH0066
INSP02984,1.0,1.0,1.0,1.0,1.0,Bishakha Sood,No remarks,2025-05-15,SCH0311
INSP01545,0.0,1.0,1.0,0.0,0.0,Rayaan Chauhan,Average,2025-10-24,SCH0116
INSP02100,1.0,1.0,1.0,0.0,0.0,Priya Tank,Needs repair,2025-08-05,SCH0194
INSP01071,1.0,1.0,0.0,1.0,1.0,Daniel Oak,No remarks,2025-05-25,SCH0456
INSP00054,1.0,1.0,1.0,1.0,0.0,,Toilets locked,2025-12-04,SCH0271
INSP02672,,1.0,1.0,1.0,1.0,Ekani Devi,Needs repair,2025-10-29,SCH0229
INSP00259,1.0,1.0,1.0,0.0,0.0,Baghyawati Mani,Toilets locked,2025-10-28,SCH0392
INSP00506,1.0,1.0,1.0,,,Vansha Chaudhary,Toilets locked,2026-01-21,SCH0207
INSP00753,1.0,1.0,1.0,,1.0,Mahika Sabharwal,Needs repair,2025-09-19,SCH0109
INSP02402,1.0,1.0,1.0,,0.0,Indrajit Sarma,Needs repair,2026-03-30,SCH0033
INSP00218,1.0,1.0,1.0,1.0,1.0,Tanvi Ramakrishnan,Good condition,2025-04-19,SCH0457
INSP00825,1.0,1.0,0.0,1.0,0.0,Qabil Khanna,Average,2025-10-19,SCH0152
INSP01962,1.0,1.0,,0.0,0.0,Chatura Bassi,Toilets locked,2026-02-01,SCH0172
INSP02397,1.0,1.0,1.0,,0.0,Kamya Virk,Average,2025-05-15,SCH0095
INSP01390,1.0,1.0,0.0,1.0,0.0,Inaya Grewal,Good condition,2025-06-20,SCH0390
INSP02633,,1.0,1.0,0.0,1.0,Champak Chander,Average,2025-05-08,SCH0174
INSP01267,1.0,1.0,1.0,1.0,1.0,Amrita Buch,Toilets locked,2025-09-10,SCH0343
INSP02594,1.0,1.0,1.0,1.0,0.0,Daksh Oza,No remarks,2025-06-24,SCH0107
INSP01910,1.0,0.0,1.0,0.0,0.0,Baljiwan Kunda,Good condition,2025-05-04,SCH0439
INSP01599,1.0,1.0,1.0,0.0,1.0,Balvan Naik,Needs repair,2026-02-18,SCH0303
INSP02160,1.0,1.0,1.0,0.0,0.0,Vrishti Dhaliwal,Toilets locked,2025-05-07,SCH0594
INSP01608,1.0,0.0,1.0,1.0,0.0,Bakhshi Sani,,2025-05-09,SCH0367
INSP01830,,1.0,1.0,,1.0,Yauvani Mani,Average,2025-09-11,SCH0390
INSP00772,1.0,1.0,1.0,0.0,1.0,Finn Bath,Good condition,2025-12-12,SCH0104
INSP02945,0.0,,1.0,0.0,0.0,Aayush Vora,Toilets locked,2025-11-11,SCH0551
INSP01961,1.0,1.0,1.0,1.0,0.0,,No remarks,2025-08-01,SCH0007
INSP02823,1.0,1.0,0.0,1.0,0.0,Kashvi Sarin,Toilets locked,2025-07-29,SCH0587
INSP01086,1.0,1.0,1.0,,0.0,Meera Narain,,2025-11-19,SCH0383
INSP02250,1.0,,1.0,1.0,,Jagvi Bhardwaj,,2025-08-27,SCH0023
INSP02347,1.0,1.0,1.0,1.0,1.0,Aadhya Ramanathan,Good condition,2026-02-14,SCH0556
INSP01326,,1.0,1.0,0.0,0.0,Vihaan Soman,Needs repair,2025-05-19,SCH0360
INSP02235,1.0,,1.0,0.0,0.0,,No remarks,2026-01-18,SCH0014
INSP01742,1.0,1.0,1.0,0.0,1.0,Ojasvi Nigam,Average,2026-03-09,SCH0501
INSP01913,1.0,1.0,1.0,1.0,0.0,,No remarks,2025-08-09,SCH0553
INSP02363,1.0,1.0,1.0,0.0,1.0,Azaan Rastogi,Needs repair,2026-03-26,SCH0076
INSP01404,1.0,1.0,,1.0,1.0,Warinder Kari,Good condition,2025-09-23,SCH0083
INSP02994,1.0,1.0,0.0,0.0,1.0,Rachana Seth,Needs repair,2025-12-18,SCH0150
INSP02366,0.0,1.0,1.0,0.0,0.0,Xiti Sandhu,Toilets locked,2025-05-09,SCH0436
INSP01914,1.0,0.0,0.0,0.0,0.0,Zashil Bora,,2025-11-22,SCH0444
INSP01164,1.0,1.0,1.0,0.0,0.0,Finn Jhaveri,No remarks,2025-05-10,SCH0456
INSP00964,1.0,,1.0,1.0,0.0,Chakradev Loke,Toilets locked,2025-04-10,SCH0430
INSP02564,0.0,1.0,1.0,1.0,0.0,Bahadurjit Ben,,2025-09-28,SCH0114
INSP00399,0.0,1.0,1.0,1.0,,Jonathan Sharma,Toilets locked,2025-05-15,SCH0555
INSP00585,,1.0,1.0,0.0,1.0,Agastya Varma,Toilets locked,2026-03-02,SCH0495
INSP00949,1.0,1.0,1.0,1.0,1.0,Parth Wagle,Good condition,2025-01-11,SCH0136
INSP00705,1.0,1.0,1.0,1.0,,Kiaan Date,No remarks,2025-12-05,SCH0266
INSP00432,1.0,1.0,1.0,1.0,0.0,Max Bath,Good condition,2026-01-28,SCH0254
INSP01689,1.0,0.0,1.0,0.0,1.0,Libni Agarwal,No remarks,2025-04-27,SCH0130
INSP00293,1.0,1.0,1.0,1.0,1.0,Warinder Sachar,Needs repair,2025-08-23,SCH0064
INSP00146,1.0,1.0,0.0,0.0,0.0,Xiti Rege,Toilets locked,2025-07-07,SCH0518
INSP00324,1.0,1.0,0.0,1.0,,Max Garg,Needs repair,2026-01-22,SCH0564
INSP02723,1.0,1.0,1.0,1.0,0.0,Theodore Sidhu,Needs repair,2025-05-07,SCH0103
INSP02224,1.0,1.0,1.0,1.0,0.0,Amrita Raju,,2025-11-07,SCH0536
INSP01166,1.0,0.0,1.0,1.0,1.0,,Toilets locked,2025-07-16,SCH0067
INSP01453,1.0,1.0,0.0,1.0,0.0,Nathan Shenoy,Needs repair,2025-04-17,SCH0029
INSP00003,,0.0,1.0,1.0,0.0,Azad Pingle,Good condition,2025-04-06,SCH0568
INSP01713,1.0,1.0,1.0,1.0,1.0,Kritika Wason,Toilets locked,2025-12-11,SCH0300
INSP00577,0.0,1.0,1.0,1.0,,Krish Manda,No remarks,2026-02-25,SCH0536
INSP02424,0.0,1.0,0.0,1.0,0.0,Ekaja Madan,Needs repair,2025-12-10,SCH0296
INSP00340,1.0,0.0,1.0,1.0,1.0,Neha Devi,Average,2026-01-10,SCH0300
INSP02903,1.0,1.0,1.0,1.0,1.0,Yug Nair,Average,2025-11-18,SCH0450
INSP02479,1.0,1.0,1.0,0.0,0.0,Upadhriti Chander,No remarks,2025-02-05,SCH0326
INSP00926,1.0,1.0,1.0,1.0,1.0,Yadavi Madan,Needs repair,2025-04-16,SCH0403
INSP00266,1.0,1.0,1.0,0.0,,Manthan Bal,Good condition,2025-04-12,SCH0237
INSP00377,1.0,0.0,0.0,,0.0,,No remarks,2025-10-29,SCH0050
INSP02469,,1.0,0.0,1.0,0.0,Anamika Kunda,Average,2025-09-25,SCH0037
INSP01464,1.0,1.0,1.0,1.0,1.0,Dakshesh Memon,Good condition,2025-11-11,SCH0070
INSP00272,1.0,1.0,1.0,0.0,1.0,Jasmit Sampath,No remarks,2025-10-25,SCH0239
INSP00697,1.0,1.0,0.0,1.0,0.0,Parth Natt,No remarks,2026-01-21,SCH0010
INSP00245,1.0,1.0,0.0,0.0,0.0,Rudra Jha,Good condition,2026-02-22,SCH0474
INSP02956,1.0,1.0,0.0,1.0,0.0,Quincy Bath,No remarks,2025-10-15,SCH0368
INSP00477,0.0,1.0,1.0,1.0,,Manya Mani,Toilets locked,2025-05-26,SCH0505
INSP02011,1.0,1.0,1.0,1.0,1.0,Varsha Gupta,Average,2025-07-05,SCH0120
INSP01922,1.0,1.0,1.0,1.0,1.0,,Needs repair,2025-06-02,SCH0228
INSP00814,1.0,,1.0,1.0,1.0,Ayushman Parmar,Good condition,2026-06-03,SCH0221
INSP01872,1.0,1.0,1.0,0.0,1.0,Ekanta Bose,Needs repair,2025-10-06,SCH0184
INSP02669,0.0,0.0,1.0,1.0,0.0,Harinakshi Contractor,Good condition,2026-01-11,SCH0505
INSP02926,0.0,1.0,1.0,1.0,1.0,,Needs repair,2025-09-25,SCH0064
INSP01165,0.0,1.0,1.0,,1.0,,Toilets locked,2025-08-21,SCH0463
INSP02289,1.0,1.0,1.0,1.0,1.0,Chandresh Mahal,Needs repair,2026-03-25,SCH0210
INSP00251,1.0,1.0,0.0,1.0,1.0,Laban Saini,Toilets locked,2025-09-04,SCH0554
INSP00414,1.0,1.0,1.0,0.0,0.0,Ekapad Sibal,Toilets locked,2026-03-17,SCH0401
INSP00546,1.0,1.0,1.0,,0.0,,Good condition,2025-06-09,SCH0219
INSP01194,1.0,1.0,0.0,1.0,1.0,Pranav Sagar,Average,2025-07-21,SCH0231
INSP00739,0.0,1.0,1.0,1.0,1.0,Sai Issac,Good condition,2025-04-12,SCH0583
INSP00311,0.0,1.0,1.0,1.0,1.0,Divya Sankaran,,2025-11-22,SCH0143
INSP00894,1.0,1.0,1.0,0.0,1.0,Sarthak Dey,Good condition,2025-10-14,SCH0347
INSP01132,1.0,1.0,1.0,1.0,0.0,Akshay Magar,Average,2025-10-22,SCH0317
INSP01450,1.0,1.0,0.0,,0.0,Lakshmi Mandal,Needs repair,2025-12-07,SCH0147
INSP00016,1.0,1.0,1.0,1.0,1.0,Nidhi Kadakia,Good condition,2025-05-16,SCH0028
INSP02109,1.0,,1.0,0.0,1.0,Nirja Bassi,Toilets locked,2025-07-21,SCH0122
INSP00722,1.0,1.0,1.0,1.0,1.0,,Needs repair,2025-09-06,SCH0212
INSP01421,1.0,0.0,1.0,0.0,0.0,Diya Guha,Average,2025-04-08,SCH0352
INSP02770,1.0,1.0,1.0,,0.0,Yamini Agate,Toilets locked,2026-01-14,SCH0119
INSP00982,0.0,,1.0,0.0,0.0,Aarini Atwal,No remarks,2025-07-31,SCH0128
INSP02219,1.0,1.0,1.0,0.0,1.0,Ekbal Bakshi,Average,2025-05-23,SCH0159
INSP01540,,1.0,0.0,1.0,1.0,Faqid Kapur,Needs repair,2025-07-21,SCH0559
INSP02662,1.0,1.0,1.0,0.0,0.0,Janya Joshi,Needs repair,2026-03-02,SCH0122
INSP01551,,1.0,1.0,0.0,1.0,Ekavir Mallick,Needs repair,2025-06-20,SCH0096
INSP02548,0.0,1.0,0.0,1.0,1.0,Odika Nori,,2025-05-31,SCH0033
INSP00364,1.0,1.0,1.0,1.0,1.0,Aachal Toor,No remarks,2025-10-22,SCH0100
INSP00983,1.0,1.0,1.0,1.0,0.0,Ridhi Pathak,Toilets locked,2026-01-26,SCH0584
INSP00183,1.0,1.0,1.0,0.0,1.0,Meghana Chowdhury,,2025-04-01,SCH0257
INSP00986,,,1.0,0.0,0.0,Yatan Prabhu,Needs repair,2025-10-28,SCH0122
INSP01195,1.0,1.0,1.0,1.0,0.0,Yashasvi Ahluwalia,Good condition,2026-03-26,SCH0070
INSP01974,1.0,1.0,,0.0,1.0,Bahadurjit Mallick,Average,2025-10-14,SCH0275
INSP01870,1.0,1.0,1.0,0.0,0.0,,No remarks,2025-07-23,SCH0173
INSP01122,1.0,1.0,,0.0,0.0,,Good condition,2025-05-12,SCH0157
INSP00188,1.0,1.0,1.0,,0.0,Ekansh Dayal,No remarks,2025-04-18,SCH0509
INSP00620,1.0,1.0,1.0,0.0,0.0,Timothy Balasubramanian,Toilets locked,2025-06-18,SCH0368
INSP02899,0.0,1.0,1.0,1.0,0.0,Urvashi Barad,,2025-02-05,SCH0154
INSP01176,0.0,1.0,1.0,1.0,1.0,Yug Parsa,,2025-06-13,SCH0345
INSP01183,1.0,1.0,1.0,1.0,1.0,Zilmil Doshi,Average,2025-09-03,SCH0133
INSP02508,1.0,1.0,1.0,,0.0,Tanay Sahota,No remarks,2025-04-19,SCH0566
INSP02320,0.0,1.0,1.0,1.0,1.0,Ati Sama,Good condition,2025-10-11,SCH0277
INSP00615,1.0,1.0,1.0,0.0,1.0,Nandini Golla,Good condition,2025-07-20,SCH0372
INSP01514,0.0,1.0,1.0,0.0,1.0,Vivaan Bhattacharyya,Average,2025-10-09,SCH0402
INSP01467,1.0,,1.0,1.0,0.0,,Average,2025-12-28,SCH0368
INSP00402,1.0,1.0,1.0,1.0,0.0,Siddharth Sethi,Average,2025-08-31,SCH0357
INSP00995,1.0,0.0,1.0,0.0,0.0,Rajata Dhaliwal,Toilets locked,2026-01-14,SCH0031
INSP00935,0.0,0.0,1.0,1.0,1.0,Ronith Gole,Average,2026-02-22,SCH0364
INSP00372,1.0,1.0,1.0,1.0,0.0,,Needs repair,2025-05-24,SCH0315
INSP02091,1.0,1.0,1.0,0.0,0.0,,No remarks,2025-06-13,SCH0199
INSP02284,1.0,1.0,1.0,0.0,1.0,Samesh Gulati,Good condition,2025-08-04,SCH0556
INSP00594,1.0,1.0,1.0,1.0,1.0,Raghav Chaudhuri,Toilets locked,2026-03-20,SCH0203
INSP02829,1.0,,1.0,1.0,0.0,Januja Pal,,2025-07-12,SCH0491
INSP00727,1.0,1.0,1.0,1.0,1.0,Unni Sama,No remarks,2025-11-09,SCH0022
INSP00827,,1.0,1.0,0.0,1.0,Aditya Vyas,No remarks,2025-06-29,SCH0080
INSP01869,1.0,1.0,,,1.0,Yash Nadig,Needs repair,2025-09-01,SCH0394
INSP00688,1.0,1.0,1.0,0.0,0.0,Rayaan Sundaram,No remarks,2025-12-19,SCH0141
INSP02335,1.0,1.0,1.0,1.0,0.0,Faqid Amble,Average,2025-10-26,SCH0107
INSP00137,1.0,1.0,0.0,1.0,0.0,Leela Mangal,Toilets locked,2025-04-17,SCH0237
INSP02577,1.0,1.0,1.0,0.0,1.0,,Average,2026-01-03,SCH0184
INSP00629,1.0,1.0,1.0,1.0,0.0,,Good condition,2026-02-26,SCH0035
INSP00335,0.0,1.0,0.0,1.0,0.0,Christopher Yadav,Good condition,2026-03-29,SCH0248
INSP01806,1.0,,1.0,1.0,1.0,Aadhya Lad,Toilets locked,2025-11-24,SCH0102
INSP00391,0.0,1.0,1.0,1.0,0.0,Forum Shetty,No remarks,2025-08-16,SCH0600
INSP02934,1.0,1.0,0.0,0.0,0.0,,Average,2026-03-14,SCH0535
INSP01110,1.0,1.0,1.0,0.0,0.0,Adya Gara,Good condition,2025-07-20,SCH0391
INSP01938,1.0,1.0,1.0,0.0,0.0,Arin Nagi,,2025-12-20,SCH0150
INSP02838,0.0,1.0,,0.0,0.0,Divya Bhalla,Needs repair,2025-12-07,SCH0170
INSP00711,1.0,0.0,1.0,1.0,0.0,,Average,2025-12-26,SCH0513
INSP01040,1.0,1.0,1.0,1.0,1.0,,Toilets locked,2025-08-27,SCH0348
INSP02072,1.0,1.0,1.0,0.0,1.0,Warjas Doshi,Good condition,2025-06-26,SCH0032
INSP02874,1.0,1.0,1.0,0.0,0.0,Bhavika Om,Toilets locked,2025-07-24,SCH0443
INSP02729,1.0,1.0,1.0,,0.0,Ganga Shere,Toilets locked,2025-09-25,SCH0355
INSP01562,1.0,1.0,0.0,,,Pooja Gill,Toilets locked,2025-04-08,SCH0372
INSP02898,1.0,0.0,1.0,,0.0,Max Dewan,Good condition,2025-11-25,SCH0095
INSP01595,,1.0,1.0,1.0,,Ira Bala,Good condition,2025-07-26,SCH0538
INSP02991,1.0,,0.0,0.0,1.0,Avi Vig,No remarks,2025-11-23,SCH0205
INSP02652,1.0,0.0,1.0,1.0,1.0,Ayush Mangat,,2025-04-22,SCH0019
INSP01113,1.0,1.0,1.0,1.0,,,Toilets locked,2025-07-17,SCH0319
INSP00466,1.0,1.0,,1.0,1.0,Ojas Behl,,2026-01-16,SCH0397
INSP01561,0.0,1.0,1.0,0.0,,Gautam Sahota,Needs repair,2025-05-01,SCH0306
INSP01224,1.0,1.0,0.0,1.0,0.0,Forum Minhas,,2026-02-18,SCH0144
INSP02111,,1.0,1.0,1.0,1.0,Radha Prabhu,,2025-04-15,SCH0214
INSP02472,1.0,1.0,0.0,1.0,1.0,Wakeeta Dey,,2025-12-02,SCH0430
INSP01509,1.0,,1.0,,1.0,,Good condition,2025-10-15,SCH0292
INSP02716,1.0,1.0,1.0,0.0,,,No remarks,2026-01-09,SCH0120
INSP01105,1.0,0.0,1.0,1.0,1.0,Dalbir Sur,Average,2025-06-05,SCH0153
INSP00661,1.0,1.0,1.0,0.0,1.0,Bhavika Venkataraman,Good condition,2025-08-28,SCH0276
INSP00339,0.0,1.0,1.0,1.0,0.0,Maanav Luthra,No remarks,2025-08-15,SCH0493
INSP00216,,0.0,0.0,1.0,0.0,Mohammed Varghese,,2025-08-03,SCH0545
INSP01616,1.0,0.0,1.0,0.0,1.0,Nisha Wason,,2025-06-09,SCH0081
INSP01342,1.0,1.0,1.0,1.0,0.0,Jatin Date,,2026-03-31,SCH0330
INSP02646,0.0,1.0,1.0,0.0,0.0,Chaman Maharaj,Average,2025-09-06,SCH0226
INSP02965,1.0,1.0,1.0,0.0,0.0,Jagdish Bakshi,Toilets locked,2025-07-21,SCH0460
INSP02947,0.0,1.0,1.0,1.0,0.0,Charles Balasubramanian,,2025-08-27,SCH0146
INSP01847,1.0,1.0,1.0,0.0,1.0,Quincy Pau,,2025-10-07,SCH0469
INSP01593,1.0,1.0,0.0,1.0,0.0,Janaki Jhaveri,Toilets locked,2025-10-05,SCH0436
INSP02047,1.0,,1.0,,1.0,Aryan Sachdeva,Good condition,2025-04-19,SCH0114
INSP02654,1.0,1.0,1.0,0.0,1.0,Hardik Bhatia,Good condition,2025-07-04,SCH0489
INSP00817,,1.0,1.0,1.0,1.0,Ayushman Viswanathan,No remarks,2025-06-07,SCH0301
INSP01068,1.0,1.0,1.0,,1.0,Balveer Jhaveri,,2025-08-13,SCH0086
INSP02139,1.0,1.0,,0.0,1.0,Widisha Badal,Good condition,2026-04-03,SCH0067
INSP00275,0.0,1.0,1.0,1.0,1.0,Advik Baria,,2026-02-06,SCH0351
INSP02367,1.0,1.0,0.0,1.0,1.0,Alka Comar,Needs repair,2025-05-23,SCH0095
INSP00866,0.0,1.0,1.0,1.0,1.0,Zehaan Nigam,Needs repair,2026-01-05,SCH0103
INSP00102,1.0,1.0,1.0,1.0,1.0,Jalsa Kumer,Needs repair,2025-12-08,SCH0332
INSP01502,1.0,1.0,1.0,0.0,1.0,Arunima Ramakrishnan,Good condition,2025-01-12,SCH0258
INSP02938,1.0,1.0,1.0,0.0,0.0,Nidra Barad,Toilets locked,2026-03-11,SCH0014
INSP00172,0.0,1.0,1.0,,0.0,Ria Palla,,2025-01-04,SCH0334
INSP00108,1.0,1.0,,1.0,0.0,Januja Patla,Good condition,2025-07-07,SCH0568
INSP02217,1.0,1.0,1.0,,0.0,Girik Prashad,Toilets locked,2025-05-01,SCH0552
INSP01522,1.0,1.0,1.0,1.0,0.0,Amol Khalsa,,2025-11-11,SCH0384
INSP01827,0.0,1.0,1.0,0.0,1.0,Omaja Bhatnagar,Average,2025-09-08,SCH0231
INSP02322,1.0,1.0,1.0,,,Nathan Pathak,Needs repair,2026-03-24,SCH0304
INSP01968,1.0,1.0,0.0,1.0,1.0,Upma Kulkarni,Needs repair,2025-05-12,SCH0096
INSP02416,1.0,1.0,0.0,1.0,0.0,Varsha Manda,Toilets locked,2025-09-03,SCH0285
INSP02121,1.0,0.0,1.0,1.0,0.0,Ayush Deo,No remarks,2025-07-27,SCH0414
INSP02374,0.0,1.0,0.0,1.0,1.0,Anirudh Korpal,Average,2025-05-17,SCH0485
INSP02464,0.0,1.0,1.0,1.0,1.0,Baghyawati Sen,Needs repair,2025-08-29,SCH0273
INSP02708,0.0,1.0,0.0,0.0,,Ishanvi Viswanathan,Toilets locked,2025-05-26,SCH0014
INSP01963,1.0,1.0,0.0,1.0,0.0,Eshana Singh,No remarks,2026-03-20,SCH0429
INSP00296,1.0,1.0,0.0,,1.0,Jason Randhawa,,2026-01-05,SCH0300
INSP00713,,0.0,0.0,1.0,1.0,Viraj Mitra,Needs repair,2026-04-01,SCH0059
INSP00073,0.0,1.0,1.0,,1.0,Ishanvi Mander,Average,2025-11-06,SCH0560
INSP01525,1.0,0.0,1.0,,1.0,Timothy Borra,Average,2025-05-13,SCH0353
INSP02393,0.0,1.0,1.0,0.0,1.0,Orinder Subramanian,Toilets locked,2026-02-06,SCH0328
INSP02980,0.0,0.0,1.0,1.0,1.0,Prisha Kaur,Good condition,2025-12-21,SCH0481
INSP00482,1.0,1.0,1.0,0.0,1.0,Tejas Maharaj,Good condition,2026-02-12,SCH0092
INSP02338,1.0,1.0,1.0,1.0,1.0,Mason Bhavsar,Needs repair,2025-05-21,SCH0542
INSP01531,,1.0,,0.0,1.0,Saksham Bera,No remarks,2025-04-12,SCH0509
INSP02686,0.0,1.0,1.0,1.0,0.0,Vedant Som,Needs repair,2025-04-20,SCH0243
INSP01873,1.0,1.0,1.0,1.0,1.0,,Good condition,2026-08-03,SCH0165
INSP01515,0.0,1.0,1.0,0.0,1.0,Omkaar Krishnan,Average,2025-11-07,SCH0029
INSP01491,,0.0,1.0,0.0,1.0,Harsh Sagar,No remarks,2025-12-11,SCH0230
INSP01172,1.0,1.0,1.0,0.0,1.0,Samaksh Sidhu,Good condition,2025-11-19,SCH0151
INSP02580,1.0,,1.0,1.0,1.0,Ayushman Sahota,No remarks,2025-07-01,SCH0546
INSP02038,0.0,1.0,1.0,,0.0,Zaitra Rege,Needs repair,2025-04-08,SCH0428
INSP02673,1.0,1.0,1.0,0.0,1.0,Laksh Babu,Good condition,2025-06-14,SCH0214
INSP02185,0.0,0.0,0.0,0.0,1.0,Timothy Ganguly,,2025-05-29,SCH0186
INSP02336,1.0,1.0,0.0,0.0,0.0,Lucky Natt,Toilets locked,2025-10-16,SCH0443
INSP02395,1.0,1.0,1.0,0.0,0.0,Madhavi Ben,,2025-11-13,SCH0141
INSP00406,0.0,1.0,1.0,1.0,1.0,Vedika Sodhi,Average,2025-07-16,SCH0367
INSP00758,1.0,1.0,1.0,,0.0,Inaya Barman,Toilets locked,2025-12-10,SCH0034
INSP02115,,1.0,0.0,1.0,1.0,Meghana Sama,Average,2025-10-11,SCH0381
INSP02303,1.0,1.0,1.0,1.0,1.0,Vyanjana Tandon,Good condition,2025-09-24,SCH0334
INSP00098,,0.0,1.0,1.0,0.0,Mitesh Mahajan,No remarks,2025-09-14,SCH0520
INSP01334,1.0,1.0,0.0,,,Amruta Talwar,Needs repair,2026-01-24,SCH0260
INSP02513,0.0,1.0,0.0,1.0,0.0,,No remarks,2025-05-11,SCH0468
INSP00744,0.0,1.0,1.0,0.0,,,Needs repair,2025-06-28,SCH0268
INSP00807,1.0,1.0,0.0,,0.0,Hiral Bhattacharyya,No remarks,2025-08-20,SCH0131
INSP02911,1.0,1.0,0.0,,1.0,Qushi Gulati,Needs repair,2025-11-28,SCH0153
INSP02079,1.0,1.0,0.0,0.0,1.0,Vasana Kaul,No remarks,2025-08-13,SCH0212
INSP02630,1.0,1.0,1.0,1.0,1.0,Dayita Choudhry,Toilets locked,2025-07-01,SCH0490
INSP01536,1.0,1.0,0.0,1.0,0.0,Nandini Parikh,Needs repair,2025-04-06,SCH0474
INSP02308,0.0,1.0,,1.0,0.0,Ekansh Natarajan,Average,2026-01-09,SCH0486
INSP02267,1.0,1.0,1.0,,1.0,Thomas Lala,Toilets locked,2025-05-15,SCH0347
INSP02467,1.0,1.0,1.0,0.0,1.0,Faris Parmar,,2026-02-13,SCH0435
INSP00149,1.0,1.0,1.0,0.0,0.0,Azaan Sani,Needs repair,2025-08-07,SCH0465
INSP01978,0.0,1.0,0.0,1.0,1.0,Mugdha Badami,Average,2025-10-26,SCH0311
INSP02163,1.0,1.0,1.0,,1.0,Ayaan Solanki,Good condition,2025-10-10,SCH0043
INSP02304,1.0,1.0,1.0,1.0,,Shivansh Loke,Toilets locked,2025-08-31,SCH0539
INSP01316,0.0,1.0,1.0,1.0,0.0,Ranveer Dutt,No remarks,2026-03-17,SCH0293
INSP00693,1.0,1.0,0.0,,,,Toilets locked,2026-03-10,SCH0102
INSP00819,1.0,1.0,0.0,,1.0,Harrison Shah,Good condition,2025-08-24,SCH0058
INSP01729,1.0,0.0,1.0,0.0,0.0,Ojasvi Venkataraman,,2026-01-03,SCH0354
INSP01387,0.0,0.0,1.0,1.0,0.0,Samarth Narain,No remarks,2026-02-21,SCH0566
INSP01846,1.0,0.0,0.0,1.0,0.0,Ucchal Ramaswamy,No remarks,2025-07-28,SCH0163
INSP02405,0.0,1.0,,1.0,1.0,Hemangini Garg,,2026-01-24,SCH0559
INSP02430,1.0,1.0,1.0,0.0,1.0,Liam Prabhakar,No remarks,2026-03-05,SCH0298
INSP01600,0.0,1.0,0.0,,1.0,Radhika Oza,Toilets locked,2025-09-12,SCH0172
INSP02485,1.0,1.0,1.0,1.0,1.0,Eiravati Naidu,Good condition,2025-05-01,SCH0334
INSP02585,0.0,1.0,1.0,1.0,,Benjamin Chatterjee,,2026-02-14,SCH0555
INSP00702,1.0,1.0,1.0,,1.0,Abha Agarwal,,2025-12-12,SCH0364
INSP01500,1.0,1.0,1.0,0.0,1.0,Diya Parmer,Needs repair,2026-03-19,SCH0094
INSP02794,1.0,1.0,1.0,1.0,1.0,Akshay Pingle,Needs repair,2025-09-18,SCH0230
INSP00922,1.0,1.0,,1.0,1.0,,Average,2025-03-12,SCH0132
INSP01425,1.0,1.0,,1.0,1.0,Eiravati Mangal,,2025-08-21,SCH0409
INSP01709,1.0,0.0,,1.0,1.0,Vasatika Sinha,,2026-03-08,SCH0270
INSP00906,,1.0,1.0,1.0,1.0,Anvi Kant,Needs repair,2025-12-27,SCH0033
INSP00455,1.0,1.0,1.0,0.0,0.0,Ekansh Gulati,,2026-03-16,SCH0205
INSP02471,1.0,1.0,,0.0,1.0,Ikshita Shroff,Needs repair,2025-05-08,SCH0431
INSP02209,0.0,1.0,1.0,0.0,,Amara Sathe,Needs repair,2025-11-13,SCH0193
INSP02656,,1.0,1.0,0.0,0.0,Andrew Nigam,Average,2025-10-16,SCH0205
INSP02299,1.0,0.0,1.0,0.0,1.0,Abhimanyu Om,Needs repair,2025-08-16,SCH0449
INSP00168,0.0,1.0,1.0,1.0,1.0,Ranveer Magar,Good condition,2025-04-09,SCH0568
INSP00731,1.0,,1.0,0.0,1.0,Widisha Dalal,Toilets locked,2025-11-05,SCH0371
INSP02277,0.0,1.0,1.0,0.0,0.0,Yatin Magar,Needs repair,2025-05-20,SCH0569
INSP01311,0.0,1.0,1.0,0.0,0.0,Sudiksha Tank,Average,2025-05-08,SCH0145
INSP02422,,1.0,1.0,1.0,0.0,Dayamai Luthra,No remarks,2025-09-30,SCH0188
INSP00027,1.0,1.0,1.0,0.0,1.0,,Toilets locked,2025-08-11,SCH0023
INSP02098,,1.0,0.0,0.0,1.0,,,2025-11-29,SCH0329
INSP01898,1.0,1.0,1.0,1.0,0.0,Yahvi Divan,Needs repair,2025-12-23,SCH0418
INSP01653,1.0,1.0,1.0,0.0,1.0,Abha Raval,Average,2026-03-07,SCH0346
INSP01623,0.0,1.0,1.0,1.0,1.0,Rachit Rastogi,Toilets locked,2025-04-24,SCH0257
INSP00588,1.0,1.0,1.0,1.0,0.0,Dayita Mahal,,2026-02-10,SCH0309
INSP01402,1.0,1.0,1.0,0.0,1.0,Bhavna Chandra,,2025-04-26,SCH0262
INSP00998,1.0,1.0,1.0,1.0,0.0,Chanakya Kata,Good condition,2026-02-23,SCH0040
INSP01177,1.0,1.0,1.0,1.0,1.0,Triya Singh,Good condition,2025-09-02,SCH0148
INSP01701,0.0,1.0,1.0,0.0,0.0,Vasana Wagle,Toilets locked,2025-12-14,SCH0256
INSP01041,1.0,1.0,1.0,1.0,1.0,Devansh Chaudhary,No remarks,2026-01-17,SCH0029
INSP00034,1.0,1.0,1.0,1.0,0.0,Chanakya Baria,No remarks,2025-04-13,SCH0403
INSP02410,0.0,1.0,0.0,1.0,1.0,Harshil Mall,Toilets locked,2025-05-12,SCH0417
INSP01380,1.0,1.0,0.0,1.0,1.0,Udant Wali,Average,2026-03-03,SCH0181
INSP00042,1.0,1.0,1.0,1.0,0.0,Varenya Parmer,Toilets locked,2026-02-23,SCH0196
INSP01877,1.0,1.0,1.0,0.0,1.0,Raghav Doshi,No remarks,2025-10-15,SCH0265
INSP02952,1.0,1.0,1.0,1.0,1.0,Ishita Chokshi,Good condition,2025-11-06,SCH0393
INSP02309,1.0,1.0,1.0,1.0,0.0,Tanish Zacharia,No remarks,2025-08-11,SCH0142
INSP02741,1.0,1.0,1.0,0.0,0.0,Aryan Roy,Average,2025-07-24,SCH0302
INSP02280,1.0,1.0,1.0,1.0,0.0,Anita Parmar,Needs repair,2025-07-12,SCH0226
INSP02019,1.0,1.0,1.0,1.0,1.0,Samarth Deshpande,Toilets locked,2025-05-28,SCH0282
INSP02000,0.0,1.0,1.0,1.0,1.0,Triya Dhawan,,2025-09-01,SCH0217
INSP00610,1.0,1.0,1.0,0.0,1.0,Niharika Nori,Good condition,2025-08-06,SCH0062
INSP01133,1.0,0.0,1.0,1.0,0.0,Yug Halder,,2025-05-13,SCH0489
INSP00029,1.0,1.0,,1.0,1.0,Arin Lall,Toilets locked,2025-06-03,SCH0132
INSP00442,1.0,1.0,1.0,0.0,1.0,Yamini Sridhar,Needs repair,2025-09-01,SCH0564
INSP00666,,1.0,0.0,1.0,0.0,Nidra Kashyap,No remarks,2025-05-27,SCH0431
INSP02993,1.0,1.0,,0.0,1.0,Advika Sehgal,No remarks,2026-02-24,SCH0544
INSP00494,1.0,0.0,1.0,0.0,0.0,Lucky Chauhan,Average,2026-01-10,SCH0537
INSP01259,1.0,1.0,1.0,1.0,0.0,Daksha Gupta,No remarks,2025-05-24,SCH0338
INSP01302,1.0,1.0,1.0,1.0,0.0,Priya Kala,Good condition,2026-06-02,SCH0286
INSP02671,1.0,1.0,1.0,1.0,1.0,Owen Dhaliwal,No remarks,2025-10-28,SCH0489
INSP02489,1.0,1.0,1.0,0.0,1.0,Oni Khurana,Needs repair,2025-08-24,SCH0544
INSP01383,1.0,0.0,1.0,,0.0,Robert Bahri,No remarks,2025-12-01,SCH0133
INSP01305,,1.0,1.0,,0.0,Azad Prakash,Needs repair,2025-08-15,SCH0402
INSP00237,,1.0,1.0,1.0,0.0,Ria Babu,Toilets locked,2025-12-17,SCH0180
INSP01986,0.0,1.0,1.0,1.0,1.0,Christopher Chakraborty,Average,2025-12-03,SCH0115
INSP00552,,1.0,0.0,1.0,0.0,Adweta Gupta,Good condition,2025-10-15,SCH0162
INSP00521,1.0,1.0,1.0,0.0,0.0,,Average,2025-04-13,SCH0018
INSP01233,1.0,1.0,1.0,1.0,1.0,Chatresh Misra,Toilets locked,2025-07-19,SCH0395
INSP01139,1.0,,1.0,0.0,,Krish Hayer,Needs repair,2025-04-20,SCH0376
INSP01906,1.0,1.0,1.0,1.0,1.0,Eta Kanda,Needs repair,2025-01-05,SCH0400
INSP00721,,0.0,0.0,1.0,0.0,Prisha Chandran,Good condition,2025-04-10,SCH0009
INSP00736,1.0,1.0,1.0,1.0,0.0,Gautam Kannan,Toilets locked,2025-05-23,SCH0224
INSP03000,0.0,1.0,1.0,0.0,1.0,Bimala Talwar,Needs repair,2025-08-09,SCH0349
INSP01751,1.0,1.0,1.0,1.0,1.0,Jonathan Setty,Good condition,2025-11-06,SCH0234
INSP00059,,0.0,1.0,1.0,0.0,Janaki Bora,,2026-09-03,SCH0030
INSP00632,0.0,1.0,1.0,0.0,0.0,Aashi Srinivasan,,2026-02-09,SCH0166
INSP01182,1.0,1.0,1.0,0.0,0.0,Azad Kota,Needs repair,2026-05-02,SCH0368
INSP02323,1.0,1.0,1.0,0.0,,,No remarks,2025-03-04,SCH0176
INSP00593,0.0,1.0,1.0,1.0,0.0,Vamakshi Deshpande,Needs repair,2025-05-23,SCH0155
INSP01304,1.0,1.0,1.0,1.0,1.0,Omya Shenoy,Toilets locked,2025-07-20,SCH0176
INSP01388,1.0,1.0,1.0,1.0,0.0,Aarav Sandhu,No remarks,2025-12-19,SCH0351
INSP02751,1.0,,1.0,1.0,1.0,,Needs repair,2025-07-19,SCH0157
INSP02767,1.0,1.0,0.0,1.0,0.0,Finn Prashad,Needs repair,2025-05-05,SCH0081
INSP02055,1.0,1.0,1.0,1.0,0.0,Chaitaly Sandhu,Average,2025-03-06,SCH0241
INSP02349,1.0,1.0,1.0,1.0,0.0,Urmi Gole,Needs repair,2025-05-17,SCH0221
INSP00940,,1.0,1.0,0.0,1.0,Unni Balay,Needs repair,2025-09-28,SCH0471
INSP02931,1.0,0.0,1.0,1.0,,Christopher Dutt,Needs repair,2025-12-26,SCH0262
INSP01250,1.0,1.0,0.0,0.0,1.0,Edhitha Kata,,2025-09-23,SCH0538
INSP00905,0.0,1.0,1.0,1.0,0.0,Harrison Garg,No remarks,2026-02-14,SCH0417
INSP02964,1.0,1.0,0.0,1.0,0.0,Yauvani Bala,,2026-01-11,SCH0145
INSP01280,0.0,1.0,1.0,,1.0,Sathvik Gade,Good condition,2025-06-03,SCH0476
INSP02243,1.0,0.0,1.0,0.0,1.0,Sanya Ben,,2025-06-08,SCH0279
INSP02511,0.0,0.0,1.0,1.0,0.0,Azad Nagarajan,Average,2025-09-19,SCH0490
INSP02593,1.0,1.0,1.0,1.0,,,No remarks,2026-01-29,SCH0452
INSP01143,,1.0,0.0,1.0,1.0,Gabriel Sankaran,Needs repair,2025-12-10,SCH0026
INSP02628,0.0,1.0,0.0,1.0,,,No remarks,2026-03-11,SCH0019
INSP00707,1.0,1.0,1.0,1.0,,Dominic Goda,Average,2025-05-24,SCH0558
INSP02929,1.0,1.0,1.0,1.0,0.0,Barkha Purohit,Good condition,2025-05-09,SCH0302
INSP01023,1.0,1.0,1.0,1.0,1.0,Balvan Gopal,Toilets locked,2025-07-20,SCH0246
INSP00746,1.0,1.0,1.0,0.0,1.0,Maanas Ray,Needs repair,2026-03-03,SCH0565
INSP01547,0.0,,1.0,1.0,0.0,Harini Mohanty,Good condition,2025-05-12,SCH0095
INSP01940,0.0,0.0,1.0,,1.0,Urvashi Prabhu,Needs repair,2025-08-30,SCH0526
INSP02481,0.0,1.0,,0.0,0.0,,Average,2025-09-21,SCH0466
INSP02155,0.0,1.0,1.0,,0.0,Abha Chandran,Toilets locked,2025-11-07,SCH0231
INSP02824,1.0,1.0,1.0,1.0,1.0,Jonathan Dutt,Toilets locked,2025-04-28,SCH0041
INSP00514,1.0,1.0,1.0,1.0,1.0,Arunima Dixit,No remarks,2025-04-07,SCH0016
INSP00082,1.0,0.0,1.0,0.0,1.0,,Needs repair,2025-09-24,SCH0579
INSP02799,1.0,0.0,0.0,0.0,1.0,Saumya Tata,,2025-10-22,SCH0084
INSP01309,1.0,1.0,1.0,0.0,1.0,Harshil Vasa,Toilets locked,2025-09-25,SCH0584
INSP02625,1.0,1.0,1.0,0.0,1.0,Warinder Din,Average,2026-03-08,SCH0443
INSP00915,1.0,1.0,1.0,1.0,0.0,Wahab Sehgal,Needs repair,2026-03-13,SCH0034
INSP01405,1.0,1.0,1.0,1.0,1.0,Kala Mukhopadhyay,Average,2026-02-28,SCH0137
INSP01648,1.0,1.0,1.0,1.0,0.0,Netra Soman,Average,2025-05-07,SCH0169
INSP02901,0.0,1.0,1.0,1.0,1.0,Theodore Toor,Average,2025-04-27,SCH0192
INSP01109,1.0,1.0,1.0,1.0,1.0,Urishilla Choudhury,,2025-11-26,SCH0571
INSP00151,1.0,1.0,1.0,1.0,0.0,Atharv Radhakrishnan,No remarks,2025-04-06,SCH0094
INSP02866,1.0,1.0,1.0,0.0,1.0,,Needs repair,2026-01-14,SCH0384
INSP00775,,1.0,1.0,1.0,1.0,Garima Oak,Good condition,2025-10-20,SCH0502
INSP00330,0.0,1.0,1.0,1.0,0.0,Reva Bahl,Toilets locked,2025-10-10,SCH0376
INSP00007,1.0,1.0,1.0,,0.0,,Needs repair,2025-05-13,SCH0243
INSP02002,0.0,1.0,1.0,1.0,0.0,Yutika Dugar,Good condition,2026-03-17,SCH0175
INSP00944,1.0,1.0,1.0,1.0,1.0,Chavvi Maharaj,Needs repair,2025-05-15,SCH0438
INSP00823,1.0,0.0,1.0,1.0,0.0,Mohini Vohra,Toilets locked,2025-09-22,SCH0031
INSP00910,1.0,1.0,0.0,0.0,0.0,Nitesh Pradhan,Needs repair,2025-08-29,SCH0553
INSP00182,0.0,1.0,0.0,1.0,1.0,Ekavir Gole,,2025-08-30,SCH0322
INSP00165,1.0,1.0,1.0,1.0,1.0,Varsha Chakraborty,Good condition,2025-08-07,SCH0053
INSP01524,0.0,1.0,1.0,1.0,1.0,Ekaraj Nigam,,2025-04-23,SCH0225
INSP00452,1.0,1.0,0.0,1.0,0.0,Panini Andra,,2025-01-08,SCH0161
INSP01312,1.0,1.0,0.0,0.0,1.0,Matthew Issac,Needs repair,2025-11-01,SCH0276
INSP01112,1.0,1.0,0.0,0.0,0.0,Barkha Venkatesh,No remarks,2025-12-30,SCH0213
INSP01288,0.0,1.0,1.0,1.0,1.0,Qushi Bains,,2026-01-12,SCH0360
INSP00328,0.0,1.0,1.0,0.0,0.0,Balvan Chakrabarti,Average,2025-11-10,SCH0567
INSP01791,0.0,1.0,,,0.0,Riya Kala,Toilets locked,2025-04-09,SCH0541
INSP02793,1.0,1.0,1.0,1.0,1.0,Nisha Madan,Average,2026-02-06,SCH0563
INSP02008,1.0,1.0,1.0,1.0,1.0,Qadim Sabharwal,Average,2025-11-25,SCH0028
INSP01859,,1.0,1.0,0.0,1.0,Vansha Bhat,Needs repair,2025-08-03,SCH0487
INSP00313,1.0,1.0,1.0,0.0,1.0,David Mane,Needs repair,2025-08-04,SCH0396
INSP00833,1.0,1.0,0.0,1.0,0.0,Sanaya Varty,No remarks,2025-12-13,SCH0326
INSP01202,1.0,1.0,1.0,0.0,1.0,Pahal Rattan,Good condition,2026-01-29,SCH0140
INSP02438,0.0,1.0,1.0,1.0,1.0,Pranav Arya,Good condition,2025-04-07,SCH0237
INSP02074,0.0,1.0,0.0,1.0,,Aarav Nazareth,No remarks,2026-01-14,SCH0405
INSP02447,1.0,1.0,1.0,,1.0,Raghav Pradhan,Needs repair,2026-03-09,SCH0003
INSP01482,1.0,1.0,0.0,0.0,0.0,Vanya Vala,Good condition,2025-10-19,SCH0234
INSP00778,0.0,1.0,1.0,0.0,1.0,Advaith Ray,Toilets locked,2025-10-28,SCH0421
INSP00800,1.0,1.0,1.0,0.0,0.0,Manthan Dhawan,Toilets locked,2026-02-02,SCH0534
INSP00055,1.0,0.0,0.0,1.0,0.0,Indira Amble,Good condition,2025-07-22,SCH0392
INSP01921,0.0,1.0,1.0,1.0,,Rachana Ganesh,No remarks,2026-02-28,SCH0395
INSP02719,1.0,1.0,1.0,1.0,1.0,,No remarks,2026-03-10,SCH0233
INSP01702,0.0,1.0,0.0,1.0,0.0,Tanvi Mital,,2025-12-27,SCH0030
INSP02949,1.0,1.0,1.0,1.0,1.0,Viraj Sule,Needs repair,2025-11-12,SCH0573
INSP00988,1.0,1.0,1.0,1.0,0.0,Zaitra Batra,,2026-02-20,SCH0279
INSP02271,1.0,0.0,0.0,1.0,1.0,Ekta Pillai,,2026-03-28,SCH0513
INSP01395,1.0,1.0,1.0,0.0,0.0,Tanay Shenoy,Average,2025-11-04,SCH0118
INSP00769,1.0,1.0,,0.0,0.0,Mahika Bedi,Good condition,2025-07-11,SCH0569
INSP02790,,1.0,1.0,1.0,,Radha Ratta,No remarks,2025-01-12,SCH0578
INSP00286,0.0,1.0,1.0,,1.0,Ubika Chanda,No remarks,2026-03-28,SCH0503
INSP02775,1.0,1.0,0.0,1.0,0.0,Chaitaly Halder,Average,2025-10-06,SCH0534
INSP00429,1.0,0.0,1.0,1.0,0.0,Zayyan Sura,No remarks,2025-11-21,SCH0064
INSP02080,0.0,0.0,1.0,1.0,0.0,Anmol Nayar,,2026-03-11,SCH0401
INSP00723,1.0,1.0,1.0,0.0,0.0,,Average,2025-05-23,SCH0551
INSP00952,0.0,1.0,1.0,1.0,1.0,Nicholas Kaul,Good condition,2025-05-26,SCH0132
INSP00990,1.0,1.0,0.0,0.0,0.0,Azaan Vyas,No remarks,2025-06-25,SCH0386
INSP02935,1.0,1.0,1.0,1.0,1.0,Upasna Sama,Average,2026-01-13,SCH0455
INSP02882,0.0,1.0,0.0,1.0,1.0,Christopher Agarwal,Good condition,2025-07-20,SCH0059
INSP00327,1.0,1.0,1.0,1.0,1.0,Nimrat Acharya,Average,2025-12-03,SCH0270
INSP01384,1.0,1.0,1.0,0.0,,,Average,2025-09-05,SCH0360
INSP01725,1.0,1.0,1.0,1.0,,Amaira Butala,,2025-12-07,SCH0351
INSP01087,1.0,0.0,1.0,,1.0,Girish Sampath,Needs repair,2025-05-30,SCH0276
INSP00342,1.0,1.0,,1.0,,Rajata Bhardwaj,Average,2026-01-19,SCH0490
INSP00148,1.0,,1.0,1.0,0.0,Dhriti Ray,,2025-11-10,SCH0143
INSP02463,0.0,,1.0,,0.0,Manbir Varghese,Average,2025-04-20,SCH0258
INSP01108,1.0,1.0,0.0,1.0,0.0,Imaran Gara,Needs repair,2025-11-25,SCH0164
INSP00849,1.0,1.0,1.0,,1.0,Ayushman Ramachandran,No remarks,2025-05-26,SCH0151
INSP00967,1.0,1.0,,1.0,0.0,,No remarks,2026-01-17,SCH0117
INSP02592,1.0,0.0,1.0,0.0,1.0,Sara Pandya,Good condition,2026-01-01,SCH0450
INSP00662,1.0,1.0,,,0.0,Chameli Bali,No remarks,2026-03-16,SCH0271
INSP01003,1.0,1.0,1.0,1.0,1.0,Saumya Toor,,2025-12-15,SCH0260
INSP02465,1.0,1.0,1.0,1.0,1.0,Faraj Nazareth,Average,2026-01-17,SCH0321
INSP02648,1.0,1.0,1.0,,1.0,Falguni Barad,Needs repair,2025-05-14,SCH0023
INSP02792,1.0,1.0,0.0,1.0,1.0,Vansha Chokshi,Toilets locked,2025-06-05,SCH0235
INSP01880,1.0,1.0,1.0,0.0,,Abhiram Pall,Average,2026-01-18,SCH0509
INSP02960,1.0,1.0,1.0,1.0,1.0,Nirja Sankaran,Needs repair,2025-06-19,SCH0423
INSP01204,1.0,,0.0,1.0,0.0,Jagat Sandal,Average,2025-06-08,SCH0543
INSP01991,1.0,1.0,,1.0,1.0,,Good condition,2025-07-27,SCH0107
INSP00025,1.0,1.0,1.0,0.0,0.0,Saksham Ganesan,Needs repair,2025-12-01,SCH0038
INSP02953,1.0,1.0,1.0,,0.0,Darpan Natt,Good condition,2026-03-04,SCH0097
INSP02207,1.0,0.0,1.0,0.0,1.0,Rayaan Parsa,Toilets locked,2026-01-24,SCH0226
INSP02189,1.0,0.0,0.0,1.0,0.0,Jeevika Krishnan,,2025-09-26,SCH0370
INSP02423,1.0,1.0,1.0,1.0,1.0,Utkarsh Behl,Good condition,2026-01-16,SCH0394
INSP00876,1.0,1.0,1.0,1.0,1.0,Vasana Dyal,Average,2026-01-13,SCH0218
INSP02834,1.0,0.0,1.0,0.0,1.0,Mohammed Ramesh,Average,2025-05-19,SCH0118
INSP00939,1.0,1.0,1.0,1.0,,Aadi Misra,Needs repair,2025-10-16,SCH0251
INSP02638,1.0,0.0,1.0,0.0,0.0,Leela Nath,Toilets locked,2025-06-15,SCH0174
INSP00386,1.0,1.0,0.0,0.0,1.0,Anthony Kamdar,Needs repair,2025-04-16,SCH0114
INSP02418,1.0,1.0,1.0,,0.0,Rohan Ratta,Good condition,2026-03-10,SCH0024
INSP02639,1.0,1.0,1.0,1.0,0.0,Rishi Mitter,Toilets locked,2026-03-26,SCH0071
INSP02316,1.0,1.0,1.0,0.0,1.0,Jagat Bassi,,2025-07-12,SCH0301
INSP02855,,1.0,1.0,0.0,1.0,Zarna Kade,Needs repair,2025-11-16,SCH0108
INSP00937,1.0,1.0,1.0,0.0,1.0,Harini Kale,Toilets locked,2025-06-27,SCH0395
INSP02713,1.0,1.0,1.0,,0.0,Upadhriti Mall,No remarks,2025-10-14,SCH0427
INSP01333,0.0,1.0,1.0,1.0,0.0,Aarini Randhawa,Good condition,2025-06-28,SCH0210
INSP01935,1.0,1.0,1.0,0.0,1.0,Vyanjana De,Good condition,2025-10-10,SCH0545
INSP00936,1.0,1.0,1.0,1.0,0.0,Ethan Raval,,2026-02-20,SCH0215
INSP00567,1.0,1.0,1.0,0.0,1.0,Nilima Jha,Needs repair,2025-02-04,SCH0526
INSP01855,0.0,1.0,1.0,,0.0,Chakradev Kalita,Needs repair,2026-04-01,SCH0588
INSP02553,1.0,1.0,1.0,0.0,0.0,Abhiram Ganesan,No remarks,2026-02-25,SCH0402
INSP01646,0.0,,1.0,0.0,0.0,Gopal Basu,No remarks,2025-09-07,SCH0206
INSP02234,1.0,1.0,1.0,0.0,0.0,Samuel Dhawan,Needs repair,2026-03-24,SCH0517
INSP01793,1.0,1.0,0.0,1.0,0.0,Eesha Sha,Needs repair,2025-04-13,SCH0050
INSP01431,1.0,1.0,1.0,1.0,1.0,,No remarks,2025-06-13,SCH0334
INSP02647,1.0,0.0,0.0,1.0,1.0,Veda Khurana,Toilets locked,2025-10-18,SCH0563
INSP01014,0.0,1.0,1.0,1.0,0.0,Faqid Mishra,No remarks,2025-11-28,SCH0497
INSP01929,1.0,1.0,0.0,1.0,1.0,Meghana Barad,Needs repair,2025-09-10,SCH0502
INSP02371,1.0,1.0,0.0,1.0,0.0,Neel Sachdev,,2025-12-02,SCH0586
INSP00127,1.0,0.0,1.0,1.0,1.0,Triveni Tripathi,Toilets locked,2026-01-09,SCH0495
INSP02811,1.0,1.0,1.0,1.0,1.0,Nimrat Gupta,Average,2026-02-12,SCH0197
INSP01348,1.0,1.0,1.0,1.0,0.0,Bhavika Prakash,No remarks,2025-04-13,SCH0037
INSP00356,1.0,1.0,1.0,,0.0,,Toilets locked,2026-01-14,SCH0053
INSP00828,1.0,1.0,1.0,0.0,1.0,Ishaan Parikh,Good condition,2025-07-04,SCH0493
INSP01640,1.0,1.0,1.0,1.0,1.0,,Toilets locked,2026-03-24,SCH0033
INSP00985,1.0,1.0,1.0,1.0,1.0,Baljiwan Balakrishnan,No remarks,2025-04-05,SCH0481
INSP00363,1.0,0.0,1.0,1.0,0.0,Raagini Wason,,2025-09-20,SCH0521
INSP00346,1.0,1.0,1.0,0.0,0.0,Chameli Gulati,Good condition,2025-08-28,SCH0307
INSP02674,1.0,1.0,1.0,1.0,,Inaya Salvi,Good condition,2025-07-03,SCH0539
INSP00712,0.0,1.0,1.0,1.0,0.0,Deepa Rai,Average,2025-04-10,SCH0318
INSP02173,1.0,1.0,1.0,0.0,0.0,Kashish D’Alia,Toilets locked,2025-09-23,SCH0050
INSP00011,1.0,1.0,1.0,1.0,1.0,Sudiksha Johal,,2025-04-04,SCH0336
INSP02542,1.0,0.0,1.0,1.0,0.0,,Good condition,2025-12-08,SCH0534
INSP02117,1.0,1.0,1.0,1.0,0.0,Anmol Bhakta,Toilets locked,2026-02-01,SCH0097
INSP01835,1.0,1.0,1.0,1.0,0.0,Garima Rana,Toilets locked,2025-05-12,SCH0081
INSP00794,1.0,1.0,0.0,0.0,0.0,Benjamin Pai,Average,2025-08-17,SCH0278
INSP02906,0.0,1.0,1.0,0.0,0.0,Siya Dewan,Needs repair,2025-07-05,SCH0385
INSP00095,1.0,1.0,1.0,1.0,,Chanakya Sodhi,No remarks,2026-07-01,SCH0222
INSP00130,1.0,1.0,1.0,1.0,0.0,Wishi Vasa,,2025-04-28,SCH0329
INSP02361,1.0,1.0,1.0,1.0,,Xalak Hans,Average,2025-04-22,SCH0489
INSP01901,1.0,1.0,1.0,0.0,1.0,Kala Nadig,Needs repair,2025-08-06,SCH0439
INSP02757,1.0,1.0,1.0,1.0,1.0,Wakeeta Bawa,No remarks,2025-11-29,SCH0372
INSP01933,1.0,1.0,1.0,1.0,1.0,Nihal Salvi,Needs repair,2025-06-10,SCH0347
INSP02264,1.0,1.0,0.0,1.0,1.0,Manthan Pandey,Needs repair,2025-05-10,SCH0370
INSP01866,1.0,1.0,1.0,1.0,1.0,,Toilets locked,2025-09-10,SCH0500
INSP01659,,1.0,0.0,0.0,0.0,,,2025-11-27,SCH0107
INSP00517,1.0,1.0,1.0,1.0,0.0,Zayyan Loyal,Average,2025-06-10,SCH0051
INSP01858,1.0,1.0,1.0,0.0,0.0,Eshana Manda,Average,2026-02-18,SCH0395
INSP01278,0.0,1.0,0.0,1.0,0.0,Waida Shankar,Needs repair,2026-01-07,SCH0561
INSP00951,0.0,1.0,1.0,1.0,0.0,Bina Shankar,Good condition,2025-07-09,SCH0323
INSP01121,1.0,1.0,1.0,0.0,1.0,,Toilets locked,2025-01-11,SCH0225
INSP00420,1.0,1.0,1.0,1.0,1.0,Januja Magar,Needs repair,2025-10-15,SCH0148
INSP00923,,1.0,1.0,1.0,1.0,Omkaar Das,Good condition,2025-12-03,SCH0242
INSP02319,1.0,1.0,1.0,1.0,1.0,Azad Chokshi,Toilets locked,2025-04-19,SCH0024
INSP00478,1.0,1.0,1.0,0.0,0.0,,,2025-08-08,SCH0410
INSP02036,1.0,0.0,1.0,0.0,,Manan Mohan,No remarks,2025-12-06,SCH0171
INSP02296,1.0,1.0,1.0,0.0,0.0,Garima Gera,Good condition,2025-10-18,SCH0564
INSP01693,1.0,1.0,1.0,0.0,0.0,Anjali Sandhu,Needs repair,2025-09-20,SCH0243
INSP02821,1.0,1.0,1.0,1.0,0.0,Vamakshi Guha,No remarks,2025-11-22,SCH0080
INSP01472,1.0,1.0,1.0,1.0,0.0,Tanvi Kala,Average,2026-03-03,SCH0257
INSP01203,1.0,1.0,1.0,0.0,1.0,Krish Agarwal,,2025-09-17,SCH0208
INSP01670,1.0,1.0,1.0,1.0,1.0,Eesha More,No remarks,2025-01-09,SCH0573
INSP02917,1.0,1.0,1.0,,1.0,Kashvi Mahajan,Toilets locked,2026-01-24,SCH0282
INSP01971,1.0,1.0,1.0,0.0,0.0,,Toilets locked,2025-05-07,SCH0008
INSP02152,1.0,0.0,1.0,1.0,1.0,Samarth Subramaniam,Average,2025-12-16,SCH0226
INSP00821,,1.0,1.0,0.0,0.0,Dayamai Kashyap,,2025-06-20,SCH0303
INSP01998,1.0,1.0,1.0,1.0,0.0,Imaran Sawhney,Average,2025-05-23,SCH0187
INSP01249,1.0,1.0,1.0,,1.0,,Good condition,2025-08-25,SCH0201
INSP02315,1.0,1.0,0.0,0.0,0.0,Gagan Karan,Toilets locked,2026-01-13,SCH0303
INSP02831,,0.0,1.0,1.0,0.0,Samar Sane,Needs repair,2025-05-19,SCH0183
INSP02191,1.0,1.0,1.0,1.0,0.0,Oliver Balay,,2026-01-02,SCH0514
INSP02749,1.0,,1.0,1.0,1.0,Devansh Oak,Toilets locked,2025-10-18,SCH0209
INSP01047,1.0,1.0,1.0,1.0,,Chandran Ramanathan,,2025-09-30,SCH0226
INSP01889,1.0,1.0,,,0.0,Harrison Dara,Average,2025-06-24,SCH0071
INSP00616,1.0,1.0,1.0,1.0,1.0,Chanakya Agate,Good condition,2025-11-09,SCH0103
INSP01319,1.0,1.0,,,1.0,Kala Kumer,No remarks,2025-05-15,SCH0281
INSP02137,1.0,1.0,1.0,0.0,1.0,Faris Barman,Needs repair,2026-03-16,SCH0123
INSP02588,1.0,1.0,1.0,0.0,0.0,,Average,2026-03-06,SCH0215
INSP01773,1.0,1.0,1.0,0.0,1.0,Rachit Virk,No remarks,2025-08-04,SCH0101
INSP00132,1.0,1.0,1.0,1.0,1.0,Benjamin Kari,Good condition,2026-02-15,SCH0114
INSP00078,1.0,1.0,1.0,1.0,0.0,Tarak Chokshi,No remarks,2025-04-26,SCH0434
INSP02053,1.0,1.0,1.0,1.0,0.0,Ekbal Kalita,No remarks,2026-01-10,SCH0449
INSP00725,0.0,1.0,1.0,0.0,1.0,Tanay Kumer,Average,2025-05-01,SCH0209
INSP01315,,1.0,1.0,1.0,0.0,Jagat Thaker,No remarks,2025-10-07,SCH0375
INSP01852,1.0,1.0,1.0,1.0,0.0,Falak Gade,Average,2025-05-30,SCH0465
INSP02420,1.0,1.0,0.0,1.0,1.0,Samarth Chandran,No remarks,2026-01-27,SCH0229
INSP02616,1.0,1.0,0.0,0.0,1.0,Ayaan Bora,Good condition,2026-01-16,SCH0470
INSP01373,1.0,1.0,1.0,1.0,0.0,Upkaar Morar,Average,2025-05-12,SCH0239
INSP01856,1.0,,1.0,1.0,,Janaki Oza,Needs repair,2025-08-25,SCH0473
INSP01320,0.0,0.0,0.0,1.0,0.0,Isaac Yogi,,2025-04-20,SCH0125
INSP02290,1.0,1.0,1.0,1.0,1.0,Matthew Batta,Good condition,2025-10-04,SCH0521
INSP00376,1.0,,1.0,,1.0,Harish Khosla,Good condition,2025-08-05,SCH0132
INSP01909,0.0,0.0,0.0,1.0,1.0,Udarsh Shere,No remarks,2025-09-29,SCH0093
INSP00334,1.0,0.0,0.0,1.0,0.0,Aachal Barad,Good condition,2025-12-09,SCH0456
INSP02375,0.0,1.0,1.0,0.0,1.0,Umang Ray,,2026-12-03,SCH0288
INSP02425,1.0,1.0,0.0,1.0,0.0,Thomas Khurana,Toilets locked,2026-01-11,SCH0560
INSP01605,,1.0,1.0,0.0,0.0,Aishani Chokshi,Needs repair,2025-12-20,SCH0130
INSP01119,,1.0,,0.0,0.0,Upadhriti Mallick,Good condition,2025-10-03,SCH0547
INSP02971,0.0,1.0,1.0,1.0,0.0,Aadi Shetty,Needs repair,2025-10-16,SCH0249
INSP01944,1.0,,1.0,1.0,0.0,Tejas Bajaj,Average,2025-10-24,SCH0466
INSP02385,,,1.0,1.0,0.0,Widisha Lad,No remarks,2025-10-09,SCH0112
INSP02653,1.0,0.0,1.0,1.0,1.0,Ekaraj Pillay,Average,2025-09-17,SCH0591
INSP01343,1.0,1.0,1.0,,0.0,,Needs repair,2025-05-13,SCH0565
INSP00321,,1.0,0.0,,1.0,Tamanna Om,,2025-10-20,SCH0407
INSP01620,1.0,0.0,0.0,1.0,0.0,Harsh Shankar,Toilets locked,2025-08-31,SCH0170
INSP02574,0.0,0.0,1.0,0.0,1.0,Brijesh Pandey,Average,2025-09-14,SCH0237
INSP02061,,,1.0,1.0,0.0,,Good condition,2025-12-06,SCH0494
INSP02220,1.0,1.0,1.0,0.0,0.0,Nihal Merchant,Toilets locked,2026-03-18,SCH0477
INSP01674,0.0,,1.0,0.0,1.0,Charles Kala,Toilets locked,2025-07-07,SCH0260
INSP01943,1.0,1.0,1.0,0.0,0.0,Riya Ravi,Average,2026-05-01,SCH0457
INSP00261,1.0,1.0,1.0,0.0,1.0,Jai Rai,Toilets locked,2025-09-07,SCH0508
INSP02478,0.0,1.0,1.0,,0.0,Arjun Andra,Average,2026-02-15,SCH0452
INSP02040,1.0,0.0,1.0,1.0,1.0,Noah Parmar,No remarks,2025-12-11,SCH0045
INSP00690,1.0,1.0,1.0,1.0,1.0,Anusha Kadakia,Average,2025-09-23,SCH0218
INSP00902,1.0,0.0,1.0,1.0,1.0,Manbir Sagar,No remarks,2025-09-29,SCH0592
INSP02027,0.0,1.0,1.0,0.0,1.0,Eiravati Bava,Good condition,2025-06-06,SCH0355
INSP00139,1.0,1.0,1.0,1.0,0.0,Brinda Krishna,Good condition,2026-03-27,SCH0517
INSP01918,0.0,1.0,0.0,1.0,1.0,Chatura Palla,Average,2025-07-27,SCH0025
INSP01829,1.0,0.0,1.0,1.0,1.0,,Good condition,2025-12-28,SCH0558
INSP01574,1.0,1.0,1.0,0.0,0.0,Hritik Tella,No remarks,2025-12-29,SCH0125
INSP00320,1.0,0.0,1.0,1.0,0.0,,,2025-06-23,SCH0452
INSP00654,1.0,1.0,0.0,1.0,0.0,Peter Jhaveri,,2025-11-28,SCH0506
INSP02138,1.0,1.0,1.0,1.0,1.0,Leela Basak,Average,2025-04-18,SCH0461
INSP02586,1.0,1.0,0.0,1.0,1.0,,No remarks,2025-07-30,SCH0193
INSP00559,,,1.0,1.0,1.0,Dayamai Andra,No remarks,2025-10-26,SCH0133
INSP02188,1.0,1.0,,1.0,0.0,Rushil Chakrabarti,Average,2026-03-10,SCH0555
INSP00113,,1.0,0.0,1.0,1.0,Neelima Ganguly,Good condition,2026-02-09,SCH0441
INSP00532,0.0,1.0,1.0,0.0,1.0,Chanakya Kala,Good condition,2025-08-05,SCH0322
INSP00225,0.0,1.0,1.0,1.0,1.0,,Needs repair,2026-06-03,SCH0440
INSP00724,0.0,0.0,1.0,1.0,1.0,Gaurav Seshadri,Good condition,2025-09-08,SCH0237
INSP02555,1.0,1.0,1.0,0.0,1.0,Amruta Nayar,Toilets locked,2025-10-27,SCH0254
INSP02703,1.0,1.0,1.0,1.0,1.0,Isaac Kibe,Good condition,2025-09-14,SCH0179
INSP01434,1.0,1.0,0.0,0.0,1.0,Abhimanyu Bhalla,Good condition,2025-12-15,SCH0010
INSP02453,1.0,1.0,0.0,0.0,0.0,,Good condition,2025-03-06,SCH0291
INSP02891,1.0,1.0,1.0,0.0,1.0,Gautam Hora,Good condition,2025-11-12,SCH0436
INSP01459,1.0,1.0,1.0,0.0,,Anya Khanna,Toilets locked,2025-09-22,SCH0096
INSP02841,0.0,1.0,1.0,1.0,0.0,Hemal Tak,Average,2026-02-21,SCH0407
INSP00847,1.0,1.0,1.0,1.0,0.0,Omisha Shenoy,Toilets locked,2026-02-16,SCH0485
INSP00194,1.0,0.0,1.0,1.0,0.0,Anmol Raval,Good condition,2025-09-10,SCH0297
INSP01465,1.0,1.0,0.0,,1.0,Tripti Kar,Good condition,2025-09-30,SCH0550
INSP00947,1.0,1.0,1.0,0.0,1.0,Anvi Dara,,2025-06-03,SCH0440
INSP02022,1.0,1.0,1.0,1.0,1.0,,Average,2025-08-27,SCH0257
INSP01630,1.0,1.0,1.0,1.0,1.0,Gavin Sekhon,Toilets locked,2025-10-04,SCH0210
INSP00118,1.0,1.0,1.0,0.0,0.0,Anita Agarwal,,2025-07-14,SCH0432
INSP00646,0.0,1.0,1.0,1.0,0.0,Tanish Dhingra,Average,2026-01-06,SCH0136
INSP01871,1.0,1.0,1.0,1.0,0.0,Madhavi Dutta,No remarks,2025-12-24,SCH0028
INSP00004,1.0,1.0,1.0,0.0,1.0,Yachana Dyal,Needs repair,2025-11-20,SCH0322
INSP00075,1.0,1.0,0.0,,0.0,Farhan Nagi,Good condition,2025-12-07,SCH0493
INSP01756,0.0,1.0,0.0,1.0,1.0,Anvi Ray,,2026-12-02,SCH0287
INSP00468,0.0,1.0,1.0,1.0,0.0,Jairaj Malhotra,No remarks,2025-09-26,SCH0531
INSP00006,1.0,1.0,1.0,1.0,0.0,Chaitaly Yadav,,2025-06-17,SCH0315
INSP01247,1.0,1.0,1.0,1.0,0.0,Upkaar Gara,Toilets locked,2025-04-30,SCH0229
INSP00920,1.0,1.0,,1.0,,Dayita Handa,Good condition,2025-09-29,SCH0324
INSP00229,0.0,1.0,1.0,,0.0,Naksh Koshy,Toilets locked,2025-06-19,SCH0506
INSP01064,1.0,1.0,1.0,1.0,1.0,Benjamin Krishna,Toilets locked,2025-11-02,SCH0558
INSP00243,1.0,0.0,0.0,0.0,1.0,Jai Doctor,Needs repair,2025-10-28,SCH0581
INSP02403,0.0,1.0,0.0,0.0,1.0,Matthew Rastogi,Good condition,2025-05-16,SCH0232
INSP01161,1.0,1.0,1.0,1.0,0.0,Varenya Viswanathan,,2025-09-06,SCH0037
INSP02645,0.0,1.0,1.0,1.0,1.0,,No remarks,2026-01-11,SCH0397
INSP01527,1.0,0.0,1.0,1.0,0.0,Pavani Banik,Toilets locked,2025-04-26,SCH0560
INSP01606,0.0,1.0,1.0,1.0,0.0,Charita Halder,,2025-05-03,SCH0002
INSP02927,1.0,1.0,1.0,1.0,0.0,Zashil Shetty,Average,2025-05-01,SCH0209
INSP02677,1.0,1.0,1.0,0.0,0.0,Indira Johal,Toilets locked,2025-06-19,SCH0064
INSP01990,,1.0,1.0,1.0,1.0,Samesh Keer,Toilets locked,2026-04-01,SCH0287
INSP02476,1.0,1.0,0.0,0.0,1.0,Ronith Doctor,Good condition,2026-02-19,SCH0268
INSP01976,0.0,1.0,1.0,,1.0,,Average,2025-10-12,SCH0209
INSP01762,1.0,0.0,0.0,1.0,1.0,Patrick Cheema,Average,2025-12-18,SCH0509
INSP01306,1.0,,1.0,1.0,1.0,Ojasvi Chahal,No remarks,2026-03-01,SCH0462
INSP01542,0.0,1.0,1.0,1.0,0.0,Rehaan Saini,Good condition,2025-08-21,SCH0062
INSP00623,1.0,1.0,,0.0,1.0,Abdul Kar,Needs repair,2025-11-28,SCH0047
INSP02437,1.0,1.0,0.0,,0.0,Teerth Mandal,,2026-06-03,SCH0017
INSP01494,0.0,1.0,1.0,0.0,0.0,Pahal Batra,Average,2026-10-03,SCH0014
INSP00111,1.0,1.0,1.0,1.0,0.0,Benjamin Varty,No remarks,2025-06-07,SCH0060
INSP02276,1.0,1.0,1.0,0.0,0.0,,Toilets locked,2025-07-25,SCH0405
INSP02388,0.0,0.0,1.0,1.0,0.0,Edhitha Lall,Average,2025-09-12,SCH0217
INSP01170,1.0,1.0,1.0,0.0,1.0,Vidhi Dutta,Needs repair,2025-05-21,SCH0571
INSP02589,0.0,0.0,1.0,0.0,1.0,Gagan Iyengar,Good condition,2025-09-05,SCH0396
INSP00233,0.0,1.0,1.0,1.0,1.0,Yagnesh Wali,Toilets locked,2025-12-29,SCH0303
INSP00067,0.0,1.0,1.0,0.0,1.0,Alexander Devan,,2025-12-29,SCH0546
INSP02847,1.0,1.0,1.0,1.0,0.0,,,2026-03-31,SCH0432
INSP02073,1.0,1.0,1.0,1.0,1.0,Irya Hayer,No remarks,2026-02-05,SCH0228
INSP02193,1.0,1.0,1.0,1.0,0.0,Ojasvi Peri,No remarks,2025-12-31,SCH0479
INSP00537,1.0,1.0,1.0,1.0,0.0,Parth Rau,Average,2025-05-31,SCH0144
INSP00126,0.0,0.0,1.0,0.0,,,Good condition,2026-01-19,SCH0033
INSP02134,0.0,1.0,1.0,1.0,0.0,Rehaan Chaudhuri,Needs repair,2025-04-01,SCH0213
INSP01255,1.0,1.0,1.0,1.0,1.0,Amol Sidhu,Needs repair,2025-02-09,SCH0568
INSP02787,1.0,1.0,0.0,1.0,1.0,Luke Ramakrishnan,Good condition,2025-08-10,SCH0311
INSP01977,1.0,1.0,1.0,1.0,0.0,Advaith Chana,,2025-11-10,SCH0194
INSP02590,1.0,1.0,1.0,0.0,1.0,,Needs repair,2025-06-20,SCH0005
INSP02076,1.0,1.0,1.0,1.0,1.0,Kashvi Agarwal,Good condition,2026-02-03,SCH0183
INSP00485,0.0,1.0,1.0,0.0,1.0,Rachit Rattan,Toilets locked,2025-07-11,SCH0435
INSP01655,1.0,0.0,1.0,0.0,0.0,Jai Aggarwal,No remarks,2025-09-27,SCH0024
INSP02814,1.0,0.0,1.0,1.0,0.0,Reva Dasgupta,Toilets locked,2025-10-02,SCH0295
INSP02680,1.0,1.0,1.0,1.0,1.0,Rohan Ramesh,Average,2026-02-20,SCH0119
INSP01775,1.0,1.0,1.0,1.0,1.0,Logan Sachdeva,No remarks,2025-12-06,SCH0180
INSP00919,1.0,1.0,1.0,1.0,0.0,Nitesh Om,Toilets locked,2026-03-09,SCH0222
INSP01647,1.0,1.0,0.0,,0.0,Baghyawati Dada,Average,2026-02-08,SCH0445
INSP01027,1.0,,0.0,1.0,1.0,,No remarks,2025-04-11,SCH0318
INSP01031,1.0,1.0,1.0,,,Daniel Peri,No remarks,2026-03-19,SCH0423
INSP00883,1.0,1.0,1.0,1.0,0.0,Bhanumati Bhatnagar,Toilets locked,2025-12-16,SCH0191
INSP01336,0.0,1.0,1.0,1.0,0.0,Megha Samra,Needs repair,2026-01-05,SCH0263
INSP02342,1.0,0.0,1.0,1.0,0.0,Leela Brar,No remarks,2025-09-13,SCH0121
INSP00365,1.0,1.0,1.0,1.0,0.0,Michael Narula,Toilets locked,2025-05-07,SCH0482
INSP02126,1.0,1.0,,1.0,0.0,Chanchal Palan,Average,2025-06-22,SCH0298
INSP00028,0.0,,1.0,0.0,0.0,Bhanumati Mallick,Needs repair,2026-03-30,SCH0591
INSP00474,1.0,1.0,0.0,1.0,0.0,Vihaan Barman,Good condition,2025-09-04,SCH0496
INSP00526,1.0,1.0,1.0,1.0,1.0,Yuvraj Kannan,Good condition,2025-05-16,SCH0587
INSP00726,1.0,0.0,1.0,1.0,0.0,Jason Majumdar,Toilets locked,2025-10-20,SCH0261
INSP00056,1.0,1.0,1.0,0.0,0.0,Veer Sama,,2025-11-08,SCH0086
INSP00639,0.0,1.0,1.0,1.0,1.0,Vasudha Kurian,No remarks,2025-11-27,SCH0211
INSP00303,0.0,1.0,1.0,0.0,1.0,Chatresh Manne,,2025-07-31,SCH0172
INSP02743,,1.0,1.0,0.0,0.0,,Good condition,2026-03-27,SCH0242
INSP01277,,1.0,0.0,1.0,0.0,Wridesh Yohannan,Toilets locked,2025-11-04,SCH0061
INSP02772,1.0,0.0,1.0,1.0,0.0,Upadhriti Som,Average,2025-05-01,SCH0518
INSP00625,1.0,1.0,1.0,0.0,0.0,Imaran Konda,Good condition,2026-03-08,SCH0034
INSP02056,,1.0,1.0,,1.0,Advika Kala,,2026-01-21,SCH0230
INSP01281,0.0,1.0,0.0,0.0,,Ishaan Lal,Average,2026-01-20,SCH0458
INSP01050,,1.0,1.0,1.0,1.0,Finn Babu,No remarks,2025-07-10,SCH0587
INSP00337,1.0,1.0,0.0,1.0,0.0,Ranbir Dayal,Good condition,2025-11-08,SCH0492
INSP00048,1.0,1.0,0.0,0.0,,Charan Kala,Needs repair,2026-07-03,SCH0324
INSP00107,1.0,1.0,1.0,0.0,1.0,Mugdha Narula,Average,2025-05-29,SCH0128
INSP01080,1.0,1.0,0.0,1.0,1.0,Kashvi Bahl,Average,2025-12-04,SCH0150
INSP02287,1.0,1.0,1.0,0.0,1.0,,,2026-02-14,SCH0322
INSP02262,1.0,1.0,1.0,0.0,0.0,Sanaya Goyal,Good condition,2026-02-05,SCH0176
INSP01145,1.0,1.0,0.0,0.0,0.0,Rachana Walla,Average,2025-10-06,SCH0024
INSP02510,1.0,1.0,1.0,1.0,1.0,Jackson Pradhan,Needs repair,2025-07-16,SCH0427
INSP02297,1.0,1.0,1.0,0.0,1.0,Gayathri Sharaf,Toilets locked,2025-09-20,SCH0072
INSP01837,1.0,1.0,1.0,1.0,1.0,Widisha Sarma,Average,2025-03-05,SCH0193
INSP01754,1.0,1.0,1.0,0.0,,Nitara Sampath,Good condition,2025-10-11,SCH0294
INSP01102,,1.0,0.0,,,Frado Kota,,2025-01-06,SCH0039
INSP01969,1.0,1.0,1.0,1.0,0.0,Ikshita Singh,Average,2025-12-30,SCH0297
INSP00524,1.0,1.0,1.0,,,Triveni Pant,No remarks,2025-12-27,SCH0567
INSP02281,1.0,1.0,1.0,1.0,0.0,Umang Chaudhry,No remarks,2025-07-16,SCH0259
INSP01429,1.0,1.0,1.0,0.0,0.0,Nathan Sahni,No remarks,2025-09-01,SCH0316
INSP02742,1.0,1.0,1.0,0.0,,Barkha Bala,Good condition,2025-04-23,SCH0231
INSP00604,1.0,1.0,1.0,1.0,1.0,Bhavini Narang,Needs repair,2025-08-03,SCH0552
INSP01490,0.0,,1.0,1.0,1.0,Ryan Bhargava,Toilets locked,2025-07-05,SCH0316
INSP02475,1.0,1.0,1.0,1.0,0.0,Onkar Karan,,2025-04-07,SCH0496
INSP00061,0.0,1.0,1.0,0.0,0.0,Anamika Kapur,Good condition,2025-05-11,SCH0518
INSP02890,1.0,0.0,1.0,1.0,1.0,Samaksh Aurora,Needs repair,2025-07-29,SCH0008
INSP00672,1.0,0.0,1.0,1.0,0.0,Victor Bhakta,Average,2025-11-30,SCH0230
INSP00093,0.0,1.0,0.0,0.0,1.0,Yamini Maharaj,Average,2025-07-21,SCH0366
INSP00667,1.0,1.0,1.0,1.0,,Suhani Nath,,2025-05-13,SCH0412
INSP01888,1.0,1.0,1.0,0.0,0.0,Krisha Ravi,Good condition,2025-04-11,SCH0417
INSP00281,0.0,0.0,1.0,0.0,0.0,Hemani Chopra,Toilets locked,2026-03-02,SCH0477
INSP01720,1.0,1.0,1.0,0.0,0.0,Radhika Kalla,Good condition,2025-06-15,SCH0337
INSP00360,0.0,0.0,1.0,0.0,1.0,Aarna Sharma,No remarks,2025-10-20,SCH0382
INSP00900,1.0,1.0,1.0,0.0,0.0,Nicholas Roy,Toilets locked,2025-11-22,SCH0036
INSP01936,0.0,1.0,1.0,1.0,1.0,,Good condition,2025-09-23,SCH0141
INSP01995,1.0,1.0,1.0,1.0,0.0,Advaith Prabhakar,Good condition,2026-03-23,SCH0223
INSP00761,0.0,1.0,1.0,1.0,1.0,Vasana Keer,Toilets locked,2025-07-01,SCH0520
INSP02159,1.0,,,1.0,0.0,,Needs repair,2025-04-04,SCH0090
INSP02758,0.0,1.0,0.0,0.0,0.0,Ishanvi Ratti,Average,2025-12-23,SCH0096
INSP00043,0.0,1.0,,1.0,0.0,Unnati Shankar,,2025-07-15,SCH0032
INSP02174,0.0,1.0,1.0,1.0,0.0,Rachana Sem,No remarks,2025-04-30,SCH0509
INSP00205,,0.0,1.0,1.0,1.0,Brijesh Virk,Toilets locked,2025-11-16,SCH0411
INSP01474,1.0,0.0,,1.0,,Ekapad Keer,Average,2025-11-04,SCH0548
INSP02101,1.0,1.0,1.0,0.0,0.0,,,2025-10-07,SCH0004
INSP00069,1.0,1.0,1.0,0.0,0.0,Anika Warrior,Needs repair,2026-02-18,SCH0532
INSP01876,1.0,1.0,1.0,1.0,1.0,Finn Khurana,Needs repair,2025-10-01,SCH0587
INSP02600,1.0,0.0,1.0,1.0,1.0,Faraj Mishra,,2025-09-10,SCH0414
INSP02232,1.0,1.0,0.0,0.0,1.0,Baghyawati Oak,No remarks,2025-07-17,SCH0375
INSP00138,1.0,0.0,0.0,0.0,1.0,Ira Atwal,Toilets locked,2025-08-22,SCH0075
INSP00797,1.0,1.0,1.0,0.0,1.0,Pranav Krishna,Needs repair,2025-05-06,SCH0319
INSP02181,1.0,1.0,1.0,1.0,0.0,Fariq Lad,Toilets locked,2025-08-05,SCH0033
INSP02129,0.0,0.0,1.0,1.0,1.0,Pavani Pal,Average,2026-03-04,SCH0244
INSP00759,0.0,,0.0,0.0,1.0,Jhalak Thaman,No remarks,2025-09-22,SCH0246
INSP00542,1.0,1.0,1.0,0.0,0.0,Bhavna Subramanian,Average,2026-02-22,SCH0411
INSP01020,0.0,1.0,1.0,0.0,0.0,,Average,2025-05-13,SCH0178
INSP02412,0.0,1.0,0.0,,0.0,Naksh Ghosh,Average,2025-07-24,SCH0457
INSP00166,0.0,1.0,1.0,,1.0,,,2025-07-05,SCH0309
INSP00249,1.0,,1.0,0.0,1.0,Onkar Dua,Toilets locked,2025-10-29,SCH0371
INSP01332,1.0,1.0,1.0,0.0,0.0,Ekansh Nayak,Good condition,2025-04-23,SCH0220
INSP02018,0.0,1.0,1.0,1.0,0.0,Eiravati Jani,No remarks,2025-07-10,SCH0471
INSP00447,1.0,1.0,1.0,1.0,0.0,Dalaja Rao,Needs repair,2026-02-01,SCH0143
INSP01359,0.0,1.0,1.0,1.0,1.0,Anmol Mand,Needs repair,2025-05-20,SCH0446
INSP02146,0.0,1.0,1.0,1.0,1.0,Gavin D’Alia,Toilets locked,2025-12-25,SCH0085
INSP01330,1.0,1.0,1.0,1.0,1.0,Champak Warrior,No remarks,2025-04-01,SCH0463
INSP02151,1.0,1.0,1.0,1.0,1.0,Indali Walla,Good condition,2026-01-14,SCH0371
INSP00435,1.0,1.0,1.0,,1.0,,Needs repair,2025-11-19,SCH0189
INSP02123,1.0,0.0,1.0,1.0,,Warjas Mall,Good condition,2026-01-23,SCH0226
INSP00578,1.0,1.0,1.0,0.0,0.0,Andrew Ahuja,Toilets locked,2025-12-24,SCH0109
INSP02515,0.0,1.0,1.0,1.0,1.0,Ijaya Karpe,No remarks,2025-06-01,SCH0135
INSP01849,1.0,1.0,,1.0,1.0,Qasim Kanda,,2025-05-14,SCH0345
INSP00763,1.0,1.0,1.0,1.0,1.0,Isha Kohli,,2025-05-18,SCH0092
INSP00389,1.0,1.0,1.0,1.0,0.0,Aradhana Bumb,Average,2025-08-16,SCH0238
INSP00236,1.0,1.0,1.0,0.0,1.0,Fariq Sen,Average,2025-09-11,SCH0329
INSP02740,0.0,1.0,1.0,1.0,0.0,Tanmayi Puri,Average,2025-05-29,SCH0543
INSP01985,0.0,1.0,1.0,1.0,0.0,Tanvi Padmanabhan,Good condition,2025-12-11,SCH0531
INSP00268,,1.0,1.0,1.0,1.0,Irya Mody,Needs repair,2025-12-30,SCH0206
INSP00771,1.0,,1.0,0.0,0.0,Om Shenoy,,2025-05-09,SCH0309
INSP02166,,,1.0,,1.0,Harshil Bhargava,Good condition,2025-12-12,SCH0471
INSP00438,1.0,0.0,1.0,0.0,0.0,Mitali Nair,Needs repair,2025-04-28,SCH0417
INSP00674,0.0,1.0,1.0,1.0,,Chaman Naik,No remarks,2025-04-15,SCH0059
INSP00250,1.0,1.0,1.0,1.0,0.0,Ojas Doshi,Average,2026-06-03,SCH0098
INSP02202,1.0,1.0,1.0,0.0,,Lakshmi Sami,Good condition,2026-05-03,SCH0312
INSP01575,1.0,1.0,1.0,1.0,0.0,Irya Narasimhan,Good condition,2025-09-17,SCH0311
INSP02143,1.0,1.0,0.0,0.0,0.0,Lila Taneja,Average,2026-02-13,SCH0452
INSP02082,1.0,1.0,,1.0,0.0,Krisha Bal,No remarks,2025-04-13,SCH0181
INSP02753,1.0,1.0,1.0,,1.0,Raagini Wason,No remarks,2025-09-28,SCH0270
INSP02701,1.0,1.0,1.0,0.0,0.0,Krishna Korpal,Toilets locked,2025-09-07,SCH0025
INSP00449,,1.0,1.0,0.0,1.0,Anay Ben,No remarks,2025-08-15,SCH0310
INSP01470,0.0,1.0,1.0,1.0,1.0,Anika Sahota,Toilets locked,2026-03-07,SCH0268
INSP00717,1.0,1.0,1.0,1.0,,Bachittar Talwar,Toilets locked,2026-02-16,SCH0242
INSP02682,1.0,1.0,1.0,0.0,1.0,Raagini Dube,No remarks,2025-09-23,SCH0574
INSP02750,1.0,1.0,1.0,0.0,1.0,Sara Chandra,Good condition,2025-02-10,SCH0187
INSP02049,1.0,1.0,1.0,1.0,0.0,,Average,2025-06-16,SCH0259
INSP01902,0.0,1.0,1.0,1.0,1.0,Ekanta Ganguly,Good condition,2026-02-24,SCH0417
INSP01169,1.0,1.0,0.0,1.0,,Nikita Borah,,2025-06-01,SCH0435
INSP00083,1.0,1.0,1.0,1.0,0.0,Jai Sheth,,2025-12-30,SCH0130
INSP02550,1.0,0.0,,1.0,0.0,Eesha Banerjee,Needs repair,2026-01-03,SCH0330
INSP01461,1.0,1.0,1.0,1.0,1.0,Qarin Wali,Needs repair,2025-07-23,SCH0590
INSP01894,1.0,1.0,1.0,0.0,0.0,Kai Oak,Average,2025-12-18,SCH0238
INSP01669,0.0,1.0,1.0,0.0,1.0,Charan Sura,Needs repair,2025-07-04,SCH0080
INSP02001,1.0,1.0,1.0,0.0,1.0,Jagvi Gour,,2025-04-20,SCH0425
INSP00476,1.0,1.0,,1.0,0.0,Leela Palla,Toilets locked,2025-10-25,SCH0241
INSP00518,1.0,1.0,1.0,1.0,0.0,Alka Shere,No remarks,2025-08-31,SCH0272
INSP00405,1.0,1.0,0.0,0.0,1.0,,Good condition,2025-09-03,SCH0290
INSP00385,1.0,1.0,1.0,1.0,1.0,Kritika Setty,Toilets locked,2026-05-03,SCH0387
INSP02762,0.0,0.0,1.0,,,Faraj Sagar,No remarks,2025-04-09,SCH0238
INSP02153,1.0,1.0,1.0,1.0,0.0,Vasatika Suresh,Needs repair,2025-11-04,SCH0354
INSP01634,,1.0,1.0,0.0,0.0,Chaman Chhabra,No remarks,2026-01-16,SCH0469
INSP00689,0.0,0.0,1.0,0.0,1.0,,,2025-11-07,SCH0017
INSP01241,0.0,1.0,1.0,,0.0,Jai Mandal,Toilets locked,2025-07-18,SCH0170
INSP00063,1.0,1.0,1.0,1.0,0.0,Harsh Nagy,Average,2025-07-20,SCH0464
INSP00853,1.0,1.0,1.0,1.0,,Atharv Balakrishnan,Good condition,2025-04-23,SCH0329
INSP02892,0.0,1.0,1.0,0.0,1.0,Sai Ram,Toilets locked,2026-02-03,SCH0225
INSP02606,0.0,1.0,1.0,1.0,0.0,Ria Bedi,Needs repair,2025-07-24,SCH0429
INSP01263,0.0,0.0,1.0,,1.0,Gabriel Jaggi,No remarks,2025-07-12,SCH0540
INSP00224,1.0,1.0,0.0,0.0,1.0,Manan Patla,No remarks,2025-12-13,SCH0562
INSP02194,0.0,,1.0,0.0,1.0,Qarin Suri,Average,2025-08-22,SCH0263
INSP00374,1.0,1.0,1.0,1.0,1.0,Fitan Yogi,Needs repair,2025-04-07,SCH0017
INSP01825,1.0,1.0,1.0,1.0,0.0,Lekha Chaudhari,Good condition,2025-04-21,SCH0214
INSP02668,0.0,1.0,1.0,1.0,1.0,Upkaar Khurana,No remarks,2025-08-16,SCH0580
INSP02731,1.0,1.0,1.0,1.0,1.0,Wakeeta Merchant,Needs repair,2026-01-11,SCH0585
INSP02822,,1.0,1.0,1.0,1.0,Zayyan Oza,Good condition,2026-01-13,SCH0432
INSP00010,0.0,1.0,0.0,1.0,1.0,Wriddhish Golla,Needs repair,2025-10-11,SCH0020
INSP01945,1.0,,1.0,0.0,1.0,Garima Devi,Good condition,2026-03-17,SCH0235
INSP01839,1.0,1.0,1.0,0.0,,Mugdha Lad,Toilets locked,2025-11-18,SCH0497
INSP00709,1.0,1.0,,1.0,1.0,Pooja D’Alia,No remarks,2026-02-13,SCH0377
INSP00256,,1.0,1.0,1.0,1.0,Yashasvi Gade,No remarks,2026-07-03,SCH0478
INSP01618,0.0,,1.0,1.0,0.0,Upma Savant,No remarks,2025-11-22,SCH0116
INSP00390,1.0,1.0,1.0,1.0,1.0,Xavier Keer,Needs repair,2025-09-24,SCH0042
INSP01582,1.0,1.0,1.0,0.0,0.0,Ojasvi Bassi,Needs repair,2025-12-01,SCH0279
INSP00925,0.0,,1.0,0.0,1.0,Dalaja Nath,Good condition,2025-12-11,SCH0488
INSP02037,1.0,1.0,1.0,1.0,1.0,Sarthak Bhatti,Toilets locked,2025-09-03,SCH0410
INSP02527,0.0,1.0,1.0,1.0,0.0,Chatresh Mohan,Good condition,2025-12-27,SCH0430
INSP01225,0.0,1.0,,1.0,0.0,Janani Mitter,Needs repair,2025-06-21,SCH0596
INSP01947,1.0,1.0,1.0,0.0,0.0,Nirja Toor,Average,2025-06-29,SCH0514
INSP00740,1.0,1.0,1.0,0.0,1.0,Praneel Chahal,Toilets locked,2025-10-06,SCH0008
INSP00041,1.0,1.0,1.0,1.0,,Tanveer Garde,Needs repair,2025-09-22,SCH0116
INSP00869,1.0,1.0,1.0,0.0,1.0,Warinder Bhardwaj,Average,2026-02-21,SCH0441
INSP00540,1.0,1.0,0.0,1.0,1.0,Osha Kara,No remarks,2025-01-10,SCH0067
INSP01372,0.0,1.0,0.0,1.0,0.0,Upma Guha,No remarks,2026-01-08,SCH0206
INSP01146,1.0,1.0,1.0,1.0,0.0,Reyansh Yogi,Needs repair,2025-04-22,SCH0341
INSP01032,1.0,1.0,0.0,0.0,1.0,Aarnav Mittal,Average,2026-01-16,SCH0195
INSP00373,1.0,0.0,0.0,1.0,1.0,Benjamin Modi,,2025-04-26,SCH0524
INSP00668,,1.0,1.0,1.0,0.0,Qabil Desai,Needs repair,2025-06-07,SCH0127
INSP00358,1.0,1.0,1.0,0.0,1.0,Ekapad Bava,Toilets locked,2026-02-25,SCH0051
INSP00968,1.0,1.0,1.0,1.0,1.0,Gavin Bera,Needs repair,2026-02-23,SCH0203
INSP01354,1.0,1.0,1.0,1.0,0.0,Irya Amble,Average,2025-04-20,SCH0506
INSP01036,1.0,1.0,1.0,1.0,1.0,Jack Rai,,2026-01-24,SCH0586
INSP00471,1.0,1.0,1.0,1.0,,,No remarks,2025-06-12,SCH0042
INSP01397,0.0,1.0,1.0,0.0,0.0,Hamsini Sekhon,Good condition,2026-02-13,SCH0596
INSP02756,1.0,0.0,1.0,,1.0,Saksham Hora,,2025-05-21,SCH0252
INSP01550,0.0,,0.0,1.0,1.0,Teerth Narain,No remarks,2025-08-11,SCH0403
INSP01257,1.0,1.0,0.0,0.0,0.0,,Needs repair,2025-09-18,SCH0192
INSP02095,1.0,1.0,1.0,0.0,1.0,Bakhshi Bali,Good condition,2025-07-06,SCH0258
INSP01556,1.0,1.0,1.0,1.0,1.0,,Needs repair,2026-03-18,SCH0331
INSP02722,1.0,1.0,1.0,0.0,0.0,Madhav Dhawan,Good condition,2025-12-01,SCH0084
INSP01251,1.0,1.0,1.0,0.0,0.0,Ekanta Kuruvilla,Good condition,2025-10-24,SCH0232
INSP01700,0.0,1.0,1.0,0.0,0.0,Kamala Murty,Average,2025-07-12,SCH0208
INSP01253,1.0,1.0,,1.0,,,,2025-04-05,SCH0421
INSP02923,1.0,1.0,1.0,0.0,0.0,Darpan Dhaliwal,No remarks,2025-08-28,SCH0344
INSP00080,0.0,0.0,0.0,1.0,0.0,Jasmit Sampath,Average,2025-01-10,SCH0526
INSP01173,0.0,1.0,1.0,1.0,1.0,,Good condition,2026-01-11,SCH0398
INSP00815,1.0,1.0,1.0,1.0,1.0,Ayaan Din,Toilets locked,2025-09-22,SCH0419
INSP01853,1.0,,1.0,0.0,1.0,Advik Korpal,Good condition,2025-08-16,SCH0132
INSP02221,0.0,1.0,,1.0,0.0,,Good condition,2026-03-26,SCH0499
INSP02765,,1.0,1.0,0.0,0.0,Pratyush Khosla,No remarks,2025-09-11,SCH0103
INSP02106,1.0,1.0,1.0,1.0,1.0,Elijah Dugar,Good condition,2025-04-07,SCH0466
INSP00134,1.0,1.0,1.0,1.0,0.0,Hredhaan Shere,Needs repair,2025-04-24,SCH0266
INSP01141,1.0,1.0,1.0,0.0,0.0,,,2025-09-23,SCH0018
INSP00934,1.0,1.0,1.0,1.0,0.0,Nitesh Varughese,Toilets locked,2026-01-24,SCH0156
INSP00929,1.0,0.0,,,0.0,Noah Deol,No remarks,2025-04-01,SCH0534
INSP00824,1.0,1.0,1.0,,,Harsh Konda,Average,2025-11-17,SCH0427
INSP01532,1.0,1.0,1.0,1.0,1.0,Bakhshi Butala,Toilets locked,2025-12-05,SCH0003
INSP01215,0.0,1.0,0.0,1.0,0.0,Jason Gill,Average,2025-06-28,SCH0143
INSP00505,0.0,1.0,1.0,1.0,0.0,Ekavir Tara,,2026-02-25,SCH0109
INSP02396,0.0,1.0,1.0,0.0,0.0,Alka Dua,Needs repair,2025-12-09,SCH0579
INSP01997,1.0,1.0,1.0,1.0,,,Needs repair,2025-06-14,SCH0142
INSP02435,1.0,,1.0,0.0,1.0,,Average,2025-04-17,SCH0249
INSP01959,0.0,0.0,1.0,1.0,1.0,Hredhaan Madan,Good condition,2025-05-22,SCH0567
INSP01385,1.0,1.0,1.0,1.0,0.0,Shravya Aggarwal,No remarks,2025-11-18,SCH0212
INSP00895,1.0,1.0,1.0,0.0,0.0,Vasana Chaudhuri,No remarks,2026-01-17,SCH0204
INSP00829,1.0,1.0,0.0,1.0,1.0,Amara Choudhry,Good condition,2025-11-14,SCH0086
INSP02524,1.0,1.0,1.0,1.0,0.0,Harrison Bhatnagar,Good condition,2025-04-23,SCH0558
INSP01684,1.0,1.0,1.0,0.0,1.0,Ekalinga Sachdeva,,2025-09-19,SCH0248
INSP02707,1.0,1.0,1.0,1.0,,Aarush Agate,Toilets locked,2025-12-03,SCH0472
INSP02643,1.0,1.0,1.0,1.0,1.0,Samuel Dugar,Needs repair,2025-07-31,SCH0183
INSP00653,1.0,1.0,0.0,0.0,0.0,Aarini Narasimhan,,2026-02-07,SCH0572
INSP00173,1.0,1.0,1.0,1.0,,,Good condition,2025-06-07,SCH0151
INSP00039,0.0,1.0,,1.0,1.0,Ikshita Lanka,Needs repair,2025-09-18,SCH0246
INSP00714,1.0,1.0,1.0,,1.0,Anamika Borde,No remarks,2026-01-24,SCH0147
INSP00091,1.0,1.0,0.0,1.0,1.0,Triveni Rao,Average,2026-01-06,SCH0496
INSP01206,1.0,1.0,1.0,1.0,0.0,,No remarks,2025-07-17,SCH0278
INSP02603,1.0,0.0,1.0,1.0,1.0,Qushi Merchant,Needs repair,2025-09-15,SCH0203
INSP02718,1.0,1.0,,1.0,0.0,Manan Joshi,Good condition,2026-02-20,SCH0318
INSP01828,1.0,1.0,1.0,1.0,0.0,,Average,2026-01-25,SCH0586
INSP01156,1.0,1.0,0.0,0.0,0.0,Logan Kuruvilla,Needs repair,2025-03-08,SCH0214
INSP01325,1.0,1.0,1.0,1.0,0.0,Isaac Prabhakar,Average,2026-03-13,SCH0278
INSP00217,1.0,1.0,1.0,1.0,0.0,Ekani Sahni,No remarks,2026-02-18,SCH0082
INSP00511,0.0,1.0,0.0,0.0,0.0,Turvi Sundaram,Toilets locked,2026-01-20,SCH0265
INSP01681,1.0,1.0,0.0,1.0,0.0,Anjali Dua,Good condition,2025-07-10,SCH0037
INSP00500,,1.0,0.0,1.0,1.0,Ekta Pandey,,2025-08-23,SCH0062
INSP02609,1.0,,0.0,1.0,0.0,Manbir Sood,No remarks,2025-10-09,SCH0057
INSP01857,0.0,1.0,1.0,0.0,1.0,Amol Dutta,Needs repair,2025-04-11,SCH0436
INSP01389,1.0,1.0,1.0,,1.0,Omaja Bal,No remarks,2025-05-26,SCH0306
INSP01520,0.0,1.0,1.0,0.0,0.0,,Toilets locked,2025-04-23,SCH0498
INSP02387,1.0,1.0,0.0,1.0,0.0,Unni Chauhan,Needs repair,2025-11-07,SCH0062
INSP02861,1.0,1.0,0.0,1.0,1.0,Vrishti Goel,Toilets locked,2025-08-16,SCH0016
INSP02077,,0.0,1.0,1.0,0.0,David Patel,Average,2025-07-17,SCH0077
INSP01541,0.0,,1.0,1.0,1.0,Yagnesh Buch,Average,2026-01-23,SCH0123
INSP01218,1.0,1.0,1.0,1.0,0.0,Priya Sen,,2025-12-12,SCH0433
INSP01417,1.0,1.0,1.0,1.0,,Reyansh Tara,Needs repair,2025-07-19,SCH0094
INSP02218,1.0,1.0,1.0,1.0,1.0,Yashodhara Gopal,Average,2026-01-26,SCH0013
INSP02650,1.0,1.0,1.0,,0.0,Nicholas Garg,Toilets locked,2025-11-04,SCH0582
INSP01677,1.0,1.0,1.0,0.0,1.0,Tanvi Kannan,Average,2025-10-19,SCH0599
INSP01198,1.0,1.0,,0.0,0.0,Panini Narang,Needs repair,2025-04-28,SCH0322
INSP01543,1.0,,1.0,0.0,0.0,Vritti Bassi,Average,2025-04-23,SCH0365
INSP02540,1.0,1.0,1.0,1.0,1.0,Hemal Jain,Good condition,2025-06-22,SCH0230
INSP00954,1.0,1.0,1.0,0.0,,Vritti Tara,Average,2025-10-30,SCH0158
INSP00751,0.0,1.0,1.0,,1.0,Lohit Karpe,Needs repair,2025-08-23,SCH0538
INSP00235,,1.0,,,,Isha Devan,Toilets locked,2025-10-04,SCH0222
INSP00733,1.0,1.0,1.0,0.0,0.0,Anamika Srivastava,No remarks,2025-04-04,SCH0235
INSP01157,1.0,1.0,0.0,1.0,1.0,Wishi Bhardwaj,Good condition,2025-11-08,SCH0361
INSP02706,0.0,1.0,1.0,0.0,1.0,Yoshita Jani,Good condition,2026-02-28,SCH0450
INSP02446,1.0,0.0,1.0,1.0,1.0,Urmi Thakur,Toilets locked,2025-01-05,SCH0338
INSP01210,0.0,1.0,1.0,1.0,1.0,,Good condition,2026-02-04,SCH0287
INSP01066,1.0,1.0,1.0,0.0,0.0,Zarna Oommen,Needs repair,2025-10-16,SCH0334
INSP02157,1.0,1.0,0.0,1.0,0.0,Samaksh Pant,Toilets locked,2026-01-25,SCH0488
INSP01063,1.0,0.0,1.0,,1.0,Siddharth Divan,No remarks,2025-05-30,SCH0554
INSP01168,0.0,1.0,1.0,1.0,1.0,Ranveer Yohannan,Average,2025-10-11,SCH0442
INSP01493,1.0,1.0,1.0,1.0,1.0,Chaitanya Chand,Average,2025-04-12,SCH0330
INSP00885,,1.0,1.0,0.0,0.0,,Good condition,2025-11-12,SCH0531
INSP00144,1.0,1.0,0.0,0.0,1.0,Brijesh Yadav,Toilets locked,2025-05-22,SCH0229
INSP00851,,1.0,1.0,,1.0,Devansh Sanghvi,,2026-01-17,SCH0412
INSP00718,1.0,1.0,1.0,1.0,,,No remarks,2025-09-09,SCH0555
INSP02985,1.0,1.0,1.0,0.0,0.0,Adya Vasa,Average,2025-04-12,SCH0271
INSP02503,0.0,1.0,1.0,1.0,1.0,Lavanya Talwar,No remarks,2025-08-06,SCH0196
INSP00265,1.0,,,1.0,0.0,Chavvi Upadhyay,No remarks,2025-06-13,SCH0321
INSP00076,1.0,1.0,1.0,1.0,0.0,Girik Venkatesh,,2026-01-22,SCH0330
INSP02493,1.0,0.0,1.0,1.0,1.0,Meghana Sehgal,No remarks,2025-11-16,SCH0339
INSP00396,1.0,1.0,0.0,0.0,1.0,Chandran Solanki,,2025-10-19,SCH0593
INSP02678,1.0,1.0,1.0,0.0,1.0,Fariq Dixit,No remarks,2025-11-19,SCH0451
INSP02225,0.0,1.0,1.0,0.0,0.0,Falguni Ramanathan,Toilets locked,2025-10-18,SCH0263
INSP02942,0.0,0.0,1.0,,0.0,Yash Bhakta,Average,2025-07-02,SCH0254
INSP00397,1.0,1.0,,0.0,0.0,Gaurang Soni,Toilets locked,2025-08-28,SCH0572
INSP01366,1.0,0.0,0.0,0.0,,,Needs repair,2025-07-14,SCH0012
INSP02631,0.0,1.0,1.0,1.0,,Ayushman Apte,Toilets locked,2026-03-04,SCH0527
INSP01904,0.0,1.0,,1.0,0.0,Chaman Hans,Needs repair,2026-02-14,SCH0289
INSP00596,1.0,0.0,1.0,1.0,0.0,Sanya Bhargava,No remarks,2025-12-14,SCH0055
INSP02110,1.0,1.0,1.0,0.0,0.0,Jagdish Kothari,Good condition,2025-10-07,SCH0565
INSP01297,1.0,1.0,1.0,1.0,0.0,Krish Chaudry,Toilets locked,2025-08-02,SCH0020
INSP01822,0.0,1.0,1.0,0.0,1.0,Tanmayi Sridhar,Toilets locked,2025-05-05,SCH0073
INSP00873,1.0,1.0,1.0,1.0,0.0,Vrinda Halder,No remarks,2025-09-09,SCH0507
INSP02327,1.0,,1.0,1.0,1.0,,Good condition,2025-11-04,SCH0273
INSP01549,1.0,1.0,1.0,0.0,0.0,Pranav Tata,Needs repair,2025-06-09,SCH0328
INSP00037,0.0,0.0,1.0,1.0,1.0,Forum Tata,No remarks,2025-06-27,SCH0369
INSP02658,1.0,1.0,1.0,1.0,0.0,Nathan Jain,Good condition,2026-03-13,SCH0515
INSP02144,1.0,1.0,1.0,1.0,0.0,Krishna Munshi,Needs repair,2025-06-10,SCH0315
INSP02689,1.0,1.0,0.0,1.0,1.0,,,2026-02-11,SCH0028
INSP00978,1.0,1.0,1.0,1.0,1.0,Sai Prasad,No remarks,2026-03-10,SCH0041
INSP01572,0.0,1.0,1.0,0.0,0.0,Lucky Khurana,No remarks,2025-05-31,SCH0442
INSP01123,1.0,1.0,1.0,0.0,1.0,Omaja Shanker,Average,2025-04-16,SCH0003
INSP02240,1.0,1.0,1.0,1.0,0.0,Prisha Raghavan,Good condition,2025-04-28,SCH0160
INSP02505,0.0,1.0,1.0,1.0,1.0,Oliver Goda,Good condition,2025-12-16,SCH0461
INSP01893,1.0,1.0,1.0,,,Yash Singh,Average,2026-02-28,SCH0560
INSP00676,,1.0,0.0,1.0,0.0,Sudiksha Thaker,Average,2025-09-11,SCH0514
INSP00729,1.0,1.0,1.0,1.0,1.0,Yashasvi Parsa,No remarks,2026-02-09,SCH0555
INSP00413,0.0,1.0,1.0,1.0,0.0,,Average,2025-04-21,SCH0468
INSP01517,1.0,1.0,0.0,0.0,1.0,Lohit Shenoy,Needs repair,2025-10-11,SCH0208
INSP01650,1.0,1.0,0.0,0.0,1.0,Ria Dyal,Toilets locked,2025-07-19,SCH0566
INSP00826,,1.0,1.0,0.0,1.0,Upasna Badal,Average,2026-02-10,SCH0062
INSP00617,0.0,1.0,1.0,1.0,0.0,Peter Gulati,No remarks,2025-08-29,SCH0474
INSP00115,0.0,1.0,1.0,1.0,1.0,Wriddhish Shere,Toilets locked,2026-01-19,SCH0070
INSP00418,1.0,1.0,1.0,1.0,1.0,,,2026-02-17,SCH0265
INSP01626,1.0,1.0,,1.0,1.0,Harish Pathak,Good condition,2025-05-16,SCH0196
INSP00090,1.0,0.0,1.0,0.0,1.0,Nidra Goswami,Toilets locked,2026-02-13,SCH0175
INSP02083,1.0,1.0,0.0,0.0,0.0,Januja Rajagopal,Toilets locked,2025-06-11,SCH0441
INSP00754,0.0,,1.0,0.0,0.0,,,2025-11-17,SCH0437
INSP02547,1.0,1.0,1.0,0.0,0.0,Anjali Handa,Toilets locked,2025-09-25,SCH0331
INSP01631,1.0,0.0,1.0,,0.0,Abeer Vora,Good condition,2025-06-16,SCH0016
INSP00012,1.0,0.0,1.0,1.0,0.0,Pavani Nair,Toilets locked,2025-10-18,SCH0202
INSP02445,1.0,1.0,1.0,0.0,1.0,Omisha Konda,Good condition,2025-04-16,SCH0533
INSP00285,0.0,1.0,1.0,1.0,1.0,Gauri Gill,Good condition,2025-09-20,SCH0327
INSP01067,1.0,1.0,0.0,1.0,0.0,Bhavna Modi,Needs repair,2026-02-26,SCH0080
INSP01192,1.0,1.0,1.0,1.0,0.0,,No remarks,2025-06-16,SCH0600
INSP01441,1.0,1.0,1.0,,,Harsh Vohra,Needs repair,2025-06-06,SCH0133
INSP02944,1.0,1.0,1.0,1.0,1.0,Chanakya Wagle,Needs repair,2025-12-26,SCH0334
INSP02943,1.0,1.0,1.0,0.0,1.0,Ranveer Mani,Toilets locked,2026-02-15,SCH0206
INSP02850,1.0,1.0,1.0,1.0,,Jeremiah Buch,Average,2025-10-13,SCH0204
INSP01569,1.0,1.0,0.0,1.0,0.0,,,2025-10-20,SCH0189
INSP02428,0.0,1.0,1.0,1.0,0.0,Dayamai Yadav,Needs repair,2026-10-01,SCH0254
INSP02710,0.0,1.0,1.0,0.0,1.0,Alka Mani,Toilets locked,2025-09-10,SCH0447
INSP01688,1.0,0.0,1.0,0.0,1.0,Mason Bahl,Average,2025-07-29,SCH0466
INSP00852,0.0,1.0,1.0,1.0,0.0,Triveni Bhagat,Toilets locked,2025-09-05,SCH0435
INSP02208,0.0,1.0,1.0,0.0,1.0,Dev Char,Needs repair,2025-04-05,SCH0390
INSP00896,1.0,1.0,1.0,1.0,0.0,Advaith Grewal,Needs repair,2025-06-22,SCH0132
INSP00497,0.0,1.0,1.0,1.0,0.0,,Needs repair,2025-12-22,SCH0510
INSP02306,1.0,1.0,0.0,0.0,0.0,Mason Lal,Average,2025-12-17,SCH0100
INSP01783,1.0,1.0,0.0,1.0,0.0,Bishakha Narain,No remarks,2025-05-20,SCH0474
INSP00336,1.0,1.0,1.0,0.0,0.0,Dayita Sibal,Toilets locked,2025-08-24,SCH0132
INSP00516,1.0,1.0,1.0,1.0,0.0,Nimrat Chada,,2025-05-10,SCH0197
INSP01349,1.0,0.0,1.0,0.0,0.0,Abhiram Radhakrishnan,No remarks,2025-06-30,SCH0249
INSP01016,1.0,1.0,1.0,1.0,0.0,Joshua Bali,Good condition,2025-07-20,SCH0029
INSP02951,1.0,1.0,0.0,0.0,0.0,Abhimanyu Srivastava,Good condition,2025-05-04,SCH0061
INSP01782,1.0,1.0,1.0,1.0,1.0,Siddharth Sarin,,2025-10-04,SCH0100
INSP02570,1.0,0.0,1.0,0.0,1.0,Kalpit Bava,Needs repair,2026-03-22,SCH0028
INSP01786,1.0,,1.0,1.0,1.0,Pahal Venkataraman,Average,2025-11-27,SCH0166
INSP02071,1.0,1.0,1.0,1.0,1.0,Vrinda Parmar,Toilets locked,2025-10-30,SCH0396
INSP00357,1.0,1.0,1.0,0.0,0.0,Yashvi Bhat,No remarks,2025-05-16,SCH0010
INSP02995,1.0,1.0,1.0,1.0,0.0,Zilmil Contractor,,2025-06-21,SCH0598
INSP01313,0.0,0.0,1.0,1.0,0.0,William Pall,Toilets locked,2025-09-24,SCH0600
INSP01636,,1.0,1.0,1.0,1.0,Reva Venkatesh,Toilets locked,2026-02-27,SCH0187
INSP00551,0.0,1.0,1.0,1.0,0.0,Vinaya Shukla,Good condition,2025-04-09,SCH0036
INSP02389,1.0,,1.0,1.0,1.0,Wishi Baral,No remarks,2025-07-06,SCH0273
INSP02480,1.0,1.0,1.0,0.0,0.0,Kamya Swamy,Average,2025-12-18,SCH0055
INSP02522,0.0,1.0,1.0,0.0,1.0,Keya Karnik,,2025-04-18,SCH0393
INSP02266,1.0,1.0,1.0,1.0,1.0,,No remarks,2025-12-21,SCH0089
INSP01228,0.0,,1.0,0.0,1.0,,Average,2025-11-05,SCH0142
INSP02818,1.0,1.0,1.0,1.0,1.0,Rayaan Nori,Average,2026-03-25,SCH0585
INSP00958,1.0,1.0,0.0,1.0,0.0,Veer Andra,Good condition,2026-02-28,SCH0125
INSP01774,0.0,0.0,1.0,1.0,0.0,Irya Devan,No remarks,2026-01-26,SCH0004
INSP02142,1.0,1.0,1.0,0.0,0.0,Gauri Sangha,No remarks,2025-05-25,SCH0089
INSP01009,0.0,1.0,1.0,1.0,1.0,,Needs repair,2025-10-13,SCH0106
INSP01093,1.0,1.0,1.0,1.0,1.0,,Good condition,2026-02-27,SCH0073
INSP02907,1.0,0.0,,1.0,0.0,Dominic Dua,Average,2025-09-07,SCH0288
INSP00997,1.0,1.0,1.0,1.0,0.0,Wriddhish Jaggi,Toilets locked,2025-06-14,SCH0599
INSP01680,1.0,1.0,1.0,0.0,0.0,Mohini Choudhury,Good condition,2025-07-06,SCH0107
INSP00154,,0.0,1.0,0.0,0.0,Ladli Dora,Toilets locked,2025-01-06,SCH0260
INSP02925,0.0,1.0,0.0,1.0,0.0,Aarav Chad,Good condition,2025-06-04,SCH0296
INSP00581,,1.0,1.0,1.0,1.0,Patrick Ramakrishnan,Toilets locked,2025-10-31,SCH0326
INSP01471,1.0,1.0,1.0,1.0,1.0,Dayamai Swamy,Good condition,2025-04-13,SCH0539
INSP00704,0.0,1.0,1.0,0.0,0.0,Akshay Choudhry,Needs repair,2025-08-29,SCH0056
INSP01213,1.0,1.0,1.0,,1.0,Jhalak Chawla,Needs repair,2025-07-13,SCH0464
INSP00897,1.0,1.0,1.0,1.0,0.0,,,2026-01-27,SCH0202
INSP00488,1.0,1.0,1.0,,1.0,,Toilets locked,2025-07-28,SCH0254
INSP00560,0.0,1.0,1.0,1.0,0.0,Atharv Krish,Toilets locked,2025-04-05,SCH0005
INSP01142,1.0,1.0,1.0,1.0,1.0,Samesh Korpal,Good condition,2025-01-08,SCH0523
INSP01120,1.0,1.0,1.0,0.0,0.0,Eesha Sarkar,Needs repair,2025-11-30,SCH0371
INSP00513,1.0,1.0,1.0,0.0,0.0,Faqid Mittal,,2025-05-30,SCH0317
INSP00634,1.0,0.0,1.0,0.0,,Rushil Datta,Toilets locked,2025-05-23,SCH0551
INSP02717,1.0,0.0,1.0,0.0,1.0,Jagrati Sarna,Average,2025-05-11,SCH0132
INSP01665,1.0,1.0,1.0,1.0,1.0,Owen Lall,Needs repair,2025-12-05,SCH0010
INSP01013,,1.0,1.0,0.0,,Chakrika Gole,Good condition,2025-09-15,SCH0091
INSP01932,1.0,1.0,1.0,1.0,1.0,Amruta Sankar,Average,2025-11-23,SCH0076
INSP01151,1.0,1.0,1.0,1.0,,Zansi Sarin,Toilets locked,2026-01-17,SCH0539
INSP02948,0.0,1.0,1.0,0.0,,Isaiah Bava,Toilets locked,2025-03-09,SCH0021
INSP00117,0.0,1.0,,0.0,0.0,Vritti Bahri,Needs repair,2026-02-19,SCH0532
INSP00741,1.0,1.0,1.0,0.0,1.0,Zinal Majumdar,Toilets locked,2025-06-29,SCH0568
INSP02904,1.0,1.0,1.0,0.0,1.0,Caleb Sha,Toilets locked,2025-04-21,SCH0451
INSP01975,1.0,1.0,1.0,0.0,0.0,Advik De,Average,2025-10-01,SCH0497
INSP01082,1.0,1.0,0.0,1.0,1.0,George Bandi,Needs repair,2025-11-27,SCH0108
INSP01811,0.0,1.0,0.0,0.0,1.0,Elijah Kapoor,No remarks,2026-01-30,SCH0260
INSP00831,,1.0,1.0,1.0,0.0,Zaid Gour,,2025-06-23,SCH0206
INSP00120,1.0,1.0,,0.0,1.0,Triveni Kara,Good condition,2025-06-23,SCH0416
INSP00657,1.0,0.0,1.0,1.0,1.0,Parth Dewan,Average,2026-02-21,SCH0022
INSP02873,1.0,1.0,1.0,0.0,0.0,Anay Boase,Good condition,2026-01-12,SCH0360
INSP02830,0.0,0.0,1.0,0.0,1.0,Vidhi Madan,Average,2026-07-02,SCH0494
INSP00636,1.0,0.0,1.0,,0.0,Adweta Jaggi,Good condition,2026-01-20,SCH0086
INSP00370,0.0,0.0,1.0,0.0,1.0,Vasatika Rana,Average,2025-09-18,SCH0403
INSP00269,1.0,1.0,1.0,1.0,0.0,Zashil Rout,Toilets locked,2025-08-23,SCH0481
INSP02704,1.0,1.0,1.0,1.0,,Manthan Peri,,2025-04-06,SCH0466
INSP00047,0.0,1.0,1.0,0.0,,Vritti More,Good condition,2025-10-07,SCH0354
INSP00992,1.0,0.0,1.0,1.0,1.0,Vasana Shanker,,2025-07-18,SCH0593
INSP00877,1.0,0.0,1.0,0.0,0.0,Nirja Mutti,Toilets locked,2025-04-05,SCH0114
INSP00774,1.0,0.0,1.0,0.0,1.0,Chaaya Bose,Needs repair,2025-10-05,SCH0077
INSP01220,1.0,1.0,1.0,0.0,1.0,Fiyaz Brar,Average,2026-03-15,SCH0068
INSP01127,0.0,0.0,1.0,0.0,1.0,,Good condition,2026-01-26,SCH0283
INSP00005,1.0,1.0,1.0,,0.0,Darpan Dani,Average,2025-06-17,SCH0123
INSP01596,1.0,1.0,0.0,1.0,0.0,Tanmayi Toor,Needs repair,2026-01-28,SCH0199
INSP02312,1.0,1.0,1.0,0.0,1.0,Tanvi Dass,No remarks,2025-07-31,SCH0431
INSP02492,0.0,1.0,0.0,0.0,0.0,Quincy Goel,Average,2025-07-06,SCH0495
INSP01078,1.0,1.0,,0.0,1.0,,Average,2025-12-10,SCH0135
INSP00838,0.0,1.0,0.0,1.0,0.0,Eesha Boase,Average,2025-03-11,SCH0233
INSP00682,1.0,1.0,1.0,0.0,1.0,Samuel Bassi,Needs repair,2025-06-22,SCH0445
INSP01716,1.0,1.0,1.0,1.0,1.0,Urishilla Chandran,Average,2025-04-24,SCH0429
INSP02353,1.0,1.0,1.0,1.0,0.0,Amrita Walla,Average,2025-10-05,SCH0329
INSP02618,0.0,1.0,0.0,1.0,1.0,Vedant Sandhu,Good condition,2025-12-14,SCH0063
INSP02362,1.0,1.0,1.0,1.0,,Harshil Tella,Average,2025-08-11,SCH0366
INSP02198,1.0,1.0,1.0,0.0,0.0,Tarak Palla,,2026-01-22,SCH0586
INSP01149,,1.0,1.0,1.0,1.0,Yachana Nagy,Good condition,2025-10-16,SCH0501
INSP00575,1.0,1.0,0.0,0.0,1.0,Tanay Misra,,2025-03-08,SCH0077
INSP00051,1.0,1.0,1.0,1.0,0.0,Noah Behl,Average,2025-11-01,SCH0243
INSP00854,1.0,1.0,1.0,1.0,0.0,Varenya Raghavan,Average,2026-01-12,SCH0525
INSP01983,0.0,,1.0,1.0,1.0,Ganga Boase,Needs repair,2025-10-15,SCH0101
INSP01824,1.0,1.0,1.0,1.0,0.0,Vivaan Raghavan,Needs repair,2025-03-05,SCH0203
INSP00834,0.0,1.0,1.0,0.0,1.0,,Needs repair,2026-02-23,SCH0566
INSP01116,1.0,1.0,1.0,1.0,0.0,Advika Mitra,No remarks,2025-09-27,SCH0090
INSP01167,1.0,1.0,0.0,1.0,0.0,Neha Singhal,Good condition,2025-10-08,SCH0305
INSP02519,1.0,1.0,1.0,1.0,1.0,,Average,2025-03-04,SCH0379
INSP01907,1.0,,1.0,,,Alka Natt,Needs repair,2025-09-17,SCH0131
INSP00972,0.0,1.0,1.0,1.0,1.0,Yashica Char,Toilets locked,2025-09-29,SCH0581
INSP02702,1.0,1.0,1.0,1.0,1.0,Owen Korpal,Needs repair,2025-11-07,SCH0024
INSP00400,1.0,1.0,1.0,0.0,,Saumya Sangha,Average,2025-05-15,SCH0141
INSP02560,0.0,1.0,1.0,1.0,0.0,,Needs repair,2025-08-24,SCH0570
INSP02369,1.0,1.0,1.0,,1.0,Zaid Mann,Toilets locked,2025-10-14,SCH0401
INSP00020,1.0,1.0,0.0,1.0,1.0,Kashvi Sathe,,2025-05-04,SCH0025
INSP00685,1.0,0.0,1.0,1.0,0.0,Shravya Sami,Good condition,2026-07-03,SCH0389
INSP00036,0.0,1.0,1.0,1.0,1.0,Dev Deshmukh,Good condition,2025-12-24,SCH0125
INSP02972,,1.0,1.0,,0.0,,,2025-11-22,SCH0321
INSP00525,1.0,1.0,1.0,0.0,0.0,Chatura Sur,Needs repair,2025-02-06,SCH0203
INSP02456,1.0,1.0,1.0,1.0,1.0,Nicholas Sachar,No remarks,2026-03-14,SCH0051
INSP00921,1.0,1.0,1.0,0.0,1.0,Anthony Sangha,No remarks,2025-09-23,SCH0037
INSP01842,1.0,1.0,1.0,1.0,0.0,Forum Dugar,Good condition,2026-03-12,SCH0371
INSP01891,,1.0,1.0,1.0,1.0,Om Chaudhuri,No remarks,2026-11-01,SCH0184
INSP00538,1.0,1.0,0.0,0.0,1.0,Rushil Rajagopal,Good condition,2026-03-18,SCH0343
INSP01706,0.0,0.0,1.0,1.0,1.0,Nirja Dugar,No remarks,2025-10-06,SCH0593
INSP00246,1.0,0.0,1.0,1.0,1.0,George Kadakia,,2026-03-10,SCH0196
INSP00785,1.0,1.0,1.0,1.0,0.0,Ekalinga Chauhan,Toilets locked,2026-03-02,SCH0276
INSP01410,1.0,1.0,1.0,0.0,,Xiti Naik,Average,2025-09-19,SCH0076
INSP02538,1.0,1.0,1.0,1.0,1.0,Yasti Dhawan,Good condition,2025-08-04,SCH0308
INSP00155,1.0,1.0,1.0,0.0,,Vincent Toor,No remarks,2025-12-05,SCH0096
INSP01687,0.0,1.0,0.0,1.0,0.0,Lajita Sandal,Good condition,2025-06-18,SCH0444
INSP00626,1.0,0.0,1.0,1.0,1.0,Jhalak Kibe,Toilets locked,2025-09-09,SCH0456
INSP02734,1.0,1.0,,0.0,0.0,Theodore Sarkar,,2025-11-14,SCH0320
INSP01347,1.0,1.0,1.0,0.0,1.0,Jack Dutt,Needs repair,2025-09-29,SCH0505
INSP00570,1.0,0.0,1.0,1.0,,Yadavi Krishnamurthy,Average,2026-03-13,SCH0043
INSP01759,0.0,1.0,1.0,1.0,1.0,,Good condition,2025-10-05,SCH0416
INSP01817,1.0,1.0,1.0,1.0,0.0,Daksh Narasimhan,Toilets locked,2025-06-23,SCH0368
INSP02066,0.0,0.0,1.0,0.0,1.0,Triya Bedi,Good condition,2025-10-16,SCH0151
INSP00128,1.0,0.0,1.0,0.0,1.0,Yashasvi Manda,Average,2025-05-27,SCH0312
INSP02007,1.0,1.0,1.0,,1.0,Darika Atwal,Toilets locked,2025-12-20,SCH0217
INSP00981,1.0,1.0,1.0,1.0,1.0,,Good condition,2026-01-26,SCH0476
INSP00191,1.0,1.0,1.0,,0.0,Maanav Pai,Toilets locked,2026-03-09,SCH0213
INSP01140,0.0,1.0,1.0,1.0,,Theodore Krishnan,Needs repair,2025-07-08,SCH0159
INSP00993,0.0,0.0,1.0,0.0,0.0,Ria Sandhu,No remarks,2025-10-29,SCH0165
INSP00700,1.0,1.0,1.0,1.0,1.0,Hiral Issac,Good condition,2026-08-01,SCH0596
INSP00607,1.0,1.0,1.0,,0.0,Chandran Balay,Good condition,2025-06-07,SCH0321
INSP00181,1.0,1.0,1.0,1.0,0.0,Chameli Kadakia,,2025-05-02,SCH0560
INSP00302,0.0,1.0,1.0,0.0,1.0,Girik Kumer,Toilets locked,2025-12-24,SCH0187
INSP02545,0.0,1.0,1.0,1.0,0.0,,,2025-09-11,SCH0290
INSP02918,1.0,1.0,1.0,,1.0,Omkaar Mody,Toilets locked,2026-07-01,SCH0132
INSP01061,1.0,1.0,1.0,1.0,0.0,Vyanjana Gera,Average,2026-01-21,SCH0078
INSP02962,1.0,1.0,0.0,1.0,0.0,,,2025-07-13,SCH0082
INSP02566,1.0,1.0,0.0,1.0,1.0,Sai Ratti,Toilets locked,2025-10-27,SCH0535
INSP01070,0.0,1.0,0.0,1.0,1.0,Hemal Padmanabhan,,2025-05-19,SCH0265
INSP02525,1.0,1.0,1.0,0.0,0.0,,Needs repair,2026-10-02,SCH0124
INSP02206,0.0,0.0,1.0,0.0,1.0,Amruta Sankaran,Toilets locked,2025-07-08,SCH0541
INSP01244,0.0,1.0,1.0,1.0,,Janani Arora,Good condition,2026-03-16,SCH0382
INSP00017,1.0,1.0,1.0,,1.0,Aadhya Bajwa,,2025-07-13,SCH0453
INSP00547,,1.0,1.0,1.0,1.0,Gagan Shankar,Good condition,2025-12-06,SCH0279
INSP00659,0.0,1.0,1.0,0.0,1.0,,Good condition,2026-04-01,SCH0286
INSP02844,,1.0,1.0,,0.0,Jairaj Bora,Average,2026-02-26,SCH0022
INSP02876,1.0,,,1.0,0.0,Qushi Bal,,2025-09-04,SCH0195
INSP01505,1.0,1.0,1.0,1.0,1.0,Zayan Bhavsar,,2025-05-09,SCH0430
INSP00960,1.0,1.0,1.0,0.0,,Teerth Gole,Needs repair,2025-07-14,SCH0185
INSP02332,1.0,1.0,1.0,0.0,1.0,,No remarks,2025-12-24,SCH0287
INSP00798,1.0,1.0,1.0,0.0,1.0,Harinakshi Modi,Toilets locked,2026-01-14,SCH0593
INSP00226,1.0,0.0,0.0,1.0,0.0,,Toilets locked,2025-08-08,SCH0064
INSP02075,0.0,1.0,1.0,0.0,0.0,,Good condition,2025-04-16,SCH0567
INSP01800,1.0,1.0,1.0,1.0,1.0,Lavanya Varty,No remarks,2025-08-13,SCH0404
INSP02486,1.0,0.0,1.0,0.0,0.0,Ayaan Sabharwal,Average,2025-08-20,SCH0425
INSP02278,,1.0,1.0,1.0,0.0,,Needs repair,2025-12-22,SCH0502
INSP02086,1.0,1.0,1.0,1.0,0.0,Fariq Sekhon,Average,2025-11-10,SCH0161
INSP01694,0.0,0.0,1.0,0.0,0.0,Ekansh Naik,Good condition,2026-03-02,SCH0220
INSP02798,1.0,1.0,1.0,1.0,0.0,Samaksh Munshi,,2025-09-12,SCH0037
INSP01046,1.0,1.0,0.0,1.0,0.0,Kalpit Gandhi,Average,2026-03-04,SCH0052
INSP00470,1.0,1.0,0.0,1.0,,Alka Sule,Good condition,2025-05-08,SCH0462
INSP00955,0.0,1.0,1.0,0.0,1.0,Ati Behl,No remarks,2025-12-12,SCH0116
INSP02736,1.0,1.0,1.0,0.0,0.0,Avni Grewal,,2025-09-11,SCH0228
INSP00640,1.0,1.0,1.0,1.0,,Qabil Balasubramanian,Good condition,2025-10-17,SCH0424
INSP02921,1.0,0.0,,0.0,,Gopal Sibal,Average,2025-10-26,SCH0287
INSP01219,1.0,1.0,1.0,1.0,0.0,Sachi Raju,Toilets locked,2025-01-11,SCH0302
INSP01159,1.0,,1.0,0.0,1.0,Naveen Sabharwal,Average,2026-02-16,SCH0338
INSP01416,1.0,1.0,1.0,1.0,0.0,,No remarks,2025-05-01,SCH0252
INSP02853,1.0,1.0,1.0,1.0,1.0,Zehaan More,Toilets locked,2025-06-13,SCH0544
INSP01528,0.0,1.0,1.0,1.0,1.0,Megha Saini,,2025-11-22,SCH0047
INSP01301,1.0,1.0,1.0,1.0,1.0,,Needs repair,2025-09-24,SCH0118
INSP01604,1.0,1.0,0.0,1.0,0.0,Ikbal Guha,Toilets locked,2025-08-12,SCH0477
INSP00161,0.0,0.0,1.0,1.0,1.0,Advaith Kapur,Toilets locked,2026-03-14,SCH0060
INSP01705,1.0,1.0,0.0,0.0,1.0,,,2025-06-04,SCH0380
INSP00957,0.0,1.0,1.0,1.0,1.0,Isha Patel,Needs repair,2025-08-27,SCH0319
INSP00878,1.0,1.0,,1.0,0.0,Bhavani Sodhi,,2025-07-20,SCH0534
INSP01920,1.0,1.0,1.0,1.0,0.0,Veda Singh,Average,2025-04-04,SCH0293
INSP01885,0.0,1.0,1.0,,0.0,Om Dewan,Toilets locked,2026-12-03,SCH0199
INSP02201,1.0,1.0,1.0,0.0,0.0,Frederick Kohli,,2025-08-24,SCH0059
INSP00099,1.0,1.0,1.0,1.0,0.0,Chandran Savant,Average,2026-03-06,SCH0123
INSP02970,1.0,1.0,1.0,0.0,0.0,Amruta Hari,Good condition,2025-10-23,SCH0522
INSP02558,0.0,1.0,0.0,1.0,0.0,,Toilets locked,2025-10-21,SCH0111
INSP00254,1.0,1.0,1.0,1.0,0.0,Jonathan Pillai,No remarks,2025-02-09,SCH0406
INSP00104,1.0,1.0,1.0,,1.0,Advaith Bhavsar,,2025-07-17,SCH0205
INSP01446,1.0,1.0,1.0,1.0,,Harsh Mall,Good condition,2026-03-25,SCH0539
INSP01444,1.0,1.0,1.0,0.0,0.0,Nakul Saxena,No remarks,2025-04-22,SCH0521
INSP01649,1.0,1.0,1.0,0.0,,Anya Sankaran,Toilets locked,2025-11-14,SCH0082
INSP00587,1.0,1.0,1.0,1.0,0.0,Jagat Patla,Good condition,2025-05-05,SCH0268
INSP00628,1.0,1.0,1.0,1.0,,,Average,2025-06-30,SCH0081
INSP01697,1.0,1.0,0.0,1.0,1.0,Ansh Rout,No remarks,2025-07-27,SCH0449
INSP02102,1.0,1.0,1.0,0.0,0.0,Amruta Patel,Needs repair,2026-03-03,SCH0422
INSP02200,1.0,,1.0,1.0,1.0,Nidra Radhakrishnan,Average,2025-10-28,SCH0476
INSP00404,1.0,1.0,1.0,,1.0,Rayaan Gill,Good condition,2025-07-22,SCH0015
INSP01155,1.0,1.0,0.0,0.0,0.0,Aashi Bajaj,No remarks,2025-10-03,SCH0458
INSP02256,1.0,,1.0,0.0,1.0,,,2025-05-23,SCH0597
INSP02864,1.0,1.0,1.0,0.0,0.0,Zehaan Krishnan,Toilets locked,2025-11-10,SCH0473
INSP01683,0.0,1.0,0.0,1.0,1.0,Daniel Balay,Average,2026-02-20,SCH0152
INSP02057,1.0,1.0,1.0,1.0,0.0,Baljiwan Saxena,Good condition,2025-11-29,SCH0369
INSP00453,,1.0,1.0,1.0,0.0,Bishakha Nagar,No remarks,2025-10-07,SCH0026
INSP02302,1.0,0.0,1.0,1.0,1.0,Amara Mahal,No remarks,2026-02-15,SCH0536
INSP01328,1.0,,1.0,0.0,0.0,Dayita Menon,Toilets locked,2025-04-18,SCH0081
INSP02050,1.0,1.0,1.0,1.0,,Aashi Prashad,Toilets locked,2026-01-07,SCH0280
INSP00881,1.0,1.0,0.0,1.0,0.0,Nandini Tella,Average,2025-05-17,SCH0184
INSP00624,0.0,0.0,,0.0,1.0,Darsh Datta,Average,2025-01-09,SCH0256
INSP02394,1.0,1.0,0.0,,,Laban Luthra,No remarks,2025-08-27,SCH0377
INSP02914,1.0,1.0,1.0,1.0,1.0,Unni Varma,Needs repair,2025-07-09,SCH0543
INSP01788,,1.0,1.0,1.0,1.0,Kai Sankar,No remarks,2025-11-12,SCH0495
INSP00263,0.0,1.0,1.0,0.0,0.0,Keya Randhawa,Needs repair,2025-10-18,SCH0444
INSP01635,1.0,0.0,,1.0,0.0,Vasudha Venkatesh,Average,2025-12-15,SCH0393
INSP01439,1.0,1.0,1.0,1.0,1.0,Ekiya Nayak,,2025-11-29,SCH0577
INSP02199,1.0,1.0,1.0,1.0,1.0,Orinder Dutta,Average,2025-08-13,SCH0383
INSP01970,,1.0,1.0,0.0,0.0,Pavani Gola,Average,2025-08-08,SCH0164
INSP02521,1.0,1.0,1.0,0.0,1.0,,Good condition,2025-12-09,SCH0443
INSP01803,1.0,1.0,1.0,1.0,1.0,Triveni Goel,Needs repair,2026-02-22,SCH0314
INSP00641,1.0,1.0,1.0,,1.0,Devika Kumar,No remarks,2025-07-04,SCH0079
INSP02386,1.0,0.0,1.0,1.0,0.0,,,2025-12-31,SCH0357
INSP02599,,1.0,,1.0,0.0,,,2026-02-20,SCH0191
INSP02973,1.0,1.0,1.0,1.0,0.0,Faqid Parmer,Needs repair,2026-03-03,SCH0028
INSP01960,1.0,0.0,1.0,0.0,1.0,,Good condition,2026-02-28,SCH0240
INSP00489,1.0,1.0,1.0,1.0,0.0,Kavya Gade,Good condition,2026-02-19,SCH0195
INSP01844,1.0,,1.0,,1.0,Harinakshi Gole,Average,2025-12-21,SCH0048
INSP01735,1.0,1.0,1.0,1.0,1.0,Eshana Bhatia,Needs repair,2025-06-19,SCH0107
INSP00147,1.0,1.0,1.0,1.0,1.0,Tejas Hora,Average,2025-07-09,SCH0201
INSP01535,1.0,1.0,1.0,0.0,,Yutika Dugal,Toilets locked,2025-09-06,SCH0247
INSP01987,1.0,1.0,1.0,0.0,0.0,Jai Sarkar,Needs repair,2025-05-12,SCH0274
INSP01370,0.0,0.0,1.0,1.0,1.0,Manan Ravel,No remarks,2026-01-31,SCH0165
INSP02451,1.0,0.0,0.0,0.0,,Maanas Patla,,2025-07-11,SCH0371
INSP02812,0.0,,1.0,0.0,1.0,,,2025-11-14,SCH0371
INSP00660,1.0,0.0,0.0,1.0,,Ranbir Mitra,No remarks,2025-09-01,SCH0055
INSP01795,1.0,1.0,0.0,1.0,1.0,Jacob Gaba,Good condition,2025-04-23,SCH0197
INSP02512,0.0,1.0,0.0,1.0,1.0,,Average,2025-04-03,SCH0096
INSP00187,1.0,1.0,1.0,1.0,1.0,Ganga Murty,No remarks,2025-10-22,SCH0527
INSP01148,1.0,1.0,1.0,1.0,1.0,Darika Sarna,Good condition,2025-09-06,SCH0363
INSP00609,0.0,1.0,1.0,1.0,1.0,Falak Kamdar,,2025-12-05,SCH0593
INSP02192,1.0,1.0,1.0,0.0,0.0,,No remarks,2026-02-27,SCH0231
INSP02800,1.0,1.0,1.0,0.0,1.0,Rajata Salvi,Good condition,2025-05-20,SCH0019
INSP01931,,1.0,1.0,1.0,0.0,Veer Naik,,2025-07-23,SCH0045
INSP00198,1.0,0.0,1.0,1.0,1.0,Gaurika Kaur,Needs repair,2025-12-27,SCH0403
INSP02328,1.0,1.0,1.0,1.0,1.0,Charvi Parmer,Needs repair,2026-03-27,SCH0161
INSP00294,1.0,0.0,1.0,,0.0,Michael Badami,,2026-03-18,SCH0064
INSP00767,1.0,1.0,1.0,1.0,0.0,Devansh Ganesh,Average,2025-08-23,SCH0248
INSP00401,1.0,1.0,0.0,1.0,1.0,Gunbir Sekhon,Average,2025-07-14,SCH0040
INSP00123,1.0,1.0,1.0,,0.0,Pahal Parmar,,2025-09-11,SCH0312
INSP00203,0.0,1.0,1.0,0.0,0.0,Aadhya Sarna,Good condition,2025-07-18,SCH0274
INSP00836,1.0,1.0,1.0,1.0,0.0,Brinda Joshi,Good condition,2026-02-13,SCH0504
INSP02295,0.0,1.0,1.0,,0.0,Yochana Mahal,,2025-09-05,SCH0446
INSP01440,0.0,1.0,1.0,1.0,1.0,Damini Comar,Good condition,2025-11-12,SCH0352
INSP01734,1.0,,1.0,1.0,1.0,Christopher Sharaf,,2025-06-27,SCH0372
INSP01696,1.0,,0.0,1.0,,Pavani Vyas,Toilets locked,2025-10-11,SCH0578
INSP01708,1.0,,0.0,0.0,1.0,Amol Keer,Average,2025-04-16,SCH0037
INSP01154,0.0,1.0,1.0,1.0,0.0,Vincent Modi,Toilets locked,2025-09-12,SCH0503
INSP01662,0.0,0.0,1.0,1.0,1.0,Upma Mammen,Good condition,2025-09-13,SCH0219
INSP02433,0.0,1.0,1.0,1.0,1.0,Harini Dhar,No remarks,2025-08-15,SCH0237
INSP01760,1.0,1.0,1.0,1.0,0.0,Chaaya Garg,Average,2025-02-09,SCH0413
INSP00855,1.0,1.0,1.0,1.0,1.0,Sanya Ganesan,Average,2026-01-26,SCH0431
INSP01590,1.0,1.0,1.0,1.0,1.0,Hardik Mistry,Good condition,2025-12-23,SCH0340
INSP02268,1.0,1.0,1.0,0.0,0.0,Nitesh Bhavsar,No remarks,2025-09-11,SCH0542
INSP00642,1.0,1.0,1.0,1.0,1.0,Kamya Sahota,Average,2025-07-11,SCH0387
INSP00002,1.0,1.0,0.0,,1.0,Charita Rout,Toilets locked,2026-02-26,SCH0529
INSP02161,1.0,0.0,0.0,1.0,0.0,Isha Rattan,Good condition,2025-04-21,SCH0299
INSP00699,1.0,1.0,1.0,1.0,1.0,Mitali Kakar,Average,2025-07-09,SCH0148
INSP01637,1.0,1.0,0.0,,0.0,Chandani Bedi,,2025-07-04,SCH0445
INSP01292,,,1.0,1.0,0.0,Xavier Banerjee,Toilets locked,2026-03-14,SCH0203
INSP02999,0.0,1.0,,1.0,0.0,Harita Deep,Needs repair,2025-12-07,SCH0514
INSP02490,1.0,1.0,0.0,1.0,0.0,Yatin Nayak,,2025-10-06,SCH0527
INSP01521,,1.0,0.0,0.0,0.0,Dalaja Comar,Needs repair,2025-07-02,SCH0515
INSP01854,1.0,1.0,0.0,1.0,1.0,Yasti Savant,Toilets locked,2026-01-31,SCH0201
INSP01137,1.0,1.0,1.0,1.0,1.0,,Toilets locked,2025-11-05,SCH0358
INSP01632,0.0,1.0,1.0,0.0,0.0,Baghyawati Dash,,2025-07-31,SCH0269
INSP01999,1.0,1.0,0.0,1.0,0.0,Oscar Bir,Needs repair,2025-10-11,SCH0558
INSP00664,1.0,0.0,1.0,1.0,0.0,,,2025-09-10,SCH0235
INSP00684,1.0,1.0,1.0,1.0,1.0,Edhitha Palla,Average,2025-08-24,SCH0586
INSP01258,1.0,1.0,1.0,0.0,1.0,Chandani Comar,,2025-05-05,SCH0388
INSP00318,1.0,1.0,1.0,1.0,0.0,Triveni Walla,Needs repair,2025-08-21,SCH0387
INSP00649,1.0,1.0,1.0,1.0,,Kamala Parikh,Needs repair,2025-12-10,SCH0223
INSP01435,1.0,1.0,1.0,1.0,0.0,Harish Shroff,Average,2025-05-05,SCH0545
INSP01480,0.0,1.0,1.0,1.0,1.0,Meghana Sahota,,2025-10-16,SCH0004
INSP00710,1.0,1.0,1.0,1.0,1.0,Chanakya Nayak,Good condition,2025-12-13,SCH0336
INSP01283,0.0,1.0,0.0,1.0,0.0,,Good condition,2025-07-12,SCH0021
INSP01769,1.0,1.0,1.0,,0.0,Yauvani Gulati,Needs repair,2025-07-13,SCH0186
INSP00973,0.0,1.0,1.0,1.0,1.0,Dipta Lad,Toilets locked,2026-03-22,SCH0534
INSP02676,1.0,0.0,0.0,,,Thomas Munshi,Good condition,2025-05-11,SCH0385
INSP02681,1.0,1.0,1.0,1.0,,Qasim Dugar,Good condition,2025-10-19,SCH0557
INSP01307,0.0,1.0,0.0,1.0,,Gauri Chaudhari,Toilets locked,2025-10-12,SCH0534
INSP01401,1.0,0.0,1.0,0.0,1.0,Liam Sandhu,Average,2025-06-18,SCH0519
INSP01409,1.0,1.0,1.0,1.0,1.0,Pahal Pillay,Average,2025-08-07,SCH0110
INSP02238,1.0,1.0,1.0,1.0,0.0,Kamya Tripathi,Toilets locked,2025-07-12,SCH0140
INSP01497,0.0,,1.0,0.0,1.0,Chaaya Lalla,Average,2025-07-31,SCH0535
INSP02039,1.0,1.0,0.0,1.0,1.0,Luke Mann,Good condition,2025-12-27,SCH0024
INSP01530,0.0,1.0,0.0,1.0,1.0,Janya Swaminathan,No remarks,2025-06-05,SCH0182
INSP01664,0.0,1.0,1.0,0.0,1.0,,Good condition,2025-11-30,SCH0076
INSP01355,,1.0,0.0,1.0,,Abhimanyu Gera,Good condition,2026-02-28,SCH0254
INSP01644,1.0,1.0,1.0,1.0,0.0,Ekapad Butala,Average,2026-08-01,SCH0229
INSP01052,1.0,1.0,1.0,0.0,,Avi Borra,Good condition,2025-02-08,SCH0263
INSP00796,1.0,1.0,1.0,,1.0,Harita Prabhu,Good condition,2026-03-25,SCH0552
INSP02694,1.0,0.0,1.0,1.0,0.0,,Needs repair,2026-02-19,SCH0590
INSP01598,1.0,1.0,,1.0,1.0,Tanveer Doctor,Good condition,2025-05-01,SCH0028
INSP02605,0.0,1.0,0.0,1.0,0.0,Zashil Khurana,Toilets locked,2025-08-31,SCH0052
INSP02730,0.0,1.0,0.0,1.0,0.0,Ishanvi Gokhale,No remarks,2026-03-17,SCH0524
INSP02626,1.0,1.0,0.0,,0.0,,,2025-06-18,SCH0050
INSP01820,1.0,0.0,0.0,0.0,0.0,Ekiya Golla,Good condition,2025-07-01,SCH0195
INSP01723,0.0,1.0,0.0,0.0,0.0,Advika Babu,,2026-02-02,SCH0304
INSP01184,1.0,1.0,1.0,1.0,1.0,Aarnav Karan,No remarks,2025-04-08,SCH0073
INSP02573,1.0,1.0,1.0,1.0,0.0,Netra Mahal,Average,2025-10-15,SCH0264
INSP01060,1.0,1.0,0.0,1.0,1.0,Urvashi Mitter,Average,2026-02-15,SCH0598
INSP00541,1.0,1.0,1.0,1.0,1.0,Vasana Hegde,,2025-07-25,SCH0485
INSP01679,1.0,,1.0,1.0,0.0,Mitali Deshmukh,Toilets locked,2025-08-10,SCH0325
INSP02797,1.0,1.0,1.0,,,Vinaya Oommen,No remarks,2025-06-13,SCH0594
INSP02533,1.0,1.0,1.0,1.0,1.0,Ekanta Bhandari,No remarks,2025-12-28,SCH0182
INSP01758,1.0,1.0,1.0,1.0,1.0,Anjali Sani,,2025-07-27,SCH0427
INSP01924,1.0,1.0,1.0,1.0,0.0,Rayaan Lala,No remarks,2025-10-12,SCH0438
INSP00096,1.0,1.0,1.0,0.0,0.0,Vrinda Karnik,,2025-06-13,SCH0244
INSP01021,1.0,1.0,1.0,0.0,1.0,Yoshita Borah,,2025-06-01,SCH0103
INSP00564,0.0,1.0,0.0,,0.0,Jonathan Kanda,Toilets locked,2026-03-12,SCH0182
INSP02791,1.0,,,,1.0,Max Agate,Average,2025-07-02,SCH0056
INSP00864,1.0,1.0,0.0,1.0,0.0,Zashil Srivastava,,2025-05-26,SCH0212
INSP01485,1.0,1.0,0.0,1.0,0.0,,No remarks,2025-09-07,SCH0107
INSP02940,0.0,0.0,1.0,1.0,1.0,Falguni Ganesan,No remarks,2025-08-02,SCH0356
INSP01882,,1.0,0.0,1.0,0.0,Chatresh Muni,Toilets locked,2026-03-23,SCH0223
INSP01039,1.0,0.0,1.0,1.0,0.0,,Toilets locked,2026-01-26,SCH0254
INSP00207,1.0,1.0,1.0,1.0,1.0,Qadim Taneja,No remarks,2025-06-10,SCH0297
INSP00393,1.0,,1.0,1.0,,Abdul Mitter,Needs repair,2025-12-30,SCH0098
INSP02843,0.0,1.0,1.0,1.0,1.0,Chaaya Pall,,2025-04-21,SCH0269
INSP00871,1.0,0.0,,0.0,,Upadhriti Dhar,Average,2025-10-26,SCH0510
INSP00398,1.0,0.0,1.0,,1.0,Ekansh Magar,,2025-11-14,SCH0292
INSP02815,0.0,0.0,1.0,0.0,1.0,Azaan Pingle,Toilets locked,2025-05-15,SCH0173
INSP01029,1.0,0.0,0.0,1.0,1.0,Mitali Sane,Needs repair,2025-05-10,SCH0282
INSP02691,1.0,1.0,1.0,1.0,1.0,Krishna Mukhopadhyay,,2026-01-16,SCH0084
INSP01486,1.0,0.0,1.0,,1.0,Caleb Sha,Needs repair,2026-01-19,SCH0210
INSP02661,1.0,1.0,1.0,0.0,1.0,Netra Tiwari,Needs repair,2025-09-06,SCH0555
INSP00961,1.0,1.0,1.0,0.0,0.0,Aadi Kuruvilla,Toilets locked,2025-04-23,SCH0355
INSP01571,1.0,1.0,1.0,0.0,0.0,Damini Iyengar,Needs repair,2026-02-15,SCH0236
INSP02774,1.0,0.0,0.0,1.0,1.0,,Good condition,2026-03-02,SCH0534
INSP01896,1.0,1.0,1.0,0.0,1.0,Naveen Narain,Needs repair,2025-07-22,SCH0507
INSP02732,0.0,0.0,1.0,1.0,1.0,Dayamai Goyal,Good condition,2026-03-17,SCH0156
INSP02147,1.0,1.0,1.0,1.0,0.0,Ayushman Dixit,No remarks,2025-05-11,SCH0367
INSP00805,,1.0,1.0,1.0,1.0,,Needs repair,2025-11-25,SCH0174
INSP01752,,1.0,,1.0,0.0,Abha Thakur,,2026-01-31,SCH0229
INSP02455,1.0,1.0,1.0,1.0,0.0,,Needs repair,2025-10-27,SCH0439
INSP00503,0.0,1.0,1.0,0.0,0.0,Krishna Dave,Toilets locked,2026-03-21,SCH0389
INSP02978,,1.0,1.0,0.0,0.0,Kamya Goswami,Needs repair,2026-01-29,SCH0039
INSP00780,1.0,0.0,1.0,,1.0,Balveer Sani,Toilets locked,2025-06-06,SCH0295
INSP01864,0.0,1.0,1.0,0.0,0.0,Aditya Ganguly,,2025-05-16,SCH0221
INSP00201,1.0,1.0,1.0,0.0,0.0,,Good condition,2025-05-17,SCH0024
INSP02183,1.0,1.0,,1.0,1.0,Niharika De,Average,2025-05-20,SCH0267
INSP02089,,1.0,0.0,0.0,0.0,Eesha Minhas,,2026-02-19,SCH0557
INSP02279,1.0,1.0,1.0,1.0,,Jonathan Bava,No remarks,2025-07-18,SCH0443
INSP01797,1.0,1.0,1.0,,1.0,Anthony Mani,Good condition,2025-08-19,SCH0267
INSP00379,1.0,0.0,1.0,,0.0,Aarini Nagy,Good condition,2025-09-17,SCH0024
INSP02337,1.0,,1.0,0.0,1.0,Chatresh Datta,,2025-08-01,SCH0355
INSP00419,1.0,1.0,0.0,1.0,1.0,Tanveer Vala,Good condition,2025-07-07,SCH0522
INSP01699,0.0,1.0,0.0,1.0,0.0,,,2025-07-28,SCH0012
INSP00392,1.0,1.0,1.0,,1.0,Orinder Nanda,Needs repair,2025-09-25,SCH0403
INSP02641,0.0,1.0,0.0,0.0,1.0,Baghyawati Johal,Toilets locked,2026-07-03,SCH0233
INSP01523,0.0,1.0,0.0,1.0,0.0,Frado Chandran,Needs repair,2025-10-06,SCH0463
INSP01163,1.0,1.0,1.0,0.0,0.0,Xiti Chandra,Needs repair,2025-10-12,SCH0377
INSP01496,1.0,1.0,1.0,0.0,0.0,Umang Raman,,2025-04-20,SCH0300
INSP02696,1.0,1.0,1.0,0.0,0.0,Saumya Buch,Average,2025-11-14,SCH0159
INSP02028,1.0,1.0,1.0,1.0,1.0,Falak Patil,,2025-09-03,SCH0104
INSP01153,1.0,1.0,1.0,1.0,1.0,Bimala Hayer,Average,2025-10-21,SCH0049
INSP01368,1.0,0.0,1.0,0.0,0.0,Radha Tara,Good condition,2025-05-12,SCH0132
INSP02569,0.0,0.0,1.0,0.0,1.0,Warinder Chatterjee,,2026-03-25,SCH0148
INSP00065,1.0,1.0,1.0,1.0,0.0,Aarna Kala,,2025-11-26,SCH0368
INSP02063,0.0,1.0,1.0,1.0,1.0,Brijesh Sule,Needs repair,2026-02-06,SCH0136
INSP01181,0.0,1.0,0.0,0.0,0.0,Waida Shan,Toilets locked,2025-09-26,SCH0285
INSP00493,1.0,1.0,0.0,1.0,,Daksh Thaker,Needs repair,2026-05-03,SCH0472
INSP00380,1.0,1.0,1.0,1.0,1.0,,Toilets locked,2026-01-22,SCH0578
INSP02236,1.0,1.0,1.0,0.0,0.0,Damyanti Pant,,2026-01-21,SCH0526
INSP00764,0.0,1.0,1.0,1.0,1.0,Girik Sethi,,2025-04-09,SCH0222
INSP02265,1.0,1.0,1.0,1.0,1.0,Mekhala Pingle,,2026-02-06,SCH0420
INSP00792,1.0,1.0,1.0,1.0,1.0,Girish Barad,Average,2025-12-22,SCH0419
INSP01077,1.0,1.0,1.0,1.0,1.0,Jatin Sarma,Toilets locked,2026-02-13,SCH0302
INSP00879,1.0,1.0,1.0,0.0,,Yashodhara Chaudhuri,Good condition,2025-11-11,SCH0588
INSP00338,1.0,0.0,1.0,1.0,1.0,Hredhaan Bumb,Good condition,2026-03-13,SCH0512
INSP02768,1.0,1.0,1.0,1.0,0.0,Alka Srinivasan,No remarks,2026-12-01,SCH0095
INSP02344,1.0,1.0,1.0,1.0,0.0,Nathaniel Kata,Toilets locked,2026-01-03,SCH0343
INSP01017,0.0,0.0,1.0,1.0,0.0,Kala Wason,Good condition,2025-04-06,SCH0331
INSP01276,1.0,1.0,0.0,0.0,0.0,,Good condition,2025-06-14,SCH0343
INSP00456,1.0,1.0,1.0,1.0,1.0,Aahana Contractor,Good condition,2025-04-10,SCH0302
INSP00816,1.0,1.0,1.0,0.0,0.0,Amol Brahmbhatt,Average,2025-06-25,SCH0492
INSP02318,1.0,1.0,,1.0,0.0,Brijesh Pai,Average,2026-03-08,SCH0523
INSP00996,0.0,1.0,0.0,0.0,1.0,Sathvik Pillai,Needs repair,2025-06-23,SCH0389
INSP01982,1.0,1.0,1.0,0.0,1.0,Avi Ratta,No remarks,2025-08-24,SCH0100
INSP00202,0.0,1.0,1.0,0.0,1.0,Upadhriti Bandi,Average,2025-05-27,SCH0045
INSP00162,1.0,1.0,0.0,1.0,0.0,Anmol Nagy,,2025-07-11,SCH0395
INSP01580,1.0,1.0,0.0,0.0,0.0,,Needs repair,2025-11-04,SCH0043
INSP02778,1.0,1.0,1.0,1.0,0.0,Adweta Deep,Toilets locked,2025-12-05,SCH0574
INSP02450,1.0,1.0,1.0,1.0,0.0,,,2025-10-16,SCH0375
INSP00703,1.0,1.0,1.0,1.0,0.0,Indali Mann,Good condition,2025-08-31,SCH0463
INSP01501,1.0,1.0,1.0,0.0,1.0,Ekaja Chhabra,No remarks,2025-05-02,SCH0596
INSP01130,0.0,1.0,1.0,0.0,0.0,Omkaar Bora,Toilets locked,2025-12-28,SCH0411
INSP02614,1.0,1.0,,1.0,1.0,Charles Barad,,2025-07-08,SCH0263
INSP01022,1.0,,1.0,1.0,0.0,Yashawini Mani,Needs repair,2026-04-01,SCH0261
INSP01586,0.0,1.0,1.0,1.0,,Rudra Puri,Toilets locked,2025-05-04,SCH0182
INSP01956,0.0,1.0,1.0,1.0,0.0,Warhi Prasad,Good condition,2025-07-15,SCH0409
INSP02254,1.0,1.0,0.0,1.0,0.0,Triya Oommen,Average,2025-12-31,SCH0528
INSP00035,1.0,1.0,1.0,1.0,0.0,Warhi Gulati,Toilets locked,2025-08-28,SCH0336
INSP00776,,0.0,1.0,1.0,1.0,Jatin Ahluwalia,No remarks,2025-04-07,SCH0091
INSP02557,0.0,1.0,0.0,0.0,1.0,Laksh Khatri,Needs repair,2026-02-06,SCH0078
INSP01479,0.0,1.0,1.0,1.0,1.0,Ekalinga Banerjee,Good condition,2025-01-12,SCH0245
INSP01391,0.0,1.0,,0.0,1.0,Riya Pandey,Average,2025-03-06,SCH0083
INSP02140,1.0,1.0,0.0,1.0,1.0,David Bhardwaj,Good condition,2025-05-15,SCH0450
INSP01364,1.0,1.0,1.0,1.0,1.0,Kalpit Dixit,Needs repair,2025-02-08,SCH0391
INSP02946,1.0,1.0,0.0,0.0,1.0,Ethan Balay,No remarks,2026-02-16,SCH0479
INSP02613,,0.0,1.0,0.0,0.0,,No remarks,2025-04-22,SCH0288
INSP02825,1.0,1.0,1.0,0.0,0.0,Vidhi Borah,,2025-05-18,SCH0563
INSP02042,0.0,0.0,1.0,1.0,1.0,Omya Kurian,Toilets locked,2025-08-23,SCH0255
INSP00242,1.0,1.0,,1.0,1.0,Samaksh Kaul,Needs repair,2025-05-23,SCH0160
INSP02062,1.0,1.0,,1.0,1.0,Panini Mukhopadhyay,,2026-01-08,SCH0366
INSP02364,1.0,1.0,,,1.0,Saumya Dyal,No remarks,2025-07-31,SCH0288
INSP00601,1.0,1.0,0.0,0.0,0.0,Dominic Sehgal,Needs repair,2025-09-27,SCH0260
INSP02436,1.0,0.0,0.0,1.0,0.0,Indira Ganesan,,2025-11-11,SCH0229
INSP01298,0.0,0.0,1.0,,1.0,Mitesh Gokhale,Toilets locked,2025-07-11,SCH0410
INSP02215,0.0,1.0,1.0,0.0,1.0,Vrinda Srinivasan,Toilets locked,2026-01-03,SCH0108
INSP02889,0.0,1.0,1.0,1.0,,Viraj Dua,Average,2025-11-06,SCH0258
INSP02069,,1.0,1.0,0.0,1.0,,No remarks,2026-03-27,SCH0164
INSP00647,1.0,1.0,0.0,0.0,0.0,Akshay Saha,Average,2025-10-06,SCH0385
INSP01529,0.0,1.0,1.0,1.0,0.0,Nikita Pandya,,2025-11-20,SCH0412
INSP02880,1.0,1.0,1.0,0.0,0.0,Anmol Saxena,Toilets locked,2025-07-23,SCH0151
INSP01268,1.0,1.0,0.0,1.0,1.0,Oni Jaggi,Average,2025-05-31,SCH0550
INSP01900,,0.0,1.0,1.0,0.0,Priya Sankar,Good condition,2025-08-10,SCH0293
INSP00563,0.0,0.0,1.0,0.0,0.0,Lohit Uppal,Good condition,2025-08-30,SCH0221
INSP02735,1.0,0.0,1.0,1.0,0.0,Hardik Ray,,2026-02-09,SCH0373
INSP00190,1.0,0.0,1.0,0.0,0.0,Rayaan Hayer,Average,2025-12-17,SCH0053
INSP01807,1.0,1.0,1.0,1.0,0.0,Jhalak Gopal,Needs repair,2026-03-10,SCH0300
INSP00976,1.0,1.0,1.0,1.0,0.0,Umang Dora,Needs repair,2025-04-02,SCH0068
INSP02748,1.0,1.0,1.0,0.0,1.0,Bhavika Balakrishnan,Needs repair,2025-09-04,SCH0562
INSP02048,1.0,1.0,,1.0,1.0,Dhruv Shanker,No remarks,2026-03-03,SCH0142
INSP02559,0.0,1.0,1.0,1.0,1.0,Patrick Tak,No remarks,2026-02-23,SCH0007
INSP01083,1.0,1.0,0.0,,0.0,Inaya Reddy,Toilets locked,2025-12-16,SCH0139
INSP00475,0.0,1.0,1.0,0.0,0.0,Yoshita Parmer,Average,2025-05-01,SCH0196
INSP02905,1.0,1.0,1.0,1.0,0.0,Avi Keer,No remarks,2025-10-11,SCH0086
INSP00748,1.0,1.0,1.0,0.0,1.0,,Needs repair,2025-04-16,SCH0141
INSP02301,0.0,1.0,1.0,1.0,1.0,,Good condition,2025-08-20,SCH0509
INSP00022,1.0,1.0,1.0,1.0,0.0,Aarini Baral,Good condition,2026-02-20,SCH0268
INSP00460,1.0,1.0,1.0,0.0,0.0,Charita Agate,,2025-06-15,SCH0398
INSP01185,,1.0,1.0,,0.0,Ekta Kamdar,Average,2026-02-26,SCH0279
INSP02325,1.0,1.0,0.0,1.0,0.0,Qushi Loyal,Average,2025-09-01,SCH0008
INSP00956,0.0,1.0,1.0,0.0,0.0,Gauri Bali,Toilets locked,2025-06-03,SCH0367
INSP01216,0.0,1.0,1.0,1.0,1.0,Kalpit Varkey,Needs repair,2025-08-13,SCH0040
INSP02434,0.0,1.0,1.0,0.0,0.0,Pahal Shukla,Toilets locked,2025-05-10,SCH0105
INSP02854,1.0,1.0,1.0,0.0,1.0,Tejas Aurora,Needs repair,2025-09-09,SCH0217
INSP01516,0.0,1.0,1.0,1.0,1.0,Dhruv Chander,Toilets locked,2025-05-27,SCH0504
INSP02392,1.0,1.0,1.0,0.0,1.0,Gayathri Panchal,Average,2026-01-07,SCH0224
INSP00770,,,1.0,0.0,0.0,Unnati Ram,Toilets locked,2025-05-12,SCH0349
INSP01686,1.0,1.0,1.0,1.0,0.0,,Average,2025-08-24,SCH0452
INSP00131,1.0,1.0,1.0,1.0,,Kala Dubey,Average,2025-12-08,SCH0169
INSP02920,1.0,1.0,1.0,0.0,1.0,Lakshmi Mangal,Toilets locked,2026-01-31,SCH0315
INSP02136,0.0,1.0,1.0,1.0,1.0,Chaitaly Bhasin,,2026-01-22,SCH0114
INSP01483,1.0,1.0,1.0,1.0,1.0,Yashoda Sehgal,Good condition,2025-07-24,SCH0354
INSP00331,1.0,1.0,1.0,1.0,1.0,Balhaar Chatterjee,Average,2025-12-04,SCH0420
INSP01239,1.0,,1.0,1.0,0.0,Qarin Mukhopadhyay,Needs repair,2025-07-22,SCH0174
INSP00467,1.0,1.0,1.0,1.0,1.0,Leela Bumb,Average,2025-05-05,SCH0438
INSP02170,1.0,1.0,1.0,1.0,0.0,Akshay Muni,,2025-05-16,SCH0490
INSP01639,1.0,1.0,1.0,1.0,0.0,,,2025-09-09,SCH0305
INSP01096,,1.0,1.0,1.0,0.0,Caleb Bhakta,,2025-07-10,SCH0435
INSP01131,1.0,0.0,1.0,1.0,1.0,Chanchal Modi,Good condition,2025-09-08,SCH0035
INSP01295,0.0,1.0,,1.0,1.0,Gaurang Raman,Good condition,2025-09-29,SCH0549
INSP00861,1.0,1.0,,1.0,0.0,,No remarks,2025-11-01,SCH0301
