procurement_id,date,school_id,vendor_name,grain_type,quantity,unit,total_cost,payment_status
MDM008522,2026-01-14,SCH0249,Singh Brothers,Wheat,33.9,KG,336.0,Pending
MDM010158,2025-08-10,SCH0140,Kumar General Store,Wheat,33.9,KG,1794.0,Cleared
MDM007882,2025-11-03,SCH0514,Kumar General Store,oil,33.9,KG,1794.0,Paid
MDM004875,2026-03-19,SCH0445,Sharma Traders,Rice,33.9,KG,1600.0,Due
MDM011422,2025-08-16,SCH0172,Kumar Supplies,Rice,33.9,KG,2104.0,Paid
MDM007746,2025-04-10,SCH0357,Kumar Supplies,Rice,14.9,KG,596.0,Paid
MDM003693,2025-08-05,SCH0267,Sharma Traders,Lentils,33.9,KG,1794.0,Paid
MDM001497,2025-12-09,SCH0210,singh agro,Rice,33.9,KG,644.0,Due
MDM001214,2025-06-25,SCH0301,singh agro,Lentils,14.2,KG,1794.0,Pending
MDM005465,2025-06-14,SCH0233,singh agro,Wheat,33.9,KG,1710.0,Paid
MDM011101,2025-10-10,SCH0283,sharma & sons,atta,33.9,KG,855.0,Pending
MDM011169,2026-11-02,SCH0113,s. agro works,Rice,33.0,KG,1794.0,Due
MDM004084,2025-06-04,SCH0037,Singh Brothers,Wheat,33.9,KG,1188.0,Cleared
MDM008099,2025-08-27,SCH0340,Sharma Traders,Wheat,33.9,KG,645.0,Cleared
MDM009206,2025-08-27,SCH0366,Goyal Rice Mill,Pulses,33.9,KG,2493.0,Paid
MDM002217,2025-10-01,SCH0462,singh agro,Rice,33.9,KG,1800.0,Cleared
MDM001670,2026-03-23,SCH0228,goyal mill,mustard oil,33.9,KG,4440.0,Paid
MDM000813,2025-11-25,SCH0492,Sharma Traders,Wheat,33.9,KG,1344.0,Paid
MDM011888,2026-02-06,SCH0321,sharma & sons,cooking oil,33.9,KG,1794.0,Due
MDM008145,2025-10-03,SCH0462,Goyal Rice Mill,sarson tel,33.9,KG,1794.0,Pending
MDM002981,2025-12-16,SCH0183,Singh Brothers,Lentils,33.9,KG,3159.0,Pending
MDM005964,2026-02-16,SCH0424,s. agro works,Wheat,33.9,KG,1794.0,Pending
MDM007657,2025-10-07,SCH0117,s. agro works,oil,46.6,KG,5592.0,Pending
MDM006963,2025-04-29,SCH0061,kumar & co.,oil,33.9,KG,4272.0,Paid
MDM000742,2026-03-20,SCH0076,s. agro works,Pulses,33.9,KG,3078.0,Paid
MDM005298,2026-03-20,SCH0378,Kumar Supplies,oil,33.9,KG,4920.0,Pending
MDM011357,2026-02-06,SCH0105,kumar & co.,cooking oil,52.2,KG,1794.0,Paid
MDM004065,2025-07-30,SCH0421,Kumar Supplies,Lentils,33.9,KG,4311.0,Pending
MDM010975,2025-04-19,SCH0329,s. agro works,mustard oil,33.9,KG,1794.0,Cleared
MDM002616,2026-02-10,SCH0295,Singh Brothers,Lentils,33.9,KG,1566.0,Paid
MDM009238,2026-02-09,SCH0053,sharma & sons,Rice,31.1,KG,1244.0,Paid
MDM003882,2025-04-25,SCH0426,Goyal Rice Mill,Wheat,33.9,KG,840.0,Paid
MDM005266,2025-04-04,SCH0494,Kumar General Store,cooking oil,33.9,KG,5772.0,Paid
MDM008835,2026-01-21,SCH0113,Sharma Traders,Rice,59.0,KG,2360.0,Pending
MDM011468,2026-03-24,SCH0094,Sharma Traders,Lentils,33.9,KG,2295.0,Due
MDM006795,2026-03-20,SCH0445,s. agro works,Rice,33.9,KG,1794.0,Pending
MDM000829,2025-05-22,SCH0445,Kumar Supplies,Rice,33.9,KG,1688.0,Paid
MDM009677,2026-01-25,SCH0201,Singh Brothers,sarson tel,48.4,KG,1794.0,Paid
MDM004339,2025-05-11,SCH0340,goyal enterprises,oil,33.9,KG,1967.0,Paid
MDM007788,2025-05-06,SCH0018,singh agro,oil,33.9,KG,1794.0,Pending
MDM008820,2026-01-26,SCH0419,goyal enterprises,Wheat,15.8,KG,474.0,Due
MDM001458,2025-12-29,SCH0216,sharma & sons,Wheat,33.9,KG,1794.0,Paid
MDM002665,2025-10-12,SCH0245,Kumar Supplies,sarson tel,33.9,KG,2292.0,Paid
MDM005509,2025-08-03,SCH0023,Kumar Supplies,Lentils,33.9,KG,4608.0,Pending
MDM000750,2025-11-26,SCH0306,Kumar Supplies,Lentils,33.9,KG,3402.0,Paid
MDM006299,2025-11-25,SCH0566,goyal mill,Lentils,33.9,KG,1794.0,Due
MDM006692,2025-07-16,SCH0476,singh agro,oil,33.9,KG,5952.0,Paid
MDM008599,2025-06-29,SCH0259,s. agro works,Lentils,33.9,KG,3159.0,Pending
MDM009422,2026-03-12,SCH0187,goyal enterprises,Pulses,47.3,KG,1794.0,Paid
MDM004886,2025-07-29,SCH0558,Singh Brothers,Wheat,33.9,KG,1329.0,Due
MDM011213,2026-03-19,SCH0058,Singh Brothers,Wheat,55.7,KG,1671.0,Pending
MDM004194,2025-11-29,SCH0292,goyal enterprises,cooking oil,22.8,KG,2736.0,Pending
MDM008415,2026-02-09,SCH0511,kumar & co.,cooking oil,33.9,KG,4704.0,Due
MDM009246,2025-06-11,SCH0342,Sharma Traders,Rice,33.9,KG,820.0,Paid
MDM007888,2025-10-18,SCH0098,Singh Brothers,Wheat,33.9,KG,1794.0,Paid
MDM009609,2025-04-16,SCH0303,goyal mill,mustard oil,33.9,KG,2676.0,Pending
MDM010676,2026-03-30,SCH0496,Kumar General Store,Lentils,33.9,KG,1794.0,Due
MDM011630,2025-10-04,SCH0151,Sharma Traders,cooking oil,33.9,KG,4416.0,Pending
MDM005338,2026-02-25,SCH0547,singh agro,Wheat,44.6,KG,1794.0,Paid
MDM007986,2025-08-26,SCH0040,Kumar Supplies,Wheat,33.9,KG,1794.0,Paid
MDM000294,2026-01-12,SCH0358,kumar & co.,Rice,33.9,KG,1508.0,Paid
MDM011862,2025-04-13,SCH0143,Singh Brothers,mustard oil,33.9,KG,6828.0,Pending
MDM004314,2025-06-01,SCH0552,Sharma Traders,Pulses,33.9,KG,4941.0,Paid
MDM010212,2025-11-29,SCH0356,s. agro works,cooking oil,33.9,KG,1794.0,Pending
MDM004868,2026-01-13,SCH0146,Goyal Rice Mill,Wheat,33.9,KG,522.0,Paid
MDM000312,2026-02-18,SCH0186,s. agro works,Pulses,55.6,KG,5004.0,Paid
MDM003317,2026-01-05,SCH0264,Kumar General Store,Wheat,33.9,KG,1596.0,Paid
MDM003586,2025-04-21,SCH0592,Kumar Supplies,sarson tel,33.9,KG,3816.0,Paid
MDM009379,2025-07-29,SCH0474,singh agro,oil,33.9,KG,4740.0,Paid
MDM000773,2026-02-10,SCH0418,singh agro,oil,33.9,KG,3516.0,Cleared
MDM000928,2026-03-18,SCH0265,Goyal Rice Mill,Rice,33.9,KG,1794.0,Paid
MDM006158,2025-04-05,SCH0306,Sharma Traders,Wheat,33.9,KG,1677.0,Pending
MDM004954,2025-07-24,SCH0454,Goyal Rice Mill,atta,33.9,KG,1566.0,Paid
MDM005023,2025-11-29,SCH0445,kumar & co.,sarson tel,33.9,KG,6804.0,Pending
MDM003892,2025-07-19,SCH0076,Sharma Traders,sarson tel,33.9,KG,1794.0,Pending
MDM011857,2025-10-16,SCH0485,kumar & co.,Pulses,33.9,KG,1350.0,Paid
MDM011989,2025-11-24,SCH0544,Kumar Supplies,mustard oil,33.9,KG,4380.0,Pending
MDM000305,2025-05-01,SCH0405,Singh Brothers,Rice,33.9,KG,1794.0,Paid
MDM005759,2025-06-23,SCH0397,goyal enterprises,Wheat,37.2,KG,1116.0,Cleared
MDM006129,2025-11-24,SCH0561,Kumar General Store,sarson tel,59.7,KG,7164.0,Cleared
MDM000812,2025-05-06,SCH0589,Singh Brothers,Lentils,33.9,KG,3474.0,Paid
MDM004094,2025-10-03,SCH0195,goyal mill,cooking oil,58.4,KG,7008.0,Paid
MDM010724,2025-07-24,SCH0047,s. agro works,Lentils,33.9,KG,1794.0,Pending
MDM003998,2025-07-25,SCH0210,singh agro,Rice,33.9,KG,1794.0,Cleared
MDM000248,2025-05-03,SCH0032,kumar & co.,Pulses,33.9,KG,1794.0,Pending
MDM001618,2026-01-09,SCH0481,Goyal Rice Mill,atta,33.9,KG,945.0,Paid
MDM000201,2025-09-14,SCH0322,Singh Brothers,Wheat,39.3,KG,1794.0,Cleared
MDM004908,2025-05-26,SCH0058,goyal enterprises,Rice,33.9,KG,924.0,Paid
MDM010408,2026-02-20,SCH0167,Goyal Rice Mill,Lentils,33.9,KG,5085.0,Pending
MDM010543,2026-01-24,SCH0383,Kumar Supplies,atta,39.3,KG,1179.0,Paid
MDM004672,2025-05-15,SCH0376,Kumar Supplies,Rice,33.9,KG,960.0,Pending
MDM003488,2026-02-23,SCH0125,Singh Brothers,mustard oil,52.6,KG,6312.0,Due
MDM011677,2025-04-13,SCH0387,Singh Brothers,Lentils,33.9,KG,4779.0,Paid
MDM009892,2026-03-22,SCH0074,singh agro,cooking oil,33.9,KG,6732.0,Paid
MDM009298,2025-05-16,SCH0220,Sharma Traders,sarson tel,33.9,KG,6132.0,Due
MDM005900,2026-01-31,SCH0514,Kumar General Store,Rice,33.9,KG,1794.0,Due
MDM003618,2025-11-18,SCH0304,goyal mill,Lentils,33.9,KG,1794.0,Paid
MDM003932,2026-12-03,SCH0149,kumar & co.,Lentils,33.9,KG,4293.0,Paid
MDM009319,2025-11-22,SCH0253,Kumar General Store,Lentils,13.7,KG,1233.0,Paid
MDM003026,2026-01-16,SCH0271,Sharma Traders,Wheat,33.9,KG,1794.0,Paid
MDM004411,2026-03-26,SCH0567,Kumar Supplies,Lentils,33.9,KG,2853.0,Paid
MDM001189,2025-04-13,SCH0514,sharma & sons,sarson tel,33.9,KG,1794.0,Pending
MDM008016,2025-10-10,SCH0419,kumar & co.,Lentils,33.9,KG,1794.0,Paid
MDM004442,2025-11-04,SCH0554,Goyal Rice Mill,mustard oil,33.9,KG,3600.0,Due
MDM010944,2025-10-15,SCH0446,Kumar Supplies,oil,33.9,KG,1794.0,Paid
MDM002755,2025-05-20,SCH0455,Sharma Traders,Rice,33.9,KG,1928.0,Paid
MDM002953,2026-01-22,SCH0467,goyal mill,Rice,33.9,KG,1794.0,Due
MDM007147,2026-03-06,SCH0001,Kumar General Store,cooking oil,33.9,KG,2352.0,Paid
MDM009076,2025-08-21,SCH0535,goyal mill,Wheat,14.1,KG,1794.0,Due
MDM008395,2025-05-08,SCH0549,kumar & co.,Rice,33.9,KG,1794.0,Pending
MDM006537,2025-08-28,SCH0348,Singh Brothers,Lentils,33.9,KG,2025.0,Paid
MDM010629,2025-06-14,SCH0167,sharma & sons,atta,29.6,KG,1794.0,Paid
MDM003873,2025-11-07,SCH0344,sharma & sons,cooking oil,33.9,KG,1794.0,Pending
MDM000519,2025-07-07,SCH0406,Kumar Supplies,Wheat,33.9,KG,597.0,Pending
MDM002022,2025-05-21,SCH0454,Singh Brothers,sarson tel,33.9,KG,1794.0,Due
MDM005166,2025-12-06,SCH0560,Sharma Traders,Lentils,33.9,KG,3096.0,Due
MDM005701,2025-06-10,SCH0591,Kumar General Store,Rice,42.3,KG,1794.0,Due
MDM001384,2025-11-04,SCH0282,Singh Brothers,Wheat,33.9,KG,1131.0,Paid
MDM008377,2026-02-16,SCH0401,Goyal Rice Mill,Rice,33.9,KG,1794.0,Paid
MDM002302,2025-10-12,SCH0439,Singh Brothers,Rice,52.6,KG,2104.0,Cleared
MDM005009,2025-06-21,SCH0522,Sharma Traders,Rice,33.9,KG,560.0,Pending
MDM007771,2025-09-26,SCH0451,goyal enterprises,Rice,33.9,KG,656.0,Paid
MDM001218,2025-05-05,SCH0524,sharma & sons,Wheat,33.9,KG,978.0,Paid
MDM008084,2026-01-10,SCH0551,goyal mill,Lentils,33.9,KG,1794.0,Paid
MDM001276,2025-10-28,SCH0068,goyal enterprises,mustard oil,33.9,KG,3204.0,Paid
MDM007448,2025-07-15,SCH0497,singh agro,Lentils,33.9,KG,1794.0,Paid
MDM004280,2025-10-09,SCH0253,s. agro works,Wheat,33.9,KG,1794.0,Pending
MDM000971,2026-03-20,SCH0266,goyal mill,cooking oil,33.9,KG,4380.0,Pending
MDM008150,2025-12-16,SCH0511,goyal mill,Pulses,33.9,KG,5058.0,Paid
MDM003838,2026-01-20,SCH0594,kumar & co.,Rice,33.9,KG,1794.0,Pending
MDM008405,2026-02-08,SCH0347,Kumar Supplies,Wheat,27.1,KG,813.0,Paid
MDM003446,2025-09-26,SCH0090,Kumar General Store,Wheat,33.9,KG,1254.0,Pending
MDM004771,2025-07-09,SCH0585,goyal mill,Wheat,33.9,KG,1629.0,Cleared
MDM002629,2025-08-24,SCH0300,Sharma Traders,Wheat,33.9,KG,1794.0,Pending
MDM005768,2025-11-19,SCH0395,Singh Brothers,Pulses,33.9,KG,1794.0,Pending
MDM007446,2025-09-10,SCH0198,goyal mill,Lentils,33.9,KG,3105.0,Pending
MDM010963,2026-01-16,SCH0294,goyal enterprises,Rice,33.9,KG,660.0,Pending
MDM007782,2025-07-08,SCH0170,Kumar General Store,Wheat,31.9,KG,1794.0,Pending
MDM000614,2026-01-22,SCH0291,Kumar General Store,Wheat,24.5,KG,735.0,Due
MDM003814,2026-03-19,SCH0337,kumar & co.,Rice,33.9,KG,1794.0,Paid
MDM005863,2025-08-01,SCH0021,Sharma Traders,cooking oil,33.9,KG,1524.0,Paid
MDM010837,2026-03-04,SCH0550,Goyal Rice Mill,Lentils,33.9,KG,5112.0,Paid
MDM010150,2026-02-22,SCH0184,singh agro,Rice,33.9,KG,564.0,Paid
MDM000430,2025-12-19,SCH0106,kumar & co.,Wheat,33.9,KG,1794.0,Paid
MDM009129,2026-02-19,SCH0452,Goyal Rice Mill,Lentils,34.2,KG,3078.0,Paid
MDM003080,2025-12-20,SCH0381,singh agro,Lentils,38.5,KG,3465.0,Pending
MDM001966,2025-04-16,SCH0588,goyal mill,Rice,33.9,KG,1208.0,Paid
MDM008138,2025-07-25,SCH0228,singh agro,Rice,33.9,KG,1856.0,Pending
MDM006110,2025-05-21,SCH0065,goyal enterprises,Lentils,33.9,KG,2790.0,Pending
MDM001787,2025-08-26,SCH0527,Kumar Supplies,Rice,33.9,KG,860.0,Paid
MDM000397,2025-10-13,SCH0200,goyal mill,oil,33.9,KG,3432.0,Pending
MDM006921,2025-04-26,SCH0083,goyal enterprises,sarson tel,33.9,KG,5964.0,Paid
MDM007202,2025-10-10,SCH0348,singh agro,Rice,33.9,KG,788.0,Paid
MDM006241,2025-10-07,SCH0550,goyal mill,Lentils,33.9,KG,1794.0,Due
MDM007898,2025-09-19,SCH0040,Sharma Traders,Wheat,11.5,KG,345.0,Paid
MDM008742,2025-08-10,SCH0178,Goyal Rice Mill,mustard oil,33.9,KG,1794.0,Pending
MDM011027,2025-08-15,SCH0298,Kumar Supplies,Lentils,33.9,KG,4221.0,Due
MDM000748,2026-03-07,SCH0193,sharma & sons,Lentils,20.2,KG,1794.0,Cleared
MDM004032,2025-05-10,SCH0015,goyal mill,Lentils,33.9,KG,1794.0,Pending
MDM001840,2025-06-20,SCH0253,Kumar Supplies,mustard oil,33.9,KG,1794.0,Due
MDM009241,2025-12-07,SCH0224,singh agro,Rice,25.1,KG,1004.0,Pending
MDM009254,2025-09-24,SCH0232,s. agro works,Lentils,33.9,KG,2772.0,Paid
MDM009913,2025-08-08,SCH0311,goyal enterprises,cooking oil,33.9,KG,1794.0,Pending
MDM003843,2025-02-11,SCH0233,Kumar General Store,mustard oil,33.9,KG,2700.0,Paid
MDM009141,2026-02-20,SCH0379,Goyal Rice Mill,Rice,33.9,KG,1794.0,Paid
MDM005653,2026-02-12,SCH0255,Sharma Traders,Lentils,33.9,KG,2439.0,Pending
MDM011077,2025-09-07,SCH0587,goyal mill,sarson tel,33.9,KG,1794.0,Paid
MDM005528,2025-12-29,SCH0277,Kumar Supplies,Wheat,33.9,KG,1494.0,Pending
MDM011976,2025-10-10,SCH0008,Singh Brothers,Lentils,33.9,KG,1794.0,Paid
MDM002772,2025-08-07,SCH0162,kumar & co.,Pulses,33.9,KG,4923.0,Pending
MDM004388,2025-06-22,SCH0154,s. agro works,Rice,33.9,KG,1056.0,Paid
MDM002902,2026-02-08,SCH0080,singh agro,mustard oil,33.9,KG,2820.0,Paid
MDM002465,2025-07-21,SCH0077,singh agro,Lentils,53.0,KG,1794.0,Pending
MDM007700,2026-02-09,SCH0081,singh agro,oil,33.9,KG,1794.0,Pending
MDM007554,2025-04-27,SCH0542,Kumar Supplies,Wheat,33.9,KG,1794.0,Pending
MDM001374,2026-01-09,SCH0366,s. agro works,mustard oil,33.9,KG,1794.0,Pending
MDM009028,2025-10-15,SCH0356,kumar & co.,cooking oil,33.9,KG,1794.0,Cleared
MDM001154,2026-01-18,SCH0221,Sharma Traders,Lentils,29.5,KG,2655.0,Paid
MDM009025,2026-02-23,SCH0548,s. agro works,Rice,33.9,KG,1080.0,Pending
MDM003205,2025-06-21,SCH0226,Kumar Supplies,mustard oil,33.9,KG,2364.0,Cleared
MDM005008,2025-07-02,SCH0059,Kumar General Store,Rice,33.9,KG,1794.0,Pending
MDM000219,2025-09-26,SCH0517,singh agro,sarson tel,33.9,KG,6948.0,Paid
MDM001143,2026-01-24,SCH0499,s. agro works,Wheat,52.1,KG,1563.0,Paid
MDM007106,2025-05-06,SCH0102,Sharma Traders,Lentils,33.9,KG,1794.0,Pending
MDM011378,2025-08-14,SCH0179,Sharma Traders,sarson tel,33.9,KG,5484.0,Pending
MDM011113,2026-03-16,SCH0443,Singh Brothers,Rice,33.9,KG,1216.0,Paid
MDM009449,2026-03-16,SCH0372,singh agro,Rice,33.9,KG,1794.0,Pending
MDM007601,2026-02-06,SCH0504,sharma & sons,Rice,33.9,KG,1592.0,Cleared
MDM011139,2026-02-18,SCH0020,Sharma Traders,Lentils,33.9,KG,2799.0,Paid
MDM004336,2026-01-11,SCH0079,sharma & sons,Lentils,32.9,KG,1794.0,Due
MDM005400,2025-05-05,SCH0041,goyal mill,oil,33.9,KG,1794.0,Due
MDM010937,2025-07-27,SCH0239,Goyal Rice Mill,Rice,25.3,KG,1794.0,Paid
MDM008996,2025-06-09,SCH0203,Sharma Traders,Wheat,33.9,KG,1794.0,Paid
MDM007616,2025-07-30,SCH0564,goyal enterprises,Lentils,33.9,KG,3105.0,Paid
MDM001714,2026-01-06,SCH0589,Kumar Supplies,Wheat,33.9,KG,1794.0,Paid
MDM008244,2025-09-11,SCH0595,goyal mill,atta,33.9,KG,753.0,Pending
MDM009279,2025-07-26,SCH0384,Singh Brothers,mustard oil,33.9,KG,1794.0,Cleared
MDM002334,2025-12-12,SCH0318,kumar & co.,Lentils,33.9,KG,2466.0,Paid
MDM008876,2025-04-18,SCH0144,s. agro works,Wheat,33.9,KG,510.0,Pending
MDM011298,2025-04-13,SCH0574,sharma & sons,Wheat,33.9,KG,522.0,Pending
MDM006621,2025-07-26,SCH0150,s. agro works,Rice,33.9,KG,1794.0,Cleared
MDM002565,2025-11-10,SCH0259,Singh Brothers,Rice,33.9,KG,1794.0,Paid
MDM010508,2025-04-12,SCH0578,Sharma Traders,oil,33.9,KG,4824.0,Paid
MDM003795,2025-09-05,SCH0595,Goyal Rice Mill,Wheat,33.9,KG,1554.0,Pending
MDM006302,2025-10-29,SCH0225,singh agro,Rice,33.9,KG,1794.0,Paid
MDM010965,2025-06-29,SCH0222,sharma & sons,Rice,33.9,KG,1794.0,Pending
MDM006190,2025-12-27,SCH0155,Kumar General Store,mustard oil,43.2,KG,1794.0,Paid
MDM003753,2025-09-11,SCH0343,Goyal Rice Mill,Rice,33.9,KG,1120.0,Paid
MDM008526,2025-07-26,SCH0327,singh agro,Rice,33.9,KG,1012.0,Paid
MDM006703,2025-12-27,SCH0168,Sharma Traders,Lentils,33.9,KG,4797.0,Paid
MDM004101,2025-08-24,SCH0056,Singh Brothers,sarson tel,33.9,KG,1794.0,Paid
MDM000136,2026-01-13,SCH0206,Sharma Traders,mustard oil,33.9,KG,1794.0,Paid
MDM011912,2025-04-26,SCH0561,Kumar Supplies,Lentils,33.9,KG,4464.0,Cleared
MDM008652,2026-01-24,SCH0496,Sharma Traders,sarson tel,33.9,KG,1272.0,Pending
MDM000980,2025-05-13,SCH0562,Sharma Traders,atta,20.3,KG,1794.0,Paid
MDM002928,2025-08-13,SCH0115,kumar & co.,mustard oil,33.9,KG,6468.0,Pending
MDM000009,2025-09-23,SCH0248,Singh Brothers,Rice,33.9,KG,900.0,Due
MDM003232,2025-04-24,SCH0560,Kumar General Store,Lentils,33.9,KG,4887.0,Pending
MDM008840,2025-09-15,SCH0503,Sharma Traders,Pulses,56.3,KG,5067.0,Pending
MDM000380,2026-01-31,SCH0137,goyal mill,Rice,39.6,KG,1584.0,Pending
MDM002389,2025-07-30,SCH0519,Goyal Rice Mill,Lentils,44.2,KG,1794.0,Due
MDM006673,2026-03-16,SCH0265,Goyal Rice Mill,oil,33.9,KG,1794.0,Pending
MDM007403,2026-03-17,SCH0032,goyal mill,atta,33.9,KG,1794.0,Paid
MDM006560,2025-10-26,SCH0348,goyal enterprises,cooking oil,33.9,KG,1794.0,Paid
MDM007294,2025-04-28,SCH0501,goyal mill,Wheat,33.9,KG,1794.0,Due
MDM010114,2026-01-13,SCH0277,goyal mill,Wheat,33.9,KG,1794.0,Paid
MDM002352,2025-09-13,SCH0427,Singh Brothers,Lentils,33.9,KG,3645.0,Cleared
MDM011134,2025-10-09,SCH0166,s. agro works,Wheat,25.3,KG,1794.0,Pending
MDM000458,2025-11-29,SCH0122,Goyal Rice Mill,Lentils,33.9,KG,3987.0,Paid
MDM007587,2026-03-18,SCH0539,Singh Brothers,Lentils,33.9,KG,4365.0,Paid
MDM011249,2025-06-07,SCH0039,goyal enterprises,Lentils,33.9,KG,1794.0,Due
MDM001040,2025-09-08,SCH0361,Sharma Traders,Rice,32.7,KG,1308.0,Due
MDM003373,2026-01-07,SCH0216,sharma & sons,mustard oil,33.9,KG,1416.0,Paid
MDM004605,2025-08-26,SCH0125,goyal enterprises,Lentils,33.9,KG,1794.0,Due
MDM011853,2025-04-24,SCH0497,Kumar General Store,Rice,33.9,KG,1794.0,Paid
MDM004157,2025-10-10,SCH0453,goyal enterprises,sarson tel,33.9,KG,3060.0,Paid
MDM001044,2026-01-14,SCH0488,Goyal Rice Mill,Wheat,33.9,KG,1794.0,Due
MDM010514,2025-12-10,SCH0319,kumar & co.,Wheat,33.9,KG,1794.0,Paid
MDM000100,2025-08-07,SCH0409,Goyal Rice Mill,sarson tel,33.9,KG,5700.0,Paid
MDM005818,2025-10-21,SCH0295,Goyal Rice Mill,sarson tel,48.2,KG,5784.0,Cleared
MDM011621,2025-12-04,SCH0539,sharma & sons,Lentils,33.9,KG,3447.0,Cleared
MDM006619,2025-07-06,SCH0043,singh agro,Rice,33.9,KG,1084.0,Cleared
MDM002020,2025-11-28,SCH0439,goyal enterprises,Lentils,33.9,KG,1794.0,Paid
MDM010402,2025-07-15,SCH0378,kumar & co.,oil,33.9,KG,5532.0,Paid
MDM009864,2025-10-21,SCH0118,sharma & sons,sarson tel,33.9,KG,4692.0,Pending
MDM008538,2025-05-18,SCH0541,singh agro,Rice,33.9,KG,516.0,Paid
MDM005841,2025-07-25,SCH0468,Sharma Traders,atta,33.9,KG,1359.0,Pending
MDM004025,2025-07-04,SCH0546,Kumar General Store,Lentils,33.9,KG,3843.0,Paid
MDM004554,2025-10-04,SCH0539,kumar & co.,Rice,33.9,KG,1794.0,Paid
MDM007721,2025-09-09,SCH0234,s. agro works,Wheat,33.9,KG,1026.0,Paid
MDM002151,2026-03-27,SCH0019,sharma & sons,Wheat,33.9,KG,1212.0,Paid
MDM004246,2025-12-11,SCH0585,Singh Brothers,Wheat,41.6,KG,1248.0,Paid
MDM009847,2026-01-17,SCH0314,Goyal Rice Mill,Lentils,10.9,KG,1794.0,Due
MDM007175,2025-10-06,SCH0545,Goyal Rice Mill,Rice,36.0,KG,1440.0,Pending
MDM005280,2025-07-02,SCH0457,Sharma Traders,sarson tel,33.9,KG,5088.0,Paid
MDM004499,2025-09-27,SCH0264,Kumar Supplies,Lentils,33.9,KG,3806.0,Cleared
MDM009564,2025-06-12,SCH0227,sharma & sons,cooking oil,15.5,KG,1794.0,Due
MDM006182,2025-11-02,SCH0311,sharma & sons,Rice,33.9,KG,1794.0,Pending
MDM003283,2025-10-29,SCH0323,sharma & sons,atta,33.9,KG,1515.0,Due
MDM011056,2025-10-12,SCH0079,singh agro,Rice,33.9,KG,864.0,Due
MDM006663,2025-11-28,SCH0056,sharma & sons,Rice,33.9,KG,1794.0,Paid
MDM004920,2025-06-16,SCH0431,Kumar Supplies,Wheat,33.9,KG,1548.0,Pending
MDM005991,2025-12-02,SCH0368,singh agro,Rice,33.9,KG,1794.0,Cleared
MDM011229,2025-09-30,SCH0589,Kumar Supplies,Rice,33.9,KG,1684.0,Pending
MDM010619,2025-04-01,SCH0434,sharma & sons,oil,33.9,KG,1794.0,Paid
MDM005782,2026-02-01,SCH0229,goyal mill,cooking oil,33.9,KG,4092.0,Paid
MDM002251,2025-10-15,SCH0357,Singh Brothers,Rice,13.7,KG,548.0,Pending
MDM008442,2025-04-23,SCH0598,goyal mill,sarson tel,33.9,KG,1794.0,Due
MDM007699,2025-07-25,SCH0598,kumar & co.,Wheat,33.9,KG,498.0,Pending
MDM001663,2025-08-01,SCH0404,Singh Brothers,Lentils,38.2,KG,3438.0,Due
MDM001594,2025-10-31,SCH0481,sharma & sons,mustard oil,33.9,KG,2820.0,Paid
MDM002088,2026-02-26,SCH0208,Kumar General Store,Lentils,33.9,KG,2079.0,Cleared
MDM002583,2025-08-14,SCH0364,Singh Brothers,oil,33.9,KG,1794.0,Paid
MDM006674,2025-08-18,SCH0588,Goyal Rice Mill,oil,33.9,KG,1308.0,Cleared
MDM000361,2025-05-21,SCH0203,goyal mill,Pulses,33.9,KG,1044.0,Cleared
MDM006339,2026-03-30,SCH0218,s. agro works,sarson tel,48.1,KG,5772.0,Due
MDM008762,2025-11-19,SCH0597,Kumar Supplies,Rice,44.8,KG,1792.0,Pending
MDM010486,2025-06-23,SCH0197,Sharma Traders,sarson tel,33.9,KG,1794.0,Paid
MDM010641,2025-11-05,SCH0064,sharma & sons,atta,33.9,KG,525.0,Paid
MDM008804,2025-04-26,SCH0423,Singh Brothers,Lentils,33.9,KG,1794.0,Paid
MDM009550,2026-02-03,SCH0345,Kumar General Store,Pulses,33.9,KG,4707.0,Pending
MDM004149,2025-05-19,SCH0553,kumar & co.,Rice,33.9,KG,1732.0,Paid
MDM000034,2025-04-06,SCH0352,sharma & sons,oil,33.9,KG,1794.0,Pending
MDM007697,2025-05-21,SCH0424,Goyal Rice Mill,Lentils,33.9,KG,3951.0,Paid
MDM002311,2026-01-29,SCH0146,goyal enterprises,cooking oil,33.9,KG,1794.0,Due
MDM002143,2025-12-02,SCH0299,kumar & co.,Rice,33.9,KG,1794.0,Pending
MDM009391,2025-02-12,SCH0226,sharma & sons,mustard oil,33.9,KG,1596.0,Pending
MDM011455,2025-09-29,SCH0588,sharma & sons,Wheat,33.9,KG,843.0,Paid
MDM008537,2026-01-13,SCH0572,Kumar General Store,Rice,33.9,KG,2228.0,Pending
MDM000103,2025-06-15,SCH0194,Singh Brothers,sarson tel,15.6,KG,1872.0,Due
MDM003529,2026-01-18,SCH0288,Goyal Rice Mill,Rice,33.9,KG,1794.0,Paid
MDM010480,2025-06-18,SCH0180,goyal enterprises,Wheat,33.9,KG,1794.0,Paid
MDM005848,2026-03-14,SCH0436,Sharma Traders,Lentils,33.9,KG,4176.0,Paid
MDM008575,2025-10-04,SCH0137,Kumar General Store,Wheat,33.9,KG,1263.0,Pending
MDM011890,2025-06-03,SCH0130,Kumar General Store,Lentils,33.9,KG,4338.0,Pending
MDM004491,2025-06-07,SCH0194,Singh Brothers,Lentils,33.9,KG,2015.0,Paid
MDM003147,2026-03-04,SCH0568,goyal mill,Lentils,19.5,KG,1794.0,Pending
MDM007681,2025-04-23,SCH0513,goyal enterprises,Rice,33.9,KG,2076.0,Paid
MDM011079,2025-04-07,SCH0319,Sharma Traders,Wheat,33.9,KG,993.0,Paid
MDM002145,2026-03-15,SCH0428,Sharma Traders,Lentils,33.9,KG,3438.0,Pending
MDM004895,2025-06-27,SCH0257,Sharma Traders,oil,33.9,KG,1794.0,Cleared
MDM001571,2025-08-13,SCH0036,Kumar Supplies,mustard oil,33.9,KG,4536.0,Paid
MDM010336,2025-05-25,SCH0148,Sharma Traders,Rice,33.9,KG,1276.0,Pending
MDM002577,2026-03-31,SCH0189,singh agro,Lentils,33.9,KG,1794.0,Paid
MDM007857,2025-07-10,SCH0297,Kumar General Store,Lentils,33.9,KG,4113.0,Pending
MDM000539,2025-10-10,SCH0160,Sharma Traders,Rice,33.9,KG,2024.0,Pending
MDM002240,2025-04-04,SCH0443,Sharma Traders,Wheat,33.9,KG,1794.0,Paid
MDM002445,2025-12-02,SCH0424,Kumar General Store,Lentils,33.9,KG,5247.0,Paid
MDM010732,2026-02-18,SCH0434,Sharma Traders,sarson tel,33.9,KG,2088.0,Pending
MDM009988,2025-06-28,SCH0544,s. agro works,Lentils,33.9,KG,3618.0,Paid
MDM000938,2025-04-11,SCH0288,Goyal Rice Mill,Lentils,33.9,KG,3870.0,Pending
MDM000840,2025-09-11,SCH0053,Sharma Traders,Rice,33.7,KG,1348.0,Paid
MDM003947,2025-10-24,SCH0447,Kumar General Store,cooking oil,18.6,KG,2232.0,Paid
MDM004439,2025-08-27,SCH0297,Singh Brothers,sarson tel,33.9,KG,1794.0,Paid
MDM010713,2025-09-13,SCH0550,singh agro,Rice,33.9,KG,2268.0,Paid
MDM005380,2025-08-07,SCH0192,s. agro works,Rice,33.9,KG,2364.0,Cleared
MDM004413,2026-02-12,SCH0329,Sharma Traders,sarson tel,33.9,KG,3048.0,Paid
MDM007541,2025-08-02,SCH0413,goyal enterprises,cooking oil,33.9,KG,7080.0,Paid
MDM004784,2026-03-29,SCH0557,goyal mill,Wheat,14.1,KG,423.0,Pending
MDM002304,2025-11-12,SCH0498,Kumar Supplies,oil,33.9,KG,1248.0,Due
MDM010919,2025-05-26,SCH0406,Kumar General Store,Rice,33.9,KG,1220.0,Paid
MDM006225,2026-05-03,SCH0551,goyal mill,Lentils,33.9,KG,1794.0,Cleared
MDM003350,2025-05-17,SCH0522,singh agro,mustard oil,33.9,KG,4368.0,Cleared
MDM004036,2025-09-06,SCH0355,Sharma Traders,Rice,33.9,KG,1676.0,Paid
MDM005485,2025-06-29,SCH0422,goyal enterprises,Pulses,33.9,KG,1794.0,Pending
MDM002983,2025-12-04,SCH0057,s. agro works,atta,16.7,KG,1794.0,Cleared
MDM011729,2026-03-06,SCH0311,s. agro works,Pulses,33.9,KG,4644.0,Due
MDM008789,2026-03-12,SCH0368,goyal enterprises,oil,10.1,KG,1794.0,Due
MDM006065,2026-01-10,SCH0469,kumar & co.,mustard oil,33.9,KG,1956.0,Cleared
MDM011292,2026-03-03,SCH0018,singh agro,cooking oil,33.9,KG,3444.0,Paid
MDM002716,2026-03-30,SCH0094,Kumar Supplies,Wheat,33.9,KG,1359.0,Paid
MDM011275,2025-10-27,SCH0399,goyal enterprises,atta,33.9,KG,1794.0,Paid
MDM011325,2025-04-29,SCH0510,Goyal Rice Mill,mustard oil,33.9,KG,1794.0,Pending
MDM011560,2025-12-11,SCH0037,goyal enterprises,mustard oil,33.9,KG,2856.0,Cleared
MDM001784,2025-04-10,SCH0535,Kumar Supplies,Rice,33.9,KG,1356.0,Paid
MDM000358,2025-10-22,SCH0176,Kumar Supplies,Rice,33.9,KG,2368.0,Pending
MDM009283,2026-02-11,SCH0131,kumar & co.,mustard oil,33.9,KG,5052.0,Paid
MDM003920,2026-03-05,SCH0098,goyal mill,Lentils,33.9,KG,1794.0,Paid
MDM005906,2025-09-18,SCH0406,goyal enterprises,Rice,33.9,KG,1144.0,Paid
MDM007170,2025-11-24,SCH0079,Goyal Rice Mill,Lentils,33.9,KG,1794.0,Due
MDM010409,2026-01-24,SCH0317,Kumar Supplies,Wheat,33.9,KG,1794.0,Due
MDM000725,2025-04-24,SCH0136,sharma & sons,Rice,33.9,KG,2384.0,Cleared
MDM002255,2025-11-14,SCH0192,Goyal Rice Mill,Wheat,33.9,KG,1794.0,Due
MDM000150,2025-05-07,SCH0535,s. agro works,Lentils,33.9,KG,1794.0,Pending
MDM006854,2025-07-21,SCH0386,goyal mill,mustard oil,33.9,KG,1794.0,Paid
MDM004852,2026-03-01,SCH0307,Singh Brothers,sarson tel,19.7,KG,2364.0,Pending
MDM002146,2025-09-02,SCH0549,Singh Brothers,Lentils,33.9,KG,1794.0,Paid
MDM009166,2025-07-13,SCH0421,singh agro,Pulses,33.9,KG,3915.0,Paid
MDM004124,2026-01-05,SCH0177,Kumar Supplies,Wheat,33.9,KG,969.0,Paid
MDM010438,2025-12-26,SCH0482,Sharma Traders,Lentils,33.9,KG,1350.0,Paid
MDM010379,2026-01-10,SCH0554,Sharma Traders,Wheat,33.9,KG,1716.0,Pending
MDM001985,2025-06-28,SCH0004,Kumar General Store,Rice,33.9,KG,1794.0,Pending
MDM011804,2025-07-04,SCH0321,Kumar General Store,Rice,33.9,KG,1794.0,Pending
MDM008252,2025-09-07,SCH0175,kumar & co.,Wheat,33.9,KG,1794.0,Pending
MDM005493,2025-06-13,SCH0567,Kumar General Store,Wheat,24.4,KG,732.0,Paid
MDM008773,2025-04-25,SCH0347,kumar & co.,Rice,33.9,KG,1794.0,Paid
MDM003657,2025-08-27,SCH0315,sharma & sons,oil,33.9,KG,1794.0,Pending
MDM006780,2025-11-10,SCH0349,goyal enterprises,Rice,36.7,KG,1468.0,Due
MDM000334,2025-04-17,SCH0586,s. agro works,mustard oil,33.9,KG,1464.0,Cleared
MDM010159,2026-02-12,SCH0014,sharma & sons,Rice,33.9,KG,1296.0,Pending
MDM005710,2025-08-23,SCH0114,sharma & sons,Rice,33.9,KG,1848.0,Paid
MDM006144,2026-02-04,SCH0365,goyal enterprises,cooking oil,33.9,KG,1794.0,Paid
MDM010070,2025-11-01,SCH0500,Kumar Supplies,oil,33.9,KG,5040.0,Pending
MDM007371,2026-03-22,SCH0384,kumar & co.,Lentils,33.9,KG,2466.0,Paid
MDM001702,2025-11-12,SCH0506,goyal enterprises,sarson tel,33.9,KG,5052.0,Due
MDM008114,2025-06-07,SCH0389,sharma & sons,Rice,33.9,KG,1996.0,Due
MDM003525,2025-08-18,SCH0430,goyal mill,Rice,33.9,KG,560.0,Paid
MDM007338,2025-12-17,SCH0238,Sharma Traders,oil,48.8,KG,5856.0,Cleared
MDM004113,2025-10-15,SCH0412,Singh Brothers,Lentils,33.9,KG,1989.0,Due
MDM001359,2025-08-18,SCH0405,Singh Brothers,Pulses,33.9,KG,4428.0,Paid
MDM002272,2025-09-05,SCH0008,kumar & co.,Rice,59.4,KG,2376.0,Cleared
MDM009273,2026-01-27,SCH0113,Kumar Supplies,Wheat,33.9,KG,1794.0,Pending
MDM005362,2025-08-15,SCH0059,Kumar General Store,Rice,33.9,KG,1794.0,Paid
MDM006836,2026-01-29,SCH0251,singh agro,Lentils,33.9,KG,5067.0,Pending
MDM006748,2026-02-17,SCH0017,Sharma Traders,Rice,33.9,KG,1424.0,Paid
MDM000291,2025-05-24,SCH0386,Kumar General Store,mustard oil,33.9,KG,6864.0,Pending
MDM011802,2025-04-24,SCH0122,Sharma Traders,Rice,33.9,KG,912.0,Paid
MDM001262,2025-10-26,SCH0307,goyal mill,Lentils,33.9,KG,1794.0,Paid
MDM008687,2026-02-18,SCH0349,Sharma Traders,Rice,33.9,KG,1794.0,Due
MDM000968,2025-05-05,SCH0500,sharma & sons,Wheat,58.7,KG,1761.0,Paid
MDM011792,2026-03-07,SCH0439,s. agro works,Rice,33.9,KG,1794.0,Cleared
MDM008465,2025-04-14,SCH0136,Kumar Supplies,sarson tel,33.9,KG,1794.0,Pending
MDM005080,2026-03-09,SCH0506,Sharma Traders,oil,32.9,KG,3948.0,Paid
MDM004418,2026-01-17,SCH0303,Singh Brothers,mustard oil,33.9,KG,1404.0,Pending
MDM005482,2026-02-19,SCH0483,Sharma Traders,Rice,33.9,KG,460.0,Paid
MDM000071,2026-03-01,SCH0410,s. agro works,Rice,33.9,KG,1400.0,Cleared
MDM010191,2025-06-25,SCH0482,Kumar General Store,Lentils,33.9,KG,1998.0,Pending
MDM007357,2026-03-04,SCH0326,Sharma Traders,Wheat,33.9,KG,1599.0,Paid
MDM006827,2026-02-09,SCH0581,goyal mill,cooking oil,59.7,KG,1794.0,Paid
MDM008411,2026-03-09,SCH0432,goyal enterprises,Rice,33.9,KG,1794.0,Paid
MDM009418,2025-05-04,SCH0328,goyal enterprises,Wheat,33.9,KG,339.0,Cleared
MDM001644,2026-02-06,SCH0477,sharma & sons,Lentils,33.9,KG,1863.0,Cleared
MDM002866,2025-05-02,SCH0084,kumar & co.,Wheat,33.9,KG,1116.0,Due
MDM011854,2025-09-07,SCH0190,Kumar Supplies,cooking oil,33.9,KG,3324.0,Pending
MDM003884,2026-02-24,SCH0200,goyal mill,Wheat,49.8,KG,1494.0,Paid
MDM011580,2025-11-14,SCH0202,Kumar General Store,oil,33.9,KG,1656.0,Cleared
MDM001079,2025-09-21,SCH0438,Kumar General Store,cooking oil,33.9,KG,1794.0,Cleared
MDM010357,2025-01-11,SCH0437,Kumar Supplies,atta,33.9,KG,1260.0,Due
MDM003422,2025-11-04,SCH0154,Kumar Supplies,Lentils,33.9,KG,3744.0,Paid
MDM002999,2025-04-19,SCH0546,goyal mill,atta,33.9,KG,957.0,Pending
MDM001158,2025-09-29,SCH0151,goyal mill,oil,33.9,KG,1794.0,Paid
MDM006086,2025-04-18,SCH0027,Singh Brothers,atta,33.9,KG,1794.0,Pending
MDM010799,2025-12-22,SCH0113,s. agro works,Wheat,33.9,KG,1251.0,Paid
MDM001237,2025-08-01,SCH0024,singh agro,sarson tel,33.9,KG,5436.0,Paid
MDM008338,2026-02-05,SCH0082,Sharma Traders,atta,33.9,KG,1794.0,Cleared
MDM002128,2025-07-04,SCH0122,goyal mill,Lentils,33.9,KG,1794.0,Pending
MDM007387,2025-11-10,SCH0302,Singh Brothers,Wheat,33.9,KG,873.0,Pending
MDM009084,2026-03-13,SCH0343,goyal enterprises,sarson tel,33.9,KG,1794.0,Paid
MDM000386,2025-06-10,SCH0390,Goyal Rice Mill,Rice,33.9,KG,1988.0,Pending
MDM004924,2025-11-02,SCH0036,Kumar Supplies,Lentils,33.9,KG,3861.0,Cleared
MDM004342,2025-12-11,SCH0242,sharma & sons,Rice,33.9,KG,2200.0,Pending
MDM005965,2026-01-18,SCH0242,Singh Brothers,Lentils,33.9,KG,4878.0,Pending
MDM004216,2025-06-28,SCH0333,goyal enterprises,Pulses,33.9,KG,4662.0,Paid
MDM007079,2026-03-20,SCH0233,goyal enterprises,Rice,33.9,KG,1620.0,Pending
MDM003194,2025-04-26,SCH0183,Kumar Supplies,Lentils,33.9,KG,1794.0,Paid
MDM003563,2025-10-17,SCH0157,Sharma Traders,Rice,33.9,KG,1794.0,Pending
MDM005027,2025-11-24,SCH0205,Singh Brothers,Lentils,33.9,KG,1794.0,Due
MDM011076,2025-09-20,SCH0348,Kumar General Store,Wheat,33.9,KG,675.0,Paid
MDM007509,2025-09-14,SCH0070,Kumar Supplies,Rice,14.6,KG,584.0,Paid
MDM001431,2026-12-01,SCH0135,sharma & sons,cooking oil,22.1,KG,1794.0,Paid
MDM009569,2026-02-04,SCH0477,Singh Brothers,Rice,33.9,KG,2140.0,Paid
MDM005181,2025-05-10,SCH0084,goyal enterprises,oil,33.9,KG,1794.0,Paid
MDM000048,2025-10-26,SCH0504,Singh Brothers,Lentils,33.9,KG,2115.0,Due
MDM001003,2026-03-23,SCH0551,Singh Brothers,Rice,33.9,KG,2088.0,Pending
MDM007220,2025-04-11,SCH0042,Sharma Traders,sarson tel,33.9,KG,1794.0,Paid
MDM002617,2025-06-09,SCH0325,kumar & co.,Lentils,33.9,KG,4581.0,Cleared
MDM004093,2025-02-09,SCH0409,kumar & co.,Rice,33.9,KG,528.0,Due
MDM010568,2025-09-19,SCH0405,Goyal Rice Mill,Lentils,33.9,KG,1794.0,Cleared
MDM005145,2026-01-12,SCH0276,Goyal Rice Mill,mustard oil,33.9,KG,3396.0,Due
MDM003828,2025-06-13,SCH0237,sharma & sons,atta,33.9,KG,744.0,Paid
MDM000222,2025-10-04,SCH0176,Sharma Traders,Pulses,33.9,KG,1674.0,Paid
MDM000534,2025-05-01,SCH0009,s. agro works,Rice,33.9,KG,1794.0,Paid
MDM003955,2025-10-16,SCH0600,goyal enterprises,Wheat,33.9,KG,1794.0,Pending
MDM009659,2025-07-31,SCH0481,goyal enterprises,cooking oil,20.6,KG,2472.0,Cleared
MDM003234,2025-11-02,SCH0376,goyal mill,mustard oil,33.9,KG,2976.0,Due
MDM000612,2025-10-18,SCH0209,goyal mill,mustard oil,33.9,KG,6840.0,Paid
MDM002520,2025-04-26,SCH0080,Kumar General Store,Wheat,50.8,KG,1524.0,Paid
MDM002341,2025-09-23,SCH0500,Kumar General Store,Wheat,33.9,KG,969.0,Pending
MDM000102,2025-04-04,SCH0316,kumar & co.,Pulses,33.9,KG,3645.0,Cleared
MDM011108,2025-05-21,SCH0323,singh agro,Lentils,33.9,KG,3573.0,Due
MDM008269,2025-06-24,SCH0390,kumar & co.,Wheat,33.9,KG,993.0,Pending
MDM009749,2026-03-21,SCH0396,Singh Brothers,mustard oil,33.9,KG,1794.0,Paid
MDM010640,2026-03-18,SCH0597,s. agro works,cooking oil,33.9,KG,6828.0,Cleared
MDM011340,2025-04-19,SCH0151,sharma & sons,Wheat,33.9,KG,1794.0,Pending
MDM010470,2025-08-27,SCH0576,Kumar Supplies,Rice,33.9,KG,1580.0,Pending
MDM004711,2025-04-26,SCH0306,goyal mill,atta,33.9,KG,1794.0,Paid
MDM002378,2026-08-01,SCH0517,Kumar Supplies,Lentils,33.9,KG,1080.0,Paid
MDM002689,2025-07-28,SCH0394,Kumar Supplies,Wheat,33.9,KG,1578.0,Paid
MDM003974,2025-11-30,SCH0312,Goyal Rice Mill,Rice,33.9,KG,1794.0,Paid
MDM003007,2025-10-02,SCH0502,Singh Brothers,Lentils,33.9,KG,1794.0,Paid
MDM003298,2025-10-15,SCH0525,Sharma Traders,Lentils,53.6,KG,4824.0,Paid
MDM011074,2025-08-05,SCH0120,Goyal Rice Mill,Wheat,33.9,KG,999.0,Cleared
MDM007365,2025-04-19,SCH0133,s. agro works,Lentils,55.0,KG,4950.0,Due
MDM010392,2025-07-07,SCH0048,singh agro,Wheat,33.9,KG,831.0,Paid
MDM005279,2025-04-30,SCH0354,Singh Brothers,mustard oil,38.1,KG,4572.0,Pending
MDM002484,2025-07-19,SCH0016,Kumar Supplies,cooking oil,33.9,KG,2952.0,Cleared
MDM003859,2026-01-17,SCH0383,singh agro,atta,33.9,KG,714.0,Paid
MDM001278,2026-02-02,SCH0440,Singh Brothers,Wheat,33.9,KG,1362.0,Paid
MDM006978,2026-03-09,SCH0210,goyal mill,Lentils,33.9,KG,2529.0,Paid
MDM006926,2025-06-03,SCH0526,s. agro works,Rice,33.9,KG,1612.0,Paid
MDM003112,2026-02-16,SCH0093,kumar & co.,Pulses,33.9,KG,5148.0,Pending
MDM005749,2025-05-20,SCH0024,Kumar Supplies,oil,33.9,KG,1794.0,Due
MDM011536,2025-07-04,SCH0194,s. agro works,atta,33.9,KG,1305.0,Pending
MDM006940,2025-05-09,SCH0169,singh agro,Lentils,33.9,KG,4671.0,Due
MDM006785,2025-08-30,SCH0532,Sharma Traders,Wheat,33.9,KG,1164.0,Paid
MDM010095,2025-12-21,SCH0396,sharma & sons,Wheat,33.9,KG,444.0,Pending
MDM005949,2026-01-08,SCH0301,goyal enterprises,Rice,33.9,KG,1794.0,Paid
MDM006342,2026-03-22,SCH0284,Singh Brothers,Lentils,33.9,KG,1794.0,Paid
MDM002319,2025-11-22,SCH0232,s. agro works,Lentils,33.9,KG,1242.0,Pending
MDM010906,2025-10-23,SCH0368,Singh Brothers,Lentils,33.9,KG,1794.0,Cleared
MDM002993,2025-07-09,SCH0452,goyal mill,atta,33.9,KG,798.0,Pending
MDM011759,2025-04-16,SCH0191,s. agro works,Rice,33.9,KG,1696.0,Cleared
MDM006698,2025-06-10,SCH0323,kumar & co.,Wheat,33.9,KG,1752.0,Due
MDM003820,2026-03-06,SCH0463,goyal enterprises,Wheat,42.2,KG,1266.0,Cleared
MDM007276,2025-11-15,SCH0081,s. agro works,Wheat,33.9,KG,1176.0,Pending
MDM000020,2026-03-28,SCH0320,Kumar General Store,Lentils,33.9,KG,3446.0,Pending
MDM004533,2025-04-20,SCH0600,kumar & co.,Lentils,33.9,KG,5355.0,Paid
MDM005921,2025-04-03,SCH0481,s. agro works,Wheat,20.0,KG,1794.0,Due
MDM007143,2025-07-08,SCH0414,goyal enterprises,Wheat,33.9,KG,1794.0,Pending
MDM005636,2025-07-07,SCH0067,Kumar General Store,Rice,53.2,KG,2128.0,Pending
MDM005071,2026-01-31,SCH0204,Kumar General Store,cooking oil,33.9,KG,5136.0,Pending
MDM005152,2026-01-10,SCH0531,goyal enterprises,Rice,51.2,KG,2048.0,Paid
MDM004112,2026-03-27,SCH0583,kumar & co.,Rice,33.9,KG,500.0,Pending
MDM002667,2025-04-15,SCH0515,goyal enterprises,atta,33.9,KG,1794.0,Pending
MDM010830,2025-06-24,SCH0188,Kumar Supplies,Pulses,33.9,KG,1794.0,Cleared
MDM006707,2025-07-20,SCH0388,goyal mill,Pulses,33.9,KG,3852.0,Cleared
MDM001414,2025-06-23,SCH0426,Sharma Traders,oil,33.9,KG,1794.0,Pending
MDM004404,2025-06-12,SCH0589,Kumar Supplies,Rice,33.9,KG,732.0,Pending
MDM000322,2025-11-08,SCH0182,Kumar General Store,Lentils,33.9,KG,1794.0,Pending
MDM005641,2025-05-10,SCH0167,Sharma Traders,Rice,33.9,KG,1794.0,Cleared
MDM009090,2025-09-04,SCH0180,singh agro,Wheat,33.9,KG,1545.0,Cleared
MDM008103,2025-10-21,SCH0170,Sharma Traders,Wheat,33.9,KG,1794.0,Paid
MDM002070,2025-09-15,SCH0246,Goyal Rice Mill,Pulses,33.9,KG,1332.0,Cleared
MDM004961,2025-01-06,SCH0498,Singh Brothers,sarson tel,33.9,KG,1794.0,Paid
MDM006176,2025-07-07,SCH0458,kumar & co.,Lentils,42.2,KG,3798.0,Paid
MDM008060,2025-09-01,SCH0026,s. agro works,Rice,33.9,KG,1080.0,Pending
MDM010207,2026-02-09,SCH0159,s. agro works,Lentils,33.9,KG,5256.0,Due
MDM004443,2025-04-22,SCH0310,kumar & co.,Wheat,33.9,KG,1794.0,Paid
MDM004891,2025-05-14,SCH0324,goyal mill,Lentils,33.9,KG,1080.0,Paid
MDM002037,2026-03-08,SCH0568,Goyal Rice Mill,Rice,33.9,KG,2260.0,Pending
MDM004203,2025-05-01,SCH0053,s. agro works,cooking oil,33.9,KG,5328.0,Pending
MDM008444,2025-10-17,SCH0191,Sharma Traders,Rice,33.9,KG,1528.0,Paid
MDM005372,2025-11-05,SCH0569,Sharma Traders,Lentils,33.9,KG,1794.0,Pending
MDM000451,2025-10-06,SCH0501,Sharma Traders,Lentils,15.6,KG,1794.0,Paid
MDM011114,2025-11-09,SCH0013,Kumar General Store,Lentils,33.9,KG,1794.0,Paid
MDM010644,2025-08-31,SCH0161,Kumar General Store,Rice,33.9,KG,560.0,Cleared
MDM000264,2025-12-19,SCH0236,Kumar General Store,Rice,33.9,KG,932.0,Cleared
MDM005258,2025-09-01,SCH0281,goyal mill,atta,33.9,KG,816.0,Paid
MDM008618,2025-08-18,SCH0222,s. agro works,Rice,33.9,KG,1668.0,Pending
MDM007094,2026-01-09,SCH0247,kumar & co.,Rice,13.5,KG,540.0,Cleared
MDM009160,2025-11-30,SCH0272,s. agro works,Lentils,33.9,KG,1953.0,Pending
MDM008867,2025-06-29,SCH0078,Singh Brothers,mustard oil,33.9,KG,1794.0,Paid
MDM002451,2025-08-22,SCH0385,goyal enterprises,Wheat,33.9,KG,1242.0,Paid
MDM008186,2025-07-13,SCH0297,kumar & co.,Lentils,33.9,KG,3330.0,Paid
MDM007189,2026-01-09,SCH0392,Kumar Supplies,sarson tel,33.9,KG,5028.0,Paid
MDM000474,2026-03-01,SCH0596,Kumar Supplies,Lentils,33.9,KG,1794.0,Paid
MDM008976,2025-12-26,SCH0022,Singh Brothers,Lentils,33.9,KG,1794.0,Cleared
MDM002914,2025-07-11,SCH0063,Sharma Traders,Rice,33.9,KG,1794.0,Paid
MDM008929,2025-10-24,SCH0158,Sharma Traders,Wheat,33.9,KG,585.0,Paid
MDM001767,2025-07-15,SCH0358,Kumar Supplies,Wheat,54.2,KG,1626.0,Pending
MDM009669,2026-01-26,SCH0158,Sharma Traders,Rice,33.9,KG,1840.0,Paid
MDM005495,2025-12-08,SCH0263,sharma & sons,Lentils,33.9,KG,1794.0,Paid
MDM010418,2025-05-28,SCH0148,s. agro works,mustard oil,33.9,KG,4260.0,Pending
MDM005677,2025-09-28,SCH0364,singh agro,Lentils,33.9,KG,1794.0,Paid
MDM001422,2026-02-03,SCH0369,Goyal Rice Mill,Lentils,33.9,KG,1794.0,Paid
MDM007989,2025-05-14,SCH0391,goyal enterprises,oil,33.9,KG,6276.0,Cleared
MDM011390,2025-04-19,SCH0349,kumar & co.,Rice,33.9,KG,1794.0,Pending
MDM011671,2025-04-08,SCH0053,Kumar General Store,Wheat,33.9,KG,1062.0,Pending
MDM010865,2025-09-09,SCH0199,goyal mill,oil,33.9,KG,4212.0,Paid
MDM008729,2026-03-18,SCH0290,singh agro,Rice,33.9,KG,2204.0,Paid
MDM009600,2025-11-28,SCH0528,kumar & co.,Lentils,33.9,KG,1647.0,Pending
MDM002808,2026-01-09,SCH0579,Sharma Traders,Wheat,19.2,KG,1794.0,Pending
MDM003636,2025-09-26,SCH0407,Kumar Supplies,Rice,33.9,KG,1020.0,Paid
MDM008461,2025-05-08,SCH0585,Sharma Traders,Lentils,33.9,KG,3834.0,Paid
MDM001209,2025-02-08,SCH0248,s. agro works,Rice,33.9,KG,1794.0,Due
MDM011484,2025-07-22,SCH0084,goyal enterprises,Lentils,33.9,KG,1794.0,Paid
MDM008745,2025-10-31,SCH0284,Sharma Traders,oil,33.9,KG,1794.0,Cleared
MDM002120,2025-05-27,SCH0274,sharma & sons,Rice,22.3,KG,892.0,Cleared
MDM006076,2026-02-07,SCH0150,goyal enterprises,cooking oil,33.9,KG,1668.0,Paid
MDM010265,2025-12-10,SCH0072,Kumar General Store,cooking oil,33.9,KG,5148.0,Cleared
MDM009648,2025-07-01,SCH0386,Kumar General Store,Rice,33.9,KG,1272.0,Paid
MDM008160,2025-10-19,SCH0369,goyal enterprises,Rice,33.9,KG,1794.0,Cleared
MDM004337,2025-04-08,SCH0124,Singh Brothers,mustard oil,33.9,KG,2028.0,Paid
MDM008399,2026-01-15,SCH0548,singh agro,mustard oil,33.9,KG,3948.0,Pending
MDM002239,2025-12-18,SCH0515,sharma & sons,Wheat,33.9,KG,1563.0,Paid
MDM001990,2026-01-12,SCH0521,singh agro,Rice,33.9,KG,1794.0,Cleared
MDM007634,2026-01-17,SCH0531,Goyal Rice Mill,Pulses,24.4,KG,2196.0,Cleared
MDM002803,2025-05-02,SCH0176,sharma & sons,atta,33.9,KG,1794.0,Pending
MDM007615,2026-01-24,SCH0574,goyal mill,sarson tel,33.9,KG,3996.0,Pending
MDM002880,2025-09-17,SCH0061,singh agro,Lentils,33.9,KG,1794.0,Paid
MDM008050,2025-05-08,SCH0572,Kumar General Store,Wheat,33.9,KG,1659.0,Pending
MDM008728,2026-02-08,SCH0050,goyal mill,Lentils,33.9,KG,1794.0,Pending
MDM007485,2025-05-18,SCH0558,s. agro works,Wheat,27.3,KG,1794.0,Paid
MDM003895,2025-02-07,SCH0452,Kumar Supplies,Lentils,33.9,KG,972.0,Paid
MDM001434,2026-01-02,SCH0154,singh agro,Rice,39.9,KG,1596.0,Due
MDM002035,2026-03-20,SCH0168,s. agro works,Lentils,33.9,KG,1794.0,Due
MDM000096,2026-01-27,SCH0416,Sharma Traders,Rice,19.1,KG,1794.0,Pending
MDM002686,2025-12-21,SCH0527,Sharma Traders,Lentils,33.9,KG,5355.0,Paid
MDM005897,2025-11-01,SCH0556,Goyal Rice Mill,Lentils,33.9,KG,3393.0,Due
MDM011254,2025-11-14,SCH0019,kumar & co.,oil,33.9,KG,3552.0,Due
MDM003099,2025-06-30,SCH0586,kumar & co.,Pulses,33.9,KG,1530.0,Pending
MDM000060,2025-06-18,SCH0157,Sharma Traders,Rice,33.9,KG,2400.0,Pending
MDM008248,2025-06-17,SCH0558,sharma & sons,Lentils,33.9,KG,1827.0,Cleared
MDM011464,2025-10-31,SCH0383,Kumar General Store,Lentils,33.7,KG,1794.0,Due
MDM003308,2025-10-30,SCH0112,Kumar Supplies,Wheat,33.9,KG,1794.0,Pending
MDM008376,2025-08-20,SCH0054,s. agro works,Lentils,33.9,KG,4329.0,Due
MDM005406,2025-12-23,SCH0465,Sharma Traders,Wheat,33.9,KG,960.0,Paid
MDM003818,2025-04-15,SCH0021,Sharma Traders,Rice,33.9,KG,1092.0,Paid
MDM001965,2025-06-21,SCH0141,goyal enterprises,Lentils,33.9,KG,5310.0,Paid
MDM003786,2025-04-20,SCH0201,sharma & sons,Wheat,33.9,KG,1377.0,Pending
MDM006648,2025-07-24,SCH0187,Kumar General Store,Lentils,33.9,KG,4698.0,Pending
MDM008987,2025-11-20,SCH0422,goyal enterprises,Wheat,33.9,KG,1794.0,Pending
MDM003574,2025-07-07,SCH0498,Sharma Traders,sarson tel,33.9,KG,1794.0,Paid
MDM001924,2026-03-04,SCH0307,goyal mill,cooking oil,33.9,KG,1824.0,Paid
MDM008818,2025-08-27,SCH0325,Sharma Traders,Lentils,33.9,KG,4887.0,Paid
MDM002679,2026-03-08,SCH0498,Kumar Supplies,sarson tel,33.9,KG,3216.0,Pending
MDM006744,2025-08-27,SCH0373,kumar & co.,Pulses,33.9,KG,2529.0,Due
MDM010264,2025-10-26,SCH0444,Sharma Traders,cooking oil,33.9,KG,2460.0,Paid
MDM002974,2025-05-28,SCH0458,Sharma Traders,oil,33.9,KG,1296.0,Paid
MDM001108,2025-06-18,SCH0525,s. agro works,mustard oil,33.9,KG,2988.0,Due
MDM011485,2025-11-14,SCH0123,sharma & sons,Lentils,33.9,KG,1794.0,Paid
MDM010443,2025-08-26,SCH0276,Sharma Traders,Lentils,33.9,KG,1794.0,Pending
MDM005287,2025-10-07,SCH0562,Goyal Rice Mill,Rice,20.7,KG,828.0,Paid
MDM006875,2025-08-20,SCH0587,Singh Brothers,Pulses,46.4,KG,4176.0,Pending
MDM010693,2026-01-23,SCH0019,sharma & sons,cooking oil,33.9,KG,1794.0,Due
MDM006928,2025-12-20,SCH0386,Sharma Traders,Pulses,33.9,KG,1719.0,Paid
MDM003822,2026-01-04,SCH0258,kumar & co.,mustard oil,33.9,KG,6888.0,Paid
MDM000374,2026-02-27,SCH0055,Singh Brothers,Rice,33.9,KG,1794.0,Due
MDM006077,2025-10-15,SCH0023,Sharma Traders,Wheat,33.9,KG,1716.0,Paid
MDM001635,2025-08-09,SCH0555,sharma & sons,Lentils,33.9,KG,1755.0,Pending
MDM003430,2025-05-06,SCH0502,Kumar Supplies,Lentils,33.9,KG,1485.0,Paid
MDM011940,2025-08-31,SCH0248,kumar & co.,Lentils,33.9,KG,1794.0,Paid
MDM007439,2025-09-21,SCH0413,Sharma Traders,Rice,33.9,KG,588.0,Due
MDM001023,2026-03-03,SCH0310,Sharma Traders,mustard oil,33.9,KG,1794.0,Paid
MDM005271,2025-12-17,SCH0372,sharma & sons,sarson tel,33.9,KG,1308.0,Pending
MDM003679,2025-09-21,SCH0032,Sharma Traders,Lentils,33.9,KG,1794.0,Pending
MDM007925,2025-07-05,SCH0462,singh agro,Rice,33.9,KG,2120.0,Pending
MDM006327,2025-05-15,SCH0339,Kumar General Store,Wheat,33.9,KG,660.0,Paid
MDM000745,2025-11-25,SCH0007,Kumar General Store,Rice,33.9,KG,1176.0,Paid
MDM010985,2025-07-31,SCH0463,Kumar General Store,Wheat,28.4,KG,852.0,Paid
MDM004098,2025-07-14,SCH0054,Sharma Traders,Wheat,33.9,KG,1428.0,Pending
MDM003367,2025-07-15,SCH0370,goyal enterprises,Wheat,36.1,KG,1083.0,Pending
MDM008391,2026-02-03,SCH0365,Sharma Traders,Pulses,33.9,KG,2979.0,Paid
MDM004703,2025-07-30,SCH0049,goyal mill,Lentils,33.9,KG,2295.0,Paid
MDM008869,2025-07-12,SCH0136,sharma & sons,Rice,33.9,KG,1794.0,Cleared
MDM001048,2025-10-26,SCH0387,singh agro,Wheat,33.9,KG,1455.0,Due
MDM010948,2025-10-23,SCH0070,goyal mill,sarson tel,33.9,KG,5460.0,Paid
MDM004190,2025-11-10,SCH0385,Sharma Traders,Rice,33.9,KG,996.0,Paid
MDM000896,2026-02-01,SCH0339,sharma & sons,cooking oil,33.9,KG,1812.0,Paid
MDM004405,2026-03-25,SCH0555,kumar & co.,Rice,33.9,KG,1260.0,Paid
MDM008857,2025-07-16,SCH0313,sharma & sons,Pulses,33.9,KG,1827.0,Pending
MDM001400,2026-02-03,SCH0161,goyal mill,Wheat,33.9,KG,1122.0,Due
MDM006770,2025-05-08,SCH0578,Sharma Traders,Rice,33.9,KG,1794.0,Paid
MDM005112,2025-05-17,SCH0398,Singh Brothers,Wheat,33.9,KG,303.0,Paid
MDM001435,2025-08-20,SCH0437,kumar & co.,mustard oil,33.9,KG,5004.0,Due
MDM009975,2026-02-12,SCH0488,kumar & co.,Rice,33.9,KG,1794.0,Paid
MDM003571,2025-12-02,SCH0368,Sharma Traders,Rice,33.9,KG,660.0,Paid
MDM004641,2026-01-21,SCH0496,Sharma Traders,Lentils,33.9,KG,1794.0,Pending
MDM000625,2026-02-16,SCH0374,kumar & co.,sarson tel,33.9,KG,1428.0,Cleared
MDM009969,2025-07-12,SCH0288,singh agro,Wheat,10.4,KG,312.0,Due
MDM001693,2025-04-15,SCH0395,Sharma Traders,Wheat,33.9,KG,429.0,Paid
MDM005588,2025-11-04,SCH0110,Sharma Traders,Lentils,33.9,KG,3834.0,Pending
MDM002733,2025-11-13,SCH0242,Goyal Rice Mill,Wheat,33.9,KG,855.0,Pending
MDM001428,2026-01-29,SCH0157,Kumar Supplies,Rice,33.9,KG,1528.0,Paid
MDM004505,2025-10-02,SCH0392,singh agro,Rice,33.9,KG,1794.0,Due
MDM007622,2025-11-01,SCH0406,Goyal Rice Mill,Wheat,33.9,KG,1794.0,Paid
MDM000120,2025-09-02,SCH0336,kumar & co.,Rice,33.9,KG,1794.0,Paid
MDM002391,2025-08-09,SCH0199,singh agro,Rice,33.9,KG,1794.0,Pending
MDM007055,2025-10-05,SCH0593,sharma & sons,Rice,33.9,KG,1794.0,Due
MDM010341,2025-06-04,SCH0335,goyal mill,Lentils,41.6,KG,3744.0,Cleared
MDM002418,2026-06-02,SCH0438,goyal mill,Wheat,33.9,KG,1719.0,Due
MDM011106,2026-03-12,SCH0431,Sharma Traders,oil,33.9,KG,3924.0,Paid
MDM010588,2026-02-16,SCH0281,singh agro,Lentils,33.9,KG,3006.0,Due
MDM003239,2025-08-13,SCH0496,Sharma Traders,Wheat,38.4,KG,1152.0,Due
MDM005688,2025-05-13,SCH0037,Sharma Traders,cooking oil,33.9,KG,3984.0,Due
MDM005844,2025-12-30,SCH0540,Kumar Supplies,Rice,33.9,KG,1812.0,Paid
MDM011040,2025-07-29,SCH0148,Kumar Supplies,Rice,33.9,KG,1416.0,Pending
MDM005364,2025-08-03,SCH0572,Kumar Supplies,Lentils,33.9,KG,4851.0,Cleared
MDM011216,2025-10-20,SCH0575,Goyal Rice Mill,Rice,33.9,KG,1816.0,Cleared
MDM004823,2025-12-07,SCH0372,s. agro works,Lentils,33.9,KG,1794.0,Pending
MDM002541,2025-04-22,SCH0251,kumar & co.,oil,33.9,KG,1794.0,Pending
MDM008299,2025-08-02,SCH0226,s. agro works,Wheat,33.9,KG,1623.0,Paid
MDM005035,2025-07-06,SCH0311,Singh Brothers,Lentils,33.9,KG,1188.0,Paid
MDM001531,2026-03-07,SCH0273,kumar & co.,Wheat,33.9,KG,810.0,Cleared
MDM002639,2025-09-16,SCH0050,s. agro works,Wheat,33.9,KG,1680.0,Pending
MDM009022,2025-12-25,SCH0523,Kumar Supplies,Rice,33.9,KG,2356.0,Paid
MDM006947,2025-08-17,SCH0027,s. agro works,oil,33.9,KG,5772.0,Paid
MDM001942,2025-10-13,SCH0414,Singh Brothers,Wheat,33.9,KG,1794.0,Paid
MDM004848,2025-08-28,SCH0259,goyal enterprises,Wheat,33.9,KG,1794.0,Due
MDM004768,2025-11-11,SCH0437,singh agro,oil,33.9,KG,2376.0,Paid
MDM007114,2025-10-13,SCH0206,Sharma Traders,Lentils,33.9,KG,3177.0,Paid
MDM001054,2026-02-13,SCH0122,kumar & co.,sarson tel,33.9,KG,3312.0,Due
MDM001946,2025-06-05,SCH0379,goyal mill,Lentils,33.9,KG,1794.0,Paid
MDM011967,2025-11-03,SCH0335,goyal mill,Wheat,33.9,KG,1794.0,Paid
MDM011245,2026-01-13,SCH0386,sharma & sons,Lentils,33.9,KG,5166.0,Due
MDM011102,2025-11-18,SCH0037,Kumar Supplies,Rice,33.9,KG,1794.0,Paid
MDM005698,2026-01-26,SCH0110,goyal mill,Rice,33.9,KG,2012.0,Paid
MDM003089,2025-04-14,SCH0404,Kumar Supplies,Lentils,33.9,KG,1359.0,Paid
MDM001651,2026-03-08,SCH0268,kumar & co.,mustard oil,33.9,KG,1794.0,Paid
MDM010342,2026-01-24,SCH0251,Sharma Traders,Lentils,33.9,KG,1071.0,Paid
MDM007459,2025-03-09,SCH0234,kumar & co.,Lentils,33.9,KG,1794.0,Pending
MDM005779,2025-11-07,SCH0211,Sharma Traders,Lentils,33.9,KG,1773.0,Paid
MDM001796,2025-07-09,SCH0392,goyal mill,Rice,33.9,KG,2236.0,Due
MDM002472,2025-08-23,SCH0532,Singh Brothers,Lentils,33.9,KG,2466.0,Due
MDM004683,2025-06-14,SCH0066,goyal mill,Rice,33.9,KG,2028.0,Paid
MDM005265,2026-01-21,SCH0280,goyal enterprises,Lentils,33.9,KG,1794.0,Cleared
MDM007310,2025-05-10,SCH0262,Singh Brothers,oil,33.9,KG,2760.0,Due
MDM009020,2025-08-27,SCH0534,goyal mill,Wheat,33.9,KG,1302.0,Paid
MDM000425,2025-07-30,SCH0588,Sharma Traders,oil,33.9,KG,4356.0,Pending
MDM000555,2026-01-15,SCH0083,Sharma Traders,Lentils,33.9,KG,1794.0,Paid
MDM005217,2025-09-26,SCH0326,s. agro works,Wheat,57.5,KG,1725.0,Cleared
MDM009807,2025-10-06,SCH0257,singh agro,Lentils,33.9,KG,1794.0,Due
MDM000488,2026-03-10,SCH0411,sharma & sons,cooking oil,33.9,KG,5004.0,Paid
MDM005602,2025-06-17,SCH0422,Sharma Traders,cooking oil,33.9,KG,1794.0,Due
MDM003438,2025-12-19,SCH0449,Kumar General Store,Rice,33.9,KG,1794.0,Paid
MDM003209,2025-11-22,SCH0485,Singh Brothers,mustard oil,15.3,KG,1794.0,Paid
MDM003690,2025-12-30,SCH0328,s. agro works,oil,51.4,KG,6168.0,Pending
MDM006968,2025-09-26,SCH0056,singh agro,Rice,33.9,KG,1840.0,Cleared
MDM002367,2025-04-28,SCH0074,goyal enterprises,Lentils,32.3,KG,2907.0,Paid
MDM010630,2026-03-26,SCH0252,Goyal Rice Mill,Wheat,33.9,KG,642.0,Paid
MDM003313,2025-05-23,SCH0518,Goyal Rice Mill,Rice,33.9,KG,2288.0,Paid
MDM007461,2025-12-07,SCH0059,Goyal Rice Mill,cooking oil,33.9,KG,6696.0,Due
MDM000469,2026-01-31,SCH0393,goyal enterprises,Rice,33.9,KG,1794.0,Paid
MDM007301,2025-06-29,SCH0137,singh agro,Rice,33.9,KG,1524.0,Paid
MDM004338,2025-04-04,SCH0077,Sharma Traders,Rice,33.9,KG,1676.0,Pending
MDM004707,2026-03-18,SCH0276,Sharma Traders,Wheat,33.9,KG,660.0,Cleared
MDM011420,2025-10-13,SCH0474,singh agro,atta,50.8,KG,1524.0,Pending
MDM004421,2025-08-04,SCH0540,sharma & sons,Rice,30.2,KG,1208.0,Paid
MDM011028,2025-06-07,SCH0591,Sharma Traders,Rice,33.9,KG,1604.0,Pending
MDM001563,2025-12-05,SCH0248,goyal enterprises,Lentils,33.9,KG,1404.0,Pending
MDM004484,2025-12-31,SCH0271,singh agro,oil,23.3,KG,1794.0,Paid
MDM005944,2026-03-11,SCH0144,kumar & co.,Wheat,20.5,KG,1794.0,Cleared
MDM004097,2025-11-21,SCH0494,kumar & co.,Rice,31.5,KG,1260.0,Paid
MDM001740,2025-11-07,SCH0476,singh agro,Rice,33.9,KG,828.0,Cleared
MDM006207,2025-11-20,SCH0339,kumar & co.,Wheat,33.9,KG,1794.0,Paid
MDM002632,2025-06-14,SCH0204,s. agro works,Wheat,33.9,KG,1059.0,Pending
MDM008582,2026-01-21,SCH0548,Singh Brothers,mustard oil,33.9,KG,4260.0,Pending
MDM002175,2025-12-14,SCH0165,singh agro,Rice,33.9,KG,744.0,Paid
MDM000178,2025-06-28,SCH0471,Sharma Traders,Pulses,33.9,KG,1638.0,Pending
MDM003708,2025-07-17,SCH0002,Sharma Traders,Wheat,33.9,KG,1251.0,Paid
MDM005024,2025-04-05,SCH0074,Kumar Supplies,mustard oil,33.9,KG,1608.0,Cleared
MDM007664,2025-10-03,SCH0537,sharma & sons,Lentils,33.9,KG,4752.0,Paid
MDM006863,2025-10-13,SCH0192,goyal mill,Rice,33.9,KG,1794.0,Paid
MDM002129,2026-01-10,SCH0358,goyal enterprises,Wheat,33.9,KG,1794.0,Paid
MDM007707,2026-01-08,SCH0008,Goyal Rice Mill,Lentils,33.9,KG,1794.0,Pending
MDM009630,2026-03-03,SCH0413,Goyal Rice Mill,Wheat,41.0,KG,1794.0,Paid
MDM005895,2026-01-16,SCH0208,Kumar Supplies,Wheat,33.9,KG,624.0,Due
MDM008588,2025-05-11,SCH0595,s. agro works,atta,23.6,KG,708.0,Paid
MDM005062,2025-07-22,SCH0364,Kumar Supplies,Wheat,31.3,KG,939.0,Cleared
MDM000246,2025-05-13,SCH0529,Sharma Traders,Lentils,33.9,KG,5067.0,Pending
MDM009700,2025-04-10,SCH0597,Singh Brothers,Lentils,33.9,KG,3186.0,Paid
MDM003287,2025-08-22,SCH0285,goyal enterprises,cooking oil,33.9,KG,1794.0,Paid
MDM002969,2026-03-24,SCH0245,sharma & sons,sarson tel,42.3,KG,1794.0,Paid
MDM006831,2025-11-27,SCH0464,goyal enterprises,Rice,33.9,KG,920.0,Pending
MDM005962,2025-06-30,SCH0308,Singh Brothers,Wheat,33.9,KG,1794.0,Pending
MDM009328,2025-08-23,SCH0276,goyal mill,Wheat,10.7,KG,1794.0,Pending
MDM001492,2026-03-02,SCH0052,kumar & co.,Wheat,33.9,KG,1092.0,Paid
MDM006085,2025-07-24,SCH0386,Goyal Rice Mill,Rice,33.9,KG,1794.0,Due
MDM001283,2025-11-01,SCH0326,singh agro,cooking oil,33.9,KG,4884.0,Paid
MDM005525,2025-05-22,SCH0106,Kumar Supplies,Lentils,43.8,KG,3942.0,Paid
MDM000674,2025-09-24,SCH0484,s. agro works,Wheat,33.9,KG,1794.0,Pending
MDM008030,2026-03-17,SCH0586,kumar & co.,Wheat,33.9,KG,1563.0,Paid
MDM001698,2026-03-08,SCH0068,goyal mill,sarson tel,33.9,KG,5040.0,Pending
MDM005825,2025-11-14,SCH0102,sharma & sons,Wheat,33.9,KG,1794.0,Pending
MDM005598,2026-03-23,SCH0304,sharma & sons,Wheat,20.9,KG,1794.0,Pending
MDM007559,2026-03-22,SCH0087,s. agro works,Wheat,33.9,KG,1548.0,Cleared
MDM003448,2025-01-04,SCH0485,Sharma Traders,Lentils,33.9,KG,3546.0,Paid
MDM004119,2025-10-17,SCH0025,kumar & co.,Lentils,33.9,KG,2106.0,Due
MDM008198,2025-01-09,SCH0037,singh agro,sarson tel,33.9,KG,1794.0,Paid
MDM009894,2025-07-18,SCH0110,Sharma Traders,atta,33.9,KG,1794.0,Pending
MDM005381,2025-08-15,SCH0417,Kumar Supplies,atta,33.9,KG,552.0,Cleared
MDM000462,2025-06-11,SCH0098,kumar & co.,Rice,38.6,KG,1544.0,Paid
MDM002010,2025-10-14,SCH0583,goyal mill,cooking oil,26.7,KG,3204.0,Paid
MDM003376,2025-12-23,SCH0171,goyal enterprises,Rice,42.5,KG,1700.0,Paid
MDM001324,2025-01-05,SCH0447,kumar & co.,Rice,33.9,KG,2296.0,Due
MDM004090,2025-06-09,SCH0064,goyal mill,Wheat,33.9,KG,723.0,Due
MDM001176,2026-01-26,SCH0014,Kumar General Store,mustard oil,33.9,KG,5280.0,Cleared
MDM001179,2025-04-18,SCH0377,singh agro,atta,33.9,KG,387.0,Due
MDM010271,2025-11-19,SCH0081,Kumar Supplies,Wheat,33.9,KG,1776.0,Paid
MDM010157,2025-07-25,SCH0446,Kumar General Store,oil,33.9,KG,1794.0,Paid
MDM000015,2026-02-05,SCH0412,singh agro,oil,33.9,KG,2592.0,Due
MDM008507,2025-03-10,SCH0088,singh agro,Rice,33.9,KG,1208.0,Pending
MDM003743,2026-03-28,SCH0402,kumar & co.,Rice,52.7,KG,2108.0,Paid
MDM008359,2025-10-30,SCH0090,Kumar Supplies,sarson tel,33.9,KG,5820.0,Paid
MDM010204,2025-09-18,SCH0423,Kumar Supplies,Wheat,33.9,KG,1596.0,Paid
MDM001744,2025-04-21,SCH0503,Sharma Traders,cooking oil,33.9,KG,3312.0,Paid
MDM003131,2026-03-14,SCH0101,singh agro,cooking oil,33.9,KG,2328.0,Paid
MDM001069,2025-01-08,SCH0097,Kumar General Store,mustard oil,33.9,KG,1644.0,Paid
MDM001370,2025-12-22,SCH0335,goyal mill,oil,33.9,KG,5952.0,Pending
MDM001884,2025-05-05,SCH0151,Kumar Supplies,cooking oil,33.9,KG,1794.0,Paid
MDM005050,2025-06-23,SCH0402,sharma & sons,Wheat,33.9,KG,1794.0,Cleared
MDM005355,2025-04-26,SCH0593,Singh Brothers,Wheat,33.9,KG,1794.0,Cleared
MDM009097,2026-10-01,SCH0118,goyal mill,Wheat,54.8,KG,1644.0,Due
MDM005806,2025-05-18,SCH0112,Kumar General Store,Pulses,33.9,KG,5058.0,Paid
MDM008311,2025-11-03,SCH0551,Goyal Rice Mill,mustard oil,33.9,KG,6072.0,Paid
MDM004666,2025-11-21,SCH0534,Sharma Traders,Wheat,33.9,KG,1794.0,Pending
MDM005864,2025-08-26,SCH0273,goyal enterprises,Pulses,24.7,KG,2223.0,Paid
MDM008349,2025-10-31,SCH0037,goyal enterprises,oil,33.9,KG,1794.0,Pending
MDM011203,2025-05-04,SCH0286,singh agro,Wheat,33.9,KG,1794.0,Paid
MDM007307,2025-09-18,SCH0341,Kumar General Store,Wheat,33.9,KG,1308.0,Paid
MDM002289,2025-06-05,SCH0293,Sharma Traders,cooking oil,48.7,KG,5844.0,Paid
MDM002125,2026-02-20,SCH0524,goyal enterprises,Rice,33.9,KG,1240.0,Paid
MDM005370,2025-05-19,SCH0084,Kumar Supplies,Rice,33.9,KG,1972.0,Due
MDM009291,2026-03-02,SCH0233,Singh Brothers,mustard oil,33.9,KG,1428.0,Paid
MDM005336,2026-02-22,SCH0259,Kumar General Store,mustard oil,33.9,KG,3096.0,Due
MDM002413,2026-03-23,SCH0046,Kumar General Store,cooking oil,39.1,KG,1794.0,Paid
MDM002849,2025-05-25,SCH0500,goyal enterprises,Wheat,33.9,KG,1740.0,Paid
MDM007494,2025-11-11,SCH0328,singh agro,Lentils,33.9,KG,2826.0,Cleared
MDM002702,2025-12-22,SCH0280,Sharma Traders,sarson tel,33.9,KG,1800.0,Paid
MDM006450,2025-10-05,SCH0004,goyal mill,Lentils,33.9,KG,1026.0,Due
MDM002237,2025-06-25,SCH0174,Sharma Traders,Lentils,56.0,KG,5040.0,Pending
MDM011678,2025-11-13,SCH0087,Goyal Rice Mill,Wheat,47.7,KG,1431.0,Paid
MDM006671,2025-05-29,SCH0369,sharma & sons,Rice,33.9,KG,1108.0,Paid
MDM005479,2025-05-06,SCH0156,Sharma Traders,Lentils,33.9,KG,1794.0,Pending
MDM000215,2025-07-07,SCH0064,Kumar Supplies,Wheat,33.9,KG,1356.0,Pending
MDM003345,2025-06-10,SCH0267,singh agro,Wheat,33.9,KG,1794.0,Pending
MDM006735,2025-10-28,SCH0179,Sharma Traders,sarson tel,33.9,KG,1794.0,Paid
MDM010667,2025-07-06,SCH0129,goyal enterprises,Wheat,33.9,KG,1086.0,Paid
MDM007119,2025-05-26,SCH0552,sharma & sons,Rice,31.7,KG,1268.0,Paid
MDM002349,2026-01-01,SCH0544,Sharma Traders,oil,33.9,KG,1794.0,Paid
MDM005000,2025-07-09,SCH0151,Kumar General Store,Rice,33.9,KG,1780.0,Pending
MDM009408,2025-06-13,SCH0319,goyal mill,oil,33.9,KG,3684.0,Pending
MDM003489,2025-10-04,SCH0185,Sharma Traders,sarson tel,33.9,KG,4692.0,Pending
MDM006192,2025-02-07,SCH0358,Singh Brothers,Lentils,33.9,KG,1794.0,Paid
MDM008457,2025-05-02,SCH0457,goyal enterprises,Wheat,33.9,KG,570.0,Pending
MDM005712,2026-01-22,SCH0256,s. agro works,Rice,33.9,KG,1824.0,Paid
MDM002610,2025-12-31,SCH0430,Kumar General Store,Rice,33.9,KG,1268.0,Due
MDM009058,2025-11-12,SCH0365,Sharma Traders,atta,33.9,KG,1101.0,Pending
MDM003596,2025-09-02,SCH0321,Kumar General Store,mustard oil,33.9,KG,5508.0,Cleared
MDM011702,2026-02-16,SCH0166,goyal mill,Rice,33.9,KG,2212.0,Cleared
MDM003992,2025-10-28,SCH0415,sharma & sons,Lentils,40.2,KG,1794.0,Pending
MDM004460,2026-03-09,SCH0470,s. agro works,Lentils,33.9,KG,4176.0,Paid
MDM009454,2026-03-07,SCH0577,s. agro works,Wheat,33.9,KG,315.0,Pending
MDM001347,2025-04-12,SCH0101,Kumar Supplies,Rice,33.9,KG,1794.0,Paid
MDM006606,2026-01-28,SCH0336,singh agro,Wheat,33.9,KG,837.0,Paid
MDM002110,2025-09-27,SCH0520,Kumar Supplies,oil,33.9,KG,5712.0,Due
MDM010792,2026-01-07,SCH0543,Kumar Supplies,cooking oil,33.9,KG,1794.0,Paid
MDM001086,2025-12-08,SCH0322,goyal mill,Rice,33.9,KG,1340.0,Due
MDM000648,2025-05-28,SCH0316,s. agro works,Lentils,33.9,KG,5391.0,Cleared
MDM011513,2025-08-15,SCH0121,kumar & co.,Wheat,33.9,KG,1551.0,Paid
MDM000737,2025-08-30,SCH0209,singh agro,Wheat,33.9,KG,1794.0,Paid
MDM001684,2025-12-12,SCH0405,Sharma Traders,Wheat,33.9,KG,1794.0,Paid
MDM005262,2026-03-24,SCH0236,goyal mill,Lentils,33.9,KG,1794.0,Cleared
MDM001615,2025-06-20,SCH0308,Kumar Supplies,Wheat,13.3,KG,399.0,Paid
MDM011481,2026-03-15,SCH0091,Kumar Supplies,oil,33.9,KG,2292.0,Paid
MDM003523,2026-02-12,SCH0520,Kumar Supplies,Wheat,33.9,KG,762.0,Paid
MDM002693,2025-04-09,SCH0229,kumar & co.,Rice,33.9,KG,1794.0,Pending
MDM010318,2025-09-06,SCH0373,Kumar Supplies,Lentils,33.9,KG,1251.0,Pending
MDM006495,2026-03-24,SCH0154,Singh Brothers,Lentils,33.9,KG,1794.0,Paid
MDM002528,2025-07-30,SCH0501,goyal mill,Wheat,33.9,KG,717.0,Due
MDM004623,2025-08-23,SCH0232,s. agro works,Wheat,33.9,KG,864.0,Due
MDM011514,2025-08-06,SCH0139,Singh Brothers,Wheat,33.9,KG,1656.0,Pending
MDM001140,2025-05-17,SCH0498,Kumar General Store,Rice,22.0,KG,1794.0,Cleared
MDM010453,2025-12-02,SCH0093,Sharma Traders,mustard oil,33.9,KG,6384.0,Cleared
MDM005617,2025-09-12,SCH0530,Singh Brothers,Rice,33.9,KG,732.0,Pending
MDM003976,2025-10-12,SCH0334,s. agro works,Wheat,33.9,KG,798.0,Paid
MDM009781,2026-01-16,SCH0209,s. agro works,Rice,33.9,KG,1794.0,Paid
MDM005884,2025-07-25,SCH0149,s. agro works,sarson tel,33.9,KG,6636.0,Paid
MDM009610,2025-09-26,SCH0439,goyal enterprises,Rice,33.9,KG,1652.0,Cleared
MDM001954,2025-06-29,SCH0475,kumar & co.,atta,33.9,KG,1143.0,Paid
MDM000032,2025-06-01,SCH0318,s. agro works,Lentils,24.6,KG,1794.0,Paid
MDM001251,2025-08-10,SCH0026,singh agro,Wheat,33.9,KG,327.0,Paid
MDM008850,2025-09-14,SCH0422,Sharma Traders,mustard oil,33.9,KG,1764.0,Paid
MDM008215,2025-10-24,SCH0572,goyal mill,atta,33.9,KG,1416.0,Paid
MDM007074,2026-03-17,SCH0048,Singh Brothers,Lentils,33.9,KG,1794.0,Due
MDM008256,2026-04-03,SCH0386,Kumar General Store,Rice,52.5,KG,2100.0,Due
MDM002381,2025-06-09,SCH0065,kumar & co.,Lentils,33.9,KG,2385.0,Pending
MDM000851,2025-11-17,SCH0542,Sharma Traders,Lentils,33.9,KG,1629.0,Pending
MDM005131,2025-08-21,SCH0295,Sharma Traders,atta,33.9,KG,1794.0,Pending
MDM009594,2026-03-16,SCH0124,s. agro works,Rice,33.9,KG,1304.0,Pending
MDM008139,2026-02-21,SCH0579,s. agro works,Lentils,33.9,KG,4716.0,Due
MDM000051,2025-09-12,SCH0464,singh agro,cooking oil,33.9,KG,1794.0,Paid
MDM000857,2025-12-30,SCH0387,Kumar General Store,Lentils,33.9,KG,5049.0,Paid
MDM000484,2025-11-28,SCH0475,s. agro works,oil,36.7,KG,4404.0,Paid
MDM011250,2025-12-26,SCH0164,s. agro works,Wheat,33.9,KG,1182.0,Paid
MDM007504,2025-05-28,SCH0328,Singh Brothers,Rice,33.9,KG,1794.0,Cleared
MDM007199,2025-08-04,SCH0050,kumar & co.,oil,33.9,KG,6720.0,Pending
MDM002792,2026-02-15,SCH0165,goyal enterprises,mustard oil,33.9,KG,1794.0,Due
MDM007158,2025-09-15,SCH0396,Singh Brothers,sarson tel,33.9,KG,5832.0,Paid
MDM008078,2025-07-05,SCH0321,singh agro,Rice,46.0,KG,1794.0,Paid
MDM008193,2026-01-10,SCH0057,Sharma Traders,Wheat,33.9,KG,1275.0,Pending
MDM009485,2026-02-16,SCH0318,singh agro,Rice,33.9,KG,1794.0,Paid
MDM007493,2025-07-16,SCH0579,Goyal Rice Mill,Wheat,33.9,KG,1320.0,Paid
MDM010832,2025-05-25,SCH0177,Singh Brothers,oil,33.9,KG,1794.0,Pending
MDM001415,2025-04-15,SCH0388,singh agro,Lentils,33.9,KG,1794.0,Paid
MDM003541,2025-12-22,SCH0593,Kumar General Store,Pulses,33.9,KG,1794.0,Cleared
MDM004099,2025-12-13,SCH0462,Kumar Supplies,Wheat,33.9,KG,939.0,Pending
MDM000252,2025-07-13,SCH0272,Sharma Traders,sarson tel,33.9,KG,3396.0,Pending
MDM006734,2026-01-10,SCH0486,s. agro works,Lentils,33.9,KG,4203.0,Paid
MDM010986,2025-09-29,SCH0265,kumar & co.,Rice,33.9,KG,1794.0,Due
MDM001723,2026-02-17,SCH0586,goyal mill,oil,33.9,KG,4800.0,Cleared
MDM000994,2025-07-02,SCH0158,kumar & co.,atta,33.9,KG,1179.0,Paid
MDM004677,2025-06-01,SCH0350,Sharma Traders,Rice,33.9,KG,1796.0,Due
MDM010422,2026-01-04,SCH0180,sharma & sons,Pulses,33.9,KG,2295.0,Pending
MDM011170,2026-03-21,SCH0047,goyal enterprises,Lentils,33.9,KG,3051.0,Cleared
MDM000300,2026-02-08,SCH0531,sharma & sons,sarson tel,33.9,KG,1794.0,Paid
MDM008356,2025-06-27,SCH0333,Sharma Traders,oil,33.9,KG,6288.0,Paid
MDM009661,2025-08-04,SCH0558,sharma & sons,Rice,33.9,KG,696.0,Paid
MDM010370,2025-09-03,SCH0047,Singh Brothers,Rice,33.9,KG,1794.0,Pending
MDM006256,2025-04-19,SCH0256,goyal enterprises,Rice,33.9,KG,1120.0,Pending
MDM005028,2025-11-08,SCH0223,s. agro works,Wheat,33.9,KG,1161.0,Paid
MDM001935,2025-04-21,SCH0428,Kumar General Store,Wheat,33.9,KG,1536.0,Pending
MDM011911,2025-06-13,SCH0365,kumar & co.,Rice,13.5,KG,540.0,Due
MDM005915,2025-10-23,SCH0037,kumar & co.,sarson tel,30.1,KG,1794.0,Paid
MDM002620,2026-01-14,SCH0445,Sharma Traders,cooking oil,30.5,KG,1794.0,Paid
MDM001865,2025-06-09,SCH0430,kumar & co.,Lentils,33.9,KG,1485.0,Cleared
MDM007411,2026-03-29,SCH0308,Goyal Rice Mill,sarson tel,33.9,KG,1794.0,Pending
MDM004085,2025-09-21,SCH0487,goyal enterprises,Rice,33.9,KG,680.0,Paid
MDM000669,2025-11-26,SCH0465,Kumar General Store,Rice,33.9,KG,844.0,Pending
MDM010815,2025-09-08,SCH0544,sharma & sons,Rice,33.9,KG,1352.0,Due
MDM002685,2025-04-22,SCH0227,kumar & co.,Lentils,33.9,KG,1989.0,Pending
MDM005220,2026-01-02,SCH0064,Goyal Rice Mill,Rice,33.9,KG,1428.0,Paid
MDM006074,2026-03-06,SCH0576,Sharma Traders,Lentils,33.9,KG,3276.0,Pending
MDM007970,2026-01-09,SCH0413,Kumar General Store,oil,33.9,KG,1794.0,Due
MDM001011,2025-11-27,SCH0052,Goyal Rice Mill,Rice,33.9,KG,1794.0,Pending
MDM004238,2025-04-19,SCH0060,singh agro,Rice,33.9,KG,708.0,Paid
MDM010432,2025-04-21,SCH0071,sharma & sons,Rice,17.3,KG,692.0,Pending
MDM004376,2025-06-28,SCH0355,singh agro,atta,33.9,KG,351.0,Paid
MDM009040,2025-07-22,SCH0196,Kumar Supplies,Lentils,33.9,KG,1872.0,Paid
MDM000304,2025-06-29,SCH0391,Sharma Traders,atta,10.3,KG,309.0,Due
MDM010696,2025-07-07,SCH0013,Sharma Traders,sarson tel,46.6,KG,5592.0,Cleared
MDM009344,2025-06-30,SCH0198,goyal enterprises,Rice,33.9,KG,2360.0,Paid
MDM004103,2025-07-24,SCH0237,Goyal Rice Mill,Pulses,33.9,KG,2286.0,Paid
MDM005295,2025-05-26,SCH0174,goyal mill,Lentils,33.9,KG,3618.0,Paid
MDM001122,2025-12-15,SCH0334,singh agro,Rice,33.9,KG,1794.0,Due
MDM003016,2026-05-02,SCH0583,kumar & co.,cooking oil,33.9,KG,1794.0,Paid
MDM008171,2026-01-28,SCH0590,goyal mill,Lentils,33.9,KG,2484.0,Paid
MDM002406,2025-06-30,SCH0454,Sharma Traders,Lentils,33.9,KG,3906.0,Paid
MDM008669,2025-04-18,SCH0308,Singh Brothers,Wheat,33.9,KG,1794.0,Paid
MDM008406,2025-04-07,SCH0016,Sharma Traders,cooking oil,33.9,KG,4128.0,Pending
MDM011506,2025-11-19,SCH0197,goyal enterprises,Pulses,33.9,KG,1794.0,Pending
MDM011609,2025-12-18,SCH0452,Kumar General Store,sarson tel,29.1,KG,1794.0,Cleared
MDM007212,2025-10-14,SCH0455,Sharma Traders,mustard oil,33.9,KG,2976.0,Paid
MDM007382,2025-09-18,SCH0055,goyal enterprises,Pulses,33.9,KG,1794.0,Due
MDM004903,2025-12-29,SCH0555,sharma & sons,atta,33.9,KG,1794.0,Cleared
MDM008977,2026-02-25,SCH0497,kumar & co.,Lentils,33.9,KG,3699.0,Pending
MDM003922,2025-08-24,SCH0574,s. agro works,Rice,33.9,KG,1794.0,Pending
MDM008255,2025-08-02,SCH0165,Goyal Rice Mill,cooking oil,33.9,KG,5028.0,Cleared
MDM002859,2025-04-17,SCH0054,Kumar General Store,Pulses,33.9,KG,4266.0,Paid
MDM005667,2025-09-07,SCH0391,goyal mill,atta,33.9,KG,1494.0,Paid
MDM004044,2026-02-27,SCH0172,Singh Brothers,Rice,33.9,KG,1794.0,Pending
MDM011436,2025-11-02,SCH0539,Goyal Rice Mill,sarson tel,33.9,KG,1794.0,Paid
MDM007692,2025-06-15,SCH0525,Kumar Supplies,sarson tel,30.7,KG,3684.0,Due
MDM004619,2025-12-13,SCH0295,kumar & co.,Rice,33.9,KG,1860.0,Paid
MDM007978,2025-04-19,SCH0589,goyal enterprises,Rice,33.9,KG,1080.0,Pending
MDM011067,2025-07-08,SCH0252,Kumar Supplies,oil,33.9,KG,4044.0,Pending
MDM007537,2025-09-04,SCH0152,goyal enterprises,oil,33.9,KG,1794.0,Paid
MDM001403,2025-06-11,SCH0520,Sharma Traders,Rice,33.9,KG,1864.0,Paid
MDM005278,2025-09-27,SCH0048,Singh Brothers,oil,33.9,KG,3300.0,Pending
MDM007316,2025-11-26,SCH0401,singh agro,Lentils,33.9,KG,2124.0,Paid
MDM008294,2026-02-24,SCH0407,goyal enterprises,Lentils,33.9,KG,3960.0,Due
MDM011651,2025-10-22,SCH0275,Sharma Traders,atta,33.9,KG,1794.0,Paid
MDM006904,2025-12-09,SCH0447,Goyal Rice Mill,Rice,33.9,KG,1704.0,Due
MDM008490,2025-10-06,SCH0225,goyal enterprises,Rice,33.9,KG,1794.0,Cleared
MDM006246,2026-01-30,SCH0579,singh agro,atta,33.9,KG,1794.0,Due
MDM011047,2025-09-07,SCH0068,singh agro,sarson tel,33.9,KG,2616.0,Cleared
MDM004880,2025-08-04,SCH0456,Sharma Traders,Wheat,33.9,KG,1794.0,Cleared
MDM011044,2025-10-23,SCH0138,Kumar Supplies,Rice,33.9,KG,2020.0,Paid
MDM009388,2025-06-11,SCH0297,goyal mill,Rice,33.9,KG,1794.0,Paid
MDM006578,2025-07-01,SCH0042,singh agro,Lentils,40.0,KG,3600.0,Paid
MDM006851,2026-01-12,SCH0111,Sharma Traders,Lentils,33.9,KG,1794.0,Due
MDM006753,2025-07-26,SCH0518,Sharma Traders,Rice,33.9,KG,1256.0,Pending
MDM007019,2025-07-07,SCH0600,Kumar Supplies,atta,33.9,KG,819.0,Paid
MDM005378,2025-07-27,SCH0142,sharma & sons,Wheat,33.9,KG,1368.0,Paid
MDM003707,2026-01-11,SCH0040,s. agro works,Wheat,33.9,KG,1164.0,Paid
MDM008698,2025-07-30,SCH0160,Sharma Traders,Lentils,33.9,KG,4608.0,Paid
MDM005130,2025-10-21,SCH0202,Sharma Traders,Wheat,33.9,KG,1008.0,Paid
MDM009416,2025-04-16,SCH0533,goyal mill,Pulses,39.6,KG,3564.0,Due
MDM010005,2025-09-20,SCH0541,Kumar Supplies,Wheat,58.7,KG,1761.0,Due
MDM006153,2025-09-14,SCH0005,s. agro works,atta,33.9,KG,1794.0,Paid
MDM010063,2026-01-22,SCH0057,Kumar General Store,Wheat,33.9,KG,864.0,Pending
MDM009816,2026-03-02,SCH0086,Sharma Traders,Wheat,33.9,KG,1173.0,Pending
MDM000435,2025-11-18,SCH0373,sharma & sons,Rice,33.9,KG,2364.0,Paid
MDM007136,2026-02-13,SCH0104,goyal enterprises,Rice,33.9,KG,1344.0,Paid
MDM006736,2025-07-18,SCH0311,Kumar General Store,Rice,33.9,KG,1794.0,Pending
MDM007067,2025-06-07,SCH0057,kumar & co.,Wheat,33.9,KG,1137.0,Paid
MDM003211,2025-10-20,SCH0167,Kumar Supplies,mustard oil,52.5,KG,6300.0,Pending
MDM007418,2026-02-05,SCH0436,Sharma Traders,Lentils,33.9,KG,1794.0,Pending
MDM010759,2026-01-27,SCH0443,Sharma Traders,mustard oil,33.9,KG,3228.0,Due
MDM001826,2025-12-11,SCH0370,Sharma Traders,cooking oil,33.9,KG,2856.0,Paid
MDM004701,2025-06-07,SCH0457,Sharma Traders,Rice,33.9,KG,1794.0,Paid
MDM010908,2025-07-14,SCH0575,singh agro,Wheat,33.9,KG,315.0,Paid
MDM006704,2025-04-02,SCH0372,goyal mill,Lentils,33.9,KG,3789.0,Paid
MDM010734,2025-12-13,SCH0363,sharma & sons,Rice,33.9,KG,2396.0,Paid
MDM009998,2025-08-11,SCH0553,singh agro,Rice,33.9,KG,1160.0,Cleared
MDM005139,2025-04-04,SCH0092,sharma & sons,Lentils,33.9,KG,1710.0,Pending
MDM005478,2025-10-14,SCH0237,Kumar General Store,Wheat,33.9,KG,1794.0,Paid
MDM002875,2026-03-16,SCH0008,Sharma Traders,Lentils,33.9,KG,1794.0,Cleared
MDM002555,2025-05-09,SCH0286,Singh Brothers,Wheat,23.5,KG,705.0,Pending
MDM001352,2025-12-13,SCH0351,s. agro works,Lentils,33.9,KG,1794.0,Pending
MDM011889,2025-09-29,SCH0131,Kumar General Store,cooking oil,33.9,KG,2172.0,Due
MDM005039,2025-10-02,SCH0132,Kumar General Store,atta,33.9,KG,1794.0,Due
MDM011827,2026-01-25,SCH0431,Singh Brothers,sarson tel,33.9,KG,6228.0,Paid
MDM008674,2025-12-07,SCH0252,sharma & sons,sarson tel,33.9,KG,1248.0,Pending
MDM005066,2025-05-15,SCH0483,Singh Brothers,mustard oil,33.9,KG,3144.0,Pending
MDM005581,2026-03-07,SCH0568,Goyal Rice Mill,Rice,33.9,KG,2280.0,Pending
MDM001198,2026-01-09,SCH0333,singh agro,Rice,33.9,KG,496.0,Paid
MDM006099,2026-01-11,SCH0248,singh agro,Rice,39.9,KG,1596.0,Paid
MDM010138,2025-09-27,SCH0537,kumar & co.,Rice,33.9,KG,2288.0,Paid
MDM003694,2026-09-01,SCH0247,Sharma Traders,Rice,33.9,KG,508.0,Paid
MDM003729,2025-04-03,SCH0455,kumar & co.,oil,33.9,KG,1632.0,Due
MDM009553,2026-01-18,SCH0068,singh agro,Lentils,42.3,KG,3806.0,Paid
MDM005994,2025-08-23,SCH0460,Sharma Traders,Rice,17.5,KG,700.0,Paid
MDM010748,2025-07-22,SCH0022,sharma & sons,Wheat,33.9,KG,1794.0,Pending
MDM004834,2025-07-13,SCH0177,singh agro,Pulses,33.9,KG,1794.0,Paid
MDM008580,2025-08-13,SCH0427,s. agro works,atta,12.4,KG,372.0,Due
MDM010820,2025-11-12,SCH0563,goyal enterprises,Rice,20.2,KG,1794.0,Due
MDM004794,2025-09-23,SCH0254,sharma & sons,Rice,33.9,KG,568.0,Pending
MDM001454,2025-10-20,SCH0514,Sharma Traders,Wheat,33.9,KG,1794.0,Pending
MDM009142,2026-01-10,SCH0464,Kumar Supplies,mustard oil,33.9,KG,6216.0,Pending
MDM011439,2026-01-25,SCH0543,Sharma Traders,cooking oil,33.9,KG,2748.0,Due
MDM009488,2026-02-19,SCH0445,sharma & sons,Lentils,33.9,KG,1350.0,Due
MDM004346,2025-12-24,SCH0301,Sharma Traders,Rice,33.9,KG,868.0,Pending
MDM005359,2026-03-14,SCH0272,Goyal Rice Mill,sarson tel,33.9,KG,5760.0,Pending
MDM006612,2025-06-18,SCH0367,goyal enterprises,oil,33.9,KG,1794.0,Paid
MDM004740,2026-10-03,SCH0073,Singh Brothers,Rice,33.9,KG,1592.0,Cleared
MDM000108,2025-04-06,SCH0475,goyal enterprises,Lentils,33.9,KG,2331.0,Paid
MDM001721,2025-10-18,SCH0451,singh agro,Rice,33.9,KG,2084.0,Cleared
MDM006506,2025-08-14,SCH0174,Sharma Traders,Wheat,33.9,KG,1512.0,Cleared
MDM001580,2026-03-10,SCH0367,kumar & co.,Lentils,33.9,KG,1794.0,Pending
MDM006335,2025-03-08,SCH0283,s. agro works,Rice,33.9,KG,1794.0,Cleared
MDM003468,2025-04-30,SCH0345,Sharma Traders,Wheat,33.9,KG,564.0,Paid
MDM005305,2025-12-03,SCH0307,singh agro,Lentils,33.9,KG,2259.0,Paid
MDM002456,2025-06-26,SCH0187,s. agro works,Rice,33.9,KG,2300.0,Paid
MDM009595,2025-04-16,SCH0329,Sharma Traders,Wheat,15.5,KG,465.0,Paid
MDM002949,2026-02-06,SCH0306,Goyal Rice Mill,Wheat,33.9,KG,591.0,Cleared
MDM002761,2026-01-18,SCH0415,Singh Brothers,Rice,33.9,KG,1272.0,Cleared
MDM001792,2026-02-03,SCH0044,Sharma Traders,Lentils,33.9,KG,1863.0,Paid
MDM002799,2025-11-12,SCH0492,sharma & sons,Wheat,33.9,KG,1794.0,Paid
MDM009641,2025-10-24,SCH0382,kumar & co.,Lentils,33.9,KG,4968.0,Pending
MDM002453,2025-05-14,SCH0064,s. agro works,Wheat,33.9,KG,1797.0,Cleared
MDM000218,2025-09-22,SCH0574,kumar & co.,Wheat,33.9,KG,1146.0,Pending
MDM009103,2026-01-24,SCH0358,Sharma Traders,oil,33.9,KG,3995.0,Due
MDM007941,2025-04-04,SCH0143,goyal enterprises,Pulses,33.9,KG,2439.0,Due
MDM009415,2025-10-31,SCH0370,Kumar General Store,cooking oil,33.9,KG,1794.0,Paid
MDM008808,2025-09-23,SCH0576,goyal mill,Rice,33.9,KG,1880.0,Paid
MDM004047,2025-06-16,SCH0372,kumar & co.,Rice,33.9,KG,1620.0,Paid
MDM002994,2025-09-08,SCH0337,Kumar Supplies,oil,29.7,KG,1794.0,Cleared
MDM005838,2025-11-07,SCH0440,singh agro,cooking oil,33.9,KG,3012.0,Cleared
MDM000511,2025-04-17,SCH0524,sharma & sons,oil,33.9,KG,6768.0,Paid
MDM000701,2025-10-22,SCH0311,goyal mill,Rice,33.9,KG,1592.0,Pending
MDM001936,2025-12-15,SCH0543,Sharma Traders,Lentils,33.9,KG,1467.0,Paid
MDM004817,2025-12-17,SCH0095,Goyal Rice Mill,Rice,50.2,KG,2008.0,Cleared
MDM011349,2025-10-07,SCH0343,Kumar General Store,Lentils,33.9,KG,1062.0,Paid
MDM010259,2025-10-13,SCH0225,singh agro,cooking oil,33.9,KG,1794.0,Cleared
MDM005520,2025-10-11,SCH0562,Sharma Traders,Pulses,33.9,KG,1233.0,Paid
MDM004756,2025-11-28,SCH0463,goyal mill,oil,33.9,KG,2640.0,Pending
MDM010209,2026-03-12,SCH0252,s. agro works,Rice,33.9,KG,2088.0,Paid
MDM005891,2025-09-17,SCH0238,Kumar Supplies,Wheat,33.9,KG,591.0,Cleared
MDM000574,2026-01-18,SCH0105,goyal enterprises,Lentils,33.9,KG,1794.0,Paid
MDM001007,2026-01-07,SCH0283,Sharma Traders,cooking oil,33.9,KG,2232.0,Cleared
MDM002320,2025-04-11,SCH0196,Singh Brothers,Wheat,33.9,KG,501.0,Paid
MDM000040,2025-05-20,SCH0464,Goyal Rice Mill,Wheat,33.9,KG,690.0,Pending
MDM002752,2025-11-26,SCH0543,Kumar Supplies,Wheat,33.9,KG,708.0,Pending
MDM003028,2026-02-10,SCH0400,singh agro,Lentils,33.9,KG,1794.0,Pending
MDM004976,2025-06-28,SCH0239,s. agro works,Lentils,33.9,KG,927.0,Paid
MDM006481,2025-04-23,SCH0572,goyal mill,Rice,33.9,KG,2280.0,Cleared
MDM005803,2026-03-22,SCH0477,s. agro works,Wheat,33.9,KG,1794.0,Pending
MDM000933,2025-04-08,SCH0561,kumar & co.,Wheat,33.9,KG,1383.0,Pending
MDM007960,2025-04-10,SCH0188,s. agro works,Rice,33.9,KG,1140.0,Paid
MDM002291,2025-07-23,SCH0586,s. agro works,Rice,33.9,KG,1794.0,Cleared
MDM010826,2026-02-27,SCH0105,Sharma Traders,Wheat,33.9,KG,1794.0,Paid
MDM002499,2025-04-22,SCH0208,kumar & co.,oil,33.9,KG,1296.0,Pending
MDM000347,2025-07-10,SCH0353,Sharma Traders,mustard oil,33.9,KG,1896.0,Paid
MDM010662,2025-04-15,SCH0009,Kumar Supplies,Wheat,33.9,KG,669.0,Pending
MDM011557,2026-01-24,SCH0030,Kumar General Store,Pulses,33.9,KG,1794.0,Due
MDM006217,2026-03-31,SCH0306,Kumar General Store,Wheat,22.4,KG,672.0,Pending
MDM011289,2025-10-27,SCH0258,Goyal Rice Mill,Lentils,33.9,KG,1794.0,Paid
MDM005169,2025-12-12,SCH0109,Kumar General Store,Lentils,16.1,KG,1794.0,Due
MDM001167,2025-10-28,SCH0374,Sharma Traders,atta,33.9,KG,603.0,Paid
MDM004809,2025-05-21,SCH0320,sharma & sons,cooking oil,33.9,KG,1596.0,Cleared
MDM007802,2025-08-02,SCH0132,kumar & co.,sarson tel,11.4,KG,1794.0,Paid
MDM007933,2025-11-05,SCH0149,Kumar Supplies,Pulses,33.9,KG,5085.0,Pending
MDM004541,2025-08-08,SCH0029,singh agro,mustard oil,33.9,KG,3888.0,Pending
MDM011705,2025-12-24,SCH0061,Sharma Traders,oil,33.9,KG,2328.0,Paid
MDM005147,2026-02-13,SCH0156,Singh Brothers,Lentils,33.9,KG,1794.0,Paid
MDM003207,2025-07-11,SCH0031,singh agro,Lentils,33.9,KG,4536.0,Cleared
MDM006093,2025-07-29,SCH0498,Goyal Rice Mill,Lentils,33.9,KG,2376.0,Paid
MDM003069,2026-02-23,SCH0437,Sharma Traders,Rice,33.9,KG,1680.0,Pending
MDM000972,2026-03-28,SCH0387,Singh Brothers,Lentils,33.9,KG,1152.0,Pending
MDM007460,2025-10-16,SCH0376,Sharma Traders,Lentils,24.6,KG,2214.0,Pending
MDM004293,2025-04-26,SCH0528,singh agro,Wheat,33.9,KG,1428.0,Paid
MDM010715,2026-03-25,SCH0063,Sharma Traders,oil,33.9,KG,1794.0,Pending
MDM005901,2026-12-03,SCH0123,kumar & co.,Wheat,33.9,KG,1794.0,Pending
MDM002058,2025-07-08,SCH0447,kumar & co.,cooking oil,33.9,KG,1794.0,Due
MDM010658,2026-01-19,SCH0211,goyal enterprises,sarson tel,33.9,KG,5820.0,Pending
MDM008547,2026-02-14,SCH0010,Goyal Rice Mill,Pulses,33.9,KG,5148.0,Due
MDM003129,2025-12-15,SCH0244,Kumar General Store,Lentils,33.9,KG,4770.0,Paid
MDM002609,2025-09-18,SCH0325,singh agro,cooking oil,33.9,KG,5352.0,Pending
MDM006626,2025-10-29,SCH0432,Goyal Rice Mill,Wheat,38.8,KG,1164.0,Due
MDM006028,2025-05-13,SCH0384,Kumar General Store,cooking oil,33.9,KG,5304.0,Due
MDM005726,2025-08-18,SCH0130,singh agro,sarson tel,33.9,KG,1794.0,Cleared
MDM001409,2025-12-04,SCH0109,sharma & sons,Rice,36.1,KG,1444.0,Cleared
MDM008883,2025-11-30,SCH0387,s. agro works,Wheat,33.9,KG,1794.0,Due
MDM005408,2025-11-04,SCH0165,goyal enterprises,Wheat,33.9,KG,1794.0,Paid
MDM003127,2025-12-20,SCH0006,goyal enterprises,Lentils,33.9,KG,5013.0,Paid
MDM002086,2025-12-24,SCH0221,s. agro works,mustard oil,33.9,KG,1794.0,Due
MDM010037,2025-11-12,SCH0368,Sharma Traders,Wheat,33.9,KG,1137.0,Paid
MDM007916,2025-10-24,SCH0593,singh agro,mustard oil,28.5,KG,3420.0,Pending
MDM010901,2025-09-14,SCH0462,Sharma Traders,oil,33.9,KG,1584.0,Due
MDM005211,2025-04-10,SCH0273,Goyal Rice Mill,Wheat,41.6,KG,1794.0,Paid
MDM006313,2025-05-20,SCH0308,kumar & co.,Rice,33.9,KG,1388.0,Paid
MDM003887,2025-07-29,SCH0421,Sharma Traders,Lentils,33.9,KG,1794.0,Due
MDM003400,2025-08-16,SCH0048,kumar & co.,Wheat,33.9,KG,1689.0,Pending
MDM008010,2026-01-05,SCH0490,goyal enterprises,Wheat,33.9,KG,1794.0,Pending
MDM002271,2025-07-23,SCH0334,Singh Brothers,Wheat,33.9,KG,813.0,Cleared
MDM005124,2026-01-17,SCH0399,Sharma Traders,sarson tel,33.9,KG,1794.0,Paid
MDM003144,2026-02-22,SCH0595,kumar & co.,cooking oil,33.9,KG,2604.0,Pending
MDM001369,2026-01-17,SCH0308,sharma & sons,Rice,33.9,KG,1528.0,Due
MDM005986,2026-02-22,SCH0342,Goyal Rice Mill,mustard oil,33.9,KG,1794.0,Paid
MDM006271,2025-11-29,SCH0175,Singh Brothers,Wheat,33.9,KG,309.0,Pending
MDM009451,2025-06-30,SCH0384,Kumar General Store,Lentils,37.1,KG,3339.0,Pending
MDM009893,2025-12-15,SCH0045,Kumar General Store,Lentils,33.9,KG,4797.0,Cleared
MDM007826,2025-04-18,SCH0367,Sharma Traders,Wheat,51.6,KG,1794.0,Due
MDM005157,2025-05-01,SCH0150,Kumar Supplies,oil,33.9,KG,2400.0,Paid
MDM000211,2025-10-03,SCH0569,Goyal Rice Mill,Lentils,33.9,KG,1953.0,Cleared
MDM008779,2025-05-29,SCH0174,Singh Brothers,oil,33.9,KG,5136.0,Cleared
MDM004610,2025-09-25,SCH0544,kumar & co.,Rice,57.4,KG,2296.0,Pending
MDM000652,2026-03-26,SCH0150,Singh Brothers,cooking oil,33.9,KG,1794.0,Pending
MDM010562,2026-03-04,SCH0231,singh agro,Wheat,33.9,KG,1794.0,Pending
MDM009220,2025-04-10,SCH0507,Kumar General Store,Lentils,33.9,KG,1794.0,Due
MDM002421,2025-07-10,SCH0243,Singh Brothers,Rice,33.9,KG,1794.0,Paid
MDM011294,2026-01-16,SCH0133,Singh Brothers,Rice,33.9,KG,880.0,Cleared
MDM006424,2025-10-15,SCH0277,kumar & co.,Lentils,33.9,KG,1794.0,Due
MDM005533,2025-04-17,SCH0040,goyal enterprises,Lentils,33.9,KG,3186.0,Due
MDM010571,2025-06-01,SCH0457,Sharma Traders,Rice,35.0,KG,1400.0,Pending
MDM003890,2025-05-21,SCH0185,goyal enterprises,mustard oil,33.9,KG,6468.0,Paid
MDM005272,2025-07-31,SCH0062,s. agro works,mustard oil,33.9,KG,1794.0,Paid
MDM008370,2025-10-11,SCH0256,Kumar General Store,sarson tel,33.9,KG,4296.0,Paid
MDM002955,2026-01-26,SCH0552,kumar & co.,Lentils,13.0,KG,1170.0,Cleared
MDM008521,2025-07-26,SCH0221,Sharma Traders,Lentils,33.9,KG,1794.0,Paid
MDM001348,2025-04-22,SCH0528,Sharma Traders,Rice,33.9,KG,460.0,Cleared
MDM000399,2025-08-25,SCH0159,goyal mill,mustard oil,33.9,KG,6480.0,Due
MDM007894,2026-02-19,SCH0425,Goyal Rice Mill,mustard oil,33.9,KG,6552.0,Pending
MDM000909,2025-07-05,SCH0341,goyal mill,Wheat,21.6,KG,1794.0,Paid
MDM000593,2025-07-07,SCH0286,Goyal Rice Mill,oil,33.9,KG,1794.0,Cleared
MDM009175,2026-02-18,SCH0092,Sharma Traders,oil,33.9,KG,4332.0,Pending
MDM004345,2025-05-07,SCH0141,Kumar General Store,Rice,33.9,KG,632.0,Cleared
MDM004116,2025-09-23,SCH0293,Kumar Supplies,Wheat,33.9,KG,1389.0,Paid
MDM010659,2026-03-29,SCH0563,kumar & co.,Rice,33.9,KG,1794.0,Paid
MDM008020,2025-09-14,SCH0314,Sharma Traders,Lentils,33.9,KG,1794.0,Cleared
MDM007101,2025-12-12,SCH0324,goyal enterprises,Lentils,33.9,KG,5157.0,Cleared
MDM008517,2026-01-12,SCH0498,Kumar Supplies,oil,31.2,KG,1794.0,Paid
MDM009953,2025-05-31,SCH0574,s. agro works,Rice,33.9,KG,1794.0,Due
MDM006801,2025-10-13,SCH0525,goyal mill,sarson tel,33.9,KG,1794.0,Paid
MDM003412,2025-08-19,SCH0557,Sharma Traders,Rice,33.9,KG,1868.0,Due
MDM000765,2025-06-18,SCH0497,Kumar Supplies,Wheat,33.9,KG,1125.0,Paid
MDM005800,2025-07-27,SCH0493,goyal mill,Lentils,33.9,KG,1794.0,Cleared
MDM000583,2026-01-01,SCH0071,Singh Brothers,Rice,57.1,KG,1794.0,Pending
MDM006871,2026-01-03,SCH0193,s. agro works,Rice,33.9,KG,1352.0,Pending
MDM005397,2025-12-27,SCH0127,Goyal Rice Mill,cooking oil,33.9,KG,3084.0,Pending
MDM011352,2026-03-17,SCH0255,Goyal Rice Mill,oil,33.9,KG,4608.0,Pending
MDM008573,2025-12-12,SCH0576,Singh Brothers,Rice,33.9,KG,2400.0,Cleared
MDM005096,2025-08-23,SCH0455,kumar & co.,Wheat,33.9,KG,1209.0,Paid
MDM001321,2026-01-24,SCH0119,Sharma Traders,oil,33.9,KG,1794.0,Paid
MDM010229,2025-05-20,SCH0138,Sharma Traders,Lentils,33.9,KG,2016.0,Paid
MDM009212,2025-04-30,SCH0558,s. agro works,Wheat,33.9,KG,966.0,Due
MDM003061,2025-04-29,SCH0083,kumar & co.,cooking oil,33.9,KG,3024.0,Pending
MDM001622,2025-07-25,SCH0326,Kumar Supplies,atta,33.9,KG,534.0,Cleared
MDM008230,2025-07-08,SCH0521,Kumar General Store,Rice,33.9,KG,1180.0,Paid
MDM004415,2026-01-03,SCH0334,Sharma Traders,sarson tel,33.9,KG,5292.0,Cleared
MDM004185,2025-08-05,SCH0542,sharma & sons,Lentils,33.9,KG,1794.0,Pending
MDM011904,2026-02-02,SCH0024,sharma & sons,Rice,33.9,KG,1908.0,Cleared
MDM004930,2025-07-15,SCH0062,goyal enterprises,Rice,33.9,KG,1794.0,Cleared
MDM010849,2026-03-31,SCH0279,Kumar Supplies,sarson tel,33.9,KG,1794.0,Paid
MDM001624,2025-11-13,SCH0527,Goyal Rice Mill,Rice,57.0,KG,2280.0,Due
MDM002021,2025-04-23,SCH0004,Sharma Traders,Lentils,33.9,KG,1794.0,Pending
MDM003354,2026-03-23,SCH0408,Kumar General Store,mustard oil,33.9,KG,3036.0,Paid
MDM005016,2025-10-20,SCH0269,kumar & co.,Rice,33.9,KG,1268.0,Paid
MDM005401,2025-05-13,SCH0280,s. agro works,Wheat,33.9,KG,513.0,Paid
MDM007188,2025-04-15,SCH0389,goyal enterprises,Pulses,33.9,KG,1794.0,Pending
MDM006416,2025-12-17,SCH0336,kumar & co.,Lentils,33.9,KG,2214.0,Pending
MDM009101,2025-08-27,SCH0475,singh agro,Rice,33.9,KG,988.0,Paid
MDM006962,2025-10-18,SCH0481,Kumar Supplies,Wheat,33.9,KG,1794.0,Pending
MDM001517,2025-04-12,SCH0069,Goyal Rice Mill,Pulses,10.3,KG,927.0,Paid
MDM002329,2026-02-27,SCH0093,sharma & sons,Lentils,33.9,KG,4986.0,Paid
MDM007600,2025-08-20,SCH0037,Goyal Rice Mill,Wheat,33.9,KG,1794.0,Paid
MDM005527,2026-03-29,SCH0061,Goyal Rice Mill,Wheat,33.9,KG,924.0,Paid
MDM011578,2025-05-18,SCH0257,Sharma Traders,Lentils,33.2,KG,2988.0,Pending
MDM002997,2025-12-02,SCH0097,goyal enterprises,Wheat,33.9,KG,1476.0,Paid
MDM004401,2026-03-15,SCH0005,Kumar Supplies,Lentils,33.9,KG,1794.0,Pending
MDM010188,2025-04-29,SCH0495,s. agro works,Lentils,33.9,KG,3663.0,Cleared
MDM006367,2026-03-08,SCH0441,goyal enterprises,Pulses,33.9,KG,2079.0,Paid
MDM007077,2026-03-19,SCH0385,sharma & sons,Wheat,39.4,KG,1182.0,Paid
MDM007883,2026-01-09,SCH0035,goyal mill,sarson tel,33.9,KG,1794.0,Pending
MDM007516,2025-12-21,SCH0201,singh agro,sarson tel,33.9,KG,5856.0,Pending
MDM007071,2026-03-31,SCH0055,goyal mill,Wheat,33.9,KG,672.0,Paid
MDM002184,2025-06-13,SCH0175,Kumar General Store,Lentils,33.9,KG,1794.0,Due
MDM008848,2026-02-04,SCH0134,Kumar General Store,Wheat,21.1,KG,633.0,Paid
MDM002056,2025-09-10,SCH0374,Kumar Supplies,sarson tel,33.9,KG,1967.0,Pending
MDM009879,2025-12-28,SCH0428,sharma & sons,Rice,33.9,KG,1794.0,Pending
MDM001484,2025-04-02,SCH0093,s. agro works,mustard oil,33.9,KG,4620.0,Paid
MDM009100,2026-02-22,SCH0374,goyal enterprises,Wheat,33.9,KG,351.0,Paid
MDM004416,2025-05-19,SCH0234,sharma & sons,Lentils,33.9,KG,1794.0,Cleared
MDM001356,2025-07-25,SCH0180,kumar & co.,Pulses,33.9,KG,3744.0,Due
MDM007682,2025-12-10,SCH0461,Kumar Supplies,cooking oil,33.9,KG,4332.0,Pending
MDM002621,2026-08-01,SCH0511,Sharma Traders,Wheat,33.9,KG,585.0,Pending
MDM006445,2025-11-10,SCH0281,goyal mill,Rice,38.9,KG,1794.0,Pending
MDM007996,2025-06-07,SCH0216,Sharma Traders,Rice,33.9,KG,2364.0,Paid
MDM005318,2025-12-15,SCH0128,Kumar General Store,Lentils,55.3,KG,4977.0,Paid
MDM010596,2025-08-10,SCH0043,Sharma Traders,Rice,33.9,KG,1076.0,Paid
MDM006655,2025-05-11,SCH0325,singh agro,sarson tel,33.9,KG,1794.0,Pending
MDM005226,2026-01-14,SCH0562,Sharma Traders,oil,33.9,KG,3288.0,Paid
MDM005196,2025-11-19,SCH0006,Sharma Traders,sarson tel,33.9,KG,4620.0,Pending
MDM000249,2025-09-28,SCH0554,Kumar General Store,Lentils,33.9,KG,1179.0,Due
MDM008697,2026-01-15,SCH0334,Sharma Traders,Lentils,33.9,KG,2853.0,Paid
MDM003149,2025-05-21,SCH0011,singh agro,atta,33.9,KG,1794.0,Pending
MDM003899,2026-01-11,SCH0490,sharma & sons,Lentils,33.9,KG,3213.0,Pending
MDM000563,2025-09-18,SCH0558,s. agro works,Lentils,33.9,KG,4662.0,Pending
MDM010896,2025-07-17,SCH0393,Goyal Rice Mill,oil,33.9,KG,6696.0,Pending
MDM011860,2026-01-22,SCH0345,sharma & sons,Wheat,33.9,KG,1194.0,Pending
MDM007380,2026-01-08,SCH0148,s. agro works,Rice,33.9,KG,1794.0,Paid
MDM004059,2025-10-23,SCH0275,Sharma Traders,sarson tel,33.9,KG,4752.0,Pending
MDM011022,2025-10-25,SCH0599,Kumar General Store,Lentils,33.9,KG,1467.0,Paid
MDM000915,2025-05-29,SCH0184,goyal enterprises,Wheat,20.1,KG,603.0,Paid
MDM007364,2025-08-10,SCH0171,goyal enterprises,Rice,33.9,KG,436.0,Paid
MDM010355,2025-07-30,SCH0378,Kumar Supplies,Rice,33.9,KG,1468.0,Paid
MDM009513,2025-12-12,SCH0592,Kumar General Store,Lentils,33.9,KG,1794.0,Cleared
MDM008646,2025-09-27,SCH0212,Sharma Traders,cooking oil,33.9,KG,1794.0,Pending
MDM003066,2025-11-19,SCH0161,s. agro works,Rice,57.3,KG,2292.0,Pending
MDM001513,2026-03-18,SCH0373,Singh Brothers,Rice,33.9,KG,1794.0,Due
MDM000863,2025-06-11,SCH0147,s. agro works,Rice,12.8,KG,1794.0,Pending
MDM004383,2025-12-10,SCH0065,singh agro,Rice,33.9,KG,1794.0,Paid
MDM008208,2025-07-01,SCH0021,sharma & sons,cooking oil,33.9,KG,3552.0,Paid
MDM005750,2025-04-17,SCH0520,Kumar Supplies,Lentils,15.3,KG,1377.0,Pending
MDM004644,2026-02-13,SCH0140,Kumar Supplies,Rice,10.7,KG,428.0,Paid
MDM004120,2026-03-26,SCH0200,singh agro,Rice,33.9,KG,1076.0,Pending
MDM009949,2025-04-06,SCH0420,Kumar Supplies,cooking oil,33.9,KG,3228.0,Cleared
MDM000181,2025-07-25,SCH0452,sharma & sons,Rice,33.9,KG,1644.0,Paid
MDM011242,2025-09-17,SCH0385,Goyal Rice Mill,Wheat,33.9,KG,1692.0,Pending
MDM010796,2025-04-26,SCH0273,singh agro,Wheat,33.9,KG,1794.0,Due
MDM007500,2026-02-14,SCH0495,kumar & co.,cooking oil,33.9,KG,5916.0,Pending
MDM007745,2025-07-04,SCH0488,Kumar Supplies,Wheat,42.0,KG,1260.0,Paid
MDM009742,2025-08-19,SCH0170,goyal mill,Pulses,33.9,KG,4581.0,Paid
MDM006500,2025-02-08,SCH0159,goyal mill,Lentils,14.7,KG,1323.0,Pending
MDM006966,2026-03-31,SCH0279,singh agro,Wheat,33.9,KG,1353.0,Paid
MDM004292,2025-12-19,SCH0291,Singh Brothers,Pulses,33.9,KG,1794.0,Paid
MDM001845,2025-10-11,SCH0162,Singh Brothers,Rice,33.9,KG,1794.0,Due
MDM007132,2025-06-12,SCH0376,Goyal Rice Mill,Wheat,33.9,KG,1290.0,Paid
MDM002158,2025-07-21,SCH0066,Singh Brothers,cooking oil,33.9,KG,1794.0,Pending
MDM007744,2025-12-25,SCH0371,Sharma Traders,Lentils,33.9,KG,3312.0,Pending
MDM003071,2025-07-08,SCH0237,goyal mill,atta,33.9,KG,432.0,Pending
MDM005502,2025-10-04,SCH0452,kumar & co.,Wheat,33.9,KG,855.0,Pending
MDM011614,2025-05-12,SCH0552,Sharma Traders,Rice,33.9,KG,1456.0,Pending
MDM009721,2025-09-10,SCH0168,Singh Brothers,Rice,33.9,KG,724.0,Paid
MDM001211,2025-07-23,SCH0257,Singh Brothers,Lentils,33.9,KG,1071.0,Pending
MDM005966,2025-06-01,SCH0198,goyal enterprises,Lentils,33.9,KG,1404.0,Due
MDM005468,2025-07-10,SCH0424,goyal enterprises,Wheat,33.9,KG,450.0,Pending
MDM000901,2026-02-21,SCH0582,Singh Brothers,Lentils,33.9,KG,1794.0,Pending
MDM006958,2026-03-26,SCH0016,Singh Brothers,Rice,33.9,KG,1504.0,Paid
MDM004950,2025-12-24,SCH0083,Sharma Traders,Wheat,33.9,KG,1521.0,Due
MDM001603,2025-12-22,SCH0427,s. agro works,Lentils,33.9,KG,5031.0,Due
MDM005934,2026-03-25,SCH0062,goyal enterprises,Lentils,33.9,KG,1794.0,Due
MDM006534,2026-02-16,SCH0070,Sharma Traders,Lentils,27.7,KG,1794.0,Due
MDM004105,2025-06-10,SCH0063,goyal enterprises,Wheat,33.9,KG,888.0,Pending
MDM001956,2026-02-21,SCH0567,kumar & co.,Rice,33.9,KG,632.0,Cleared
MDM000093,2025-04-26,SCH0510,Kumar General Store,Pulses,33.9,KG,3483.0,Due
MDM005854,2025-10-11,SCH0529,sharma & sons,sarson tel,33.9,KG,4452.0,Cleared
MDM008205,2026-01-22,SCH0462,Goyal Rice Mill,Pulses,20.5,KG,1794.0,Due
MDM009886,2025-10-30,SCH0171,Kumar Supplies,Pulses,33.9,KG,1593.0,Pending
MDM005365,2025-07-01,SCH0480,singh agro,Pulses,33.9,KG,1794.0,Cleared
MDM007090,2025-04-08,SCH0340,goyal enterprises,Pulses,33.9,KG,3312.0,Paid
MDM008910,2026-03-03,SCH0059,sharma & sons,sarson tel,33.9,KG,6312.0,Paid
MDM001587,2026-02-10,SCH0122,kumar & co.,Lentils,30.6,KG,1794.0,Paid
MDM007635,2025-06-21,SCH0152,Kumar Supplies,Rice,33.9,KG,2236.0,Paid
MDM008168,2025-05-23,SCH0136,sharma & sons,atta,33.9,KG,456.0,Cleared
MDM007947,2026-03-25,SCH0520,Sharma Traders,Lentils,33.9,KG,5067.0,Pending
MDM004210,2025-06-12,SCH0110,Goyal Rice Mill,Wheat,33.9,KG,1794.0,Paid
MDM011116,2025-06-22,SCH0244,Sharma Traders,Pulses,33.9,KG,1794.0,Due
MDM001085,2026-02-15,SCH0342,Sharma Traders,Rice,33.9,KG,432.0,Paid
MDM010285,2025-10-01,SCH0013,Kumar General Store,Wheat,33.9,KG,1794.0,Due
MDM008152,2025-07-05,SCH0423,Sharma Traders,cooking oil,33.9,KG,6816.0,Paid
MDM008250,2025-07-16,SCH0399,kumar & co.,Lentils,33.9,KG,1794.0,Paid
MDM006146,2025-06-21,SCH0397,kumar & co.,Rice,33.9,KG,612.0,Paid
MDM002169,2026-03-09,SCH0506,s. agro works,Wheat,33.9,KG,768.0,Paid
MDM011821,2025-10-23,SCH0034,kumar & co.,Rice,33.9,KG,1794.0,Paid
MDM005351,2026-01-23,SCH0020,Sharma Traders,Lentils,33.9,KG,4077.0,Paid
MDM003070,2025-04-20,SCH0317,s. agro works,Wheat,33.9,KG,1608.0,Cleared
MDM008036,2026-02-28,SCH0437,Kumar Supplies,Pulses,33.9,KG,3969.0,Paid
MDM007488,2025-08-29,SCH0585,Kumar Supplies,Rice,33.9,KG,728.0,Due
MDM002326,2025-08-08,SCH0401,singh agro,Lentils,33.9,KG,1794.0,Paid
MDM000409,2025-06-24,SCH0044,kumar & co.,Wheat,33.9,KG,1548.0,Pending
MDM010129,2025-07-13,SCH0330,Kumar Supplies,Rice,22.9,KG,916.0,Paid
MDM001494,2025-11-07,SCH0007,goyal enterprises,sarson tel,33.9,KG,1794.0,Cleared
MDM007407,2025-09-20,SCH0086,goyal enterprises,Rice,33.9,KG,2144.0,Paid
MDM010468,2026-01-06,SCH0437,Sharma Traders,mustard oil,33.9,KG,6864.0,Pending
MDM005647,2026-01-19,SCH0082,Goyal Rice Mill,oil,48.0,KG,1794.0,Pending
MDM007200,2026-02-13,SCH0582,Sharma Traders,cooking oil,35.0,KG,1794.0,Cleared
MDM005911,2026-01-03,SCH0349,Sharma Traders,Rice,17.8,KG,712.0,Paid
MDM007969,2025-04-21,SCH0012,sharma & sons,Wheat,33.9,KG,1794.0,Pending
MDM002767,2025-11-01,SCH0386,s. agro works,Rice,33.9,KG,1794.0,Pending
MDM003782,2025-07-25,SCH0545,kumar & co.,Wheat,33.9,KG,1638.0,Due
MDM006979,2026-01-29,SCH0530,s. agro works,Rice,33.9,KG,824.0,Pending
MDM009523,2025-05-15,SCH0485,singh agro,atta,33.9,KG,744.0,Paid
MDM003370,2026-08-03,SCH0537,singh agro,Rice,33.9,KG,2340.0,Paid
MDM006876,2025-09-14,SCH0585,Sharma Traders,Rice,33.9,KG,1984.0,Pending
MDM004382,2025-04-01,SCH0557,kumar & co.,Wheat,33.9,KG,495.0,Pending
MDM002168,2025-12-07,SCH0057,s. agro works,Lentils,33.9,KG,1794.0,Pending
MDM008853,2025-12-03,SCH0586,Sharma Traders,mustard oil,33.9,KG,2916.0,Paid
MDM004787,2025-05-01,SCH0474,Kumar General Store,Wheat,33.9,KG,1791.0,Cleared
MDM004476,2025-10-13,SCH0311,Goyal Rice Mill,Wheat,33.9,KG,408.0,Paid
MDM003188,2025-10-19,SCH0382,Goyal Rice Mill,Rice,22.6,KG,1794.0,Cleared
MDM005350,2025-08-23,SCH0106,Singh Brothers,Lentils,33.9,KG,1794.0,Pending
MDM006602,2025-11-05,SCH0141,Kumar General Store,Rice,33.9,KG,1156.0,Cleared
MDM003493,2025-08-25,SCH0592,Goyal Rice Mill,Rice,33.9,KG,1776.0,Due
MDM008076,2025-05-29,SCH0487,Kumar General Store,Wheat,33.9,KG,1794.0,Paid
MDM003083,2026-01-11,SCH0495,Kumar Supplies,Rice,33.9,KG,1920.0,Pending
MDM001351,2025-05-21,SCH0452,Sharma Traders,sarson tel,33.9,KG,1794.0,Paid
MDM006159,2025-08-05,SCH0187,Sharma Traders,Rice,33.9,KG,1620.0,Pending
MDM002089,2025-05-18,SCH0432,Singh Brothers,Rice,59.3,KG,2372.0,Paid
MDM009264,2026-03-06,SCH0284,kumar & co.,cooking oil,33.9,KG,3444.0,Paid
MDM007908,2025-07-08,SCH0253,Sharma Traders,oil,33.9,KG,1794.0,Pending
MDM008519,2025-11-26,SCH0318,Sharma Traders,sarson tel,33.9,KG,3984.0,Pending
MDM000331,2025-06-01,SCH0329,Singh Brothers,Rice,33.9,KG,1794.0,Pending
MDM010104,2026-01-22,SCH0216,Sharma Traders,mustard oil,33.9,KG,3084.0,Pending
MDM002345,2025-09-14,SCH0337,sharma & sons,oil,33.9,KG,4152.0,Paid
MDM002460,2026-02-26,SCH0139,s. agro works,Rice,33.9,KG,2288.0,Paid
MDM006322,2026-01-16,SCH0531,Singh Brothers,Lentils,33.9,KG,2097.0,Cleared
MDM004004,2025-07-06,SCH0232,goyal enterprises,Pulses,33.9,KG,1794.0,Due
MDM009341,2025-06-29,SCH0423,sharma & sons,Pulses,33.9,KG,1143.0,Paid
MDM001092,2026-05-02,SCH0410,Goyal Rice Mill,cooking oil,33.9,KG,6696.0,Due
MDM000074,2025-07-03,SCH0480,goyal mill,Wheat,33.9,KG,1365.0,Paid
MDM009512,2026-01-29,SCH0542,goyal enterprises,Rice,33.9,KG,1794.0,Paid
MDM006974,2025-06-02,SCH0444,Goyal Rice Mill,Lentils,33.9,KG,3870.0,Paid
MDM003012,2025-06-18,SCH0049,sharma & sons,Rice,38.1,KG,1524.0,Cleared
MDM008310,2025-07-11,SCH0045,goyal mill,Rice,33.9,KG,1428.0,Paid
MDM007842,2025-05-11,SCH0210,Kumar General Store,oil,33.9,KG,1512.0,Due
MDM010627,2026-03-30,SCH0458,Kumar General Store,sarson tel,33.9,KG,1794.0,Paid
MDM009582,2026-03-10,SCH0461,s. agro works,Lentils,33.9,KG,1794.0,Cleared
MDM000042,2026-03-02,SCH0194,Goyal Rice Mill,Lentils,33.9,KG,3896.0,Paid
MDM002560,2025-09-10,SCH0354,Singh Brothers,Rice,14.1,KG,564.0,Paid
MDM011314,2025-06-10,SCH0540,kumar & co.,Lentils,33.9,KG,5175.0,Paid
MDM002338,2025-06-26,SCH0398,sharma & sons,cooking oil,33.9,KG,1794.0,Paid
MDM000319,2025-11-21,SCH0044,kumar & co.,Wheat,33.9,KG,1059.0,Due
MDM009735,2025-12-16,SCH0598,singh agro,cooking oil,33.9,KG,1794.0,Cleared
MDM009395,2025-04-18,SCH0109,goyal enterprises,Lentils,33.9,KG,4896.0,Paid
MDM010045,2025-02-05,SCH0062,sharma & sons,atta,33.9,KG,1794.0,Pending
MDM008029,2025-08-22,SCH0552,Sharma Traders,Lentils,33.9,KG,4113.0,Pending
MDM005323,2025-05-03,SCH0495,kumar & co.,Wheat,33.9,KG,1020.0,Pending
MDM009698,2025-12-22,SCH0235,s. agro works,Lentils,33.9,KG,1794.0,Pending
MDM010612,2025-10-25,SCH0313,singh agro,Rice,33.9,KG,1228.0,Paid
MDM009592,2026-01-22,SCH0583,Goyal Rice Mill,sarson tel,33.9,KG,4956.0,Paid
MDM008493,2025-08-31,SCH0189,goyal enterprises,Rice,33.9,KG,1794.0,Paid
MDM008923,2025-04-02,SCH0169,s. agro works,cooking oil,33.9,KG,1308.0,Paid
MDM006189,2026-01-08,SCH0415,kumar & co.,Rice,33.9,KG,1028.0,Paid
MDM009138,2026-01-14,SCH0513,Sharma Traders,Rice,33.9,KG,1548.0,Pending
MDM008604,2025-05-14,SCH0338,s. agro works,Wheat,33.9,KG,1794.0,Pending
MDM003117,2026-03-21,SCH0058,goyal enterprises,Lentils,33.9,KG,1794.0,Paid
MDM006253,2025-08-21,SCH0060,goyal enterprises,oil,32.4,KG,3888.0,Paid
MDM000086,2025-08-18,SCH0392,goyal enterprises,Wheat,33.9,KG,1794.0,Paid
MDM009788,2025-08-09,SCH0327,kumar & co.,Rice,33.9,KG,2116.0,Due
MDM002471,2026-02-21,SCH0073,Sharma Traders,Rice,33.9,KG,1794.0,Cleared
MDM006879,2025-04-14,SCH0486,Goyal Rice Mill,Rice,33.9,KG,1794.0,Pending
MDM007641,2025-09-25,SCH0491,Sharma Traders,Lentils,33.9,KG,3546.0,Due
MDM001036,2025-10-06,SCH0020,goyal enterprises,Lentils,33.9,KG,1215.0,Due
MDM009907,2025-07-10,SCH0429,s. agro works,cooking oil,33.9,KG,5136.0,Due
MDM006799,2025-07-12,SCH0436,singh agro,Lentils,33.9,KG,3258.0,Paid
MDM002474,2025-06-01,SCH0033,s. agro works,Wheat,33.9,KG,1794.0,Cleared
MDM006437,2025-05-16,SCH0535,Kumar Supplies,Lentils,33.9,KG,4185.0,Paid
MDM006149,2025-12-27,SCH0098,Sharma Traders,Lentils,33.9,KG,2943.0,Cleared
MDM005776,2026-01-16,SCH0197,Sharma Traders,Rice,27.3,KG,1092.0,Cleared
MDM002715,2025-04-01,SCH0363,Kumar General Store,Rice,33.9,KG,1784.0,Pending
MDM008286,2025-06-27,SCH0371,Goyal Rice Mill,sarson tel,33.9,KG,1794.0,Paid
MDM004440,2025-12-13,SCH0516,kumar & co.,atta,33.9,KG,1182.0,Pending
MDM008829,2026-02-11,SCH0038,Kumar Supplies,mustard oil,33.9,KG,1794.0,Due
MDM009170,2025-11-12,SCH0397,Kumar General Store,oil,33.9,KG,1884.0,Pending
MDM011995,2026-02-02,SCH0396,Kumar Supplies,Rice,33.9,KG,2216.0,Pending
MDM006471,2025-11-07,SCH0517,Sharma Traders,Lentils,33.9,KG,2691.0,Paid
MDM010211,2025-07-17,SCH0499,Sharma Traders,Rice,57.5,KG,1794.0,Paid
MDM010691,2025-12-30,SCH0538,Sharma Traders,Wheat,33.9,KG,1794.0,Pending
MDM006419,2025-01-09,SCH0029,goyal mill,sarson tel,33.9,KG,1794.0,Pending
MDM007059,2026-03-18,SCH0450,kumar & co.,Wheat,33.9,KG,705.0,Paid
MDM009317,2026-03-28,SCH0306,Sharma Traders,Wheat,33.9,KG,1344.0,Paid
MDM002532,2025-07-15,SCH0286,kumar & co.,Lentils,54.9,KG,4941.0,Due
MDM000899,2026-01-24,SCH0321,Sharma Traders,Lentils,33.9,KG,1794.0,Paid
MDM001471,2026-09-03,SCH0177,sharma & sons,sarson tel,37.9,KG,1794.0,Pending
MDM010940,2025-04-01,SCH0326,Sharma Traders,Lentils,33.9,KG,1794.0,Pending
MDM000959,2025-04-17,SCH0465,goyal mill,Pulses,33.9,KG,1794.0,Paid
MDM001984,2025-09-03,SCH0069,Sharma Traders,Rice,33.9,KG,1088.0,Cleared
MDM009779,2025-07-28,SCH0500,Sharma Traders,sarson tel,33.9,KG,2244.0,Paid
MDM003405,2025-11-15,SCH0216,goyal mill,sarson tel,33.9,KG,5832.0,Paid
MDM000466,2025-06-10,SCH0139,goyal mill,cooking oil,33.9,KG,1794.0,Paid
MDM008973,2025-08-04,SCH0512,Sharma Traders,Wheat,33.9,KG,702.0,Due
MDM003102,2025-11-07,SCH0086,Sharma Traders,Pulses,33.9,KG,4167.0,Cleared
MDM005707,2025-08-15,SCH0549,Kumar Supplies,Pulses,33.9,KG,1794.0,Cleared
MDM009306,2025-09-30,SCH0289,goyal enterprises,sarson tel,33.9,KG,2304.0,Paid
MDM002865,2025-07-16,SCH0559,sharma & sons,atta,33.9,KG,1794.0,Due
MDM000869,2026-03-22,SCH0229,singh agro,Rice,33.9,KG,1772.0,Cleared
MDM011006,2025-06-26,SCH0465,kumar & co.,Lentils,33.9,KG,1794.0,Paid
MDM009798,2026-03-30,SCH0139,Singh Brothers,Wheat,33.9,KG,1794.0,Cleared
MDM004765,2025-04-23,SCH0304,Sharma Traders,Lentils,33.9,KG,1215.0,Due
MDM010897,2025-11-17,SCH0532,Sharma Traders,Wheat,33.9,KG,348.0,Cleared
MDM009406,2026-03-16,SCH0042,sharma & sons,Wheat,33.9,KG,1299.0,Paid
MDM008159,2025-11-26,SCH0489,s. agro works,oil,25.6,KG,3072.0,Due
MDM011955,2026-01-14,SCH0106,goyal mill,cooking oil,57.1,KG,1794.0,Cleared
MDM002930,2026-03-03,SCH0206,singh agro,mustard oil,33.9,KG,3612.0,Paid
MDM006211,2026-04-03,SCH0199,Goyal Rice Mill,Wheat,33.9,KG,1794.0,Cleared
MDM006126,2026-03-09,SCH0318,singh agro,sarson tel,33.9,KG,6924.0,Cleared
MDM004220,2025-12-08,SCH0058,Kumar General Store,Lentils,33.9,KG,1593.0,Paid
MDM008130,2025-09-17,SCH0393,Kumar General Store,Wheat,33.9,KG,1170.0,Paid
MDM001982,2025-09-25,SCH0090,Sharma Traders,Wheat,33.9,KG,1794.0,Paid
MDM008123,2025-11-16,SCH0509,Kumar Supplies,Pulses,37.3,KG,3356.0,Paid
MDM011033,2026-02-08,SCH0447,Goyal Rice Mill,sarson tel,33.9,KG,6912.0,Pending
MDM010855,2025-11-19,SCH0538,Sharma Traders,oil,38.3,KG,1794.0,Due
MDM010399,2026-02-16,SCH0477,Sharma Traders,oil,33.9,KG,5412.0,Paid
MDM004419,2025-05-01,SCH0142,s. agro works,Lentils,33.9,KG,1794.0,Paid
MDM009133,2025-12-19,SCH0240,Sharma Traders,Lentils,42.8,KG,3852.0,Pending
MDM010811,2025-10-13,SCH0021,goyal mill,Wheat,33.9,KG,1794.0,Pending
MDM010646,2025-07-07,SCH0338,Goyal Rice Mill,Lentils,33.9,KG,4149.0,Due
MDM009764,2025-10-13,SCH0520,sharma & sons,mustard oil,33.9,KG,1794.0,Cleared
MDM007299,2025-04-25,SCH0520,kumar & co.,cooking oil,33.9,KG,5904.0,Pending
MDM008280,2025-10-04,SCH0265,Sharma Traders,sarson tel,33.9,KG,1524.0,Paid
MDM005422,2026-03-01,SCH0447,goyal enterprises,mustard oil,33.9,KG,1794.0,Pending
MDM004803,2025-10-04,SCH0233,Kumar General Store,Pulses,10.6,KG,954.0,Pending
MDM001112,2026-03-30,SCH0156,kumar & co.,Wheat,33.9,KG,1794.0,Pending
MDM003255,2025-10-02,SCH0284,Kumar Supplies,Lentils,10.7,KG,962.0,Pending
MDM003545,2026-02-17,SCH0555,kumar & co.,atta,33.9,KG,1404.0,Paid
MDM007667,2026-02-16,SCH0398,Kumar General Store,Rice,33.9,KG,1794.0,Cleared
MDM010633,2026-01-17,SCH0094,goyal mill,atta,33.9,KG,1794.0,Cleared
MDM008679,2025-10-26,SCH0368,Singh Brothers,cooking oil,33.9,KG,1716.0,Paid
MDM008878,2025-04-14,SCH0312,Kumar General Store,Rice,33.9,KG,2248.0,Pending
MDM002103,2025-12-05,SCH0022,kumar & co.,Pulses,33.9,KG,1794.0,Pending
MDM005563,2025-09-28,SCH0553,kumar & co.,Pulses,33.9,KG,4563.0,Paid
MDM010089,2025-11-21,SCH0025,Singh Brothers,Lentils,11.3,KG,1017.0,Due
MDM011510,2026-01-13,SCH0002,Sharma Traders,atta,33.9,KG,561.0,Paid
MDM004829,2025-10-17,SCH0167,Sharma Traders,Wheat,33.9,KG,1794.0,Paid
MDM004266,2026-02-04,SCH0491,goyal enterprises,Rice,33.9,KG,1612.0,Due
MDM005340,2026-02-10,SCH0116,goyal enterprises,Rice,26.7,KG,1068.0,Paid
MDM004368,2025-09-22,SCH0513,Sharma Traders,cooking oil,33.9,KG,2892.0,Pending
MDM001220,2025-06-14,SCH0068,singh agro,Rice,33.9,KG,1794.0,Paid
MDM009188,2025-07-24,SCH0568,Sharma Traders,Rice,33.9,KG,1794.0,Paid
MDM009744,2026-01-10,SCH0046,goyal enterprises,Rice,33.9,KG,2192.0,Paid
MDM011812,2025-04-13,SCH0600,goyal mill,Wheat,33.9,KG,1314.0,Cleared
MDM007128,2025-01-08,SCH0128,s. agro works,oil,33.9,KG,6012.0,Pending
MDM004601,2025-07-20,SCH0226,Kumar Supplies,Rice,33.9,KG,1794.0,Due
MDM008705,2025-05-10,SCH0367,goyal enterprises,Wheat,33.9,KG,1794.0,Cleared
MDM010257,2026-02-09,SCH0211,Sharma Traders,Lentils,33.9,KG,1794.0,Paid
MDM009649,2025-04-25,SCH0356,goyal mill,Wheat,33.9,KG,1560.0,Paid
MDM001119,2025-08-08,SCH0130,Singh Brothers,Lentils,43.0,KG,1794.0,Cleared
MDM001741,2026-03-13,SCH0236,sharma & sons,Rice,46.9,KG,1794.0,Cleared
MDM001972,2025-06-30,SCH0289,goyal enterprises,Rice,33.9,KG,1794.0,Paid
MDM003845,2025-07-22,SCH0308,sharma & sons,cooking oil,33.9,KG,1794.0,Due
MDM001666,2026-01-20,SCH0190,Sharma Traders,Lentils,33.9,KG,1794.0,Paid
MDM007289,2025-07-03,SCH0165,Goyal Rice Mill,sarson tel,33.9,KG,2544.0,Pending
MDM003939,2025-07-19,SCH0386,Kumar General Store,Wheat,33.9,KG,309.0,Cleared
MDM006059,2025-11-19,SCH0600,singh agro,atta,33.9,KG,744.0,Pending
MDM001499,2025-04-07,SCH0265,sharma & sons,mustard oil,33.9,KG,2736.0,Paid
MDM000544,2025-12-20,SCH0392,goyal enterprises,Rice,33.9,KG,1576.0,Cleared
MDM009822,2025-05-08,SCH0033,goyal enterprises,Rice,25.3,KG,1012.0,Cleared
MDM000411,2025-11-08,SCH0205,kumar & co.,Lentils,19.1,KG,1719.0,Pending
MDM006861,2025-07-27,SCH0580,Goyal Rice Mill,Pulses,33.9,KG,4149.0,Due
MDM004964,2025-04-13,SCH0288,goyal enterprises,Wheat,33.9,KG,1722.0,Cleared
MDM006084,2026-02-13,SCH0317,goyal mill,Wheat,33.9,KG,489.0,Paid
MDM005237,2026-03-16,SCH0500,Sharma Traders,cooking oil,33.9,KG,1794.0,Paid
MDM001955,2025-08-26,SCH0184,Goyal Rice Mill,Rice,33.9,KG,1794.0,Pending
MDM003280,2025-08-13,SCH0462,Sharma Traders,atta,33.9,KG,1686.0,Pending
MDM007568,2025-09-15,SCH0142,Sharma Traders,Rice,33.9,KG,2340.0,Paid
MDM011155,2025-06-07,SCH0228,goyal enterprises,Lentils,58.9,KG,1794.0,Paid
MDM003034,2025-09-12,SCH0276,goyal enterprises,oil,33.9,KG,4920.0,Paid
MDM003291,2025-12-28,SCH0069,Sharma Traders,Wheat,33.9,KG,1266.0,Cleared
MDM008031,2025-12-31,SCH0441,goyal mill,cooking oil,33.9,KG,5700.0,Paid
MDM006399,2026-03-05,SCH0551,goyal enterprises,Rice,33.9,KG,584.0,Paid
MDM010047,2026-01-16,SCH0597,sharma & sons,Wheat,11.7,KG,351.0,Pending
MDM011573,2026-02-11,SCH0107,singh agro,Wheat,33.9,KG,1617.0,Pending
MDM000734,2025-12-28,SCH0160,singh agro,Wheat,33.9,KG,1755.0,Paid
MDM002475,2025-08-12,SCH0029,Singh Brothers,Lentils,33.9,KG,4257.0,Paid
MDM011371,2025-05-29,SCH0314,singh agro,mustard oil,33.9,KG,2316.0,Pending
MDM002232,2025-09-11,SCH0160,Kumar General Store,Rice,33.9,KG,2184.0,Due
MDM006389,2026-03-17,SCH0506,Kumar General Store,atta,33.9,KG,1578.0,Paid
MDM010987,2025-07-22,SCH0207,goyal mill,Wheat,33.9,KG,546.0,Due
MDM008999,2025-05-26,SCH0365,Sharma Traders,Rice,33.9,KG,656.0,Paid
MDM006311,2025-05-18,SCH0444,singh agro,Lentils,33.9,KG,1794.0,Pending
MDM003015,2025-07-09,SCH0309,Sharma Traders,Wheat,33.9,KG,696.0,Paid
MDM001596,2025-11-27,SCH0530,Kumar General Store,atta,33.9,KG,1611.0,Paid
MDM011901,2026-03-26,SCH0462,goyal mill,mustard oil,33.9,KG,5844.0,Paid
MDM007336,2026-01-30,SCH0471,Singh Brothers,oil,59.3,KG,1794.0,Due
MDM002211,2026-02-27,SCH0508,Sharma Traders,Wheat,33.9,KG,1794.0,Paid
MDM008302,2025-10-05,SCH0362,kumar & co.,mustard oil,33.9,KG,4956.0,Pending
MDM010492,2026-02-22,SCH0242,kumar & co.,cooking oil,33.9,KG,1794.0,Paid
MDM007273,2026-01-26,SCH0262,s. agro works,oil,49.7,KG,5964.0,Due
MDM010587,2025-10-05,SCH0237,kumar & co.,Rice,33.9,KG,1794.0,Paid
MDM008421,2026-03-08,SCH0533,Singh Brothers,Lentils,33.9,KG,1520.0,Paid
MDM001951,2025-12-21,SCH0592,Kumar Supplies,Rice,33.9,KG,1440.0,Paid
MDM007022,2025-05-18,SCH0299,singh agro,Wheat,33.9,KG,414.0,Cleared
MDM008542,2025-12-06,SCH0366,Kumar Supplies,Wheat,33.9,KG,1794.0,Paid
MDM010245,2025-06-23,SCH0348,Sharma Traders,Wheat,33.9,KG,1374.0,Due
MDM009518,2026-02-28,SCH0361,Sharma Traders,Rice,33.9,KG,1100.0,Paid
MDM011618,2025-10-18,SCH0214,s. agro works,Rice,33.9,KG,976.0,Paid
MDM004129,2025-09-17,SCH0200,sharma & sons,Lentils,33.9,KG,2844.0,Due
MDM000903,2026-02-02,SCH0323,Singh Brothers,Lentils,33.9,KG,3735.0,Pending
MDM008275,2025-05-13,SCH0261,goyal enterprises,Lentils,33.9,KG,1557.0,Cleared
MDM007224,2025-04-29,SCH0485,kumar & co.,sarson tel,33.9,KG,2508.0,Paid
MDM006109,2025-10-23,SCH0387,goyal mill,Lentils,33.9,KG,4140.0,Paid
MDM011233,2025-04-30,SCH0190,singh agro,Wheat,33.9,KG,1275.0,Due
MDM009444,2025-08-05,SCH0531,Sharma Traders,Wheat,33.9,KG,1629.0,Cleared
MDM000494,2026-02-11,SCH0433,kumar & co.,cooking oil,33.9,KG,1794.0,Due
MDM005358,2025-06-09,SCH0596,sharma & sons,mustard oil,33.9,KG,4044.0,Due
MDM001731,2025-11-27,SCH0155,Sharma Traders,Wheat,28.3,KG,849.0,Pending
MDM002013,2025-11-18,SCH0246,Sharma Traders,cooking oil,33.9,KG,5364.0,Paid
MDM004128,2025-04-14,SCH0536,singh agro,Lentils,33.9,KG,4860.0,Paid
MDM007773,2025-10-02,SCH0195,Sharma Traders,Lentils,33.9,KG,4905.0,Paid
MDM010805,2025-11-28,SCH0461,Kumar General Store,Lentils,33.9,KG,1794.0,Paid
MDM006346,2025-04-24,SCH0058,kumar & co.,atta,33.9,KG,762.0,Paid
MDM011875,2025-12-12,SCH0599,Kumar Supplies,Wheat,19.9,KG,597.0,Paid
MDM006642,2025-10-18,SCH0291,Kumar Supplies,mustard oil,33.9,KG,1236.0,Paid
MDM000151,2025-05-01,SCH0548,goyal mill,Lentils,33.9,KG,2835.0,Paid
MDM002535,2026-01-09,SCH0118,Singh Brothers,sarson tel,33.9,KG,1794.0,Pending
MDM003560,2025-12-01,SCH0165,singh agro,Pulses,33.9,KG,1794.0,Paid
MDM005467,2025-05-15,SCH0599,s. agro works,mustard oil,33.9,KG,6828.0,Pending
MDM009890,2025-08-07,SCH0470,singh agro,Rice,33.9,KG,1604.0,Pending
MDM005721,2025-12-07,SCH0452,Kumar General Store,Lentils,33.9,KG,1794.0,Due
MDM002423,2025-05-16,SCH0153,Sharma Traders,Wheat,33.9,KG,1284.0,Due
MDM002590,2025-11-05,SCH0055,s. agro works,Lentils,33.9,KG,1794.0,Pending
MDM006188,2025-12-27,SCH0569,goyal enterprises,cooking oil,33.9,KG,3948.0,Due
MDM009936,2025-09-16,SCH0359,Goyal Rice Mill,Rice,33.9,KG,1768.0,Cleared
MDM003650,2025-10-31,SCH0087,Kumar General Store,Rice,33.9,KG,2280.0,Due
MDM004843,2025-11-21,SCH0360,Singh Brothers,oil,33.9,KG,1320.0,Pending
MDM005187,2025-05-29,SCH0107,Kumar Supplies,Lentils,33.9,KG,2736.0,Pending
MDM007478,2026-03-30,SCH0183,Sharma Traders,Rice,59.8,KG,2392.0,Due
MDM000709,2025-07-22,SCH0054,goyal mill,Wheat,39.1,KG,1794.0,Cleared
MDM004330,2026-03-30,SCH0091,kumar & co.,Rice,33.9,KG,1794.0,Paid
MDM010795,2025-06-10,SCH0327,s. agro works,Pulses,33.9,KG,4095.0,Paid
MDM002961,2025-07-29,SCH0136,sharma & sons,oil,33.9,KG,3264.0,Cleared
MDM003903,2025-09-24,SCH0185,goyal enterprises,Wheat,33.9,KG,1794.0,Paid
MDM008046,2026-02-24,SCH0224,singh agro,Rice,10.6,KG,1794.0,Paid
MDM009598,2026-03-08,SCH0026,goyal mill,mustard oil,33.9,KG,3336.0,Paid
MDM006718,2026-01-30,SCH0390,Sharma Traders,oil,33.9,KG,4536.0,Paid
MDM001091,2025-07-05,SCH0280,sharma & sons,oil,33.9,KG,2964.0,Pending
MDM000036,2025-12-01,SCH0152,Kumar General Store,mustard oil,12.8,KG,1536.0,Due
MDM008483,2025-10-25,SCH0241,goyal enterprises,cooking oil,33.9,KG,3876.0,Pending
MDM002233,2025-12-31,SCH0570,Goyal Rice Mill,Wheat,33.9,KG,564.0,Due
MDM004171,2025-10-08,SCH0025,Sharma Traders,Rice,33.9,KG,600.0,Paid
MDM007472,2025-05-05,SCH0203,sharma & sons,Lentils,33.9,KG,1794.0,Pending
MDM005229,2026-03-14,SCH0338,singh agro,Lentils,33.9,KG,2700.0,Paid
MDM002911,2025-10-23,SCH0172,kumar & co.,Pulses,33.9,KG,1548.0,Due
MDM010823,2025-12-31,SCH0534,Singh Brothers,mustard oil,33.9,KG,1794.0,Pending
MDM004790,2025-07-14,SCH0137,Kumar Supplies,Lentils,33.9,KG,1314.0,Paid
MDM004329,2025-11-19,SCH0343,singh agro,Rice,33.9,KG,620.0,Paid
MDM000429,2025-06-11,SCH0184,Sharma Traders,sarson tel,33.9,KG,1794.0,Pending
MDM011942,2026-02-14,SCH0592,Sharma Traders,Lentils,33.9,KG,1764.0,Cleared
MDM003380,2025-12-16,SCH0045,Sharma Traders,atta,47.8,KG,1434.0,Paid
MDM002348,2025-05-26,SCH0366,s. agro works,Lentils,33.9,KG,4923.0,Pending
MDM011288,2026-03-24,SCH0589,Kumar Supplies,oil,33.9,KG,1794.0,Pending
MDM008172,2025-12-27,SCH0396,Goyal Rice Mill,Rice,17.8,KG,712.0,Paid
MDM009249,2025-04-25,SCH0372,Sharma Traders,Rice,33.9,KG,1444.0,Cleared
MDM006665,2026-02-16,SCH0033,kumar & co.,Wheat,33.9,KG,1029.0,Paid
MDM010787,2025-12-20,SCH0151,Singh Brothers,Lentils,33.9,KG,5211.0,Paid
MDM004239,2026-03-24,SCH0462,Goyal Rice Mill,Rice,38.7,KG,1794.0,Paid
MDM003858,2025-09-21,SCH0303,Goyal Rice Mill,Wheat,33.9,KG,1794.0,Due
MDM008856,2025-09-11,SCH0514,Sharma Traders,Rice,33.9,KG,1584.0,Pending
MDM001748,2025-06-24,SCH0328,Kumar Supplies,Lentils,33.9,KG,1314.0,Paid
MDM003134,2026-02-07,SCH0398,goyal mill,Lentils,33.9,KG,3897.0,Pending
MDM003003,2025-11-14,SCH0204,Sharma Traders,Pulses,33.9,KG,2376.0,Due
MDM001433,2025-07-01,SCH0349,singh agro,cooking oil,33.9,KG,1572.0,Due
MDM002202,2025-11-20,SCH0167,Singh Brothers,Wheat,15.0,KG,450.0,Paid
MDM010932,2025-11-30,SCH0142,goyal mill,Pulses,33.9,KG,4248.0,Paid
MDM000705,2026-01-01,SCH0370,Sharma Traders,Wheat,33.9,KG,1575.0,Due
MDM006245,2025-10-02,SCH0114,Sharma Traders,Wheat,33.9,KG,639.0,Pending
MDM010054,2025-10-02,SCH0588,goyal enterprises,Wheat,48.8,KG,1794.0,Paid
MDM008806,2025-06-30,SCH0499,Goyal Rice Mill,Rice,33.9,KG,1056.0,Pending
MDM002190,2025-09-24,SCH0595,Kumar General Store,Wheat,33.9,KG,1317.0,Pending
MDM005494,2025-12-15,SCH0376,Goyal Rice Mill,sarson tel,44.2,KG,5304.0,Paid
MDM009262,2025-11-07,SCH0207,sharma & sons,Wheat,33.9,KG,507.0,Paid
MDM000609,2025-08-14,SCH0504,kumar & co.,Pulses,33.9,KG,1794.0,Pending
MDM002228,2025-09-28,SCH0221,goyal enterprises,sarson tel,50.4,KG,6048.0,Cleared
MDM003470,2025-01-12,SCH0376,kumar & co.,sarson tel,33.9,KG,3444.0,Pending
MDM003754,2026-11-01,SCH0254,s. agro works,Rice,33.9,KG,1794.0,Paid
MDM003579,2025-11-09,SCH0111,sharma & sons,Wheat,50.7,KG,1521.0,Pending
MDM003208,2025-10-28,SCH0461,Sharma Traders,Wheat,33.9,KG,528.0,Paid
MDM002964,2026-02-23,SCH0181,s. agro works,Wheat,33.9,KG,1434.0,Due
MDM011234,2026-02-24,SCH0349,kumar & co.,Lentils,33.9,KG,4590.0,Paid
MDM008909,2025-10-21,SCH0321,s. agro works,sarson tel,33.9,KG,1794.0,Pending
MDM009343,2026-03-29,SCH0248,Goyal Rice Mill,oil,33.9,KG,5616.0,Due
MDM002003,2025-10-10,SCH0081,s. agro works,Wheat,33.9,KG,579.0,Paid
MDM006393,2025-10-04,SCH0112,Singh Brothers,mustard oil,33.9,KG,1836.0,Pending
MDM000759,2025-08-22,SCH0091,Sharma Traders,Pulses,33.9,KG,2844.0,Due
MDM007311,2026-02-05,SCH0054,Sharma Traders,atta,33.9,KG,1446.0,Due
MDM002770,2026-01-04,SCH0189,Sharma Traders,cooking oil,33.9,KG,6636.0,Paid
MDM011809,2025-07-30,SCH0024,sharma & sons,Rice,33.9,KG,1224.0,Paid
MDM002615,2025-06-13,SCH0130,goyal mill,Rice,55.9,KG,2236.0,Due
MDM002055,2025-10-17,SCH0058,sharma & sons,Lentils,33.9,KG,1794.0,Cleared
MDM003449,2025-06-18,SCH0389,kumar & co.,Pulses,33.9,KG,1701.0,Due
MDM005596,2025-05-06,SCH0020,s. agro works,Wheat,33.9,KG,549.0,Pending
MDM000400,2025-04-18,SCH0103,Kumar Supplies,Lentils,33.9,KG,2124.0,Paid
MDM000931,2025-11-23,SCH0392,singh agro,Rice,33.9,KG,1794.0,Paid
MDM010412,2025-10-28,SCH0456,goyal enterprises,Pulses,33.9,KG,1794.0,Pending
MDM010185,2025-11-06,SCH0273,singh agro,Rice,33.9,KG,468.0,Due
MDM000543,2025-04-23,SCH0277,Kumar Supplies,Rice,53.1,KG,2124.0,Pending
MDM010166,2025-09-03,SCH0537,Kumar Supplies,Rice,33.9,KG,920.0,Cleared
MDM004521,2025-08-09,SCH0367,Kumar Supplies,sarson tel,33.9,KG,5484.0,Due
MDM008460,2025-05-01,SCH0284,goyal mill,cooking oil,33.9,KG,7164.0,Pending
MDM003060,2025-04-09,SCH0021,goyal enterprises,Rice,33.9,KG,2304.0,Paid
MDM010851,2025-12-31,SCH0446,goyal enterprises,Pulses,33.9,KG,1494.0,Paid
MDM001419,2025-08-09,SCH0301,s. agro works,Lentils,33.9,KG,1794.0,Pending
MDM004289,2025-07-28,SCH0026,s. agro works,Wheat,33.9,KG,774.0,Paid
MDM005373,2025-08-17,SCH0480,Kumar General Store,cooking oil,33.9,KG,1794.0,Cleared
MDM008431,2025-09-13,SCH0058,Sharma Traders,Wheat,33.9,KG,351.0,Due
MDM008204,2025-04-09,SCH0214,goyal mill,Wheat,33.9,KG,1104.0,Paid
MDM008940,2025-09-15,SCH0261,Sharma Traders,Rice,33.9,KG,1552.0,Pending
MDM001460,2026-03-11,SCH0091,Kumar General Store,cooking oil,33.9,KG,2556.0,Cleared
MDM000368,2025-07-25,SCH0095,s. agro works,Lentils,33.9,KG,3096.0,Pending
MDM001394,2025-12-12,SCH0282,goyal enterprises,cooking oil,33.9,KG,4068.0,Paid
MDM007785,2025-04-09,SCH0139,Goyal Rice Mill,Lentils,33.9,KG,3897.0,Pending
MDM011365,2026-01-14,SCH0163,goyal mill,sarson tel,33.9,KG,4488.0,Pending
MDM004631,2025-09-25,SCH0537,s. agro works,Lentils,33.9,KG,4788.0,Cleared
MDM003653,2025-11-14,SCH0345,goyal enterprises,Wheat,33.9,KG,1794.0,Pending
MDM003296,2025-11-19,SCH0562,Sharma Traders,Lentils,33.9,KG,5103.0,Paid
MDM009672,2025-07-24,SCH0462,kumar & co.,Wheat,33.9,KG,1098.0,Cleared
MDM011880,2025-11-22,SCH0449,sharma & sons,Rice,33.9,KG,1736.0,Pending
MDM011394,2025-06-18,SCH0444,Sharma Traders,Lentils,33.9,KG,2376.0,Paid
MDM000064,2025-11-14,SCH0238,sharma & sons,Wheat,33.9,KG,1098.0,Paid
MDM004717,2025-08-13,SCH0548,Kumar Supplies,Wheat,33.9,KG,1629.0,Pending
MDM006042,2025-05-29,SCH0230,singh agro,Rice,33.9,KG,1794.0,Paid
MDM000135,2025-07-15,SCH0272,goyal enterprises,Lentils,33.9,KG,1794.0,Due
MDM005504,2025-12-19,SCH0222,Goyal Rice Mill,Rice,33.9,KG,1794.0,Paid
MDM011406,2025-09-26,SCH0250,s. agro works,Wheat,33.9,KG,570.0,Pending
MDM005170,2026-02-19,SCH0351,goyal mill,oil,25.8,KG,1794.0,Paid
MDM011820,2025-12-14,SCH0105,goyal mill,mustard oil,48.1,KG,5772.0,Paid
MDM009172,2025-05-01,SCH0149,sharma & sons,Lentils,33.9,KG,1794.0,Paid
MDM004082,2025-06-25,SCH0448,Sharma Traders,Rice,33.9,KG,1794.0,Paid
MDM009286,2026-03-09,SCH0398,kumar & co.,Rice,33.9,KG,1448.0,Paid
MDM001794,2026-02-01,SCH0591,singh agro,oil,33.9,KG,5196.0,Cleared
MDM007243,2026-01-14,SCH0295,Singh Brothers,Pulses,33.9,KG,1794.0,Paid
MDM003161,2025-04-10,SCH0086,kumar & co.,cooking oil,33.9,KG,1716.0,Cleared
MDM000697,2026-01-30,SCH0318,Sharma Traders,Rice,33.9,KG,1040.0,Due
MDM000428,2025-07-13,SCH0284,Sharma Traders,mustard oil,33.9,KG,5520.0,Paid
MDM009931,2025-06-05,SCH0332,kumar & co.,Lentils,33.9,KG,1794.0,Due
MDM003414,2025-04-23,SCH0300,s. agro works,Rice,33.9,KG,1794.0,Due
MDM003756,2025-05-15,SCH0290,Singh Brothers,Rice,56.7,KG,1794.0,Paid
MDM011938,2025-07-26,SCH0292,Kumar Supplies,Lentils,33.9,KG,2142.0,Paid
MDM009363,2025-04-22,SCH0554,Sharma Traders,Wheat,33.9,KG,357.0,Pending
MDM004458,2025-07-08,SCH0547,s. agro works,Rice,33.9,KG,808.0,Pending
MDM009200,2025-08-05,SCH0147,sharma & sons,atta,33.9,KG,1794.0,Paid
MDM009217,2025-07-17,SCH0302,sharma & sons,Wheat,33.9,KG,426.0,Pending
MDM002040,2026-02-12,SCH0051,Kumar General Store,Wheat,33.9,KG,1710.0,Paid
MDM003502,2025-07-30,SCH0163,s. agro works,Rice,33.9,KG,2028.0,Pending
MDM007540,2025-07-18,SCH0593,singh agro,Pulses,33.9,KG,1794.0,Paid
MDM000677,2025-05-25,SCH0517,s. agro works,Wheat,33.9,KG,1149.0,Paid
MDM005099,2026-03-27,SCH0427,Goyal Rice Mill,Rice,33.9,KG,1612.0,Cleared
MDM006951,2026-02-18,SCH0519,s. agro works,Pulses,33.9,KG,4104.0,Paid
MDM007749,2025-09-01,SCH0522,goyal mill,oil,33.9,KG,7080.0,Due
MDM007539,2026-01-26,SCH0572,goyal enterprises,Rice,33.9,KG,532.0,Paid
MDM002508,2025-09-29,SCH0108,goyal enterprises,Rice,28.1,KG,1794.0,Cleared
MDM011348,2025-09-22,SCH0254,sharma & sons,Wheat,33.9,KG,360.0,Cleared
MDM006858,2025-09-12,SCH0386,kumar & co.,cooking oil,59.8,KG,7176.0,Cleared
MDM006195,2025-08-28,SCH0088,s. agro works,Wheat,33.9,KG,1794.0,Cleared
MDM010083,2025-06-16,SCH0508,Sharma Traders,Lentils,33.9,KG,1794.0,Paid
MDM006546,2025-08-11,SCH0356,singh agro,Rice,33.9,KG,1220.0,Pending
MDM002185,2025-04-12,SCH0246,Kumar Supplies,atta,33.9,KG,1431.0,Paid
MDM005021,2026-01-02,SCH0271,Sharma Traders,Lentils,33.9,KG,1794.0,Cleared
MDM005903,2026-03-20,SCH0335,Sharma Traders,Rice,33.9,KG,1794.0,Pending
MDM003018,2025-10-30,SCH0037,kumar & co.,atta,33.9,KG,915.0,Paid
MDM006181,2025-04-08,SCH0057,Singh Brothers,Rice,33.9,KG,1488.0,Due
MDM002317,2026-03-11,SCH0532,Kumar Supplies,oil,33.9,KG,2928.0,Pending
MDM004869,2026-01-28,SCH0030,Sharma Traders,oil,33.9,KG,3876.0,Paid
MDM005498,2025-09-20,SCH0049,Sharma Traders,cooking oil,33.9,KG,1794.0,Cleared
MDM004049,2025-07-06,SCH0399,Kumar Supplies,Wheat,33.9,KG,906.0,Pending
MDM006538,2026-03-13,SCH0145,kumar & co.,Rice,33.9,KG,1794.0,Paid
MDM008546,2026-02-13,SCH0055,Sharma Traders,mustard oil,33.9,KG,4884.0,Due
MDM010337,2025-05-04,SCH0580,Kumar General Store,Rice,40.9,KG,1794.0,Paid
MDM006373,2025-08-26,SCH0448,Goyal Rice Mill,oil,33.9,KG,5004.0,Pending
MDM000741,2025-09-11,SCH0418,Singh Brothers,oil,33.9,KG,1794.0,Paid
MDM000001,2025-09-04,SCH0541,Singh Brothers,Wheat,33.9,KG,411.0,Cleared
MDM001689,2025-11-07,SCH0118,Sharma Traders,Rice,33.9,KG,596.0,Due
MDM009495,2025-11-22,SCH0214,singh agro,Wheat,33.9,KG,1677.0,Paid
MDM008388,2026-02-03,SCH0253,kumar & co.,Lentils,33.9,KG,1794.0,Paid
MDM009146,2025-11-07,SCH0179,s. agro works,oil,33.9,KG,2316.0,Cleared
MDM006070,2026-01-21,SCH0445,Sharma Traders,Lentils,33.9,KG,2124.0,Pending
MDM009491,2025-07-12,SCH0586,goyal mill,Lentils,33.9,KG,4752.0,Paid
MDM003022,2025-11-04,SCH0043,kumar & co.,Rice,33.9,KG,1912.0,Paid
MDM003885,2025-07-06,SCH0238,Kumar Supplies,Rice,33.9,KG,1794.0,Due
MDM008991,2025-07-26,SCH0176,Singh Brothers,Lentils,33.9,KG,4401.0,Paid
MDM008725,2026-01-09,SCH0486,Sharma Traders,oil,33.9,KG,4752.0,Paid
MDM005360,2026-02-07,SCH0537,sharma & sons,Wheat,33.9,KG,534.0,Pending
MDM004191,2025-12-21,SCH0289,Kumar Supplies,Wheat,33.9,KG,1794.0,Pending
MDM002373,2025-09-14,SCH0100,singh agro,Rice,54.6,KG,1794.0,Pending
MDM003897,2025-07-21,SCH0240,Kumar General Store,oil,33.9,KG,1794.0,Paid
MDM010862,2025-07-20,SCH0268,Singh Brothers,Wheat,33.9,KG,1797.0,Pending
MDM002883,2026-02-26,SCH0203,Sharma Traders,cooking oil,33.9,KG,3420.0,Paid
MDM006743,2026-02-18,SCH0110,Sharma Traders,Lentils,39.4,KG,3546.0,Due
MDM010539,2025-10-11,SCH0375,singh agro,Pulses,33.9,KG,1794.0,Cleared
MDM008630,2025-06-27,SCH0060,Singh Brothers,Wheat,33.9,KG,561.0,Pending
MDM001733,2025-07-19,SCH0022,goyal mill,oil,33.9,KG,6792.0,Due
MDM003530,2025-11-23,SCH0004,Kumar Supplies,Rice,44.6,KG,1784.0,Paid
MDM009009,2025-06-02,SCH0542,singh agro,Rice,33.9,KG,1608.0,Cleared
MDM010372,2025-05-23,SCH0076,Kumar General Store,Wheat,33.9,KG,1341.0,Paid
MDM010227,2025-05-23,SCH0370,kumar & co.,Rice,33.9,KG,1794.0,Due
MDM008063,2025-09-03,SCH0404,singh agro,Rice,33.9,KG,1794.0,Pending
MDM001770,2026-01-10,SCH0324,Singh Brothers,Rice,33.9,KG,1794.0,Paid
MDM011929,2026-01-29,SCH0304,Sharma Traders,Wheat,33.9,KG,819.0,Due
MDM010426,2026-02-04,SCH0321,sharma & sons,atta,33.9,KG,597.0,Paid
MDM005910,2026-03-02,SCH0281,Sharma Traders,Lentils,33.9,KG,1794.0,Paid
MDM003577,2025-10-10,SCH0022,kumar & co.,Rice,33.9,KG,2148.0,Due
MDM004309,2025-04-07,SCH0273,kumar & co.,Lentils,33.9,KG,1242.0,Pending
MDM004773,2025-07-18,SCH0461,s. agro works,mustard oil,33.9,KG,1794.0,Cleared
MDM000217,2025-07-23,SCH0371,singh agro,Wheat,33.9,KG,720.0,Paid
MDM003091,2025-04-27,SCH0347,goyal enterprises,Wheat,51.7,KG,1551.0,Paid
MDM005881,2025-09-25,SCH0207,Singh Brothers,Wheat,14.7,KG,1794.0,Paid
MDM002488,2026-01-28,SCH0235,sharma & sons,Rice,33.9,KG,1588.0,Paid
MDM008666,2025-09-28,SCH0241,goyal mill,Rice,52.9,KG,1794.0,Cleared
MDM000922,2025-08-06,SCH0062,s. agro works,sarson tel,28.1,KG,3372.0,Paid
MDM000867,2025-12-30,SCH0571,Kumar General Store,oil,33.9,KG,1794.0,Paid
MDM008994,2025-12-10,SCH0306,sharma & sons,Wheat,33.9,KG,1362.0,Paid
MDM000044,2025-05-21,SCH0085,Goyal Rice Mill,Lentils,33.9,KG,2259.0,Pending
MDM000018,2026-01-09,SCH0390,sharma & sons,mustard oil,20.2,KG,1794.0,Paid
MDM003423,2025-07-11,SCH0112,goyal enterprises,Lentils,33.9,KG,4338.0,Cleared
MDM006890,2026-01-02,SCH0575,goyal mill,Wheat,33.9,KG,1794.0,Paid
MDM003140,2025-12-11,SCH0294,Sharma Traders,cooking oil,33.9,KG,1794.0,Paid
MDM010314,2025-06-06,SCH0143,Sharma Traders,Wheat,33.9,KG,1341.0,Due
MDM006884,2025-05-11,SCH0444,Sharma Traders,Wheat,33.9,KG,327.0,Paid
MDM003835,2026-05-01,SCH0170,kumar & co.,oil,33.9,KG,5640.0,Paid
MDM007934,2025-09-28,SCH0074,sharma & sons,oil,33.9,KG,1794.0,Pending
MDM007109,2025-10-04,SCH0218,Goyal Rice Mill,Wheat,33.9,KG,1794.0,Due
MDM009900,2025-07-16,SCH0245,Kumar General Store,cooking oil,33.9,KG,5304.0,Cleared
MDM004725,2025-08-25,SCH0540,goyal mill,oil,33.9,KG,1794.0,Cleared
MDM002996,2025-08-30,SCH0250,s. agro works,Lentils,55.1,KG,1794.0,Paid
MDM006841,2025-12-01,SCH0437,goyal enterprises,Lentils,29.6,KG,2664.0,Paid
MDM010900,2025-10-18,SCH0341,Sharma Traders,Wheat,33.9,KG,1704.0,Due
MDM003413,2026-01-09,SCH0322,goyal mill,mustard oil,33.9,KG,3312.0,Cleared
MDM004481,2025-04-16,SCH0323,Kumar Supplies,Rice,33.9,KG,1668.0,Pending
MDM005114,2026-01-31,SCH0089,s. agro works,mustard oil,33.9,KG,1428.0,Pending
MDM000796,2025-11-22,SCH0307,sharma & sons,atta,39.5,KG,1185.0,Paid
MDM007572,2026-02-13,SCH0538,Kumar Supplies,Rice,33.9,KG,1972.0,Paid
MDM011709,2025-11-23,SCH0480,singh agro,oil,33.9,KG,7044.0,Cleared
MDM004478,2026-02-04,SCH0558,sharma & sons,cooking oil,33.9,KG,1428.0,Paid
MDM008491,2026-03-24,SCH0512,Sharma Traders,Lentils,33.9,KG,1794.0,Paid
MDM003273,2026-01-02,SCH0475,Sharma Traders,Lentils,33.9,KG,1794.0,Pending
MDM002944,2025-09-26,SCH0215,Sharma Traders,Wheat,33.9,KG,927.0,Pending
MDM006859,2025-12-29,SCH0174,Sharma Traders,Lentils,33.9,KG,1794.0,Pending
MDM011949,2025-11-03,SCH0395,Kumar General Store,mustard oil,33.9,KG,3084.0,Pending
MDM011783,2025-07-05,SCH0397,Kumar General Store,Rice,30.0,KG,1794.0,Due
MDM000533,2025-11-08,SCH0464,Goyal Rice Mill,Rice,33.9,KG,2152.0,Due
MDM002544,2025-09-06,SCH0340,goyal enterprises,Rice,33.9,KG,1704.0,Pending
MDM008420,2026-01-24,SCH0413,goyal mill,atta,33.9,KG,1479.0,Paid
MDM008892,2025-12-09,SCH0432,Kumar General Store,Wheat,33.9,KG,1794.0,Pending
MDM003300,2025-11-24,SCH0144,Goyal Rice Mill,Wheat,31.4,KG,942.0,Paid
MDM007758,2025-10-31,SCH0421,kumar & co.,Rice,26.6,KG,1794.0,Paid
MDM011065,2025-02-12,SCH0092,goyal mill,sarson tel,33.9,KG,4620.0,Pending
MDM010512,2025-07-17,SCH0039,s. agro works,Lentils,33.9,KG,3195.0,Paid
MDM011692,2025-10-09,SCH0399,Singh Brothers,Lentils,52.5,KG,4725.0,Paid
MDM011330,2025-05-16,SCH0006,Kumar General Store,Lentils,33.9,KG,1746.0,Paid
MDM007050,2025-04-06,SCH0283,sharma & sons,Wheat,33.9,KG,1053.0,Due
MDM002518,2026-03-14,SCH0454,s. agro works,atta,33.9,KG,1725.0,Due
MDM000684,2025-04-05,SCH0229,Sharma Traders,mustard oil,33.9,KG,6720.0,Paid
MDM007677,2025-05-16,SCH0016,kumar & co.,Wheat,33.9,KG,1794.0,Cleared
MDM010333,2025-10-29,SCH0360,Kumar Supplies,atta,10.7,KG,321.0,Paid
MDM004871,2025-08-04,SCH0151,s. agro works,Wheat,48.1,KG,1443.0,Paid
MDM000578,2025-08-01,SCH0037,sharma & sons,atta,33.9,KG,1428.0,Paid
MDM011474,2025-11-23,SCH0107,kumar & co.,Rice,33.9,KG,1794.0,Pending
MDM008558,2025-10-27,SCH0496,Kumar Supplies,Pulses,33.9,KG,3618.0,Paid
MDM011303,2025-12-20,SCH0203,kumar & co.,mustard oil,33.9,KG,2496.0,Cleared
MDM004050,2025-04-09,SCH0220,Sharma Traders,Lentils,33.9,KG,1794.0,Pending
MDM004808,2026-01-17,SCH0383,Goyal Rice Mill,Wheat,33.9,KG,1341.0,Paid
MDM003575,2025-05-21,SCH0435,s. agro works,sarson tel,41.9,KG,5028.0,Paid
MDM009707,2025-07-22,SCH0354,Sharma Traders,oil,33.9,KG,1692.0,Cleared
MDM004251,2025-06-08,SCH0045,goyal enterprises,Wheat,38.7,KG,1161.0,Paid
MDM007248,2025-11-23,SCH0131,Sharma Traders,cooking oil,33.9,KG,1794.0,Pending
MDM000762,2026-10-03,SCH0089,singh agro,Wheat,33.9,KG,951.0,Pending
MDM008137,2025-07-03,SCH0347,Goyal Rice Mill,Wheat,33.9,KG,1794.0,Pending
MDM004731,2025-07-17,SCH0359,goyal mill,Wheat,33.9,KG,1131.0,Paid
MDM000797,2025-09-05,SCH0354,Singh Brothers,Lentils,56.0,KG,1794.0,Pending
MDM011883,2026-03-13,SCH0348,Sharma Traders,Lentils,58.2,KG,5238.0,Cleared
MDM010236,2025-10-10,SCH0504,goyal mill,Pulses,33.9,KG,1794.0,Paid
MDM007092,2025-12-21,SCH0097,kumar & co.,Rice,33.9,KG,1800.0,Paid
MDM004722,2025-04-23,SCH0538,kumar & co.,cooking oil,33.9,KG,1794.0,Due
MDM011558,2025-02-11,SCH0196,Sharma Traders,Wheat,33.9,KG,1794.0,Cleared
MDM010308,2026-01-17,SCH0246,sharma & sons,Rice,33.9,KG,1972.0,Paid
MDM006965,2025-10-08,SCH0012,sharma & sons,Lentils,33.9,KG,1764.0,Paid
MDM002885,2026-01-23,SCH0281,singh agro,Wheat,19.0,KG,1794.0,Paid
MDM008636,2025-12-02,SCH0296,singh agro,sarson tel,33.9,KG,2076.0,Pending
MDM010499,2026-01-18,SCH0253,singh agro,cooking oil,33.9,KG,1794.0,Cleared
MDM002440,2026-01-24,SCH0011,Kumar General Store,mustard oil,33.9,KG,2568.0,Pending
MDM005014,2026-01-17,SCH0388,goyal enterprises,Wheat,33.9,KG,675.0,Paid
MDM009708,2025-08-29,SCH0412,goyal mill,mustard oil,33.9,KG,1794.0,Due
MDM005398,2025-05-30,SCH0392,kumar & co.,Lentils,33.9,KG,1899.0,Due
MDM009653,2025-07-17,SCH0010,goyal mill,Wheat,33.9,KG,1410.0,Paid
MDM003672,2025-08-07,SCH0323,Kumar General Store,Wheat,33.9,KG,1794.0,Cleared
MDM007874,2025-05-27,SCH0181,goyal mill,atta,33.9,KG,1233.0,Pending
MDM009584,2026-03-23,SCH0053,Sharma Traders,Wheat,33.9,KG,1794.0,Paid
MDM000456,2026-01-04,SCH0467,Goyal Rice Mill,Wheat,33.9,KG,495.0,Paid
MDM003861,2025-07-29,SCH0344,goyal enterprises,Lentils,33.9,KG,1794.0,Pending
MDM006815,2025-11-17,SCH0493,Kumar General Store,Lentils,33.9,KG,1794.0,Due
MDM003039,2025-05-22,SCH0222,goyal mill,Rice,33.9,KG,1794.0,Due
MDM006492,2026-01-24,SCH0066,sharma & sons,Wheat,33.9,KG,387.0,Pending
MDM009549,2025-08-30,SCH0583,Kumar General Store,oil,33.9,KG,1794.0,Paid
MDM011574,2025-05-06,SCH0102,singh agro,oil,33.9,KG,6804.0,Due
MDM001042,2025-04-15,SCH0461,goyal enterprises,Wheat,33.9,KG,1542.0,Cleared
MDM004221,2026-04-03,SCH0362,Goyal Rice Mill,Wheat,33.9,KG,1662.0,Due
MDM009230,2025-08-10,SCH0025,Kumar Supplies,Rice,33.9,KG,708.0,Pending
MDM007323,2025-04-03,SCH0443,Sharma Traders,Wheat,33.9,KG,1794.0,Paid
MDM000174,2025-04-06,SCH0397,Goyal Rice Mill,oil,33.9,KG,1794.0,Due
MDM009803,2026-03-11,SCH0228,Sharma Traders,Lentils,33.9,KG,1794.0,Pending
MDM000170,2025-04-29,SCH0303,Kumar General Store,Rice,33.9,KG,492.0,Pending
MDM003839,2026-02-03,SCH0219,Singh Brothers,Rice,13.6,KG,544.0,Pending
MDM009124,2025-11-14,SCH0254,Kumar General Store,Pulses,33.9,KG,3726.0,Paid
MDM010757,2025-09-03,SCH0061,Sharma Traders,sarson tel,10.8,KG,1296.0,Pending
MDM001769,2025-02-10,SCH0508,Goyal Rice Mill,Rice,33.9,KG,1794.0,Paid
MDM006505,2025-10-07,SCH0076,Sharma Traders,Lentils,33.9,KG,2754.0,Pending
MDM004258,2026-01-26,SCH0522,Kumar General Store,Rice,33.9,KG,1794.0,Paid
MDM008469,2025-12-23,SCH0593,s. agro works,Rice,19.3,KG,772.0,Cleared
MDM001273,2025-04-10,SCH0013,Sharma Traders,oil,14.2,KG,1794.0,Pending
MDM008747,2025-10-04,SCH0031,s. agro works,sarson tel,33.9,KG,5952.0,Pending
MDM000961,2025-07-07,SCH0171,Kumar Supplies,Lentils,33.9,KG,2610.0,Paid
MDM009846,2025-06-01,SCH0407,sharma & sons,Rice,33.9,KG,860.0,Due
MDM009996,2025-11-07,SCH0570,Goyal Rice Mill,Lentils,33.9,KG,4374.0,Paid
MDM006796,2026-03-31,SCH0551,Goyal Rice Mill,Wheat,33.9,KG,828.0,Cleared
MDM011176,2025-08-23,SCH0507,Sharma Traders,Pulses,33.8,KG,1794.0,Pending
MDM000884,2025-06-19,SCH0013,Goyal Rice Mill,Pulses,33.9,KG,3915.0,Due
MDM008333,2025-07-23,SCH0530,Sharma Traders,Rice,58.5,KG,2340.0,Pending
MDM006430,2025-05-08,SCH0542,Kumar General Store,Lentils,42.1,KG,3789.0,Paid
MDM003027,2025-12-26,SCH0236,kumar & co.,oil,33.9,KG,1794.0,Pending
MDM000800,2026-01-21,SCH0468,Kumar General Store,Rice,33.9,KG,896.0,Cleared
MDM005734,2026-01-19,SCH0160,Singh Brothers,Pulses,33.9,KG,1794.0,Pending
MDM001656,2025-06-25,SCH0495,singh agro,Wheat,33.9,KG,807.0,Pending
MDM003167,2025-08-19,SCH0128,goyal mill,Rice,33.9,KG,1660.0,Cleared
MDM010762,2025-11-04,SCH0124,Sharma Traders,Wheat,33.9,KG,888.0,Due
MDM004630,2025-11-29,SCH0286,Sharma Traders,Rice,33.9,KG,848.0,Pending
MDM003394,2026-01-04,SCH0028,sharma & sons,Rice,33.9,KG,1794.0,Pending
MDM010751,2025-10-05,SCH0012,Sharma Traders,Lentils,33.9,KG,2349.0,Paid
MDM009955,2025-07-09,SCH0359,Kumar Supplies,Wheat,33.9,KG,1794.0,Paid
MDM011773,2025-12-05,SCH0413,goyal enterprises,oil,33.9,KG,1794.0,Pending
MDM006160,2025-05-02,SCH0397,s. agro works,Rice,33.9,KG,1794.0,Paid
MDM010716,2025-08-06,SCH0454,Singh Brothers,oil,13.9,KG,1794.0,Pending
MDM002222,2025-08-04,SCH0348,Goyal Rice Mill,cooking oil,33.9,KG,1794.0,Paid
MDM006628,2025-11-27,SCH0236,Kumar General Store,Lentils,34.1,KG,3069.0,Paid
MDM009385,2025-06-05,SCH0489,Singh Brothers,Rice,33.9,KG,1556.0,Paid
MDM010032,2025-09-05,SCH0298,sharma & sons,oil,33.9,KG,4548.0,Pending
MDM010456,2025-05-21,SCH0584,Goyal Rice Mill,Rice,33.9,KG,2376.0,Due
MDM011631,2026-03-03,SCH0129,Singh Brothers,Pulses,33.9,KG,1794.0,Paid
MDM004030,2025-12-14,SCH0342,sharma & sons,Rice,33.9,KG,1452.0,Due
MDM003652,2025-05-05,SCH0237,goyal mill,Rice,33.9,KG,516.0,Paid
MDM001161,2025-09-02,SCH0001,Sharma Traders,Wheat,33.9,KG,1794.0,Paid
MDM001480,2026-03-19,SCH0069,sharma & sons,mustard oil,33.9,KG,6276.0,Due
MDM009939,2025-11-29,SCH0200,Singh Brothers,Lentils,33.9,KG,962.0,Cleared
MDM009910,2025-07-13,SCH0505,Kumar Supplies,Lentils,33.9,KG,1485.0,Paid
MDM007927,2025-09-23,SCH0188,Singh Brothers,Lentils,29.2,KG,1794.0,Due
MDM008197,2026-04-02,SCH0544,kumar & co.,sarson tel,33.9,KG,1794.0,Pending
MDM003326,2025-06-23,SCH0495,Kumar Supplies,Lentils,33.9,KG,1794.0,Pending
MDM002674,2026-07-03,SCH0285,singh agro,cooking oil,33.9,KG,1794.0,Pending
MDM000721,2026-01-25,SCH0339,sharma & sons,atta,33.9,KG,1794.0,Due
MDM000587,2025-07-18,SCH0366,Kumar General Store,oil,25.7,KG,3084.0,Due
MDM001979,2025-06-29,SCH0456,goyal mill,Rice,15.2,KG,1794.0,Pending
MDM002390,2025-12-12,SCH0171,Sharma Traders,Wheat,33.9,KG,1794.0,Paid
MDM005514,2025-12-07,SCH0573,Kumar General Store,Lentils,33.9,KG,1794.0,Paid
MDM009820,2025-10-31,SCH0178,Kumar Supplies,Lentils,33.9,KG,1794.0,Paid
MDM006886,2025-05-26,SCH0088,Kumar Supplies,Lentils,33.9,KG,1794.0,Paid
MDM002216,2025-05-30,SCH0371,s. agro works,Lentils,33.9,KG,3402.0,Cleared
MDM008811,2025-07-20,SCH0003,goyal enterprises,Wheat,21.3,KG,639.0,Cleared
MDM007965,2025-09-08,SCH0167,Sharma Traders,mustard oil,33.9,KG,1794.0,Paid
MDM010293,2025-10-13,SCH0008,goyal mill,Pulses,33.9,KG,1794.0,Paid
MDM002895,2025-11-15,SCH0432,Kumar General Store,Lentils,33.9,KG,4032.0,Paid
MDM001148,2026-02-12,SCH0579,Kumar General Store,Rice,33.9,KG,2020.0,Paid
MDM005392,2025-05-28,SCH0560,Kumar General Store,Rice,33.9,KG,2256.0,Pending
MDM003044,2025-10-16,SCH0562,Kumar General Store,oil,33.9,KG,6864.0,Due
MDM010214,2026-03-24,SCH0409,singh agro,mustard oil,13.7,KG,1644.0,Paid
MDM009934,2026-02-23,SCH0220,s. agro works,Lentils,57.6,KG,1794.0,Paid
MDM010574,2025-07-03,SCH0113,kumar & co.,Lentils,33.9,KG,1794.0,Paid
MDM005319,2025-09-09,SCH0205,Goyal Rice Mill,Rice,33.9,KG,1536.0,Cleared
MDM006385,2025-12-10,SCH0562,Sharma Traders,atta,33.9,KG,1008.0,Due
MDM004815,2025-09-30,SCH0381,Kumar Supplies,Lentils,33.9,KG,3483.0,Paid
MDM010295,2025-04-24,SCH0263,singh agro,Wheat,33.9,KG,1794.0,Pending
MDM009567,2025-08-03,SCH0015,Singh Brothers,Rice,33.9,KG,1794.0,Pending
MDM005829,2025-03-09,SCH0350,s. agro works,Lentils,33.9,KG,1548.0,Cleared
MDM010898,2025-06-18,SCH0547,singh agro,oil,33.9,KG,4812.0,Pending
MDM005609,2025-06-02,SCH0326,kumar & co.,Wheat,33.9,KG,525.0,Paid
MDM005655,2026-02-15,SCH0314,Kumar Supplies,sarson tel,33.9,KG,2496.0,Pending
MDM003095,2025-11-21,SCH0453,Sharma Traders,Lentils,33.9,KG,3429.0,Due
MDM008212,2026-03-06,SCH0163,s. agro works,Lentils,33.9,KG,1794.0,Pending
MDM011983,2025-07-29,SCH0353,singh agro,Wheat,33.9,KG,741.0,Paid
MDM007016,2026-02-09,SCH0501,Singh Brothers,Rice,33.9,KG,1794.0,Pending
MDM001502,2025-12-07,SCH0049,Sharma Traders,Wheat,33.9,KG,726.0,Pending
MDM010483,2026-03-22,SCH0576,goyal enterprises,Lentils,33.9,KG,1794.0,Due
MDM006175,2025-04-16,SCH0331,kumar & co.,Lentils,33.9,KG,1794.0,Due
MDM007646,2025-07-26,SCH0187,goyal enterprises,Wheat,33.9,KG,1704.0,Pending
MDM010879,2025-05-28,SCH0222,singh agro,Lentils,33.9,KG,1350.0,Due
MDM008300,2026-02-28,SCH0006,Singh Brothers,Wheat,33.9,KG,408.0,Pending
MDM011771,2026-01-01,SCH0008,goyal enterprises,atta,33.9,KG,867.0,Pending
MDM000104,2025-09-09,SCH0168,Kumar General Store,Wheat,33.9,KG,1794.0,Due
MDM009583,2025-04-21,SCH0321,Singh Brothers,mustard oil,29.9,KG,3588.0,Pending
MDM010961,2025-09-28,SCH0392,Kumar Supplies,Pulses,33.9,KG,1794.0,Paid
MDM001627,2025-11-29,SCH0185,Sharma Traders,Lentils,33.9,KG,1998.0,Paid
MDM003533,2026-01-06,SCH0240,Goyal Rice Mill,Rice,31.4,KG,1256.0,Pending
MDM000485,2025-05-15,SCH0452,Kumar General Store,mustard oil,33.9,KG,6540.0,Due
MDM004861,2025-08-05,SCH0422,Kumar Supplies,Rice,33.9,KG,2188.0,Pending
MDM005554,2025-07-17,SCH0071,Sharma Traders,Lentils,33.9,KG,1794.0,Pending
MDM008035,2026-02-23,SCH0142,Singh Brothers,Lentils,54.5,KG,4905.0,Paid
MDM000084,2025-05-01,SCH0391,goyal enterprises,Pulses,33.9,KG,3960.0,Pending
MDM008766,2026-03-19,SCH0250,Sharma Traders,Lentils,33.9,KG,936.0,Paid
MDM006747,2025-09-18,SCH0351,sharma & sons,Wheat,33.9,KG,1794.0,Paid
MDM010215,2025-04-29,SCH0269,Goyal Rice Mill,mustard oil,33.9,KG,5916.0,Cleared
MDM011183,2025-10-25,SCH0112,Sharma Traders,mustard oil,29.4,KG,3528.0,Due
MDM005492,2025-11-13,SCH0295,s. agro works,Lentils,33.9,KG,2052.0,Paid
MDM003353,2025-11-21,SCH0424,s. agro works,Lentils,33.9,KG,1794.0,Paid
MDM003615,2025-11-11,SCH0025,Singh Brothers,atta,14.2,KG,426.0,Pending
MDM010825,2025-11-30,SCH0393,Goyal Rice Mill,Rice,33.9,KG,1794.0,Due
MDM010266,2025-09-02,SCH0152,sharma & sons,Rice,33.9,KG,856.0,Cleared
MDM000292,2025-12-13,SCH0533,kumar & co.,atta,33.9,KG,1794.0,Pending
MDM005439,2025-05-16,SCH0173,Kumar Supplies,Wheat,33.9,KG,837.0,Paid
MDM006931,2026-01-13,SCH0594,Goyal Rice Mill,Lentils,33.9,KG,1794.0,Paid
MDM009786,2025-11-14,SCH0033,goyal enterprises,Wheat,33.9,KG,1794.0,Pending
MDM005538,2025-10-17,SCH0072,goyal enterprises,Wheat,33.9,KG,1794.0,Paid
MDM003379,2025-04-06,SCH0069,goyal enterprises,Lentils,33.9,KG,1794.0,Due
MDM009944,2025-07-18,SCH0219,Sharma Traders,Wheat,33.9,KG,900.0,Due
MDM009844,2025-11-10,SCH0444,singh agro,Wheat,33.9,KG,1317.0,Pending
MDM001473,2026-01-18,SCH0260,Sharma Traders,Rice,33.9,KG,2344.0,Pending
MDM007198,2025-12-06,SCH0273,Sharma Traders,Wheat,33.9,KG,1203.0,Pending
MDM004005,2026-03-20,SCH0487,s. agro works,Rice,33.9,KG,432.0,Paid
MDM004615,2025-06-03,SCH0298,kumar & co.,Lentils,33.9,KG,1794.0,Due
MDM010834,2025-05-17,SCH0595,singh agro,Rice,33.9,KG,2172.0,Paid
MDM008305,2026-03-26,SCH0437,Goyal Rice Mill,cooking oil,33.9,KG,5328.0,Pending
MDM010547,2025-12-05,SCH0346,Kumar General Store,atta,37.7,KG,1131.0,Paid
MDM002814,2026-03-03,SCH0243,sharma & sons,sarson tel,33.9,KG,6528.0,Pending
MDM006019,2025-07-26,SCH0443,goyal mill,Wheat,33.9,KG,999.0,Paid
MDM007251,2026-07-02,SCH0421,Goyal Rice Mill,cooking oil,33.9,KG,6924.0,Paid
MDM010974,2025-10-25,SCH0186,Sharma Traders,sarson tel,33.9,KG,1794.0,Pending
MDM010145,2025-01-09,SCH0054,singh agro,Wheat,33.9,KG,1743.0,Paid
MDM001256,2025-08-25,SCH0334,kumar & co.,Lentils,33.9,KG,4365.0,Paid
MDM007442,2026-01-15,SCH0357,singh agro,Rice,33.9,KG,552.0,Paid
MDM006760,2026-01-17,SCH0161,Kumar Supplies,Rice,33.9,KG,1794.0,Pending
MDM005405,2025-11-24,SCH0191,Sharma Traders,Wheat,13.6,KG,408.0,Pending
MDM000579,2025-05-16,SCH0208,goyal mill,Wheat,33.9,KG,546.0,Paid
MDM009083,2025-09-29,SCH0104,Kumar General Store,atta,33.9,KG,792.0,Pending
MDM001512,2025-01-12,SCH0338,Goyal Rice Mill,Wheat,33.9,KG,1794.0,Pending
MDM005077,2025-09-24,SCH0343,s. agro works,Lentils,30.6,KG,1794.0,Due
MDM005690,2025-11-16,SCH0310,goyal mill,Lentils,33.9,KG,2430.0,Pending
MDM005938,2026-09-02,SCH0397,sharma & sons,mustard oil,20.5,KG,1794.0,Cleared
MDM002496,2025-12-14,SCH0114,Goyal Rice Mill,Rice,25.9,KG,1036.0,Due
MDM002612,2025-09-29,SCH0122,Goyal Rice Mill,Lentils,33.9,KG,4977.0,Paid
MDM009810,2025-08-06,SCH0464,singh agro,Rice,33.9,KG,1794.0,Pending
MDM000415,2025-12-13,SCH0475,kumar & co.,sarson tel,24.4,KG,2928.0,Due
MDM011204,2025-12-28,SCH0465,goyal enterprises,Lentils,33.9,KG,1794.0,Pending
MDM005569,2025-11-20,SCH0175,Singh Brothers,Wheat,33.9,KG,1794.0,Paid
MDM006331,2025-06-19,SCH0574,Sharma Traders,cooking oil,33.9,KG,4068.0,Paid
MDM006106,2025-05-20,SCH0411,Kumar General Store,Pulses,31.1,KG,2799.0,Due
MDM006233,2025-04-04,SCH0571,sharma & sons,Rice,33.9,KG,1880.0,Paid
MDM000427,2025-07-08,SCH0215,Sharma Traders,Wheat,33.9,KG,1524.0,Cleared
MDM003527,2025-12-04,SCH0285,Kumar General Store,Lentils,33.9,KG,1794.0,Cleared
MDM000622,2026-03-15,SCH0339,Kumar Supplies,atta,33.9,KG,669.0,Pending
MDM003609,2025-08-18,SCH0596,Singh Brothers,atta,33.9,KG,768.0,Pending
MDM009499,2025-06-19,SCH0448,Singh Brothers,Lentils,33.9,KG,4437.0,Paid
MDM004206,2026-03-31,SCH0139,s. agro works,Lentils,33.9,KG,1260.0,Pending
MDM010154,2025-12-04,SCH0532,s. agro works,Lentils,33.9,KG,2088.0,Paid
MDM011228,2025-12-05,SCH0537,Goyal Rice Mill,Rice,33.9,KG,1692.0,Cleared
MDM002681,2025-08-25,SCH0093,Goyal Rice Mill,oil,33.9,KG,3408.0,Paid
MDM003509,2026-09-02,SCH0302,singh agro,Pulses,33.9,KG,1794.0,Paid
MDM008609,2025-10-25,SCH0385,goyal enterprises,Lentils,33.9,KG,2016.0,Pending
MDM000266,2025-07-26,SCH0089,kumar & co.,Rice,33.9,KG,1380.0,Paid
MDM000834,2025-06-05,SCH0429,Kumar Supplies,cooking oil,33.9,KG,6780.0,Cleared
MDM007475,2025-08-27,SCH0047,kumar & co.,atta,28.3,KG,1794.0,Pending
MDM005837,2025-10-03,SCH0331,goyal enterprises,Rice,33.9,KG,2056.0,Paid
MDM001286,2025-06-17,SCH0494,Goyal Rice Mill,mustard oil,33.9,KG,1794.0,Cleared
MDM001609,2025-11-25,SCH0599,singh agro,Pulses,33.9,KG,1161.0,Pending
MDM004455,2025-11-11,SCH0558,Sharma Traders,sarson tel,33.9,KG,1794.0,Paid
MDM011636,2026-03-09,SCH0066,Kumar Supplies,oil,58.2,KG,6984.0,Due
MDM000069,2025-09-22,SCH0150,Singh Brothers,Rice,33.9,KG,1794.0,Pending
MDM003956,2025-10-03,SCH0461,Sharma Traders,Wheat,33.9,KG,1794.0,Paid
MDM006728,2025-12-02,SCH0354,s. agro works,Rice,33.9,KG,1084.0,Paid
MDM010496,2025-07-19,SCH0489,sharma & sons,Rice,33.9,KG,1128.0,Cleared
MDM006023,2025-11-24,SCH0520,Kumar General Store,Lentils,23.7,KG,1794.0,Paid
MDM004516,2025-11-25,SCH0393,Singh Brothers,oil,33.9,KG,1794.0,Paid
MDM007913,2025-07-10,SCH0120,Sharma Traders,oil,20.8,KG,2496.0,Paid
MDM009726,2025-04-21,SCH0556,Goyal Rice Mill,Lentils,33.9,KG,1413.0,Paid
MDM010367,2025-11-17,SCH0153,goyal enterprises,sarson tel,42.1,KG,5052.0,Pending
MDM011915,2026-01-28,SCH0243,goyal mill,cooking oil,33.9,KG,4872.0,Paid
MDM011181,2025-06-27,SCH0140,Kumar General Store,Lentils,33.9,KG,1638.0,Paid
MDM001397,2025-06-05,SCH0387,kumar & co.,mustard oil,33.9,KG,6276.0,Due
MDM000260,2026-03-18,SCH0158,goyal mill,Rice,33.9,KG,2000.0,Paid
MDM011353,2025-09-03,SCH0398,goyal mill,Lentils,33.7,KG,3033.0,Pending
MDM010417,2026-01-06,SCH0223,kumar & co.,Rice,39.6,KG,1584.0,Due
MDM005702,2025-08-05,SCH0406,Kumar General Store,Rice,33.9,KG,860.0,Paid
MDM001083,2025-10-29,SCH0583,Goyal Rice Mill,Rice,12.4,KG,496.0,Paid
MDM001672,2025-11-12,SCH0417,Sharma Traders,oil,33.9,KG,2772.0,Paid
MDM004166,2025-09-14,SCH0056,sharma & sons,Lentils,33.9,KG,5373.0,Paid
MDM007394,2025-12-07,SCH0485,goyal enterprises,Wheat,30.9,KG,927.0,Paid
MDM011408,2025-07-16,SCH0592,sharma & sons,sarson tel,33.9,KG,6000.0,Cleared
MDM009657,2025-05-01,SCH0079,Singh Brothers,Rice,33.9,KG,1096.0,Paid
MDM000757,2025-04-08,SCH0008,Singh Brothers,Wheat,42.1,KG,1794.0,Due
MDM001202,2026-07-03,SCH0141,goyal mill,Wheat,33.9,KG,1623.0,Due
MDM002443,2025-05-04,SCH0251,s. agro works,Wheat,33.9,KG,1581.0,Pending
MDM003669,2025-05-21,SCH0076,Goyal Rice Mill,Lentils,33.9,KG,1794.0,Pending
MDM009745,2025-04-04,SCH0511,goyal enterprises,sarson tel,33.9,KG,3324.0,Cleared
MDM003121,2026-02-23,SCH0447,Kumar Supplies,Wheat,33.9,KG,438.0,Due
MDM002819,2025-12-28,SCH0381,Kumar General Store,Pulses,33.9,KG,3600.0,Paid
MDM007536,2025-12-02,SCH0177,goyal enterprises,Wheat,33.9,KG,1161.0,Cleared
MDM006021,2025-11-17,SCH0191,goyal enterprises,Wheat,33.9,KG,1395.0,Paid
MDM004526,2025-09-03,SCH0224,kumar & co.,mustard oil,33.9,KG,1764.0,Due
MDM001745,2025-08-30,SCH0251,kumar & co.,sarson tel,33.9,KG,1794.0,Paid
MDM002857,2025-07-22,SCH0170,Kumar Supplies,cooking oil,49.6,KG,5952.0,Pending
MDM009881,2025-09-22,SCH0188,Singh Brothers,cooking oil,33.9,KG,1794.0,Pending
MDM006045,2025-04-15,SCH0016,Kumar Supplies,Lentils,59.5,KG,5355.0,Paid
MDM008508,2025-09-20,SCH0411,goyal mill,oil,33.9,KG,5436.0,Paid
MDM003706,2025-08-26,SCH0056,Goyal Rice Mill,Rice,33.9,KG,1460.0,Pending
MDM000695,2025-07-28,SCH0214,sharma & sons,Wheat,33.9,KG,1794.0,Paid
MDM005387,2025-08-12,SCH0060,goyal mill,Lentils,14.9,KG,1794.0,Paid
MDM010495,2025-09-26,SCH0161,Sharma Traders,Wheat,33.9,KG,1272.0,Paid
MDM001808,2025-12-06,SCH0156,Sharma Traders,Rice,33.9,KG,776.0,Due
MDM006312,2026-02-23,SCH0027,kumar & co.,Lentils,41.2,KG,1794.0,Pending
MDM007873,2025-12-02,SCH0553,goyal mill,Lentils,33.9,KG,1794.0,Paid
MDM011620,2025-04-12,SCH0165,Goyal Rice Mill,Wheat,13.2,KG,1794.0,Due
MDM006005,2026-03-12,SCH0261,Kumar Supplies,Lentils,37.6,KG,3384.0,Paid
MDM004408,2025-05-12,SCH0126,Sharma Traders,oil,33.9,KG,1794.0,Paid
MDM009768,2025-11-08,SCH0527,Sharma Traders,Rice,33.9,KG,740.0,Cleared
MDM011668,2025-12-30,SCH0256,Sharma Traders,sarson tel,55.1,KG,1794.0,Paid
MDM005834,2026-02-19,SCH0346,kumar & co.,Wheat,33.9,KG,1182.0,Cleared
MDM007373,2025-08-14,SCH0234,Kumar General Store,Rice,33.9,KG,1794.0,Paid
MDM003352,2025-06-09,SCH0408,Singh Brothers,Rice,33.9,KG,1794.0,Cleared
MDM004163,2026-03-13,SCH0210,Kumar Supplies,Lentils,33.9,KG,1476.0,Due
MDM004786,2025-10-02,SCH0300,kumar & co.,Rice,33.9,KG,1794.0,Paid
MDM007845,2025-11-07,SCH0364,Sharma Traders,Rice,37.9,KG,1794.0,Paid
MDM011099,2026-03-25,SCH0095,goyal enterprises,Rice,33.9,KG,536.0,Paid
MDM002155,2026-02-20,SCH0197,Sharma Traders,Lentils,33.9,KG,2556.0,Pending
MDM010709,2025-04-13,SCH0414,goyal enterprises,Lentils,33.9,KG,1809.0,Due
MDM006706,2025-09-05,SCH0479,kumar & co.,Rice,57.0,KG,2280.0,Paid
MDM002408,2026-02-26,SCH0443,kumar & co.,oil,58.8,KG,7056.0,Pending
MDM010503,2025-06-17,SCH0586,Kumar Supplies,Wheat,33.9,KG,1074.0,Pending
MDM005313,2026-01-21,SCH0381,Kumar Supplies,Pulses,40.3,KG,3627.0,Paid
MDM010077,2025-10-29,SCH0492,s. agro works,Rice,33.9,KG,1416.0,Pending
MDM007249,2026-01-26,SCH0027,Singh Brothers,Lentils,33.9,KG,4680.0,Pending
MDM003622,2025-12-03,SCH0204,s. agro works,Lentils,21.6,KG,1944.0,Pending
MDM006210,2025-05-03,SCH0128,kumar & co.,Lentils,17.6,KG,1584.0,Paid
MDM009458,2026-02-11,SCH0404,Goyal Rice Mill,Lentils,33.9,KG,1794.0,Paid
MDM004396,2025-04-01,SCH0561,singh agro,atta,33.9,KG,1794.0,Pending
MDM007633,2025-04-29,SCH0393,goyal enterprises,Lentils,33.9,KG,4950.0,Paid
MDM003548,2025-05-11,SCH0418,goyal enterprises,mustard oil,33.9,KG,1794.0,Pending
MDM004316,2026-02-11,SCH0350,s. agro works,Rice,33.9,KG,2352.0,Cleared
MDM011321,2025-08-16,SCH0401,Kumar General Store,Rice,33.9,KG,1416.0,Due
MDM001464,2025-09-08,SCH0441,Sharma Traders,oil,33.9,KG,1794.0,Pending
MDM008628,2025-08-13,SCH0403,Kumar Supplies,Lentils,33.9,KG,3519.0,Paid
MDM001238,2025-12-28,SCH0333,Singh Brothers,mustard oil,33.9,KG,3132.0,Cleared
MDM005518,2025-05-05,SCH0076,Goyal Rice Mill,Rice,33.9,KG,1480.0,Paid
MDM002789,2025-11-11,SCH0499,Goyal Rice Mill,Wheat,33.9,KG,567.0,Due
MDM009402,2026-02-01,SCH0119,Kumar Supplies,sarson tel,33.9,KG,2580.0,Pending
MDM002253,2025-06-08,SCH0450,goyal enterprises,Rice,33.9,KG,2368.0,Pending
MDM005583,2025-04-03,SCH0546,Singh Brothers,Lentils,33.9,KG,1794.0,Pending
MDM003223,2025-09-14,SCH0081,Kumar General Store,oil,33.9,KG,1794.0,Paid
MDM010755,2025-07-04,SCH0282,Kumar General Store,Wheat,33.9,KG,339.0,Paid
MDM009064,2025-06-02,SCH0521,kumar & co.,sarson tel,33.9,KG,1794.0,Pending
MDM002874,2025-11-05,SCH0324,Sharma Traders,oil,33.9,KG,3672.0,Due
MDM004925,2025-10-06,SCH0524,s. agro works,Lentils,34.7,KG,3123.0,Cleared
MDM006287,2025-10-30,SCH0438,kumar & co.,Pulses,33.9,KG,1794.0,Paid
MDM006204,2025-01-05,SCH0583,Singh Brothers,Wheat,33.9,KG,1794.0,Paid
MDM008726,2025-07-12,SCH0010,kumar & co.,Rice,33.9,KG,1364.0,Paid
MDM008001,2025-09-19,SCH0303,Goyal Rice Mill,cooking oil,33.9,KG,1794.0,Paid
MDM003133,2025-06-07,SCH0552,Kumar Supplies,Rice,33.9,KG,2108.0,Paid
MDM005923,2025-08-01,SCH0286,sharma & sons,Lentils,33.9,KG,2016.0,Pending
MDM011563,2025-08-03,SCH0389,goyal mill,oil,33.9,KG,2388.0,Paid
MDM000820,2025-05-09,SCH0286,s. agro works,Wheat,33.9,KG,1794.0,Paid
MDM004902,2025-11-02,SCH0327,Goyal Rice Mill,Rice,55.5,KG,2220.0,Due
MDM010957,2025-05-20,SCH0473,goyal mill,Wheat,33.9,KG,1794.0,Due
MDM003747,2025-10-15,SCH0497,Sharma Traders,oil,33.9,KG,3456.0,Paid
MDM003959,2025-05-04,SCH0095,Singh Brothers,sarson tel,33.9,KG,1794.0,Paid
MDM011266,2025-04-23,SCH0289,Kumar Supplies,Pulses,33.9,KG,1215.0,Paid
MDM009005,2025-07-14,SCH0164,goyal mill,mustard oil,39.6,KG,4752.0,Pending
MDM006455,2025-04-27,SCH0569,kumar & co.,Rice,33.5,KG,1340.0,Pending
MDM003356,2025-12-23,SCH0546,Kumar General Store,Rice,33.9,KG,956.0,Pending
MDM001671,2025-09-22,SCH0468,Kumar General Store,Lentils,33.9,KG,1794.0,Due
MDM007999,2025-09-25,SCH0220,Kumar General Store,Wheat,33.9,KG,1794.0,Due
MDM001062,2025-09-03,SCH0154,sharma & sons,Rice,33.9,KG,1794.0,Pending
MDM008055,2025-06-22,SCH0471,sharma & sons,Wheat,33.9,KG,1794.0,Paid
MDM006124,2026-03-24,SCH0532,singh agro,Pulses,33.9,KG,3798.0,Paid
MDM002047,2026-02-19,SCH0592,Kumar Supplies,Wheat,33.9,KG,672.0,Paid
MDM010130,2025-05-02,SCH0455,Singh Brothers,Wheat,56.9,KG,1707.0,Paid
MDM001255,2025-11-24,SCH0374,Sharma Traders,Lentils,33.9,KG,3537.0,Paid
MDM000953,2025-09-25,SCH0115,Kumar Supplies,Rice,33.9,KG,1794.0,Pending
MDM002933,2026-03-11,SCH0278,sharma & sons,Wheat,33.9,KG,1794.0,Paid
MDM004955,2025-09-04,SCH0405,goyal mill,Wheat,18.5,KG,555.0,Paid
MDM005861,2026-03-30,SCH0043,Kumar General Store,Wheat,33.9,KG,1203.0,Due
MDM005946,2025-11-30,SCH0077,goyal mill,Wheat,33.9,KG,1794.0,Paid
MDM008396,2026-02-07,SCH0354,Kumar General Store,Lentils,33.9,KG,3906.0,Paid
MDM001719,2025-06-24,SCH0147,sharma & sons,Wheat,33.9,KG,1104.0,Cleared
MDM005361,2026-03-18,SCH0471,s. agro works,Rice,33.9,KG,2236.0,Pending
MDM008397,2025-10-26,SCH0107,s. agro works,Pulses,33.9,KG,3321.0,Cleared
MDM003017,2026-01-03,SCH0475,Sharma Traders,Wheat,33.9,KG,1794.0,Paid
MDM003785,2026-03-21,SCH0550,sharma & sons,Lentils,33.9,KG,3483.0,Paid
MDM008905,2026-02-24,SCH0583,s. agro works,Rice,33.9,KG,1794.0,Pending
MDM003182,2025-04-12,SCH0149,sharma & sons,mustard oil,33.9,KG,1884.0,Pending
MDM011109,2025-05-18,SCH0332,goyal mill,Rice,33.9,KG,2064.0,Paid
MDM004218,2025-06-18,SCH0111,Sharma Traders,Rice,33.9,KG,676.0,Paid
MDM002392,2025-09-22,SCH0141,s. agro works,Rice,33.9,KG,1684.0,Paid
MDM008812,2026-02-28,SCH0462,sharma & sons,Lentils,33.9,KG,1794.0,Pending
MDM001057,2026-01-06,SCH0361,Singh Brothers,atta,33.9,KG,1794.0,Paid
MDM001147,2025-11-11,SCH0203,Sharma Traders,Lentils,33.9,KG,1794.0,Cleared
MDM009563,2025-08-25,SCH0322,Kumar Supplies,sarson tel,51.3,KG,1794.0,Paid
MDM001938,2026-01-01,SCH0540,sharma & sons,Pulses,21.9,KG,1971.0,Cleared
MDM007014,2026-01-24,SCH0545,goyal mill,Lentils,33.9,KG,2331.0,Paid
MDM003860,2026-03-14,SCH0580,Sharma Traders,Rice,33.9,KG,1224.0,Pending
MDM006573,2025-11-30,SCH0558,sharma & sons,Wheat,33.9,KG,1794.0,Pending
MDM006792,2025-11-27,SCH0264,goyal mill,Wheat,33.9,KG,1794.0,Paid
MDM009812,2026-03-16,SCH0126,s. agro works,Rice,33.9,KG,748.0,Due
MDM003524,2025-12-01,SCH0485,Goyal Rice Mill,oil,33.9,KG,1794.0,Paid
MDM004148,2025-11-14,SCH0368,goyal mill,Rice,33.9,KG,1704.0,Paid
MDM000097,2025-10-04,SCH0005,singh agro,Rice,33.9,KG,692.0,Paid
MDM010136,2025-05-13,SCH0134,goyal enterprises,oil,31.9,KG,3828.0,Pending
MDM011767,2025-05-17,SCH0106,Goyal Rice Mill,Wheat,33.9,KG,1218.0,Paid
MDM011123,2025-07-05,SCH0599,Singh Brothers,Rice,46.6,KG,1794.0,Cleared
MDM001043,2025-12-20,SCH0107,Goyal Rice Mill,Pulses,33.9,KG,1827.0,Paid
MDM005913,2025-10-17,SCH0098,Sharma Traders,Wheat,33.9,KG,681.0,Cleared
MDM001593,2025-10-20,SCH0343,Goyal Rice Mill,Wheat,33.9,KG,1794.0,Pending
MDM004755,2025-11-18,SCH0077,Singh Brothers,Rice,33.9,KG,1980.0,Pending
MDM005184,2025-12-06,SCH0446,Kumar General Store,oil,33.9,KG,6228.0,Due
MDM009821,2025-05-23,SCH0059,Sharma Traders,atta,33.9,KG,1794.0,Pending
MDM011987,2025-12-05,SCH0487,s. agro works,mustard oil,23.1,KG,2772.0,Paid
MDM002589,2025-12-16,SCH0141,kumar & co.,atta,57.4,KG,1722.0,Due
MDM008826,2025-12-12,SCH0443,Goyal Rice Mill,Lentils,33.9,KG,1548.0,Paid
MDM000004,2025-10-24,SCH0222,Sharma Traders,Wheat,31.0,KG,1794.0,Paid
MDM004864,2025-07-08,SCH0072,goyal enterprises,Rice,33.9,KG,1794.0,Pending
MDM006222,2025-07-23,SCH0263,Goyal Rice Mill,Lentils,33.9,KG,1794.0,Paid
MDM010099,2026-03-30,SCH0295,Sharma Traders,Wheat,33.9,KG,1794.0,Paid
MDM005658,2025-08-19,SCH0432,Sharma Traders,mustard oil,33.9,KG,1794.0,Due
MDM002587,2025-04-01,SCH0134,Kumar General Store,Rice,33.9,KG,1794.0,Cleared
MDM000440,2025-07-26,SCH0280,Kumar General Store,atta,33.9,KG,1605.0,Pending
MDM002975,2025-04-09,SCH0015,goyal mill,Lentils,33.9,KG,1794.0,Due
MDM010573,2025-06-13,SCH0572,Singh Brothers,mustard oil,33.9,KG,3924.0,Paid
MDM003661,2025-06-29,SCH0399,s. agro works,Rice,33.9,KG,1794.0,Paid
MDM002523,2025-06-11,SCH0042,Sharma Traders,Lentils,33.9,KG,1134.0,Paid
MDM000089,2025-11-25,SCH0254,Singh Brothers,sarson tel,12.7,KG,1794.0,Paid
MDM011615,2025-03-08,SCH0408,Goyal Rice Mill,mustard oil,33.9,KG,6708.0,Paid
MDM007626,2025-10-12,SCH0389,kumar & co.,Wheat,33.9,KG,1113.0,Paid
MDM009150,2025-09-21,SCH0451,Singh Brothers,sarson tel,33.9,KG,3024.0,Pending
MDM000275,2025-06-20,SCH0171,singh agro,Rice,33.9,KG,1992.0,Paid
MDM001282,2025-12-25,SCH0165,Sharma Traders,Wheat,33.9,KG,909.0,Pending
MDM004029,2025-09-15,SCH0017,Sharma Traders,sarson tel,33.9,KG,5952.0,Paid
MDM007054,2025-09-06,SCH0102,Sharma Traders,Wheat,33.9,KG,1035.0,Pending
MDM009612,2025-05-28,SCH0214,singh agro,mustard oil,33.9,KG,1794.0,Paid
MDM007111,2025-08-27,SCH0466,Kumar General Store,sarson tel,33.9,KG,1794.0,Pending
MDM010060,2025-07-25,SCH0455,Goyal Rice Mill,Rice,33.9,KG,1794.0,Paid
MDM010507,2025-08-26,SCH0215,Sharma Traders,Lentils,42.1,KG,1794.0,Paid
MDM008823,2025-11-03,SCH0032,s. agro works,Wheat,42.4,KG,1794.0,Pending
MDM003520,2025-06-18,SCH0592,singh agro,oil,33.9,KG,1794.0,Pending
MDM004708,2025-07-09,SCH0101,goyal enterprises,atta,33.9,KG,1794.0,Cleared
MDM000416,2025-10-02,SCH0427,singh agro,Rice,33.9,KG,2168.0,Cleared
MDM002358,2025-07-19,SCH0077,Kumar General Store,sarson tel,33.9,KG,1794.0,Paid
MDM007992,2025-07-19,SCH0110,Singh Brothers,oil,33.9,KG,1794.0,Paid
MDM007890,2026-01-19,SCH0416,Singh Brothers,Rice,14.8,KG,592.0,Paid
MDM000711,2025-10-13,SCH0094,sharma & sons,mustard oil,33.9,KG,1500.0,Cleared
MDM004386,2025-06-09,SCH0476,sharma & sons,Wheat,20.0,KG,1794.0,Pending
MDM003823,2025-04-14,SCH0365,goyal enterprises,Rice,33.9,KG,1044.0,Paid
MDM000408,2026-02-25,SCH0588,Singh Brothers,oil,33.9,KG,1794.0,Pending
MDM010164,2025-11-23,SCH0077,Sharma Traders,atta,33.9,KG,1122.0,Pending
MDM010924,2025-07-11,SCH0376,sharma & sons,Lentils,33.9,KG,1080.0,Pending
MDM009876,2025-08-07,SCH0178,goyal enterprises,cooking oil,33.9,KG,1794.0,Due
MDM004031,2025-11-03,SCH0337,goyal enterprises,sarson tel,33.9,KG,1296.0,Paid
MDM008414,2025-12-03,SCH0521,Kumar Supplies,Rice,33.9,KG,1794.0,Cleared
MDM010424,2025-11-16,SCH0007,s. agro works,cooking oil,14.8,KG,1776.0,Paid
MDM007827,2025-08-26,SCH0440,goyal enterprises,Lentils,24.8,KG,1794.0,Paid
MDM003116,2025-11-15,SCH0199,Sharma Traders,atta,33.9,KG,1794.0,Paid
MDM006873,2025-04-16,SCH0048,Kumar General Store,cooking oil,33.9,KG,6744.0,Cleared
MDM001524,2025-12-29,SCH0042,Goyal Rice Mill,sarson tel,26.2,KG,1794.0,Due
MDM010398,2025-10-31,SCH0376,goyal mill,sarson tel,48.9,KG,1794.0,Due
MDM001111,2025-07-11,SCH0529,goyal mill,Pulses,15.4,KG,1386.0,Paid
MDM010141,2026-01-26,SCH0377,sharma & sons,Wheat,33.9,KG,1794.0,Pending
MDM001407,2025-12-31,SCH0386,singh agro,Lentils,33.9,KG,1794.0,Pending
MDM010081,2025-05-11,SCH0587,Kumar Supplies,Lentils,33.9,KG,1794.0,Paid
MDM005299,2025-07-28,SCH0096,kumar & co.,Lentils,33.9,KG,4932.0,Paid
MDM004247,2026-02-20,SCH0483,Sharma Traders,Lentils,33.9,KG,3906.0,Due
MDM008761,2025-04-28,SCH0037,goyal mill,Lentils,33.9,KG,1794.0,Pending
MDM003119,2025-07-29,SCH0531,Singh Brothers,Lentils,38.8,KG,3492.0,Pending
MDM006456,2025-12-02,SCH0418,Kumar Supplies,Wheat,11.0,KG,1794.0,Pending
MDM011379,2026-01-08,SCH0433,kumar & co.,Lentils,33.9,KG,1794.0,Cleared
MDM000634,2025-08-12,SCH0070,kumar & co.,Pulses,33.9,KG,4464.0,Pending
MDM003781,2025-11-23,SCH0478,Goyal Rice Mill,Rice,33.9,KG,704.0,Pending
MDM005615,2026-01-23,SCH0034,Sharma Traders,Rice,33.9,KG,424.0,Cleared
MDM011383,2025-05-03,SCH0098,Kumar General Store,Wheat,33.9,KG,810.0,Pending
MDM009717,2025-09-05,SCH0212,Sharma Traders,Rice,33.9,KG,1794.0,Due
MDM000132,2025-08-05,SCH0452,goyal enterprises,Rice,33.9,KG,1794.0,Due
MDM005763,2026-03-08,SCH0312,Sharma Traders,sarson tel,33.9,KG,4632.0,Paid
MDM008919,2025-07-02,SCH0007,goyal mill,Lentils,18.3,KG,1647.0,Pending
MDM009719,2025-05-11,SCH0267,goyal mill,Wheat,33.9,KG,1755.0,Pending
MDM000775,2026-02-19,SCH0310,kumar & co.,Rice,31.6,KG,1794.0,Paid
MDM003647,2025-05-26,SCH0293,Sharma Traders,Lentils,44.3,KG,1794.0,Paid
MDM011516,2025-08-17,SCH0548,kumar & co.,atta,13.1,KG,393.0,Pending
MDM000470,2025-05-17,SCH0038,goyal enterprises,Lentils,33.9,KG,1683.0,Due
MDM009858,2026-03-28,SCH0494,Sharma Traders,atta,33.9,KG,774.0,Paid
MDM011273,2025-11-21,SCH0019,Kumar General Store,Rice,33.9,KG,1794.0,Pending
MDM002992,2026-01-02,SCH0134,Singh Brothers,Lentils,33.9,KG,1485.0,Cleared
MDM007021,2025-08-29,SCH0445,Sharma Traders,Wheat,33.9,KG,1794.0,Pending
MDM006435,2025-12-22,SCH0295,goyal enterprises,Pulses,33.9,KG,1794.0,Pending
MDM010082,2025-06-26,SCH0362,singh agro,Lentils,31.6,KG,1794.0,Paid
MDM000564,2025-11-04,SCH0308,goyal enterprises,Wheat,33.9,KG,423.0,Paid
MDM001906,2025-08-20,SCH0543,Kumar General Store,cooking oil,33.9,KG,5232.0,Pending
MDM005379,2026-03-19,SCH0518,kumar & co.,mustard oil,33.9,KG,1794.0,Paid
MDM010782,2026-03-03,SCH0238,sharma & sons,Wheat,33.9,KG,1050.0,Cleared
MDM010477,2025-06-24,SCH0267,Goyal Rice Mill,Rice,33.9,KG,1794.0,Due
MDM001577,2025-10-13,SCH0081,s. agro works,Rice,33.9,KG,1794.0,Due
MDM011681,2025-04-22,SCH0424,Kumar General Store,Rice,33.9,KG,1416.0,Pending
MDM010528,2025-09-06,SCH0190,singh agro,Wheat,33.9,KG,645.0,Pending
MDM011768,2025-09-02,SCH0364,goyal enterprises,Wheat,33.9,KG,1032.0,Paid
MDM011594,2025-11-25,SCH0565,sharma & sons,Wheat,33.9,KG,1794.0,Due
MDM005182,2025-12-15,SCH0481,goyal enterprises,Rice,41.5,KG,1794.0,Paid
MDM000080,2026-03-13,SCH0070,Kumar Supplies,cooking oil,37.0,KG,4440.0,Pending
MDM006818,2025-12-27,SCH0575,kumar & co.,Lentils,33.9,KG,2511.0,Paid
MDM006609,2026-03-15,SCH0221,goyal enterprises,Pulses,33.9,KG,1794.0,Cleared
MDM002219,2025-10-10,SCH0022,singh agro,Rice,33.9,KG,1794.0,Pending
MDM003459,2025-10-24,SCH0579,Kumar Supplies,Rice,33.9,KG,1880.0,Paid
MDM007498,2025-12-07,SCH0333,Goyal Rice Mill,Rice,25.9,KG,1794.0,Paid
MDM011049,2025-09-14,SCH0161,s. agro works,Rice,33.9,KG,1794.0,Paid
MDM007672,2025-08-11,SCH0396,goyal enterprises,Wheat,33.9,KG,813.0,Paid
MDM002448,2025-04-14,SCH0179,Kumar General Store,Rice,33.9,KG,1604.0,Paid
MDM011057,2025-05-06,SCH0163,Goyal Rice Mill,Lentils,33.9,KG,4464.0,Paid
MDM005545,2025-05-25,SCH0334,goyal mill,mustard oil,33.9,KG,1794.0,Pending
MDM007245,2025-09-15,SCH0113,goyal mill,cooking oil,33.9,KG,2856.0,Pending
MDM001905,2025-11-17,SCH0595,Kumar General Store,Rice,33.9,KG,1794.0,Paid
MDM005830,2025-12-22,SCH0430,Sharma Traders,Rice,33.9,KG,920.0,Paid
MDM001852,2025-06-03,SCH0279,Sharma Traders,cooking oil,33.9,KG,1794.0,Due
MDM007729,2025-08-05,SCH0273,Sharma Traders,Wheat,33.9,KG,1794.0,Due
MDM006756,2026-01-03,SCH0215,goyal mill,sarson tel,33.9,KG,4308.0,Pending
MDM002920,2026-03-29,SCH0371,Kumar General Store,Wheat,33.9,KG,1794.0,Pending
MDM008166,2025-05-07,SCH0285,Sharma Traders,mustard oil,14.4,KG,1728.0,Due
MDM001146,2025-11-15,SCH0083,Kumar General Store,cooking oil,33.9,KG,5580.0,Due
MDM004510,2025-12-08,SCH0068,Singh Brothers,mustard oil,27.5,KG,3300.0,Pending
MDM008032,2025-05-03,SCH0207,goyal enterprises,Rice,33.9,KG,1392.0,Cleared
MDM010101,2025-06-16,SCH0539,sharma & sons,Lentils,33.9,KG,1794.0,Pending
MDM009862,2025-07-21,SCH0454,goyal mill,Wheat,33.9,KG,1377.0,Pending
MDM000853,2025-12-03,SCH0538,Kumar Supplies,Rice,33.9,KG,1794.0,Paid
MDM001495,2025-09-12,SCH0396,Singh Brothers,oil,33.9,KG,1848.0,Paid
MDM002537,2025-07-17,SCH0393,Kumar Supplies,Rice,33.9,KG,1892.0,Pending
MDM004334,2025-12-02,SCH0531,goyal mill,Rice,33.9,KG,1092.0,Paid
MDM001806,2025-10-17,SCH0045,Sharma Traders,Lentils,33.9,KG,1794.0,Pending
MDM006952,2025-10-09,SCH0014,Kumar General Store,Wheat,33.9,KG,891.0,Due
MDM005043,2025-06-17,SCH0334,s. agro works,Wheat,33.9,KG,501.0,Pending
MDM004986,2025-11-25,SCH0240,goyal enterprises,Rice,33.9,KG,1794.0,Paid
MDM000189,2026-03-23,SCH0172,Goyal Rice Mill,Pulses,33.9,KG,1794.0,Pending
MDM001124,2025-07-08,SCH0228,Kumar General Store,mustard oil,33.9,KG,4224.0,Due
MDM004106,2025-11-05,SCH0404,Sharma Traders,Wheat,39.4,KG,1182.0,Pending
MDM002343,2025-05-19,SCH0541,Kumar General Store,Rice,33.9,KG,1794.0,Paid
MDM008939,2025-12-11,SCH0233,kumar & co.,cooking oil,33.9,KG,1794.0,Paid
MDM001595,2025-08-24,SCH0291,Goyal Rice Mill,cooking oil,33.9,KG,1794.0,Cleared
MDM006105,2025-05-25,SCH0406,goyal mill,Lentils,57.0,KG,1794.0,Cleared
MDM000501,2025-06-29,SCH0180,kumar & co.,Wheat,33.9,KG,1794.0,Cleared
MDM010272,2026-03-22,SCH0303,kumar & co.,Lentils,33.9,KG,3078.0,Cleared
MDM006903,2025-11-21,SCH0510,Goyal Rice Mill,Rice,33.9,KG,1794.0,Due
MDM003874,2025-07-27,SCH0318,goyal enterprises,oil,33.9,KG,2160.0,Pending
MDM003990,2025-12-25,SCH0357,sharma & sons,sarson tel,33.9,KG,1794.0,Due
MDM005445,2026-03-30,SCH0379,goyal mill,mustard oil,47.5,KG,5700.0,Pending
MDM000591,2025-07-06,SCH0523,Sharma Traders,Rice,33.9,KG,1794.0,Pending
MDM011163,2025-06-24,SCH0034,singh agro,Rice,33.9,KG,2112.0,Pending
MDM009320,2025-12-11,SCH0397,Singh Brothers,Rice,33.9,KG,704.0,Cleared
MDM009636,2026-02-18,SCH0423,goyal enterprises,atta,33.9,KG,1794.0,Paid
MDM002268,2025-06-24,SCH0559,Singh Brothers,Rice,33.9,KG,1320.0,Paid
MDM002076,2025-05-21,SCH0166,Singh Brothers,mustard oil,33.9,KG,1794.0,Pending
MDM003106,2026-03-31,SCH0530,Sharma Traders,Pulses,33.9,KG,1794.0,Paid
MDM003108,2025-10-18,SCH0251,Sharma Traders,Rice,33.9,KG,1988.0,Paid
MDM008533,2026-01-15,SCH0264,singh agro,Rice,33.9,KG,620.0,Cleared
MDM000778,2025-07-05,SCH0128,Kumar General Store,Lentils,33.9,KG,1794.0,Paid
MDM002614,2025-09-29,SCH0425,s. agro works,sarson tel,33.9,KG,3504.0,Due
MDM008409,2026-02-16,SCH0348,Sharma Traders,oil,33.9,KG,1932.0,Pending
MDM001195,2025-10-08,SCH0431,goyal mill,Rice,33.9,KG,1794.0,Cleared
MDM008422,2025-08-17,SCH0463,goyal enterprises,Wheat,33.9,KG,321.0,Pending
MDM005793,2025-08-28,SCH0031,sharma & sons,Rice,33.9,KG,1560.0,Paid
MDM009003,2025-05-20,SCH0496,sharma & sons,Lentils,33.9,KG,4923.0,Due
MDM011694,2025-09-07,SCH0223,Kumar General Store,Wheat,33.9,KG,1794.0,Paid
MDM006504,2025-04-05,SCH0533,s. agro works,Wheat,33.9,KG,984.0,Paid
MDM011817,2025-04-03,SCH0188,sharma & sons,oil,33.9,KG,1794.0,Paid
MDM001114,2025-10-20,SCH0165,Sharma Traders,Rice,33.9,KG,1148.0,Paid
MDM008733,2025-04-26,SCH0270,kumar & co.,Rice,33.9,KG,1794.0,Paid
MDM009024,2025-12-01,SCH0185,Kumar General Store,sarson tel,33.9,KG,4860.0,Pending
MDM004656,2025-10-18,SCH0094,Sharma Traders,oil,33.9,KG,1794.0,Paid
MDM003275,2025-07-04,SCH0479,Goyal Rice Mill,Lentils,33.9,KG,1794.0,Pending
MDM006072,2026-03-12,SCH0115,s. agro works,mustard oil,33.9,KG,1794.0,Paid
MDM010193,2026-11-02,SCH0109,Kumar Supplies,Rice,33.9,KG,1794.0,Paid
MDM004606,2025-09-10,SCH0500,sharma & sons,cooking oil,33.9,KG,5364.0,Cleared
MDM003593,2025-10-02,SCH0059,Sharma Traders,mustard oil,33.9,KG,7068.0,Cleared
MDM000566,2025-11-10,SCH0126,goyal mill,Wheat,33.9,KG,354.0,Paid
MDM003324,2025-06-06,SCH0036,Kumar Supplies,cooking oil,33.9,KG,1794.0,Paid
MDM001804,2025-08-17,SCH0092,singh agro,Wheat,16.3,KG,489.0,Pending
MDM005720,2025-12-22,SCH0135,Sharma Traders,Rice,33.9,KG,1794.0,Paid
MDM011164,2025-07-16,SCH0123,s. agro works,Rice,12.0,KG,480.0,Pending
MDM001643,2025-11-17,SCH0217,s. agro works,Wheat,46.5,KG,1395.0,Paid
MDM009723,2026-01-09,SCH0465,Goyal Rice Mill,Wheat,33.9,KG,1368.0,Due
MDM008752,2025-04-25,SCH0393,singh agro,Wheat,33.9,KG,1794.0,Due
MDM005322,2025-05-09,SCH0285,goyal mill,mustard oil,33.9,KG,3108.0,Cleared
MDM006307,2026-03-17,SCH0229,Sharma Traders,Rice,33.9,KG,1464.0,Pending
MDM000047,2025-11-19,SCH0402,s. agro works,Rice,33.9,KG,596.0,Cleared
MDM001150,2025-12-14,SCH0348,goyal enterprises,Wheat,33.9,KG,1371.0,Paid
MDM007145,2025-06-22,SCH0247,singh agro,Wheat,33.9,KG,846.0,Paid
MDM008188,2025-08-04,SCH0020,kumar & co.,Lentils,49.5,KG,4455.0,Due
MDM000766,2025-11-21,SCH0500,kumar & co.,Rice,33.9,KG,796.0,Cleared
MDM002656,2025-08-04,SCH0038,Sharma Traders,atta,33.9,KG,1395.0,Pending
MDM004008,2025-11-11,SCH0600,goyal enterprises,Rice,33.9,KG,1794.0,Paid
MDM001567,2026-02-15,SCH0462,Sharma Traders,Wheat,33.9,KG,1794.0,Pending
MDM003929,2026-03-07,SCH0168,kumar & co.,Rice,33.9,KG,1794.0,Paid
MDM008540,2026-03-21,SCH0012,Kumar General Store,oil,33.9,KG,1794.0,Paid
MDM004464,2026-02-28,SCH0489,Sharma Traders,Wheat,33.9,KG,1794.0,Pending
MDM010743,2025-11-09,SCH0101,sharma & sons,Pulses,33.9,KG,4995.0,Paid
MDM004885,2026-01-24,SCH0585,sharma & sons,Rice,33.9,KG,1794.0,Pending
MDM010253,2026-03-14,SCH0535,singh agro,Wheat,33.9,KG,1386.0,Cleared
MDM004449,2025-08-30,SCH0103,s. agro works,Rice,33.9,KG,1688.0,Pending
MDM011962,2025-10-21,SCH0495,Sharma Traders,Wheat,33.9,KG,1701.0,Paid
MDM001012,2025-04-03,SCH0600,kumar & co.,Lentils,33.9,KG,1794.0,Paid
MDM010952,2026-03-11,SCH0016,singh agro,Wheat,33.9,KG,1284.0,Due
MDM004760,2025-08-10,SCH0446,kumar & co.,Rice,33.9,KG,448.0,Pending
MDM006730,2026-01-11,SCH0343,singh agro,oil,33.9,KG,3612.0,Pending
MDM009685,2025-11-07,SCH0518,Singh Brothers,Lentils,33.9,KG,1794.0,Pending
MDM011840,2026-03-20,SCH0477,Kumar Supplies,cooking oil,33.9,KG,5052.0,Pending
MDM007406,2025-05-23,SCH0368,Kumar General Store,cooking oil,33.9,KG,1794.0,Paid
MDM008365,2025-08-18,SCH0107,kumar & co.,Lentils,33.9,KG,1794.0,Pending
MDM006766,2025-05-26,SCH0545,Kumar General Store,Rice,33.9,KG,1076.0,Cleared
MDM002678,2025-11-19,SCH0570,goyal mill,Lentils,33.9,KG,5184.0,Paid
MDM006597,2026-03-11,SCH0229,Kumar General Store,Wheat,33.9,KG,1794.0,Paid
MDM010485,2026-01-27,SCH0217,Goyal Rice Mill,Rice,33.9,KG,1794.0,Paid
MDM004202,2025-07-25,SCH0032,sharma & sons,Lentils,33.9,KG,2637.0,Due
MDM010593,2026-02-10,SCH0430,goyal enterprises,Rice,20.2,KG,808.0,Due
MDM006740,2026-03-28,SCH0537,sharma & sons,mustard oil,33.9,KG,3948.0,Cleared
MDM002985,2025-08-29,SCH0519,Singh Brothers,Rice,33.9,KG,1332.0,Cleared
MDM001346,2026-03-21,SCH0392,Goyal Rice Mill,Lentils,33.9,KG,1794.0,Pending
MDM001445,2025-06-25,SCH0196,Goyal Rice Mill,Rice,33.9,KG,1836.0,Paid
MDM007408,2025-05-16,SCH0468,s. agro works,Lentils,33.9,KG,1794.0,Pending
MDM005046,2026-02-21,SCH0158,Kumar Supplies,Lentils,59.5,KG,5355.0,Due
MDM002821,2025-05-13,SCH0229,Goyal Rice Mill,Rice,33.9,KG,1608.0,Pending
MDM000081,2025-10-20,SCH0289,Goyal Rice Mill,Rice,33.9,KG,1920.0,Paid
MDM005752,2025-12-03,SCH0170,goyal enterprises,sarson tel,33.9,KG,2532.0,Paid
MDM006857,2025-08-10,SCH0103,Sharma Traders,Lentils,33.9,KG,4365.0,Pending
MDM000336,2026-01-11,SCH0213,Goyal Rice Mill,cooking oil,33.9,KG,2016.0,Pending
MDM010692,2025-08-20,SCH0394,Kumar Supplies,Wheat,33.9,KG,1794.0,Pending
MDM007671,2025-09-24,SCH0465,Kumar General Store,Lentils,33.9,KG,1953.0,Pending
MDM007252,2026-03-12,SCH0140,Sharma Traders,Rice,33.9,KG,948.0,Due
MDM001573,2026-01-24,SCH0512,goyal enterprises,Lentils,33.9,KG,1794.0,Paid
MDM008458,2025-04-10,SCH0259,Goyal Rice Mill,Rice,33.9,KG,1508.0,Pending
MDM010703,2025-06-29,SCH0538,Singh Brothers,Wheat,19.7,KG,591.0,Due
MDM000880,2025-12-09,SCH0576,Singh Brothers,Lentils,33.9,KG,1794.0,Pending
MDM009863,2025-10-06,SCH0557,Kumar Supplies,Wheat,33.9,KG,1293.0,Paid
MDM010553,2025-10-08,SCH0257,goyal mill,Wheat,33.9,KG,1794.0,Pending
MDM001510,2026-01-25,SCH0075,s. agro works,Lentils,33.9,KG,1794.0,Pending
MDM001897,2025-08-30,SCH0299,Kumar General Store,mustard oil,33.5,KG,4020.0,Pending
MDM009568,2025-10-28,SCH0560,Singh Brothers,Rice,33.9,KG,528.0,Pending
MDM011577,2025-12-28,SCH0269,Sharma Traders,Wheat,33.9,KG,1764.0,Due
MDM002393,2025-12-16,SCH0415,Sharma Traders,Wheat,33.9,KG,1254.0,Cleared
MDM006493,2026-03-25,SCH0479,Goyal Rice Mill,Wheat,33.9,KG,1794.0,Paid
MDM001846,2025-05-03,SCH0167,goyal mill,Pulses,33.9,KG,4473.0,Paid
MDM000112,2026-01-27,SCH0299,Kumar Supplies,Rice,42.7,KG,1794.0,Paid
MDM000473,2026-01-08,SCH0421,s. agro works,Rice,33.9,KG,1794.0,Cleared
MDM009826,2025-09-28,SCH0244,Sharma Traders,Rice,33.9,KG,2152.0,Pending
MDM010090,2026-01-08,SCH0171,s. agro works,Rice,33.9,KG,1556.0,Cleared
MDM008318,2025-11-11,SCH0332,s. agro works,mustard oil,33.9,KG,2580.0,Pending
MDM005225,2025-08-28,SCH0473,goyal mill,cooking oil,33.9,KG,1794.0,Paid
MDM004192,2026-02-05,SCH0175,Goyal Rice Mill,Rice,33.9,KG,1794.0,Due
MDM010278,2026-02-12,SCH0345,Singh Brothers,Rice,33.9,KG,1794.0,Pending
MDM001184,2025-04-06,SCH0133,singh agro,Rice,33.9,KG,1568.0,Paid
MDM004715,2025-10-30,SCH0364,Kumar General Store,sarson tel,33.9,KG,1794.0,Paid
MDM011061,2025-10-16,SCH0098,Sharma Traders,sarson tel,33.9,KG,1380.0,Paid
MDM008488,2025-09-17,SCH0362,Goyal Rice Mill,Pulses,33.9,KG,4455.0,Pending
MDM011719,2025-08-14,SCH0544,sharma & sons,mustard oil,33.9,KG,1794.0,Due
MDM002109,2025-07-26,SCH0499,Sharma Traders,Wheat,33.9,KG,1680.0,Due
MDM010197,2025-04-24,SCH0533,Sharma Traders,atta,57.6,KG,1728.0,Cleared
MDM004150,2026-01-26,SCH0226,goyal mill,Wheat,33.9,KG,546.0,Pending
MDM006672,2026-03-18,SCH0092,Kumar Supplies,mustard oil,33.9,KG,1794.0,Paid
MDM004395,2026-03-24,SCH0266,Kumar Supplies,Rice,33.9,KG,1380.0,Pending
MDM004696,2025-09-22,SCH0565,kumar & co.,Rice,33.9,KG,1794.0,Paid
MDM003014,2025-05-13,SCH0131,Sharma Traders,Rice,33.9,KG,1940.0,Pending
MDM009067,2025-10-07,SCH0093,singh agro,oil,33.9,KG,2916.0,Paid
MDM010874,2026-02-21,SCH0061,goyal mill,Wheat,20.7,KG,621.0,Paid
MDM010929,2025-09-17,SCH0089,Goyal Rice Mill,Lentils,33.9,KG,1341.0,Paid
MDM005858,2025-10-08,SCH0313,goyal mill,mustard oil,33.9,KG,2628.0,Paid
MDM005329,2025-07-31,SCH0339,s. agro works,Lentils,33.9,KG,3861.0,Due
MDM003335,2025-10-20,SCH0189,Kumar Supplies,Rice,33.9,KG,1036.0,Paid
MDM011265,2026-03-18,SCH0087,Sharma Traders,Lentils,33.9,KG,1794.0,Pending
MDM010589,2026-03-28,SCH0206,singh agro,Rice,33.9,KG,2140.0,Pending
MDM006867,2025-08-06,SCH0544,Kumar Supplies,Pulses,33.9,KG,3951.0,Due
MDM006667,2025-08-03,SCH0554,goyal mill,Lentils,33.9,KG,1794.0,Paid
MDM007822,2026-01-21,SCH0142,goyal enterprises,Rice,33.9,KG,2184.0,Paid
MDM004692,2025-07-09,SCH0046,Kumar Supplies,sarson tel,33.9,KG,1794.0,Pending
MDM007741,2025-11-14,SCH0079,kumar & co.,Pulses,33.9,KG,3609.0,Due
MDM001194,2025-08-26,SCH0073,goyal enterprises,Wheat,33.9,KG,1794.0,Paid
MDM000046,2025-10-03,SCH0188,sharma & sons,sarson tel,33.9,KG,6204.0,Paid
MDM006519,2026-01-06,SCH0028,Singh Brothers,Lentils,33.9,KG,2556.0,Paid
MDM010019,2025-08-20,SCH0511,Sharma Traders,atta,13.2,KG,396.0,Cleared
MDM003132,2025-07-31,SCH0430,Goyal Rice Mill,Wheat,33.9,KG,1632.0,Pending
MDM001579,2025-08-24,SCH0364,Sharma Traders,Lentils,33.9,KG,1794.0,Paid
MDM009403,2025-07-26,SCH0210,kumar & co.,Wheat,33.9,KG,1794.0,Pending
MDM004636,2025-11-19,SCH0197,Kumar Supplies,Rice,54.3,KG,2172.0,Paid
MDM001585,2026-01-12,SCH0213,goyal enterprises,Rice,14.1,KG,564.0,Paid
MDM002956,2025-11-28,SCH0028,singh agro,Lentils,55.5,KG,1794.0,Paid
MDM006334,2025-10-25,SCH0160,Goyal Rice Mill,Rice,47.1,KG,1884.0,Pending
MDM010544,2026-02-05,SCH0207,sharma & sons,Pulses,33.9,KG,1620.0,Pending
MDM009350,2025-06-02,SCH0157,Sharma Traders,Wheat,33.9,KG,324.0,Cleared
MDM007172,2025-09-01,SCH0514,goyal mill,Pulses,42.9,KG,3861.0,Pending
MDM002454,2025-10-21,SCH0017,sharma & sons,Rice,33.9,KG,864.0,Pending
MDM003315,2025-07-10,SCH0304,goyal mill,Rice,30.2,KG,1794.0,Due
MDM000316,2026-03-14,SCH0596,goyal mill,Rice,33.9,KG,1794.0,Pending
MDM010598,2025-08-07,SCH0219,s. agro works,sarson tel,33.9,KG,1794.0,Due
MDM010316,2025-04-15,SCH0174,Singh Brothers,Rice,33.9,KG,1794.0,Pending
MDM006930,2026-01-17,SCH0137,singh agro,Lentils,33.9,KG,4248.0,Pending
MDM009643,2026-04-03,SCH0585,goyal mill,Lentils,26.2,KG,2358.0,Due
MDM011508,2025-09-19,SCH0218,kumar & co.,cooking oil,33.9,KG,1794.0,Pending
MDM001625,2026-02-07,SCH0191,goyal enterprises,Rice,21.0,KG,840.0,Paid
MDM008438,2026-01-13,SCH0136,s. agro works,Wheat,33.9,KG,1794.0,Due
MDM008972,2025-05-18,SCH0013,Sharma Traders,Rice,33.9,KG,2276.0,Paid
MDM010096,2026-03-07,SCH0452,goyal mill,Rice,33.9,KG,652.0,Paid
MDM008693,2025-07-28,SCH0088,kumar & co.,Wheat,33.9,KG,1056.0,Paid
MDM009192,2026-03-31,SCH0283,Goyal Rice Mill,Wheat,33.9,KG,489.0,Pending
MDM008727,2025-08-01,SCH0419,kumar & co.,Wheat,33.9,KG,435.0,Paid
MDM011016,2025-05-07,SCH0146,kumar & co.,cooking oil,33.9,KG,1794.0,Cleared
MDM001072,2025-04-11,SCH0543,goyal mill,Rice,27.8,KG,1112.0,Paid
MDM002597,2025-07-26,SCH0195,singh agro,sarson tel,32.4,KG,3888.0,Due
MDM004872,2025-04-21,SCH0388,s. agro works,Rice,33.9,KG,944.0,Paid
MDM005941,2025-06-25,SCH0186,kumar & co.,Pulses,33.9,KG,1413.0,Due
MDM010260,2025-07-28,SCH0495,kumar & co.,cooking oil,33.9,KG,1794.0,Paid
MDM005029,2026-03-14,SCH0194,s. agro works,Lentils,33.9,KG,1794.0,Pending
MDM000410,2025-11-16,SCH0233,sharma & sons,Rice,33.9,KG,1794.0,Paid
MDM008257,2026-01-15,SCH0110,s. agro works,Lentils,33.9,KG,4599.0,Pending
MDM003854,2025-12-25,SCH0330,kumar & co.,Lentils,33.9,KG,4986.0,Cleared
MDM005804,2026-03-30,SCH0193,singh agro,Rice,33.9,KG,1794.0,Pending
MDM000577,2026-01-28,SCH0199,Singh Brothers,Rice,33.9,KG,1672.0,Paid
MDM002513,2025-08-31,SCH0532,sharma & sons,cooking oil,33.9,KG,6096.0,Paid
MDM003725,2025-05-22,SCH0600,sharma & sons,Rice,33.9,KG,1148.0,Due
MDM007627,2025-09-28,SCH0498,kumar & co.,Wheat,11.7,KG,351.0,Paid
MDM000714,2025-06-20,SCH0068,goyal mill,Lentils,33.9,KG,2673.0,Cleared
MDM006413,2025-04-02,SCH0511,Sharma Traders,Rice,33.9,KG,1492.0,Pending
MDM004608,2025-05-24,SCH0320,sharma & sons,mustard oil,33.9,KG,1794.0,Pending
MDM001088,2025-05-23,SCH0017,Sharma Traders,oil,14.2,KG,1794.0,Paid
MDM011156,2025-04-18,SCH0111,goyal enterprises,Wheat,13.6,KG,408.0,Paid
MDM002336,2025-09-05,SCH0142,sharma & sons,oil,33.9,KG,1794.0,Paid
MDM004685,2025-05-12,SCH0419,Goyal Rice Mill,Lentils,33.9,KG,1467.0,Cleared
MDM007977,2026-03-22,SCH0033,singh agro,Lentils,33.9,KG,1794.0,Paid
MDM001455,2025-11-09,SCH0240,s. agro works,Lentils,33.9,KG,3771.0,Cleared
MDM004865,2025-05-13,SCH0453,goyal enterprises,Lentils,58.6,KG,5274.0,Cleared
MDM002630,2026-03-31,SCH0598,kumar & co.,Rice,33.9,KG,1212.0,Due
MDM010386,2025-09-09,SCH0281,Kumar Supplies,Wheat,33.9,KG,1794.0,Cleared
MDM000882,2025-04-12,SCH0598,Sharma Traders,cooking oil,33.9,KG,3432.0,Due
MDM001711,2026-02-28,SCH0103,singh agro,Lentils,33.9,KG,4086.0,Pending
MDM007800,2025-04-07,SCH0163,singh agro,Rice,33.9,KG,1976.0,Due
MDM003434,2025-05-29,SCH0288,Sharma Traders,Rice,33.9,KG,2088.0,Paid
MDM002929,2025-09-26,SCH0363,Goyal Rice Mill,Lentils,33.9,KG,1794.0,Due
MDM009665,2025-09-21,SCH0366,kumar & co.,Rice,33.9,KG,1794.0,Due
MDM002862,2025-08-07,SCH0542,goyal enterprises,Wheat,33.9,KG,1794.0,Due
MDM002246,2026-02-04,SCH0580,goyal mill,oil,33.9,KG,3420.0,Paid
MDM002743,2026-07-02,SCH0505,goyal mill,Rice,58.0,KG,2320.0,Pending
MDM008135,2025-01-12,SCH0075,sharma & sons,cooking oil,33.9,KG,1794.0,Cleared
MDM009792,2025-07-30,SCH0555,kumar & co.,Lentils,33.9,KG,1794.0,Paid
MDM003680,2025-04-14,SCH0205,Kumar Supplies,oil,33.9,KG,5196.0,Paid
MDM010378,2026-01-09,SCH0119,Goyal Rice Mill,oil,33.9,KG,1794.0,Paid
MDM005177,2025-04-19,SCH0582,goyal mill,Pulses,33.9,KG,3474.0,Cleared
MDM006683,2025-06-14,SCH0429,Kumar Supplies,oil,33.9,KG,1794.0,Paid
MDM007557,2025-10-08,SCH0496,Sharma Traders,Wheat,33.9,KG,1086.0,Pending
MDM001598,2025-07-03,SCH0191,Goyal Rice Mill,Lentils,33.9,KG,4653.0,Paid
MDM011695,2025-04-06,SCH0030,Kumar Supplies,Lentils,33.9,KG,2457.0,Paid
MDM010420,2025-08-20,SCH0029,Kumar Supplies,Rice,33.9,KG,2084.0,Cleared
MDM000395,2026-02-01,SCH0329,Goyal Rice Mill,Pulses,33.9,KG,3798.0,Pending
MDM009476,2025-09-28,SCH0469,Sharma Traders,Wheat,33.9,KG,1242.0,Paid
MDM004340,2026-03-28,SCH0195,goyal mill,oil,33.9,KG,2280.0,Paid
MDM010930,2025-04-23,SCH0060,Kumar Supplies,Rice,33.9,KG,808.0,Paid
MDM011142,2026-03-13,SCH0254,kumar & co.,Rice,33.9,KG,1794.0,Due
MDM001181,2026-10-02,SCH0540,Kumar Supplies,Lentils,33.9,KG,1089.0,Pending
MDM006432,2026-03-17,SCH0073,Singh Brothers,Wheat,33.9,KG,1002.0,Pending
MDM001912,2025-12-18,SCH0155,goyal mill,Lentils,51.9,KG,4671.0,Due
MDM010844,2025-06-11,SCH0439,goyal enterprises,Rice,33.9,KG,752.0,Pending
MDM007967,2025-12-10,SCH0452,goyal enterprises,mustard oil,33.9,KG,1794.0,Paid
MDM002215,2025-04-30,SCH0360,Sharma Traders,mustard oil,33.9,KG,4272.0,Paid
MDM007400,2025-09-18,SCH0170,Kumar General Store,Rice,33.9,KG,1794.0,Pending
MDM005150,2025-09-22,SCH0245,sharma & sons,Lentils,33.9,KG,4887.0,Paid
MDM011639,2025-05-16,SCH0224,kumar & co.,sarson tel,33.9,KG,4872.0,Cleared
MDM010684,2025-11-26,SCH0406,sharma & sons,mustard oil,33.9,KG,7152.0,Due
MDM007579,2026-10-03,SCH0310,Goyal Rice Mill,Pulses,27.0,KG,2430.0,Paid
MDM011013,2026-03-22,SCH0327,Sharma Traders,Rice,33.9,KG,600.0,Paid
MDM004635,2025-05-17,SCH0067,sharma & sons,Pulses,33.9,KG,4563.0,Cleared
MDM004654,2025-06-21,SCH0595,Kumar General Store,atta,33.9,KG,1458.0,Cleared
MDM009943,2025-11-15,SCH0227,Kumar Supplies,Rice,33.9,KG,1794.0,Due
MDM010905,2025-07-29,SCH0569,s. agro works,sarson tel,33.9,KG,1944.0,Paid
MDM009546,2025-11-02,SCH0347,Sharma Traders,Wheat,33.9,KG,585.0,Pending
MDM008594,2026-03-05,SCH0176,Kumar Supplies,Pulses,33.9,KG,5382.0,Pending
MDM001692,2025-08-12,SCH0288,Kumar General Store,Rice,33.9,KG,1794.0,Pending
MDM004451,2025-07-25,SCH0385,Singh Brothers,Rice,33.9,KG,2316.0,Paid
MDM000124,2026-02-25,SCH0444,Kumar General Store,cooking oil,33.9,KG,1668.0,Pending
MDM007013,2025-05-04,SCH0563,s. agro works,Lentils,46.9,KG,4221.0,Paid
MDM001953,2025-10-14,SCH0376,Kumar General Store,Wheat,33.9,KG,1794.0,Pending
MDM010585,2025-06-04,SCH0527,Goyal Rice Mill,Rice,33.9,KG,956.0,Paid
MDM006111,2025-09-14,SCH0383,goyal enterprises,Rice,57.5,KG,1794.0,Paid
MDM010313,2025-09-04,SCH0345,Sharma Traders,Lentils,33.9,KG,1794.0,Paid
MDM008824,2025-05-20,SCH0531,kumar & co.,Lentils,33.9,KG,2979.0,Paid
MDM004845,2025-12-18,SCH0244,Sharma Traders,Lentils,33.9,KG,3744.0,Due
MDM006599,2025-10-16,SCH0165,sharma & sons,oil,33.9,KG,6192.0,Due
MDM004689,2025-10-08,SCH0027,s. agro works,Lentils,33.5,KG,1794.0,Paid
MDM005268,2025-06-09,SCH0460,Kumar Supplies,Wheat,31.7,KG,1794.0,Pending
MDM005939,2025-06-16,SCH0374,Kumar Supplies,Rice,33.9,KG,2208.0,Cleared
MDM004873,2025-10-30,SCH0096,Goyal Rice Mill,mustard oil,33.9,KG,1836.0,Paid
MDM011457,2025-12-12,SCH0240,Sharma Traders,Wheat,33.9,KG,1620.0,Due
MDM010307,2025-07-01,SCH0203,goyal enterprises,sarson tel,33.9,KG,1794.0,Paid
MDM005713,2025-07-04,SCH0531,goyal mill,Rice,33.9,KG,1136.0,Due
MDM005118,2026-02-20,SCH0337,goyal enterprises,Lentils,35.5,KG,3195.0,Due
MDM007108,2025-11-05,SCH0006,Singh Brothers,Lentils,33.9,KG,4932.0,Paid
MDM005004,2025-12-26,SCH0588,goyal enterprises,mustard oil,33.9,KG,1794.0,Due
MDM006806,2025-09-29,SCH0390,s. agro works,atta,33.9,KG,513.0,Cleared
MDM001892,2026-02-26,SCH0084,Sharma Traders,sarson tel,33.9,KG,1794.0,Paid
MDM002936,2026-03-09,SCH0074,singh agro,Rice,33.9,KG,2392.0,Paid
MDM007705,2025-10-14,SCH0232,singh agro,Rice,33.9,KG,1794.0,Paid
MDM000296,2026-03-03,SCH0459,Singh Brothers,Wheat,33.9,KG,1275.0,Pending
MDM010075,2026-02-22,SCH0302,goyal enterprises,oil,33.9,KG,4596.0,Pending
MDM005748,2025-07-17,SCH0266,kumar & co.,Lentils,59.1,KG,5319.0,Pending
MDM004620,2025-05-07,SCH0321,Goyal Rice Mill,atta,33.9,KG,699.0,Pending
MDM002634,2026-03-08,SCH0528,Sharma Traders,sarson tel,33.9,KG,4620.0,Pending
MDM001786,2025-01-07,SCH0017,Kumar General Store,Wheat,57.4,KG,1722.0,Paid
MDM009489,2026-03-24,SCH0476,singh agro,oil,33.9,KG,3000.0,Due
MDM000287,2025-09-11,SCH0353,Sharma Traders,Rice,33.9,KG,668.0,Pending
MDM010213,2025-12-20,SCH0134,Goyal Rice Mill,oil,33.9,KG,6744.0,Paid
MDM004697,2026-01-11,SCH0548,kumar & co.,Rice,33.9,KG,1708.0,Paid
MDM001759,2025-08-09,SCH0269,Kumar Supplies,Rice,25.1,KG,1794.0,Due
MDM008958,2025-09-09,SCH0209,Kumar Supplies,atta,33.9,KG,1140.0,Paid
MDM001285,2025-05-02,SCH0580,Kumar General Store,Wheat,33.9,KG,1497.0,Paid
MDM006380,2025-12-27,SCH0468,goyal mill,Wheat,33.9,KG,420.0,Pending
MDM005307,2025-09-13,SCH0096,Singh Brothers,Lentils,33.9,KG,1794.0,Paid
MDM010436,2025-07-25,SCH0181,Singh Brothers,Rice,33.9,KG,2324.0,Due
MDM010866,2025-05-23,SCH0285,singh agro,Lentils,33.9,KG,3609.0,Paid
MDM008525,2026-03-08,SCH0073,sharma & sons,atta,33.9,KG,1794.0,Paid
MDM008846,2025-10-15,SCH0141,s. agro works,Wheat,33.9,KG,369.0,Due
MDM003442,2025-09-10,SCH0531,Goyal Rice Mill,Lentils,33.9,KG,2313.0,Paid
MDM006635,2025-06-16,SCH0094,Singh Brothers,Wheat,33.9,KG,1794.0,Paid
MDM010639,2025-08-19,SCH0475,sharma & sons,Wheat,33.9,KG,1539.0,Pending
MDM000550,2025-10-06,SCH0041,Sharma Traders,Wheat,24.5,KG,1794.0,Paid
MDM002782,2025-09-23,SCH0544,Singh Brothers,Rice,33.9,KG,2272.0,Pending
MDM005341,2025-08-22,SCH0189,goyal enterprises,Rice,33.9,KG,444.0,Cleared
MDM008381,2025-05-13,SCH0188,goyal mill,mustard oil,33.9,KG,1794.0,Pending
MDM004304,2025-04-30,SCH0594,goyal mill,Lentils,33.9,KG,1794.0,Paid
MDM011197,2025-06-03,SCH0048,singh agro,Wheat,33.9,KG,1503.0,Paid
MDM007210,2025-06-16,SCH0137,singh agro,cooking oil,33.9,KG,3132.0,Pending
MDM009809,2025-04-12,SCH0523,Sharma Traders,Wheat,33.9,KG,1794.0,Paid
MDM007223,2025-10-27,SCH0045,Kumar General Store,sarson tel,33.9,KG,5412.0,Due
MDM011177,2026-01-16,SCH0087,s. agro works,Lentils,33.9,KG,1794.0,Cleared
MDM005207,2025-07-07,SCH0053,Kumar General Store,Lentils,33.9,KG,1794.0,Paid
MDM004994,2025-08-31,SCH0421,s. agro works,atta,33.9,KG,831.0,Paid
MDM009492,2025-09-03,SCH0456,goyal enterprises,Wheat,33.9,KG,939.0,Pending
MDM004450,2025-09-25,SCH0050,goyal enterprises,sarson tel,33.9,KG,2628.0,Paid
MDM009229,2025-12-08,SCH0397,goyal mill,Wheat,33.9,KG,1794.0,Paid
MDM011007,2025-07-20,SCH0066,s. agro works,Wheat,33.9,KG,1794.0,Paid
MDM009027,2025-12-22,SCH0303,Sharma Traders,Lentils,33.9,KG,1794.0,Pending
MDM006131,2025-10-10,SCH0234,Kumar Supplies,Wheat,33.9,KG,1794.0,Paid
MDM008448,2025-08-19,SCH0477,Kumar General Store,atta,33.9,KG,588.0,Pending
MDM007335,2025-11-18,SCH0462,singh agro,Wheat,33.9,KG,1794.0,Pending
MDM003773,2026-01-15,SCH0454,Goyal Rice Mill,Rice,33.9,KG,1794.0,Due
MDM005200,2025-10-09,SCH0274,Singh Brothers,oil,33.9,KG,4632.0,Due
MDM006075,2025-12-14,SCH0080,sharma & sons,Lentils,33.9,KG,3204.0,Pending
MDM006436,2025-06-22,SCH0299,kumar & co.,Rice,57.5,KG,2300.0,Paid
MDM004123,2025-08-19,SCH0164,sharma & sons,cooking oil,15.9,KG,1908.0,Cleared
MDM005115,2025-12-09,SCH0388,sharma & sons,Lentils,33.9,KG,1794.0,Paid
MDM001304,2025-11-18,SCH0154,Sharma Traders,Wheat,33.9,KG,1059.0,Due
MDM006821,2025-08-05,SCH0113,Sharma Traders,Rice,33.9,KG,1794.0,Pending
MDM011043,2025-04-20,SCH0034,s. agro works,oil,33.9,KG,4800.0,Paid
MDM003469,2025-08-13,SCH0177,singh agro,Lentils,13.7,KG,1794.0,Paid
MDM005564,2025-05-14,SCH0255,Sharma Traders,Rice,33.9,KG,1764.0,Pending
MDM006248,2025-10-14,SCH0291,goyal mill,atta,33.9,KG,1098.0,Paid
MDM002860,2025-05-05,SCH0373,sharma & sons,Rice,46.0,KG,1840.0,Due
MDM011086,2025-05-16,SCH0266,sharma & sons,Rice,33.9,KG,460.0,Pending
MDM003600,2025-05-08,SCH0595,Singh Brothers,Rice,33.9,KG,1084.0,Pending
MDM011410,2025-07-06,SCH0446,Sharma Traders,Wheat,33.9,KG,1359.0,Paid
MDM007829,2025-10-25,SCH0503,Singh Brothers,Rice,33.9,KG,1794.0,Paid
MDM008676,2025-08-24,SCH0270,Sharma Traders,mustard oil,33.9,KG,5328.0,Paid
MDM005724,2025-09-02,SCH0076,kumar & co.,Wheat,50.8,KG,1794.0,Paid
MDM011777,2026-03-06,SCH0481,s. agro works,cooking oil,42.2,KG,5064.0,Pending
MDM006386,2025-07-08,SCH0450,sharma & sons,Lentils,33.9,KG,3510.0,Paid
MDM007182,2025-05-27,SCH0211,Sharma Traders,Rice,33.9,KG,1794.0,Cleared
MDM011931,2025-08-30,SCH0598,s. agro works,Rice,23.6,KG,1794.0,Pending
MDM009253,2025-05-07,SCH0419,sharma & sons,Wheat,45.2,KG,1794.0,Pending
MDM003266,2026-03-01,SCH0184,goyal mill,Wheat,22.2,KG,666.0,Paid
MDM008760,2026-02-03,SCH0036,Kumar General Store,sarson tel,33.9,KG,1644.0,Paid
MDM010065,2025-04-28,SCH0158,Sharma Traders,cooking oil,33.9,KG,7032.0,Paid
MDM007183,2025-09-19,SCH0579,s. agro works,Lentils,33.9,KG,1794.0,Paid
MDM000468,2025-04-11,SCH0333,Sharma Traders,sarson tel,33.9,KG,2148.0,Paid
MDM006558,2025-05-01,SCH0309,Sharma Traders,oil,33.9,KG,6492.0,Cleared
MDM003316,2025-04-26,SCH0240,Sharma Traders,sarson tel,33.9,KG,4116.0,Cleared
MDM003038,2025-08-24,SCH0399,Goyal Rice Mill,oil,33.9,KG,5196.0,Paid
MDM011902,2026-02-20,SCH0481,s. agro works,Wheat,33.9,KG,1794.0,Due
MDM000107,2025-04-04,SCH0310,singh agro,Pulses,33.9,KG,1794.0,Paid
MDM008122,2025-06-03,SCH0514,Sharma Traders,Lentils,33.9,KG,1080.0,Cleared
MDM010913,2025-09-14,SCH0353,Kumar Supplies,Lentils,33.9,KG,1794.0,Paid
MDM006759,2025-07-29,SCH0582,Singh Brothers,Rice,33.9,KG,804.0,Paid
MDM005580,2025-05-19,SCH0115,Kumar General Store,Rice,33.9,KG,1100.0,Due
MDM000412,2025-09-20,SCH0341,kumar & co.,Lentils,33.9,KG,1794.0,Cleared
MDM007262,2025-12-07,SCH0300,kumar & co.,atta,33.9,KG,1794.0,Paid
MDM011628,2026-02-28,SCH0126,goyal enterprises,Pulses,33.9,KG,1440.0,Paid
MDM010449,2025-04-16,SCH0110,Singh Brothers,Rice,33.9,KG,1708.0,Pending
MDM002586,2025-12-27,SCH0567,kumar & co.,Wheat,33.9,KG,1023.0,Paid
MDM005703,2025-11-16,SCH0306,Sharma Traders,Lentils,33.9,KG,2493.0,Paid
MDM010670,2025-07-14,SCH0229,singh agro,Pulses,33.9,KG,1794.0,Cleared
MDM006787,2026-01-29,SCH0113,kumar & co.,Rice,33.9,KG,1988.0,Due
MDM007169,2025-11-09,SCH0535,Sharma Traders,sarson tel,40.8,KG,4896.0,Due
MDM003703,2025-11-09,SCH0104,s. agro works,oil,33.9,KG,1794.0,Cleared
MDM010382,2025-11-08,SCH0194,singh agro,sarson tel,33.9,KG,6660.0,Pending
MDM004792,2025-07-10,SCH0045,goyal mill,cooking oil,33.9,KG,1794.0,Paid
MDM010933,2026-02-28,SCH0272,sharma & sons,Rice,33.9,KG,1794.0,Due
MDM011811,2025-10-28,SCH0507,sharma & sons,oil,33.9,KG,1794.0,Cleared
MDM003170,2026-03-17,SCH0341,Singh Brothers,Lentils,33.9,KG,1794.0,Paid
MDM001863,2025-07-03,SCH0378,Goyal Rice Mill,Rice,33.9,KG,2204.0,Cleared
MDM009695,2025-07-20,SCH0333,kumar & co.,Rice,33.9,KG,604.0,Due
MDM009321,2025-11-25,SCH0073,kumar & co.,Rice,33.9,KG,1112.0,Due
MDM009017,2025-01-11,SCH0128,Sharma Traders,Rice,33.9,KG,716.0,Paid
MDM002361,2025-07-12,SCH0240,s. agro works,mustard oil,33.9,KG,1794.0,Pending
MDM010741,2026-03-15,SCH0512,Sharma Traders,Rice,18.5,KG,740.0,Cleared
MDM002134,2026-03-12,SCH0116,Singh Brothers,cooking oil,33.9,KG,1794.0,Pending
MDM008995,2026-03-13,SCH0567,kumar & co.,Rice,33.9,KG,2096.0,Cleared
MDM002407,2025-11-19,SCH0178,Singh Brothers,Rice,33.9,KG,1794.0,Paid
MDM000030,2026-02-01,SCH0136,goyal mill,Wheat,33.9,KG,1794.0,Paid
MDM008274,2026-01-12,SCH0510,sharma & sons,Lentils,33.9,KG,4761.0,Pending
MDM006401,2025-08-18,SCH0099,goyal mill,sarson tel,33.9,KG,4320.0,Paid
MDM010000,2025-11-24,SCH0582,sharma & sons,Lentils,33.9,KG,1794.0,Paid
MDM004975,2025-10-14,SCH0376,goyal mill,oil,33.9,KG,1794.0,Cleared
MDM000569,2025-04-30,SCH0399,goyal enterprises,Rice,21.9,KG,876.0,Paid
MDM007052,2025-11-13,SCH0494,Sharma Traders,Wheat,33.9,KG,1794.0,Due
MDM006012,2025-11-29,SCH0040,kumar & co.,Pulses,33.9,KG,1794.0,Cleared
MDM001246,2026-03-30,SCH0490,Sharma Traders,Rice,33.9,KG,1968.0,Pending
MDM003799,2026-01-30,SCH0461,Goyal Rice Mill,oil,33.9,KG,2916.0,Paid
MDM006150,2026-03-12,SCH0210,goyal enterprises,Wheat,33.9,KG,1500.0,Pending
MDM001459,2026-02-14,SCH0394,Kumar General Store,Lentils,33.9,KG,3249.0,Due
MDM007809,2025-11-26,SCH0012,Kumar General Store,Lentils,33.9,KG,1794.0,Pending
MDM001836,2025-06-24,SCH0233,singh agro,Rice,33.9,KG,1548.0,Paid
MDM000317,2025-09-04,SCH0467,singh agro,sarson tel,33.9,KG,4692.0,Paid
MDM000109,2025-04-03,SCH0025,sharma & sons,Rice,33.9,KG,500.0,Due
MDM008616,2026-01-23,SCH0257,Sharma Traders,mustard oil,33.9,KG,1794.0,Cleared
MDM003426,2026-01-05,SCH0139,goyal mill,mustard oil,33.9,KG,2892.0,Pending
MDM011528,2025-10-18,SCH0193,singh agro,oil,33.9,KG,3084.0,Paid
MDM011502,2026-04-03,SCH0592,Singh Brothers,Wheat,33.9,KG,981.0,Pending
MDM009314,2025-11-26,SCH0450,Goyal Rice Mill,Wheat,13.2,KG,396.0,Paid
MDM009281,2025-10-29,SCH0310,goyal mill,Rice,11.7,KG,468.0,Paid
MDM008690,2025-10-27,SCH0360,sharma & sons,atta,33.9,KG,570.0,Due
MDM007693,2026-03-19,SCH0365,sharma & sons,Rice,13.4,KG,536.0,Pending
MDM011876,2025-07-29,SCH0192,kumar & co.,atta,33.9,KG,393.0,Pending
MDM002982,2025-06-16,SCH0248,Sharma Traders,atta,30.0,KG,1794.0,Cleared
MDM003001,2025-10-20,SCH0127,Sharma Traders,Rice,54.1,KG,2164.0,Paid
MDM005678,2025-06-18,SCH0252,Sharma Traders,Lentils,33.9,KG,1404.0,Due
MDM009421,2025-09-22,SCH0527,Kumar Supplies,oil,33.9,KG,1794.0,Paid
MDM005153,2026-01-17,SCH0447,Kumar Supplies,Wheat,33.9,KG,339.0,Paid
MDM005728,2026-03-14,SCH0443,Kumar Supplies,Wheat,41.4,KG,1242.0,Due
MDM006326,2025-10-12,SCH0244,goyal enterprises,Rice,33.9,KG,1794.0,Paid
MDM008721,2026-11-01,SCH0546,Kumar General Store,Rice,33.9,KG,1794.0,Paid
MDM003718,2025-08-27,SCH0413,singh agro,Rice,49.1,KG,1964.0,Cleared
MDM010073,2025-07-06,SCH0012,Sharma Traders,Rice,33.9,KG,672.0,Pending
MDM004352,2026-01-20,SCH0071,Kumar General Store,Rice,33.9,KG,2276.0,Paid
MDM004831,2025-09-08,SCH0274,Goyal Rice Mill,cooking oil,33.9,KG,1794.0,Paid
MDM000974,2025-09-21,SCH0023,Sharma Traders,cooking oil,33.9,KG,1794.0,Due
MDM002877,2026-03-11,SCH0041,Sharma Traders,cooking oil,33.9,KG,1794.0,Paid
MDM005026,2025-05-28,SCH0553,Kumar Supplies,Rice,33.9,KG,1108.0,Paid
MDM011794,2025-04-05,SCH0332,Kumar General Store,Lentils,33.9,KG,1971.0,Due
MDM008948,2025-11-12,SCH0097,Kumar Supplies,Lentils,33.9,KG,4284.0,Cleared
MDM011728,2026-02-28,SCH0524,singh agro,Lentils,33.9,KG,4581.0,Paid
MDM011135,2025-10-10,SCH0227,kumar & co.,Lentils,33.9,KG,1794.0,Pending
MDM011461,2025-04-19,SCH0307,Sharma Traders,Rice,33.9,KG,1208.0,Due
MDM001375,2025-12-07,SCH0320,goyal enterprises,Wheat,33.9,KG,921.0,Paid
MDM005269,2025-10-02,SCH0142,Goyal Rice Mill,Pulses,50.4,KG,4536.0,Pending
MDM003419,2025-09-03,SCH0512,Sharma Traders,cooking oil,33.9,KG,1794.0,Due
MDM009365,2025-11-04,SCH0593,kumar & co.,Rice,33.9,KG,2112.0,Paid
MDM007479,2025-11-17,SCH0223,Sharma Traders,mustard oil,40.0,KG,1794.0,Due
MDM006276,2025-05-04,SCH0088,Goyal Rice Mill,Wheat,33.9,KG,912.0,Cleared
MDM005637,2026-01-28,SCH0096,goyal enterprises,Lentils,33.9,KG,1794.0,Pending
MDM000011,2025-09-20,SCH0274,Sharma Traders,atta,33.9,KG,1794.0,Cleared
MDM005862,2025-04-18,SCH0388,Kumar General Store,Lentils,33.9,KG,1794.0,Pending
MDM005390,2025-11-22,SCH0210,goyal mill,Lentils,48.7,KG,4383.0,Paid
MDM001427,2025-05-29,SCH0007,goyal enterprises,mustard oil,33.9,KG,4080.0,Due
MDM009982,2025-12-25,SCH0293,s. agro works,Rice,33.9,KG,1794.0,Paid
MDM006238,2025-04-18,SCH0333,Kumar General Store,Wheat,33.9,KG,1794.0,Paid
MDM009855,2026-02-18,SCH0136,goyal enterprises,Wheat,33.9,KG,1056.0,Paid
MDM000719,2025-05-18,SCH0154,Singh Brothers,Pulses,33.9,KG,1794.0,Paid
MDM009536,2025-11-14,SCH0059,kumar & co.,Wheat,33.9,KG,345.0,Paid
MDM011647,2025-11-16,SCH0143,goyal enterprises,Rice,33.9,KG,1794.0,Due
MDM006031,2025-03-06,SCH0556,kumar & co.,sarson tel,33.9,KG,1794.0,Pending
MDM011428,2025-11-09,SCH0579,goyal mill,Lentils,33.9,KG,1794.0,Pending
MDM000736,2026-01-04,SCH0595,kumar & co.,cooking oil,33.9,KG,1752.0,Cleared
MDM005036,2025-06-29,SCH0090,Singh Brothers,mustard oil,33.9,KG,4884.0,Due
MDM011846,2025-09-17,SCH0222,sharma & sons,Rice,33.9,KG,1794.0,Cleared
MDM003949,2025-07-15,SCH0015,kumar & co.,Lentils,47.7,KG,4293.0,Due
MDM007608,2025-10-30,SCH0131,goyal enterprises,Lentils,33.9,KG,1692.0,Pending
MDM002141,2025-12-05,SCH0534,Kumar Supplies,cooking oil,33.9,KG,3048.0,Paid
MDM010044,2025-10-30,SCH0414,Kumar General Store,Wheat,14.2,KG,426.0,Due
MDM005051,2026-01-16,SCH0185,Sharma Traders,Rice,33.9,KG,1256.0,Paid
MDM000910,2025-10-28,SCH0190,s. agro works,Wheat,33.9,KG,744.0,Paid
MDM002628,2025-07-17,SCH0150,Kumar General Store,sarson tel,19.1,KG,1794.0,Pending
MDM004795,2026-03-23,SCH0356,goyal enterprises,oil,33.9,KG,4644.0,Due
MDM000497,2025-04-08,SCH0114,Sharma Traders,Pulses,33.9,KG,1323.0,Pending
MDM009424,2025-09-27,SCH0129,Goyal Rice Mill,Rice,33.9,KG,1794.0,Paid
MDM007235,2025-10-17,SCH0427,Goyal Rice Mill,Rice,33.9,KG,1816.0,Paid
MDM008247,2026-01-29,SCH0092,sharma & sons,sarson tel,33.9,KG,4308.0,Paid
MDM008489,2025-11-15,SCH0035,kumar & co.,Wheat,14.0,KG,1794.0,Paid
MDM007293,2025-06-22,SCH0332,singh agro,Lentils,33.9,KG,1476.0,Pending
MDM001207,2026-03-20,SCH0467,goyal mill,sarson tel,16.1,KG,1932.0,Paid
MDM003450,2025-08-10,SCH0247,Kumar Supplies,Wheat,30.4,KG,912.0,Paid
MDM007473,2025-11-09,SCH0456,goyal mill,oil,33.9,KG,2664.0,Cleared
MDM006995,2025-10-05,SCH0547,Singh Brothers,oil,33.9,KG,7140.0,Cleared
MDM006917,2025-05-10,SCH0288,goyal enterprises,Lentils,54.6,KG,4914.0,Due
MDM001196,2026-03-23,SCH0261,Sharma Traders,Rice,45.0,KG,1800.0,Paid
MDM006662,2025-08-27,SCH0219,Singh Brothers,Lentils,33.9,KG,1794.0,Cleared
MDM011778,2025-10-08,SCH0088,Sharma Traders,Lentils,33.9,KG,2619.0,Pending
MDM007761,2025-12-27,SCH0057,Kumar Supplies,Pulses,33.9,KG,1794.0,Paid
MDM011841,2025-08-04,SCH0339,Sharma Traders,Rice,33.9,KG,1794.0,Due
MDM009814,2025-09-29,SCH0474,Sharma Traders,Rice,33.9,KG,1794.0,Paid
MDM006819,2025-12-07,SCH0471,s. agro works,mustard oil,56.6,KG,1794.0,Pending
MDM000289,2025-10-16,SCH0127,Kumar Supplies,Rice,12.2,KG,1794.0,Due
MDM005304,2025-12-26,SCH0522,Sharma Traders,mustard oil,33.9,KG,3348.0,Paid
MDM005708,2025-04-23,SCH0422,Sharma Traders,Lentils,37.5,KG,3375.0,Paid
MDM007768,2026-03-20,SCH0484,Sharma Traders,cooking oil,56.8,KG,6816.0,Cleared
MDM004111,2025-10-10,SCH0375,Kumar Supplies,Lentils,33.9,KG,1197.0,Paid
MDM010406,2025-10-30,SCH0007,Goyal Rice Mill,mustard oil,33.9,KG,1794.0,Paid
MDM003659,2025-12-19,SCH0352,singh agro,Wheat,33.9,KG,1794.0,Due
MDM000389,2025-07-14,SCH0342,Sharma Traders,Rice,33.9,KG,576.0,Due
MDM000837,2025-06-04,SCH0481,goyal mill,Wheat,33.9,KG,432.0,Pending
MDM011450,2025-02-10,SCH0456,Kumar General Store,Rice,33.9,KG,1794.0,Pending
MDM007201,2025-10-16,SCH0147,Sharma Traders,sarson tel,33.9,KG,1794.0,Paid
MDM000281,2025-06-01,SCH0311,goyal mill,cooking oil,33.9,KG,4176.0,Pending
MDM009604,2025-08-19,SCH0276,goyal mill,Rice,20.0,KG,1794.0,Paid
MDM004732,2025-05-17,SCH0413,Kumar General Store,Wheat,33.9,KG,1794.0,Paid
MDM005412,2026-03-15,SCH0363,singh agro,oil,33.9,KG,2532.0,Cleared
MDM006215,2025-01-07,SCH0158,goyal enterprises,atta,33.9,KG,1794.0,Pending
MDM002778,2026-01-06,SCH0268,sharma & sons,Lentils,33.9,KG,3546.0,Paid
MDM001113,2025-06-21,SCH0201,Sharma Traders,Pulses,32.6,KG,2934.0,Paid
MDM010008,2026-03-31,SCH0231,Kumar General Store,Rice,33.9,KG,1794.0,Paid
MDM010634,2025-05-13,SCH0183,Sharma Traders,Lentils,33.9,KG,3708.0,Pending
MDM010421,2025-07-01,SCH0126,Singh Brothers,Wheat,33.9,KG,333.0,Cleared
MDM011178,2026-03-31,SCH0052,Goyal Rice Mill,cooking oil,33.9,KG,3408.0,Pending
MDM003805,2025-11-12,SCH0168,sharma & sons,Rice,26.6,KG,1064.0,Due
MDM009690,2026-01-03,SCH0568,s. agro works,cooking oil,13.2,KG,1584.0,Pending
MDM008184,2026-02-20,SCH0073,singh agro,cooking oil,33.9,KG,4176.0,Paid
MDM000268,2026-09-02,SCH0547,Sharma Traders,oil,33.9,KG,1896.0,Due
MDM004668,2025-08-09,SCH0323,s. agro works,Lentils,33.9,KG,1053.0,Cleared
MDM001599,2026-03-15,SCH0348,Singh Brothers,Rice,33.9,KG,1460.0,Pending
MDM004078,2025-09-04,SCH0379,goyal enterprises,atta,33.9,KG,1794.0,Due
MDM009621,2026-01-06,SCH0231,singh agro,Lentils,33.9,KG,1794.0,Due
MDM006015,2026-03-29,SCH0362,Kumar General Store,Rice,33.9,KG,1384.0,Paid
MDM003248,2025-08-11,SCH0477,Sharma Traders,Pulses,33.9,KG,3348.0,Pending
MDM003644,2025-06-05,SCH0219,Goyal Rice Mill,mustard oil,33.9,KG,5544.0,Pending
MDM007931,2025-12-16,SCH0299,Goyal Rice Mill,Wheat,33.9,KG,1005.0,Paid
MDM007878,2026-03-19,SCH0027,sharma & sons,cooking oil,33.9,KG,4920.0,Paid
MDM006694,2025-05-29,SCH0392,Sharma Traders,Wheat,33.9,KG,1626.0,Due
MDM008732,2025-04-10,SCH0554,goyal mill,atta,33.9,KG,405.0,Due
MDM006955,2026-01-28,SCH0250,Sharma Traders,Lentils,33.9,KG,1565.0,Cleared
MDM001380,2025-05-21,SCH0138,Sharma Traders,oil,19.8,KG,2376.0,Due
MDM010672,2026-03-07,SCH0075,Singh Brothers,Lentils,33.9,KG,3204.0,Paid
MDM009732,2025-04-29,SCH0123,Kumar Supplies,Lentils,33.9,KG,1794.0,Pending
MDM000417,2025-10-06,SCH0315,singh agro,oil,33.9,KG,3108.0,Paid
MDM003465,2025-05-30,SCH0509,Goyal Rice Mill,Lentils,33.9,KG,4239.0,Paid
MDM011002,2025-07-22,SCH0146,Goyal Rice Mill,sarson tel,33.9,KG,1794.0,Pending
MDM001963,2026-03-10,SCH0118,s. agro works,Rice,33.9,KG,1794.0,Paid
MDM000621,2025-10-22,SCH0452,singh agro,Lentils,53.9,KG,4851.0,Due
MDM001704,2025-11-04,SCH0204,s. agro works,Wheat,33.9,KG,549.0,Pending
MDM006677,2026-02-17,SCH0116,Sharma Traders,Lentils,33.9,KG,2592.0,Paid
MDM009994,2025-07-23,SCH0116,Kumar Supplies,Wheat,33.9,KG,1155.0,Pending
MDM007035,2025-09-23,SCH0533,sharma & sons,Wheat,53.1,KG,1794.0,Cleared
MDM009323,2025-04-01,SCH0050,kumar & co.,Rice,33.9,KG,1892.0,Pending
MDM010380,2025-05-10,SCH0029,Sharma Traders,sarson tel,33.9,KG,2028.0,Due
MDM009675,2025-09-06,SCH0433,goyal mill,Rice,13.0,KG,520.0,Paid
MDM006364,2025-06-02,SCH0040,Singh Brothers,Wheat,33.9,KG,1638.0,Paid
MDM002517,2025-12-28,SCH0098,s. agro works,Lentils,33.9,KG,1794.0,Paid
MDM009484,2025-05-18,SCH0043,singh agro,Rice,33.9,KG,1794.0,Paid
MDM011710,2025-12-08,SCH0182,goyal mill,Lentils,33.9,KG,5301.0,Due
MDM001191,2025-04-13,SCH0402,Singh Brothers,cooking oil,33.9,KG,1794.0,Cleared
MDM010338,2025-04-13,SCH0374,s. agro works,Rice,12.7,KG,1794.0,Pending
MDM009322,2025-08-14,SCH0118,s. agro works,sarson tel,33.9,KG,1794.0,Due
MDM004375,2026-02-08,SCH0139,Sharma Traders,atta,33.9,KG,567.0,Paid
MDM010794,2026-02-22,SCH0077,Singh Brothers,cooking oil,33.9,KG,3000.0,Pending
MDM009266,2025-07-08,SCH0446,kumar & co.,sarson tel,50.9,KG,6108.0,Paid
MDM006670,2025-09-06,SCH0155,Kumar General Store,oil,33.9,KG,1794.0,Paid
MDM001507,2025-06-11,SCH0154,sharma & sons,Rice,33.9,KG,968.0,Paid
MDM003685,2026-01-07,SCH0161,Sharma Traders,oil,33.9,KG,6624.0,Due
MDM010704,2025-11-27,SCH0186,Singh Brothers,Lentils,33.9,KG,1794.0,Paid
MDM005578,2025-05-31,SCH0234,sharma & sons,sarson tel,33.9,KG,1794.0,Paid
MDM006022,2025-09-01,SCH0514,Sharma Traders,atta,33.9,KG,1617.0,Pending
MDM009030,2026-01-22,SCH0459,goyal mill,mustard oil,33.9,KG,4752.0,Cleared
MDM008865,2026-01-04,SCH0295,goyal enterprises,Wheat,33.9,KG,546.0,Due
MDM000795,2025-08-29,SCH0119,goyal mill,sarson tel,33.9,KG,1794.0,Paid
MDM000731,2025-04-06,SCH0290,goyal enterprises,Rice,27.4,KG,1096.0,Pending
MDM007574,2026-02-16,SCH0339,Kumar General Store,Rice,33.9,KG,2028.0,Paid
MDM006384,2025-11-08,SCH0424,goyal mill,Rice,33.9,KG,1794.0,Paid
MDM005260,2025-08-07,SCH0578,Kumar General Store,Lentils,33.9,KG,3879.0,Due
MDM006885,2025-10-07,SCH0153,sharma & sons,sarson tel,33.9,KG,6708.0,Pending
MDM010388,2025-05-22,SCH0445,Kumar Supplies,Lentils,33.9,KG,1794.0,Paid
MDM002627,2025-07-30,SCH0067,goyal mill,Lentils,33.9,KG,1794.0,Pending
MDM004177,2026-03-10,SCH0114,kumar & co.,Wheat,33.9,KG,1794.0,Paid
MDM010558,2026-01-07,SCH0573,goyal mill,Lentils,33.9,KG,4509.0,Cleared
MDM001746,2025-12-12,SCH0291,Singh Brothers,Rice,48.5,KG,1940.0,Paid
MDM007519,2025-06-05,SCH0134,Kumar Supplies,atta,33.9,KG,315.0,Paid
MDM007068,2025-07-25,SCH0332,s. agro works,mustard oil,33.9,KG,2904.0,Paid
MDM004780,2025-04-12,SCH0069,Kumar Supplies,Rice,33.9,KG,864.0,Pending
MDM004575,2026-01-29,SCH0228,Goyal Rice Mill,Rice,33.9,KG,1252.0,Pending
MDM002710,2025-10-07,SCH0141,goyal enterprises,Rice,33.9,KG,2320.0,Pending
MDM005573,2026-01-03,SCH0029,s. agro works,Rice,33.9,KG,736.0,Pending
MDM010591,2025-09-28,SCH0184,Kumar Supplies,Lentils,33.9,KG,1794.0,Paid
MDM002676,2025-10-02,SCH0037,s. agro works,Lentils,33.9,KG,2052.0,Pending
MDM001200,2025-05-28,SCH0568,Sharma Traders,Wheat,33.9,KG,1794.0,Pending
MDM009962,2025-04-03,SCH0463,Goyal Rice Mill,Wheat,33.9,KG,1794.0,Cleared
MDM006097,2025-09-25,SCH0163,goyal enterprises,Rice,33.9,KG,1556.0,Paid
MDM010886,2025-06-27,SCH0329,Goyal Rice Mill,Wheat,33.9,KG,612.0,Paid
MDM011483,2025-08-15,SCH0509,kumar & co.,Lentils,33.9,KG,5139.0,Paid
MDM001890,2025-10-20,SCH0374,goyal enterprises,cooking oil,33.9,KG,5424.0,Cleared
MDM005827,2025-12-16,SCH0459,goyal enterprises,Rice,33.9,KG,1144.0,Cleared
MDM011968,2025-10-30,SCH0054,sharma & sons,Pulses,33.9,KG,2205.0,Pending
MDM000033,2026-10-02,SCH0378,goyal mill,Lentils,33.9,KG,1794.0,Pending
MDM008350,2025-09-25,SCH0480,goyal enterprises,Lentils,33.9,KG,1794.0,Paid
MDM007535,2026-01-12,SCH0454,s. agro works,Rice,51.7,KG,2068.0,Cleared
MDM005471,2025-07-27,SCH0454,sharma & sons,Pulses,33.9,KG,1794.0,Pending
MDM003289,2025-07-04,SCH0514,sharma & sons,oil,33.9,KG,4584.0,Pending
MDM010580,2025-06-06,SCH0007,goyal mill,mustard oil,33.9,KG,5496.0,Paid
MDM006454,2025-11-15,SCH0596,Singh Brothers,Rice,33.9,KG,1794.0,Pending
MDM003036,2025-11-28,SCH0067,Kumar Supplies,Wheat,33.9,KG,1794.0,Paid
MDM009859,2025-04-09,SCH0531,Goyal Rice Mill,Lentils,33.9,KG,1269.0,Due
MDM007945,2026-01-06,SCH0223,singh agro,Wheat,33.9,KG,1305.0,Pending
MDM008002,2026-02-02,SCH0301,goyal enterprises,Lentils,33.9,KG,1794.0,Paid
MDM005385,2025-06-11,SCH0517,sharma & sons,atta,33.9,KG,726.0,Paid
MDM009921,2025-12-09,SCH0240,kumar & co.,Lentils,33.9,KG,3986.0,Cleared
MDM011456,2025-10-16,SCH0332,goyal enterprises,sarson tel,34.5,KG,1794.0,Paid
MDM010006,2025-08-15,SCH0348,Singh Brothers,Rice,33.9,KG,416.0,Paid
MDM009120,2025-11-23,SCH0342,Kumar General Store,Wheat,33.9,KG,318.0,Cleared
MDM006521,2025-10-13,SCH0068,Kumar General Store,Lentils,33.9,KG,4419.0,Pending
MDM009456,2025-06-06,SCH0119,singh agro,mustard oil,33.9,KG,5040.0,Due
MDM001487,2025-12-11,SCH0030,s. agro works,Pulses,33.9,KG,4716.0,Paid
MDM000606,2026-03-18,SCH0133,Kumar Supplies,sarson tel,33.9,KG,1794.0,Pending
MDM003942,2025-05-19,SCH0236,kumar & co.,Lentils,33.9,KG,1794.0,Paid
MDM010286,2025-05-22,SCH0440,Sharma Traders,Rice,33.9,KG,2032.0,Cleared
MDM001534,2025-12-19,SCH0204,goyal enterprises,Rice,33.9,KG,680.0,Pending
MDM002652,2025-06-30,SCH0012,Kumar General Store,oil,33.9,KG,6240.0,Cleared
MDM006434,2025-12-29,SCH0543,goyal mill,atta,33.9,KG,1722.0,Paid
MDM009680,2026-03-11,SCH0440,Singh Brothers,Wheat,39.2,KG,1794.0,Pending
MDM004254,2025-06-22,SCH0529,Singh Brothers,Lentils,33.9,KG,1395.0,Cleared
MDM004522,2025-12-13,SCH0560,singh agro,cooking oil,33.9,KG,1794.0,Paid
MDM003689,2025-05-20,SCH0083,s. agro works,Rice,33.9,KG,1794.0,Pending
MDM001331,2025-04-27,SCH0416,Singh Brothers,Rice,39.8,KG,1592.0,Paid
MDM003856,2025-08-29,SCH0122,kumar & co.,Rice,33.9,KG,1456.0,Cleared
MDM000958,2025-10-23,SCH0191,singh agro,Rice,36.7,KG,1794.0,Paid
MDM009387,2025-06-20,SCH0566,kumar & co.,Pulses,33.9,KG,4788.0,Pending
MDM010330,2025-05-12,SCH0221,kumar & co.,oil,33.9,KG,1620.0,Paid
MDM011165,2026-01-12,SCH0301,Sharma Traders,Lentils,33.9,KG,1794.0,Paid
MDM010990,2025-04-28,SCH0080,kumar & co.,Wheat,33.9,KG,393.0,Paid
MDM001661,2025-08-10,SCH0052,Kumar General Store,atta,33.9,KG,1794.0,Due
MDM001027,2025-06-20,SCH0084,goyal mill,Wheat,33.9,KG,615.0,Due
MDM004706,2025-06-30,SCH0298,sharma & sons,Wheat,30.6,KG,918.0,Pending
MDM008874,2025-07-23,SCH0386,Sharma Traders,Lentils,33.9,KG,1794.0,Paid
MDM001248,2026-02-06,SCH0219,s. agro works,sarson tel,15.7,KG,1884.0,Due
MDM010988,2025-10-11,SCH0156,Sharma Traders,mustard oil,20.9,KG,2508.0,Cleared
MDM009270,2025-11-06,SCH0493,Goyal Rice Mill,Wheat,33.9,KG,1794.0,Paid
MDM000656,2025-06-29,SCH0233,kumar & co.,Lentils,33.9,KG,3087.0,Cleared
MDM000624,2025-04-26,SCH0067,sharma & sons,Wheat,56.7,KG,1794.0,Paid
MDM007875,2025-08-22,SCH0477,kumar & co.,atta,33.9,KG,1794.0,Due
MDM003486,2025-07-17,SCH0235,Singh Brothers,Wheat,33.9,KG,1794.0,Due
MDM004041,2025-07-10,SCH0161,kumar & co.,oil,59.2,KG,1794.0,Paid
MDM002200,2025-04-21,SCH0413,sharma & sons,Lentils,33.9,KG,1794.0,Due
MDM003049,2026-01-17,SCH0219,Goyal Rice Mill,Lentils,33.9,KG,1794.0,Paid
MDM009312,2025-10-19,SCH0472,goyal enterprises,sarson tel,33.9,KG,3996.0,Paid
MDM009318,2026-03-20,SCH0413,Singh Brothers,Wheat,33.9,KG,447.0,Paid
MDM010738,2025-05-08,SCH0368,Kumar Supplies,Lentils,33.9,KG,1794.0,Cleared
MDM009666,2025-05-26,SCH0454,kumar & co.,Pulses,33.9,KG,3060.0,Pending
MDM008065,2025-04-05,SCH0498,Singh Brothers,Rice,33.9,KG,1794.0,Due
MDM011369,2025-12-06,SCH0432,Sharma Traders,Rice,33.9,KG,1794.0,Pending
MDM010055,2025-07-15,SCH0428,Kumar Supplies,cooking oil,33.9,KG,5496.0,Cleared
MDM005010,2025-05-22,SCH0215,Kumar General Store,Rice,33.9,KG,1348.0,Pending
MDM002626,2025-08-27,SCH0415,Kumar General Store,Rice,33.9,KG,1900.0,Pending
MDM011059,2025-07-04,SCH0387,Singh Brothers,oil,33.9,KG,4320.0,Paid
MDM005951,2026-01-31,SCH0077,Goyal Rice Mill,Lentils,33.9,KG,3276.0,Paid
MDM011591,2026-02-23,SCH0588,s. agro works,cooking oil,21.0,KG,2520.0,Pending
MDM001747,2025-10-17,SCH0056,Singh Brothers,Wheat,33.9,KG,1029.0,Paid
MDM005683,2025-05-03,SCH0013,kumar & co.,Lentils,33.9,KG,1794.0,Pending
MDM006115,2025-05-01,SCH0352,Singh Brothers,oil,33.9,KG,5448.0,Paid
MDM008936,2026-01-13,SCH0087,sharma & sons,oil,33.9,KG,1794.0,Cleared
MDM002458,2025-08-13,SCH0396,Kumar Supplies,cooking oil,33.9,KG,1794.0,Paid
MDM007566,2025-10-04,SCH0565,singh agro,Rice,33.9,KG,1608.0,Paid
MDM009013,2025-11-29,SCH0358,s. agro works,Wheat,33.9,KG,1794.0,Cleared
MDM000077,2025-05-20,SCH0496,sharma & sons,Wheat,33.9,KG,426.0,Pending
MDM008028,2026-03-27,SCH0413,Singh Brothers,Wheat,33.9,KG,987.0,Paid
MDM007855,2025-07-30,SCH0513,kumar & co.,Wheat,33.9,KG,1356.0,Paid
MDM002699,2025-10-19,SCH0445,singh agro,Rice,33.9,KG,976.0,Pending
MDM008889,2025-06-21,SCH0412,s. agro works,sarson tel,33.9,KG,4872.0,Paid
MDM009702,2025-09-09,SCH0279,Sharma Traders,sarson tel,33.9,KG,4296.0,Pending
MDM005334,2025-04-13,SCH0111,Goyal Rice Mill,sarson tel,35.6,KG,4272.0,Cleared
MDM002261,2026-01-08,SCH0231,goyal enterprises,Lentils,33.9,KG,4023.0,Pending
MDM001776,2025-11-15,SCH0442,Sharma Traders,Wheat,33.9,KG,882.0,Pending
MDM010857,2026-02-06,SCH0519,kumar & co.,Lentils,33.9,KG,1794.0,Due
MDM000094,2025-04-13,SCH0142,Goyal Rice Mill,sarson tel,33.9,KG,1794.0,Pending
MDM008417,2025-04-25,SCH0449,singh agro,Wheat,33.9,KG,1557.0,Due
MDM005054,2026-03-28,SCH0175,s. agro works,cooking oil,33.9,KG,6552.0,Pending
MDM009193,2025-11-12,SCH0521,goyal mill,Lentils,45.4,KG,1794.0,Pending
MDM007482,2025-05-03,SCH0376,goyal enterprises,Lentils,33.9,KG,3051.0,Paid
MDM000715,2025-07-16,SCH0318,kumar & co.,oil,33.9,KG,1794.0,Paid
MDM001077,2025-04-30,SCH0332,Sharma Traders,cooking oil,33.9,KG,1356.0,Pending
MDM006731,2025-04-13,SCH0181,Kumar General Store,Wheat,33.9,KG,1794.0,Due
MDM006479,2026-01-16,SCH0492,kumar & co.,Wheat,33.9,KG,1794.0,Paid
MDM011959,2025-09-25,SCH0008,Sharma Traders,cooking oil,33.9,KG,4356.0,Due
MDM002016,2025-06-08,SCH0418,singh agro,oil,33.9,KG,7152.0,Cleared
MDM001886,2026-02-01,SCH0211,singh agro,Pulses,33.9,KG,2637.0,Due
MDM006148,2025-07-26,SCH0314,s. agro works,Rice,33.9,KG,1836.0,Paid
MDM007901,2026-02-06,SCH0442,Goyal Rice Mill,Wheat,33.9,KG,753.0,Due
MDM006828,2025-08-12,SCH0399,Singh Brothers,Lentils,33.9,KG,2538.0,Cleared
MDM006163,2025-09-09,SCH0494,sharma & sons,Wheat,58.0,KG,1740.0,Paid
MDM003387,2025-09-21,SCH0508,singh agro,Rice,33.9,KG,1268.0,Due
MDM001489,2025-04-08,SCH0451,singh agro,Wheat,33.9,KG,1326.0,Paid
MDM009417,2025-05-17,SCH0407,Sharma Traders,Rice,33.9,KG,1794.0,Paid
MDM011433,2026-03-29,SCH0415,Sharma Traders,Rice,33.9,KG,1024.0,Due
MDM008249,2025-06-30,SCH0065,Sharma Traders,Lentils,33.9,KG,3717.0,Due
MDM005539,2025-05-14,SCH0549,Sharma Traders,Lentils,33.9,KG,1800.0,Paid
MDM003681,2025-04-07,SCH0206,Singh Brothers,oil,49.9,KG,5988.0,Pending
MDM002760,2025-04-11,SCH0469,Kumar Supplies,mustard oil,33.9,KG,1794.0,Pending
MDM011397,2025-04-23,SCH0125,Goyal Rice Mill,Lentils,33.9,KG,2952.0,Paid
MDM003306,2025-06-21,SCH0151,Goyal Rice Mill,Lentils,33.9,KG,1143.0,Paid
MDM001438,2025-07-08,SCH0081,singh agro,Rice,35.5,KG,1794.0,Pending
MDM001234,2026-03-02,SCH0197,s. agro works,Wheat,33.9,KG,462.0,Pending
MDM000186,2025-05-16,SCH0222,Singh Brothers,Wheat,33.9,KG,858.0,Pending
MDM009945,2025-11-29,SCH0189,Sharma Traders,atta,33.9,KG,1221.0,Paid
MDM002466,2026-03-04,SCH0158,Sharma Traders,Rice,33.9,KG,2088.0,Pending
MDM004318,2025-11-22,SCH0547,s. agro works,Pulses,33.9,KG,3375.0,Cleared
MDM006423,2025-06-22,SCH0362,Kumar Supplies,cooking oil,33.9,KG,1794.0,Cleared
MDM003670,2026-03-18,SCH0411,goyal enterprises,Rice,33.9,KG,736.0,Paid
MDM001298,2025-07-15,SCH0436,singh agro,Rice,33.9,KG,692.0,Paid
MDM006936,2025-06-22,SCH0109,goyal mill,sarson tel,33.9,KG,1794.0,Pending
MDM009937,2025-10-14,SCH0086,singh agro,Lentils,33.9,KG,1794.0,Pending
MDM004642,2025-10-10,SCH0200,Kumar Supplies,Rice,33.9,KG,432.0,Due
MDM000450,2025-04-30,SCH0144,goyal mill,Pulses,33.9,KG,4635.0,Paid
MDM003155,2026-02-11,SCH0058,Kumar General Store,Wheat,33.9,KG,1437.0,Cleared
MDM003648,2025-08-15,SCH0195,kumar & co.,Lentils,33.9,KG,3528.0,Paid
MDM011843,2026-01-13,SCH0050,Goyal Rice Mill,Lentils,33.9,KG,945.0,Cleared
MDM003774,2025-07-17,SCH0249,sharma & sons,Lentils,33.9,KG,4212.0,Due
MDM007389,2025-08-05,SCH0370,singh agro,Wheat,33.9,KG,1794.0,Paid
MDM000382,2025-12-31,SCH0074,singh agro,Rice,33.9,KG,1794.0,Paid
MDM010764,2026-01-24,SCH0302,goyal enterprises,mustard oil,33.9,KG,1794.0,Paid
MDM001156,2025-05-06,SCH0335,Sharma Traders,Lentils,33.9,KG,3339.0,Pending
MDM009376,2025-07-18,SCH0401,Singh Brothers,Rice,33.9,KG,1784.0,Paid
MDM005419,2025-07-11,SCH0077,singh agro,oil,33.9,KG,1794.0,Paid
MDM004354,2025-11-19,SCH0463,Kumar Supplies,atta,33.9,KG,1584.0,Pending
MDM001729,2026-01-21,SCH0406,kumar & co.,Rice,33.9,KG,928.0,Paid
MDM004739,2025-05-20,SCH0204,Goyal Rice Mill,cooking oil,33.9,KG,1794.0,Pending
MDM008688,2025-06-02,SCH0341,Goyal Rice Mill,Pulses,33.9,KG,1794.0,Cleared
MDM002426,2025-07-27,SCH0507,Singh Brothers,sarson tel,33.9,KG,7092.0,Paid
MDM002728,2025-10-02,SCH0276,Goyal Rice Mill,Wheat,33.9,KG,1659.0,Paid
MDM001254,2026-02-25,SCH0103,goyal enterprises,Pulses,33.9,KG,4158.0,Pending
MDM004618,2025-06-11,SCH0336,Sharma Traders,atta,33.9,KG,1560.0,Paid
MDM011041,2026-02-17,SCH0072,Sharma Traders,Wheat,33.9,KG,888.0,Cleared
MDM002504,2025-08-16,SCH0025,Singh Brothers,cooking oil,33.9,KG,1794.0,Paid
MDM005236,2025-10-23,SCH0470,Goyal Rice Mill,Wheat,33.9,KG,1449.0,Due
MDM008523,2025-08-31,SCH0132,sharma & sons,Wheat,33.9,KG,1794.0,Paid
MDM007137,2025-04-03,SCH0422,s. agro works,Lentils,33.9,KG,2457.0,Due
MDM005772,2025-08-30,SCH0573,Goyal Rice Mill,Lentils,33.9,KG,4617.0,Pending
MDM004851,2025-06-07,SCH0449,sharma & sons,Wheat,33.9,KG,1425.0,Paid
MDM006614,2025-09-15,SCH0425,Sharma Traders,mustard oil,33.9,KG,2544.0,Due
MDM004769,2025-06-06,SCH0126,kumar & co.,Lentils,33.9,KG,3681.0,Cleared
MDM001613,2025-06-05,SCH0340,Singh Brothers,oil,33.9,KG,3792.0,Pending
MDM003711,2025-11-18,SCH0071,Goyal Rice Mill,Pulses,33.9,KG,1794.0,Paid
MDM002192,2025-05-27,SCH0441,Sharma Traders,Rice,33.9,KG,832.0,Paid
MDM001730,2025-11-30,SCH0466,Goyal Rice Mill,Pulses,33.9,KG,5220.0,Pending
MDM011745,2025-10-19,SCH0279,Kumar Supplies,Pulses,33.9,KG,1440.0,Cleared
MDM006087,2025-09-12,SCH0163,s. agro works,Wheat,33.9,KG,1407.0,Paid
MDM009145,2025-08-12,SCH0450,Kumar General Store,Wheat,29.9,KG,897.0,Paid
MDM011469,2025-09-18,SCH0555,singh agro,oil,33.9,KG,1794.0,Paid
MDM006757,2025-10-18,SCH0042,goyal enterprises,oil,33.9,KG,1794.0,Paid
MDM008543,2025-09-28,SCH0496,Kumar Supplies,Pulses,55.3,KG,4977.0,Due
MDM007203,2025-10-26,SCH0399,s. agro works,Rice,29.7,KG,1188.0,Paid
MDM000531,2025-05-06,SCH0558,goyal mill,Wheat,33.9,KG,1317.0,Pending
MDM004302,2025-04-01,SCH0202,Singh Brothers,Wheat,33.9,KG,1794.0,Paid
MDM003101,2026-01-21,SCH0381,s. agro works,Rice,33.9,KG,1772.0,Pending
MDM005534,2025-11-30,SCH0410,Goyal Rice Mill,oil,33.9,KG,2712.0,Paid
MDM003474,2026-01-16,SCH0554,Singh Brothers,atta,33.9,KG,1794.0,Due
MDM005715,2025-08-27,SCH0126,Kumar General Store,cooking oil,33.9,KG,1794.0,Pending
MDM003464,2025-06-10,SCH0408,kumar & co.,Wheat,33.9,KG,1794.0,Paid
MDM008614,2026-03-09,SCH0098,s. agro works,sarson tel,33.9,KG,4704.0,Pending
MDM007585,2025-11-08,SCH0221,s. agro works,Rice,12.3,KG,492.0,Paid
MDM005704,2025-01-04,SCH0367,singh agro,Pulses,33.9,KG,1557.0,Paid
MDM007629,2025-11-07,SCH0338,kumar & co.,mustard oil,33.9,KG,4500.0,Due
MDM011217,2025-06-11,SCH0027,goyal enterprises,Lentils,33.9,KG,1794.0,Paid
MDM007920,2025-08-04,SCH0213,goyal enterprises,mustard oil,33.9,KG,1794.0,Paid
MDM011218,2026-02-06,SCH0149,Sharma Traders,Wheat,33.9,KG,1794.0,Paid
MDM000145,2025-10-01,SCH0171,Kumar General Store,Lentils,15.9,KG,1794.0,Pending
MDM003471,2025-08-31,SCH0371,goyal mill,cooking oil,33.9,KG,1794.0,Cleared
MDM008006,2025-08-23,SCH0485,Kumar General Store,mustard oil,18.2,KG,1794.0,Paid
MDM007048,2025-06-23,SCH0447,goyal enterprises,oil,33.9,KG,6240.0,Pending
MDM008470,2025-08-03,SCH0508,sharma & sons,Lentils,33.9,KG,1794.0,Pending
MDM002756,2026-01-30,SCH0378,kumar & co.,Wheat,33.9,KG,348.0,Pending
MDM002493,2025-04-12,SCH0447,goyal mill,Wheat,58.9,KG,1767.0,Cleared
MDM005240,2026-01-11,SCH0325,s. agro works,Rice,33.9,KG,1728.0,Paid
MDM006002,2025-07-12,SCH0089,Kumar General Store,Wheat,33.9,KG,1794.0,Paid
MDM005968,2026-03-14,SCH0454,Goyal Rice Mill,Lentils,36.6,KG,1794.0,Paid
MDM011977,2025-08-11,SCH0500,Sharma Traders,Wheat,33.9,KG,1794.0,Cleared
MDM010520,2025-04-18,SCH0087,sharma & sons,Rice,33.9,KG,1794.0,Pending
MDM009502,2025-11-07,SCH0084,Kumar Supplies,Rice,33.9,KG,1536.0,Pending
MDM004027,2025-06-11,SCH0527,singh agro,atta,33.9,KG,1581.0,Paid
MDM002890,2026-03-18,SCH0450,singh agro,Pulses,33.9,KG,1794.0,Cleared
MDM009297,2025-08-12,SCH0598,singh agro,Wheat,33.9,KG,1224.0,Paid
MDM010445,2025-10-09,SCH0202,Goyal Rice Mill,Lentils,33.9,KG,1794.0,Due
MDM000789,2025-10-27,SCH0002,Kumar General Store,Lentils,33.9,KG,4689.0,Paid
MDM006679,2025-09-16,SCH0238,s. agro works,Rice,33.9,KG,1794.0,Paid
MDM004681,2025-05-14,SCH0208,kumar & co.,Lentils,33.9,KG,2790.0,Paid
MDM002677,2025-02-10,SCH0110,goyal mill,Rice,33.9,KG,1794.0,Pending
MDM004140,2026-08-02,SCH0179,Sharma Traders,Wheat,51.5,KG,1545.0,Paid
MDM004839,2025-09-11,SCH0028,s. agro works,mustard oil,33.9,KG,1794.0,Pending
MDM002031,2026-01-03,SCH0275,kumar & co.,atta,33.9,KG,1110.0,Paid
MDM005293,2025-10-12,SCH0388,sharma & sons,Lentils,33.9,KG,1935.0,Paid
MDM010139,2025-06-18,SCH0034,Goyal Rice Mill,Lentils,33.9,KG,1503.0,Due
MDM009968,2025-04-09,SCH0001,Singh Brothers,Rice,33.9,KG,1788.0,Paid
MDM009149,2025-10-12,SCH0532,Sharma Traders,Wheat,16.0,KG,480.0,Paid
MDM007727,2026-02-25,SCH0483,Goyal Rice Mill,Wheat,33.9,KG,1794.0,Cleared
MDM004811,2025-06-19,SCH0447,Kumar Supplies,Rice,33.9,KG,1784.0,Paid
MDM000432,2026-02-17,SCH0531,kumar & co.,Wheat,33.9,KG,1665.0,Paid
MDM007860,2025-08-30,SCH0404,Singh Brothers,mustard oil,49.9,KG,5988.0,Pending
MDM001781,2025-04-26,SCH0302,kumar & co.,oil,33.9,KG,1794.0,Cleared
MDM006147,2026-02-22,SCH0195,Goyal Rice Mill,mustard oil,33.9,KG,5928.0,Paid
MDM008900,2025-07-12,SCH0294,Sharma Traders,Rice,33.9,KG,1794.0,Pending
MDM004984,2025-10-23,SCH0205,Goyal Rice Mill,oil,11.2,KG,1344.0,Pending
MDM005836,2026-01-20,SCH0180,Kumar General Store,sarson tel,33.9,KG,4608.0,Paid
MDM000350,2025-10-17,SCH0298,Sharma Traders,Wheat,33.9,KG,465.0,Cleared
MDM010636,2025-12-15,SCH0230,Kumar Supplies,Rice,14.6,KG,1794.0,Due
MDM002910,2025-11-23,SCH0027,sharma & sons,Lentils,33.9,KG,3276.0,Pending
MDM009837,2025-11-23,SCH0251,Kumar General Store,Lentils,48.5,KG,4365.0,Due
MDM000043,2025-08-11,SCH0258,Sharma Traders,Lentils,33.9,KG,4554.0,Due
MDM010599,2026-04-02,SCH0030,singh agro,sarson tel,33.9,KG,4800.0,Paid
MDM000982,2025-11-25,SCH0467,Goyal Rice Mill,Lentils,33.9,KG,2970.0,Paid
MDM002313,2025-08-24,SCH0585,Singh Brothers,Wheat,33.9,KG,1794.0,Due
MDM007150,2025-06-21,SCH0483,Singh Brothers,cooking oil,33.9,KG,1794.0,Paid
MDM006463,2025-11-02,SCH0104,Singh Brothers,Lentils,33.9,KG,2439.0,Due
MDM005729,2026-02-10,SCH0078,kumar & co.,sarson tel,52.2,KG,6264.0,Paid
MDM008893,2025-11-16,SCH0323,goyal mill,Lentils,26.3,KG,2367.0,Cleared
MDM011758,2026-03-01,SCH0339,Sharma Traders,Lentils,33.9,KG,1794.0,Pending
MDM011867,2025-09-25,SCH0582,kumar & co.,oil,33.9,KG,4980.0,Cleared
MDM005438,2025-07-16,SCH0334,Kumar Supplies,Lentils,33.9,KG,4662.0,Paid
MDM003888,2025-08-14,SCH0444,Sharma Traders,Wheat,33.9,KG,450.0,Cleared
MDM004914,2026-01-27,SCH0335,Singh Brothers,atta,45.9,KG,1377.0,Pending
MDM004901,2026-01-06,SCH0423,Kumar Supplies,Rice,33.9,KG,2224.0,Pending
MDM000917,2025-08-02,SCH0083,Kumar Supplies,oil,33.9,KG,5556.0,Cleared
MDM010921,2025-08-28,SCH0439,sharma & sons,Lentils,33.9,KG,4239.0,Pending
MDM006832,2025-11-03,SCH0130,sharma & sons,mustard oil,32.0,KG,3840.0,Paid
MDM007343,2025-12-10,SCH0283,kumar & co.,Lentils,33.9,KG,3816.0,Pending
MDM008496,2025-06-05,SCH0271,Sharma Traders,Rice,18.1,KG,724.0,Paid
MDM001617,2025-11-19,SCH0186,goyal mill,cooking oil,33.9,KG,1794.0,Due
MDM002847,2026-02-28,SCH0440,singh agro,Wheat,33.9,KG,1422.0,Paid
MDM007776,2026-02-09,SCH0135,s. agro works,Rice,33.9,KG,728.0,Cleared
MDM003046,2025-06-01,SCH0361,goyal enterprises,Wheat,33.9,KG,1794.0,Pending
MDM008043,2025-09-09,SCH0128,Singh Brothers,mustard oil,33.9,KG,2844.0,Due
MDM009050,2025-07-25,SCH0180,Sharma Traders,sarson tel,33.9,KG,1794.0,Cleared
MDM001834,2026-03-26,SCH0438,Kumar General Store,mustard oil,33.9,KG,3012.0,Paid
MDM006177,2025-12-03,SCH0444,s. agro works,Pulses,33.9,KG,1197.0,Due
MDM010346,2025-07-31,SCH0045,kumar & co.,Rice,21.9,KG,1794.0,Due
MDM003777,2025-11-12,SCH0314,Goyal Rice Mill,sarson tel,45.1,KG,5412.0,Pending
MDM008930,2025-04-01,SCH0101,goyal mill,mustard oil,45.0,KG,5400.0,Due
MDM007799,2026-02-18,SCH0516,goyal enterprises,Lentils,33.9,KG,2763.0,Pending
MDM010526,2026-03-27,SCH0192,kumar & co.,Pulses,33.9,KG,1899.0,Pending
MDM000783,2025-12-31,SCH0552,kumar & co.,Pulses,33.9,KG,2403.0,Paid
MDM000592,2026-03-17,SCH0435,s. agro works,Rice,33.9,KG,1794.0,Paid
MDM001157,2025-05-03,SCH0123,Sharma Traders,oil,33.9,KG,5136.0,Paid
MDM001537,2025-10-18,SCH0329,Singh Brothers,Lentils,33.9,KG,2223.0,Cleared
MDM003245,2025-11-04,SCH0196,kumar & co.,Wheat,33.9,KG,1794.0,Paid
MDM005413,2025-10-23,SCH0525,goyal enterprises,sarson tel,33.9,KG,5076.0,Cleared
MDM008699,2026-03-02,SCH0302,Kumar General Store,Rice,33.9,KG,1260.0,Paid
MDM006763,2025-07-25,SCH0478,singh agro,Rice,33.9,KG,1794.0,Paid
MDM003572,2026-03-21,SCH0600,goyal mill,Rice,24.7,KG,1794.0,Paid
MDM002402,2025-11-15,SCH0264,singh agro,oil,33.9,KG,6984.0,Pending
MDM008837,2025-04-02,SCH0585,Kumar Supplies,Lentils,33.9,KG,3015.0,Cleared
MDM008879,2026-01-03,SCH0353,Sharma Traders,Lentils,33.9,KG,1794.0,Paid
MDM003985,2025-08-25,SCH0275,goyal mill,Rice,33.9,KG,540.0,Due
MDM005119,2026-01-09,SCH0202,Sharma Traders,Rice,33.9,KG,744.0,Due
MDM002153,2025-12-30,SCH0102,Singh Brothers,sarson tel,33.9,KG,2424.0,Pending
MDM003614,2025-06-27,SCH0498,goyal mill,Wheat,33.9,KG,1794.0,Pending
MDM005466,2025-10-22,SCH0570,kumar & co.,Pulses,33.9,KG,1794.0,Paid
MDM003791,2025-10-22,SCH0285,goyal mill,Wheat,33.9,KG,1794.0,Paid
MDM007586,2026-02-05,SCH0110,sharma & sons,Pulses,14.8,KG,1794.0,Paid
MDM009069,2025-11-05,SCH0162,Goyal Rice Mill,atta,17.7,KG,1794.0,Pending
MDM002817,2026-02-24,SCH0458,Singh Brothers,Lentils,33.9,KG,1794.0,Pending
MDM005197,2025-11-10,SCH0449,sharma & sons,Wheat,33.9,KG,1554.0,Paid
MDM003699,2025-12-18,SCH0389,Kumar General Store,oil,33.9,KG,5712.0,Pending
MDM004537,2025-06-20,SCH0155,kumar & co.,Wheat,33.9,KG,840.0,Pending
MDM011334,2025-11-11,SCH0383,singh agro,Wheat,33.9,KG,1380.0,Cleared
MDM006292,2025-12-26,SCH0435,goyal enterprises,Lentils,33.9,KG,1794.0,Due
MDM007304,2025-07-15,SCH0434,Singh Brothers,Pulses,33.9,KG,3015.0,Pending
MDM009126,2025-10-07,SCH0484,Kumar General Store,Lentils,51.3,KG,1794.0,Paid
MDM010537,2025-11-02,SCH0059,Goyal Rice Mill,oil,33.9,KG,1794.0,Paid
MDM003195,2025-07-12,SCH0301,singh agro,atta,33.9,KG,1104.0,Paid
MDM007950,2025-06-27,SCH0056,kumar & co.,Wheat,33.9,KG,693.0,Pending
MDM009140,2025-02-12,SCH0169,Kumar Supplies,Rice,33.9,KG,2344.0,Paid
MDM007291,2025-12-30,SCH0223,Sharma Traders,Rice,33.9,KG,1794.0,Cleared
MDM010238,2026-01-01,SCH0371,Kumar Supplies,Rice,33.9,KG,1052.0,Cleared
MDM009394,2025-05-07,SCH0013,Sharma Traders,Pulses,33.9,KG,1602.0,Cleared
MDM005091,2025-10-07,SCH0010,Sharma Traders,Lentils,33.9,KG,1794.0,Paid
MDM001732,2025-11-06,SCH0471,goyal mill,Lentils,33.9,KG,2151.0,Paid
MDM008226,2025-11-02,SCH0308,Sharma Traders,Lentils,33.9,KG,2358.0,Pending
MDM011760,2025-11-10,SCH0592,goyal mill,atta,33.9,KG,786.0,Pending
MDM006912,2025-06-09,SCH0036,Sharma Traders,Wheat,33.9,KG,1026.0,Pending
MDM008553,2026-01-08,SCH0359,Sharma Traders,cooking oil,33.9,KG,2640.0,Paid
MDM001871,2025-06-29,SCH0322,Kumar Supplies,cooking oil,33.9,KG,1794.0,Pending
MDM002805,2025-08-14,SCH0163,Sharma Traders,Lentils,33.9,KG,4689.0,Pending
MDM006201,2025-08-26,SCH0467,s. agro works,mustard oil,33.9,KG,3072.0,Paid
MDM002212,2025-04-06,SCH0268,goyal enterprises,Lentils,33.9,KG,1989.0,Paid
MDM010410,2025-11-05,SCH0576,kumar & co.,Rice,33.9,KG,1324.0,Due
MDM007767,2025-06-23,SCH0598,Kumar General Store,mustard oil,33.9,KG,1212.0,Paid
MDM000169,2026-02-23,SCH0303,sharma & sons,sarson tel,33.9,KG,4224.0,Pending
MDM005876,2025-08-28,SCH0360,Singh Brothers,Pulses,33.9,KG,4320.0,Cleared
MDM003616,2026-02-21,SCH0504,Goyal Rice Mill,Rice,50.4,KG,2016.0,Paid
MDM007801,2025-08-28,SCH0584,Sharma Traders,Lentils,33.9,KG,3663.0,Paid
MDM003404,2025-06-13,SCH0543,Sharma Traders,oil,33.9,KG,1794.0,Paid
MDM003913,2025-11-27,SCH0541,Singh Brothers,Rice,33.9,KG,1536.0,Paid
MDM004680,2026-02-23,SCH0283,sharma & sons,Rice,33.9,KG,952.0,Cleared
MDM007064,2025-04-11,SCH0026,Singh Brothers,atta,33.9,KG,1095.0,Paid
MDM002108,2025-09-23,SCH0010,Kumar Supplies,Lentils,33.9,KG,3420.0,Paid
MDM005462,2025-10-15,SCH0169,Sharma Traders,Lentils,33.9,KG,3915.0,Cleared
MDM009356,2026-02-17,SCH0187,Sharma Traders,Lentils,33.9,KG,1794.0,Paid
MDM003035,2026-02-17,SCH0159,singh agro,Pulses,33.9,KG,2313.0,Paid
MDM004509,2025-07-24,SCH0268,goyal mill,Rice,33.9,KG,1640.0,Due
MDM008746,2025-09-26,SCH0266,Goyal Rice Mill,Lentils,23.9,KG,2151.0,Paid
MDM010968,2026-01-23,SCH0222,goyal enterprises,Rice,33.9,KG,1794.0,Paid
MDM000568,2026-03-03,SCH0293,goyal mill,Wheat,33.9,KG,1257.0,Pending
MDM010447,2025-12-30,SCH0302,sharma & sons,Wheat,33.9,KG,1794.0,Paid
MDM005644,2025-07-15,SCH0465,goyal enterprises,Pulses,33.9,KG,1794.0,Paid
MDM002368,2025-10-13,SCH0270,sharma & sons,Wheat,33.9,KG,1152.0,Due
MDM009514,2025-10-27,SCH0173,singh agro,Lentils,17.8,KG,1794.0,Pending
MDM010731,2025-08-30,SCH0575,Goyal Rice Mill,Lentils,33.9,KG,4491.0,Paid
MDM009689,2025-08-16,SCH0433,Kumar Supplies,mustard oil,47.0,KG,5640.0,Paid
MDM000441,2026-02-25,SCH0487,Goyal Rice Mill,Rice,33.9,KG,1312.0,Pending
MDM002019,2025-02-12,SCH0167,Kumar General Store,Lentils,33.9,KG,1794.0,Pending
MDM010411,2025-04-04,SCH0558,Goyal Rice Mill,oil,33.9,KG,7116.0,Due
MDM008702,2025-06-29,SCH0501,Kumar Supplies,cooking oil,33.9,KG,4620.0,Paid
MDM004979,2025-07-17,SCH0188,s. agro works,Lentils,33.9,KG,1794.0,Cleared
MDM011891,2025-07-31,SCH0520,goyal enterprises,cooking oil,33.9,KG,1794.0,Pending
MDM005324,2026-03-04,SCH0217,Sharma Traders,sarson tel,33.9,KG,1794.0,Paid
MDM011045,2025-05-31,SCH0361,Kumar Supplies,Rice,11.7,KG,468.0,Due
MDM008625,2025-05-15,SCH0123,goyal mill,Rice,33.9,KG,908.0,Pending
MDM008980,2025-08-26,SCH0352,kumar & co.,atta,33.9,KG,504.0,Due
MDM005146,2026-01-06,SCH0144,s. agro works,oil,33.9,KG,1800.0,Cleared
MDM001225,2025-09-06,SCH0329,Kumar Supplies,Rice,33.9,KG,2024.0,Pending
MDM006026,2025-11-05,SCH0298,sharma & sons,Wheat,33.9,KG,1794.0,Due
MDM002593,2025-12-04,SCH0464,Singh Brothers,cooking oil,33.9,KG,2796.0,Paid
MDM002754,2025-11-02,SCH0431,goyal enterprises,Wheat,33.9,KG,621.0,Paid
MDM005887,2026-02-05,SCH0514,singh agro,mustard oil,33.9,KG,5424.0,Due
MDM007421,2025-09-16,SCH0393,sharma & sons,cooking oil,33.9,KG,1596.0,Paid
MDM006283,2026-01-29,SCH0416,goyal enterprises,Rice,18.4,KG,736.0,Cleared
MDM002692,2025-08-08,SCH0286,Sharma Traders,Wheat,33.9,KG,1794.0,Pending
MDM000037,2025-04-29,SCH0190,Sharma Traders,Lentils,12.9,KG,1161.0,Due
MDM004607,2026-02-22,SCH0093,s. agro works,cooking oil,33.9,KG,1464.0,Due
MDM007753,2025-04-22,SCH0404,Sharma Traders,Lentils,33.9,KG,2736.0,Pending
MDM007470,2025-12-06,SCH0419,Kumar General Store,sarson tel,33.9,KG,1794.0,Pending
MDM002250,2025-08-04,SCH0288,Kumar General Store,cooking oil,33.9,KG,4536.0,Pending
MDM006830,2025-10-09,SCH0187,s. agro works,Lentils,33.9,KG,5391.0,Paid
MDM004061,2025-11-09,SCH0290,Sharma Traders,Lentils,33.9,KG,1512.0,Paid
MDM008673,2026-02-25,SCH0080,Goyal Rice Mill,atta,33.9,KG,1512.0,Due
MDM007049,2025-08-29,SCH0037,Singh Brothers,Rice,33.9,KG,452.0,Paid
MDM004420,2025-10-24,SCH0569,kumar & co.,sarson tel,33.9,KG,1794.0,Paid
MDM008426,2025-07-16,SCH0150,Sharma Traders,Pulses,33.9,KG,2232.0,Pending
MDM010144,2025-07-22,SCH0389,s. agro works,Rice,33.9,KG,1272.0,Cleared
MDM008105,2026-03-09,SCH0338,sharma & sons,cooking oil,33.9,KG,5700.0,Due
MDM009633,2025-04-19,SCH0224,Kumar General Store,Lentils,57.1,KG,5139.0,Paid
MDM011037,2026-03-27,SCH0212,kumar & co.,Lentils,33.9,KG,1794.0,Paid
MDM004772,2025-05-23,SCH0239,Sharma Traders,atta,55.2,KG,1794.0,Pending
MDM005769,2025-07-02,SCH0421,Goyal Rice Mill,atta,33.9,KG,1098.0,Due
MDM001361,2025-08-04,SCH0489,Singh Brothers,oil,16.0,KG,1920.0,Cleared
MDM005943,2025-07-07,SCH0062,Kumar Supplies,Lentils,48.1,KG,4329.0,Pending
MDM007306,2025-12-22,SCH0331,singh agro,Wheat,33.9,KG,729.0,Pending
MDM000487,2026-02-16,SCH0496,Kumar Supplies,Rice,53.5,KG,2140.0,Due
MDM010742,2025-09-09,SCH0127,singh agro,Rice,33.9,KG,1794.0,Cleared
MDM011449,2025-11-27,SCH0412,singh agro,mustard oil,41.1,KG,4932.0,Pending
MDM007525,2025-12-19,SCH0066,Sharma Traders,Lentils,33.9,KG,1794.0,Pending
MDM008847,2026-03-14,SCH0487,singh agro,atta,33.9,KG,1794.0,Paid
MDM005546,2025-11-28,SCH0054,Singh Brothers,Wheat,33.9,KG,1794.0,Due
MDM008098,2026-03-18,SCH0134,s. agro works,Wheat,33.9,KG,732.0,Cleared
MDM011460,2026-03-13,SCH0241,kumar & co.,mustard oil,33.9,KG,1524.0,Due
MDM000638,2026-03-02,SCH0193,s. agro works,Rice,33.9,KG,2348.0,Due
MDM009954,2025-11-28,SCH0135,sharma & sons,Rice,16.9,KG,676.0,Cleared
MDM010155,2025-11-04,SCH0126,goyal mill,Wheat,49.4,KG,1794.0,Cleared
MDM009852,2026-03-20,SCH0557,singh agro,Lentils,33.9,KG,1794.0,Pending
MDM008094,2026-01-06,SCH0559,goyal enterprises,Wheat,33.9,KG,1095.0,Paid
MDM004353,2025-07-28,SCH0466,singh agro,Rice,33.9,KG,1728.0,Pending
MDM008132,2025-10-28,SCH0391,kumar & co.,Pulses,41.7,KG,1794.0,Due
MDM010419,2025-05-21,SCH0246,Sharma Traders,Rice,17.4,KG,696.0,Pending
MDM005801,2025-05-28,SCH0323,goyal mill,Pulses,33.9,KG,3681.0,Paid
MDM007131,2026-02-16,SCH0210,Kumar General Store,Rice,33.9,KG,2056.0,Paid
MDM006235,2025-08-27,SCH0515,Sharma Traders,Lentils,33.9,KG,2709.0,Paid
MDM004133,2025-11-23,SCH0062,Singh Brothers,Rice,33.9,KG,596.0,Pending
MDM006014,2026-03-24,SCH0071,goyal enterprises,Wheat,19.5,KG,1794.0,Due
MDM000168,2025-04-16,SCH0446,goyal enterprises,Rice,33.9,KG,516.0,Pending
MDM001916,2025-09-15,SCH0230,goyal enterprises,Rice,33.9,KG,1794.0,Pending
MDM003329,2025-04-17,SCH0568,kumar & co.,Wheat,33.9,KG,1794.0,Due
MDM011669,2025-05-11,SCH0294,singh agro,atta,33.9,KG,1137.0,Paid
MDM012000,2025-04-10,SCH0564,Sharma Traders,atta,33.9,KG,1794.0,Paid
MDM006591,2025-09-15,SCH0237,singh agro,Lentils,33.9,KG,4086.0,Paid
MDM010785,2025-05-12,SCH0321,goyal mill,Lentils,33.9,KG,4959.0,Paid
MDM003915,2026-01-03,SCH0177,kumar & co.,Rice,33.9,KG,1794.0,Cleared
MDM005363,2026-01-02,SCH0598,Kumar General Store,Rice,33.9,KG,1416.0,Pending
MDM000802,2025-05-10,SCH0235,kumar & co.,Wheat,33.9,KG,1794.0,Pending
MDM002139,2026-03-28,SCH0101,Sharma Traders,Wheat,33.9,KG,1794.0,Paid
MDM007513,2025-06-01,SCH0504,goyal mill,Wheat,33.9,KG,1794.0,Paid
MDM005480,2026-02-18,SCH0293,goyal mill,Wheat,33.9,KG,1794.0,Due
MDM000743,2026-03-18,SCH0577,sharma & sons,Lentils,33.9,KG,1794.0,Due
MDM006622,2026-02-08,SCH0326,kumar & co.,Pulses,33.9,KG,1794.0,Cleared
MDM005652,2026-03-28,SCH0444,goyal enterprises,Rice,33.9,KG,484.0,Paid
MDM011616,2026-02-22,SCH0268,Kumar General Store,Pulses,43.3,KG,3897.0,Due
MDM009897,2025-11-29,SCH0336,s. agro works,mustard oil,33.9,KG,6240.0,Pending
MDM005222,2025-08-06,SCH0584,kumar & co.,Wheat,33.9,KG,1086.0,Cleared
MDM011358,2025-04-25,SCH0041,goyal enterprises,atta,33.9,KG,1794.0,Pending
MDM011550,2025-12-05,SCH0360,goyal mill,Lentils,33.9,KG,1794.0,Pending
MDM008744,2026-03-27,SCH0238,goyal mill,atta,33.9,KG,996.0,Due
MDM006067,2025-06-29,SCH0338,goyal enterprises,Wheat,33.9,KG,1188.0,Paid
MDM005813,2025-08-16,SCH0090,goyal mill,cooking oil,33.9,KG,6732.0,Due
MDM002848,2025-06-10,SCH0504,s. agro works,Lentils,33.9,KG,1794.0,Paid
MDM010328,2025-11-03,SCH0020,Sharma Traders,Wheat,33.9,KG,1581.0,Due
MDM002479,2025-11-05,SCH0024,s. agro works,Lentils,33.9,KG,1794.0,Pending
MDM000716,2025-05-06,SCH0238,singh agro,Rice,33.9,KG,716.0,Paid
MDM002958,2026-01-25,SCH0071,Sharma Traders,Rice,33.9,KG,1660.0,Paid
MDM003483,2025-11-18,SCH0591,Sharma Traders,mustard oil,33.9,KG,1794.0,Cleared
MDM010964,2025-10-26,SCH0308,Kumar General Store,Lentils,33.9,KG,1794.0,Cleared
MDM006664,2025-05-22,SCH0085,kumar & co.,Rice,33.9,KG,1794.0,Pending
MDM004743,2025-12-17,SCH0457,Sharma Traders,Rice,55.7,KG,2228.0,Pending
MDM007637,2026-03-15,SCH0523,Singh Brothers,Lentils,33.9,KG,1794.0,Pending
MDM007938,2025-08-02,SCH0564,s. agro works,Lentils,19.4,KG,1746.0,Paid
MDM007710,2026-01-09,SCH0047,Sharma Traders,oil,33.9,KG,2652.0,Paid
MDM002090,2025-04-11,SCH0362,Kumar General Store,Pulses,33.9,KG,1794.0,Paid
MDM003521,2025-10-03,SCH0273,Singh Brothers,Rice,33.9,KG,1794.0,Paid
MDM008993,2025-05-30,SCH0498,s. agro works,mustard oil,33.9,KG,5388.0,Cleared
MDM011488,2025-04-18,SCH0585,Kumar Supplies,Lentils,33.9,KG,1794.0,Paid
MDM004343,2025-06-02,SCH0540,Sharma Traders,sarson tel,33.9,KG,1794.0,Pending
MDM001835,2025-07-01,SCH0433,s. agro works,Wheat,33.9,KG,1794.0,Paid
MDM007453,2025-06-26,SCH0118,s. agro works,Lentils,33.9,KG,3357.0,Cleared
MDM006563,2026-02-09,SCH0254,Kumar General Store,atta,33.9,KG,1542.0,Paid
MDM010532,2025-04-15,SCH0579,singh agro,sarson tel,33.9,KG,1794.0,Paid
MDM009007,2026-02-20,SCH0293,sharma & sons,oil,33.9,KG,1404.0,Paid
MDM004234,2025-09-29,SCH0322,Singh Brothers,oil,33.9,KG,3060.0,Pending
MDM003704,2026-03-02,SCH0215,goyal enterprises,mustard oil,33.9,KG,4236.0,Cleared
MDM010359,2026-01-07,SCH0306,Singh Brothers,Rice,33.9,KG,1794.0,Pending
MDM003462,2025-05-18,SCH0407,Singh Brothers,Wheat,33.9,KG,1794.0,Paid
MDM002486,2025-04-27,SCH0153,Sharma Traders,mustard oil,33.9,KG,1794.0,Cleared
MDM004054,2026-03-31,SCH0366,Goyal Rice Mill,oil,33.9,KG,2340.0,Due
MDM007956,2025-12-17,SCH0351,sharma & sons,oil,33.9,KG,1794.0,Cleared
MDM007975,2026-03-23,SCH0408,s. agro works,sarson tel,46.2,KG,5544.0,Paid
MDM001887,2025-10-31,SCH0056,goyal enterprises,Wheat,33.9,KG,1350.0,Pending
MDM003004,2026-01-13,SCH0384,singh agro,Lentils,54.7,KG,4923.0,Cleared
MDM000024,2025-04-22,SCH0127,Singh Brothers,Lentils,33.9,KG,2295.0,Paid
MDM004534,2026-03-20,SCH0115,Kumar General Store,Lentils,33.9,KG,1008.0,Due
MDM001310,2025-04-11,SCH0205,singh agro,Wheat,33.9,KG,1548.0,Pending
MDM006128,2025-04-30,SCH0567,goyal enterprises,Lentils,33.9,KG,1794.0,Pending
MDM005839,2025-05-04,SCH0088,goyal enterprises,oil,33.9,KG,1794.0,Pending
MDM000790,2025-06-01,SCH0070,goyal mill,Lentils,33.9,KG,1794.0,Due
MDM011337,2025-11-06,SCH0536,Sharma Traders,mustard oil,33.9,KG,1794.0,Cleared
MDM008062,2025-08-13,SCH0106,Goyal Rice Mill,Wheat,33.9,KG,1794.0,Pending
MDM009831,2025-11-10,SCH0323,goyal mill,Wheat,33.9,KG,1254.0,Pending
MDM010960,2026-01-29,SCH0215,Kumar Supplies,Rice,33.9,KG,2040.0,Paid
MDM003220,2025-09-21,SCH0508,Kumar General Store,Rice,33.9,KG,2244.0,Cleared
MDM002515,2025-05-29,SCH0324,kumar & co.,sarson tel,33.9,KG,5052.0,Cleared
MDM008147,2025-06-06,SCH0080,goyal enterprises,Wheat,33.9,KG,333.0,Pending
MDM009622,2026-01-29,SCH0302,Goyal Rice Mill,Lentils,33.9,KG,4293.0,Paid
MDM010822,2025-09-08,SCH0015,s. agro works,cooking oil,33.9,KG,3684.0,Paid
MDM009056,2025-05-26,SCH0078,kumar & co.,sarson tel,33.9,KG,1794.0,Pending
MDM011036,2025-04-19,SCH0351,Kumar General Store,Rice,33.9,KG,992.0,Pending
MDM003686,2026-03-12,SCH0248,goyal enterprises,Wheat,33.9,KG,444.0,Due
MDM008361,2026-02-23,SCH0396,kumar & co.,sarson tel,33.9,KG,1794.0,Pending
MDM001958,2025-11-13,SCH0320,kumar & co.,Pulses,33.7,KG,3033.0,Paid
MDM003705,2025-12-29,SCH0422,singh agro,Rice,17.5,KG,700.0,Paid
MDM011801,2025-12-01,SCH0125,Sharma Traders,Wheat,33.9,KG,1794.0,Cleared
MDM010510,2025-03-09,SCH0467,sharma & sons,mustard oil,33.9,KG,1794.0,Paid
MDM005474,2026-02-22,SCH0547,Sharma Traders,oil,33.9,KG,6120.0,Pending
MDM007690,2025-08-27,SCH0007,s. agro works,Rice,33.9,KG,1794.0,Due
MDM011190,2025-07-15,SCH0419,Sharma Traders,Rice,33.9,KG,1260.0,Paid
MDM006608,2025-06-10,SCH0502,Sharma Traders,Rice,33.9,KG,1572.0,Due
MDM001396,2025-08-25,SCH0166,Sharma Traders,atta,30.6,KG,918.0,Cleared
MDM009282,2025-11-07,SCH0220,singh agro,Wheat,33.9,KG,1794.0,Pending
MDM007659,2025-06-11,SCH0385,Goyal Rice Mill,Wheat,33.9,KG,1092.0,Pending
MDM011944,2025-07-09,SCH0044,sharma & sons,Wheat,33.9,KG,1794.0,Cleared
MDM009696,2026-03-31,SCH0473,goyal mill,Wheat,33.9,KG,1641.0,Cleared
MDM005063,2026-03-09,SCH0076,Kumar General Store,atta,33.9,KG,1794.0,Pending
MDM009746,2026-02-26,SCH0361,kumar & co.,oil,33.9,KG,1794.0,Paid
MDM005849,2025-12-10,SCH0039,Sharma Traders,Rice,33.9,KG,2396.0,Paid
MDM006914,2025-05-04,SCH0273,Goyal Rice Mill,cooking oil,33.9,KG,6636.0,Cleared
MDM003617,2025-08-03,SCH0362,goyal mill,Lentils,33.9,KG,1794.0,Cleared
MDM010116,2025-06-29,SCH0147,Sharma Traders,Wheat,58.5,KG,1794.0,Paid
MDM010911,2026-03-26,SCH0018,Kumar General Store,Lentils,33.9,KG,4986.0,Paid
MDM001227,2026-03-11,SCH0300,Kumar General Store,Lentils,33.9,KG,1794.0,Paid
MDM005560,2026-01-20,SCH0547,singh agro,Lentils,33.9,KG,4977.0,Pending
MDM003388,2025-06-04,SCH0176,goyal enterprises,sarson tel,33.9,KG,2220.0,Due
MDM003801,2026-03-16,SCH0070,Sharma Traders,Lentils,23.9,KG,2151.0,Paid
MDM004475,2025-05-11,SCH0564,Kumar Supplies,Lentils,33.9,KG,1794.0,Pending
MDM005141,2025-05-29,SCH0239,goyal enterprises,Lentils,33.9,KG,4500.0,Pending
MDM009191,2026-02-12,SCH0307,goyal mill,sarson tel,33.9,KG,1794.0,Paid
MDM010552,2026-02-25,SCH0506,Sharma Traders,Rice,33.9,KG,956.0,Due
MDM010123,2025-09-04,SCH0086,kumar & co.,Lentils,33.9,KG,3762.0,Paid
MDM001311,2025-10-02,SCH0393,goyal mill,Wheat,33.9,KG,999.0,Paid
MDM006699,2026-01-05,SCH0375,goyal enterprises,Pulses,33.9,KG,1026.0,Pending
MDM008243,2025-12-29,SCH0089,goyal mill,mustard oil,33.9,KG,1794.0,Paid
MDM005020,2026-02-09,SCH0346,goyal enterprises,Rice,33.9,KG,1794.0,Cleared
MDM009374,2025-09-23,SCH0339,Kumar Supplies,Rice,33.9,KG,1794.0,Due
MDM010476,2025-09-10,SCH0227,Kumar Supplies,Wheat,33.9,KG,1746.0,Paid
MDM008975,2025-04-19,SCH0371,Goyal Rice Mill,Wheat,33.9,KG,1794.0,Due
MDM010601,2025-03-12,SCH0181,Kumar General Store,Lentils,33.9,KG,2439.0,Due
MDM003834,2025-09-26,SCH0164,Sharma Traders,Lentils,33.9,KG,1794.0,Pending
MDM001823,2025-09-29,SCH0325,s. agro works,Rice,33.9,KG,708.0,Paid
MDM007334,2026-03-02,SCH0031,sharma & sons,cooking oil,33.9,KG,1794.0,Paid
MDM001316,2026-02-27,SCH0285,kumar & co.,Wheat,33.9,KG,1794.0,Paid
MDM011115,2025-10-03,SCH0312,goyal mill,Lentils,33.9,KG,4599.0,Paid
MDM006138,2025-09-07,SCH0483,singh agro,Lentils,33.9,KG,1575.0,Paid
MDM011015,2025-09-20,SCH0519,Kumar General Store,Wheat,33.9,KG,1308.0,Pending
MDM009785,2026-02-19,SCH0142,Kumar Supplies,Lentils,33.9,KG,2493.0,Due
MDM002316,2025-04-17,SCH0291,Sharma Traders,oil,33.9,KG,3204.0,Paid
MDM002827,2026-03-23,SCH0451,singh agro,Lentils,33.9,KG,1794.0,Cleared
MDM008362,2025-07-16,SCH0297,kumar & co.,Pulses,33.9,KG,4032.0,Pending
MDM009596,2025-12-03,SCH0297,kumar & co.,Lentils,33.9,KG,1794.0,Pending
MDM002596,2025-07-28,SCH0367,goyal mill,Rice,33.9,KG,404.0,Paid
MDM010890,2025-05-13,SCH0351,Sharma Traders,oil,33.9,KG,1794.0,Due
MDM001340,2025-11-25,SCH0589,Kumar General Store,Lentils,33.9,KG,3816.0,Paid
MDM003265,2025-09-27,SCH0091,Kumar Supplies,Wheat,33.9,KG,1674.0,Cleared
MDM004490,2026-02-15,SCH0337,Kumar Supplies,Wheat,33.9,KG,1794.0,Pending
MDM000739,2025-08-28,SCH0448,Goyal Rice Mill,Lentils,10.2,KG,1794.0,Paid
MDM000966,2025-07-22,SCH0064,Goyal Rice Mill,atta,33.9,KG,1794.0,Pending
MDM000253,2025-04-28,SCH0025,s. agro works,Rice,33.9,KG,1432.0,Paid
MDM003551,2025-07-21,SCH0549,singh agro,Rice,33.9,KG,2200.0,Paid
MDM005624,2025-11-02,SCH0433,Singh Brothers,Lentils,33.9,KG,1566.0,Pending
MDM002099,2025-08-08,SCH0419,Kumar Supplies,Pulses,33.9,KG,3600.0,Paid
MDM008957,2025-06-29,SCH0194,Kumar General Store,Wheat,33.9,KG,1221.0,Cleared
MDM010100,2025-09-01,SCH0252,Kumar Supplies,Rice,33.9,KG,1532.0,Pending
MDM008056,2025-04-06,SCH0094,Kumar General Store,Rice,40.6,KG,1624.0,Cleared
MDM000873,2025-08-07,SCH0169,sharma & sons,Lentils,33.9,KG,1794.0,Paid
MDM011966,2025-11-05,SCH0160,Sharma Traders,Wheat,33.9,KG,1794.0,Paid
MDM006689,2026-02-18,SCH0195,Sharma Traders,Lentils,35.0,KG,1794.0,Paid
MDM008969,2025-07-28,SCH0515,Goyal Rice Mill,Pulses,20.7,KG,1863.0,Paid
MDM007963,2025-11-29,SCH0419,sharma & sons,Lentils,33.9,KG,2412.0,Paid
MDM011635,2025-04-17,SCH0323,Kumar General Store,Lentils,33.9,KG,2808.0,Pending
MDM006754,2025-05-15,SCH0088,Sharma Traders,Wheat,33.9,KG,1698.0,Paid
MDM010147,2026-01-27,SCH0148,sharma & sons,Pulses,33.9,KG,1794.0,Due
MDM006168,2025-06-28,SCH0061,goyal mill,cooking oil,33.9,KG,3144.0,Pending
MDM008014,2025-08-17,SCH0473,Kumar Supplies,Wheat,33.9,KG,1623.0,Paid
MDM007367,2025-09-21,SCH0208,Goyal Rice Mill,Rice,33.9,KG,1794.0,Pending
MDM009805,2025-11-25,SCH0096,Sharma Traders,Rice,33.9,KG,1794.0,Pending
MDM007069,2025-05-23,SCH0394,Kumar Supplies,oil,33.9,KG,5880.0,Cleared
MDM007821,2025-10-24,SCH0207,Sharma Traders,Lentils,33.9,KG,2457.0,Cleared
MDM010201,2026-03-03,SCH0109,goyal enterprises,Lentils,33.9,KG,2043.0,Due
MDM010669,2025-04-24,SCH0518,Goyal Rice Mill,Lentils,20.2,KG,1818.0,Paid
MDM007135,2025-09-16,SCH0324,Sharma Traders,Lentils,13.7,KG,1794.0,Pending
MDM010326,2025-04-03,SCH0378,goyal mill,Lentils,31.3,KG,2817.0,Paid
MDM009179,2025-06-26,SCH0566,singh agro,Rice,33.9,KG,688.0,Paid
MDM008511,2025-12-31,SCH0021,kumar & co.,Pulses,33.9,KG,2970.0,Due
MDM003911,2026-03-24,SCH0289,sharma & sons,Rice,33.9,KG,1794.0,Due
MDM007542,2025-09-15,SCH0417,Singh Brothers,Wheat,33.9,KG,369.0,Due
MDM000448,2025-08-09,SCH0341,Kumar Supplies,Rice,33.9,KG,588.0,Cleared
MDM011593,2025-08-31,SCH0392,Kumar Supplies,Rice,33.9,KG,1252.0,Paid
MDM000057,2025-09-29,SCH0531,Goyal Rice Mill,Lentils,33.9,KG,3141.0,Pending
MDM005874,2025-09-18,SCH0332,Kumar Supplies,Wheat,55.9,KG,1677.0,Paid
MDM002856,2025-04-11,SCH0363,Singh Brothers,Wheat,33.9,KG,1794.0,Due
MDM009555,2026-03-04,SCH0388,singh agro,Rice,56.2,KG,1794.0,Cleared
MDM002987,2025-09-20,SCH0025,kumar & co.,Lentils,33.9,KG,1794.0,Pending
MDM000477,2025-09-11,SCH0193,Sharma Traders,mustard oil,57.5,KG,6900.0,Due
MDM004092,2025-11-05,SCH0177,Kumar Supplies,oil,33.9,KG,4596.0,Pending
MDM007031,2025-12-03,SCH0074,Sharma Traders,Wheat,33.9,KG,1482.0,Due
MDM004542,2025-10-03,SCH0197,Goyal Rice Mill,Lentils,33.9,KG,1794.0,Paid
MDM007415,2025-10-30,SCH0184,Kumar Supplies,sarson tel,33.9,KG,3156.0,Cleared
MDM005936,2025-09-22,SCH0339,sharma & sons,atta,33.9,KG,1794.0,Paid
MDM004227,2025-11-26,SCH0331,Goyal Rice Mill,oil,33.9,KG,6936.0,Due
MDM008202,2025-06-14,SCH0013,goyal enterprises,Pulses,33.9,KG,1794.0,Cleared
MDM009195,2026-03-18,SCH0391,singh agro,sarson tel,33.9,KG,6048.0,Cleared
MDM000751,2026-02-19,SCH0503,Sharma Traders,Lentils,33.9,KG,1794.0,Due
MDM010836,2025-09-20,SCH0420,Singh Brothers,Pulses,10.9,KG,1794.0,Paid
MDM005788,2025-06-26,SCH0008,Sharma Traders,Lentils,33.9,KG,1665.0,Paid
MDM005067,2025-09-17,SCH0269,sharma & sons,Wheat,33.9,KG,1560.0,Pending
MDM000377,2026-01-19,SCH0492,Kumar Supplies,Wheat,33.9,KG,1332.0,Due
MDM002459,2025-10-30,SCH0045,kumar & co.,Wheat,33.9,KG,1794.0,Pending
MDM007625,2025-07-10,SCH0367,Sharma Traders,Rice,33.9,KG,2016.0,Cleared
MDM005454,2025-10-25,SCH0373,Sharma Traders,Rice,51.1,KG,2044.0,Cleared
MDM009801,2026-02-11,SCH0302,sharma & sons,Lentils,33.9,KG,1794.0,Cleared
MDM009295,2025-09-24,SCH0354,goyal enterprises,Lentils,33.9,KG,4221.0,Cleared
MDM008719,2025-04-02,SCH0121,goyal enterprises,Wheat,33.9,KG,1794.0,Pending
MDM008273,2025-10-15,SCH0250,Singh Brothers,Rice,33.9,KG,1794.0,Pending
MDM004412,2025-06-11,SCH0116,Singh Brothers,atta,33.9,KG,759.0,Paid
MDM008641,2026-04-01,SCH0046,Sharma Traders,sarson tel,33.9,KG,1794.0,Pending
MDM003456,2025-06-25,SCH0278,singh agro,Rice,33.9,KG,1832.0,Due
MDM003406,2025-11-01,SCH0500,Sharma Traders,mustard oil,33.9,KG,2652.0,Paid
MDM005503,2026-01-22,SCH0172,Kumar General Store,Wheat,33.9,KG,501.0,Due
MDM009602,2025-08-26,SCH0265,singh agro,Wheat,33.9,KG,1413.0,Pending
MDM002401,2025-04-10,SCH0271,Kumar General Store,Rice,33.9,KG,984.0,Pending
MDM005047,2026-02-07,SCH0051,s. agro works,Rice,33.9,KG,568.0,Paid
MDM004890,2025-06-29,SCH0376,Kumar Supplies,Rice,33.9,KG,1794.0,Paid
MDM008659,2026-02-09,SCH0573,Kumar General Store,Rice,25.8,KG,1032.0,Cleared
MDM007020,2025-08-22,SCH0141,goyal mill,Wheat,33.9,KG,1272.0,Paid
MDM005246,2025-05-08,SCH0100,singh agro,mustard oil,48.2,KG,1794.0,Pending
MDM008686,2025-11-04,SCH0319,Singh Brothers,mustard oil,33.9,KG,3696.0,Paid
MDM008154,2025-05-08,SCH0412,sharma & sons,Rice,33.9,KG,1620.0,Pending
MDM009660,2025-07-11,SCH0223,s. agro works,Rice,33.9,KG,1296.0,Cleared
MDM006193,2025-11-16,SCH0505,kumar & co.,Lentils,33.9,KG,1794.0,Cleared
MDM004723,2025-06-09,SCH0238,Goyal Rice Mill,Rice,33.9,KG,1608.0,Pending
MDM010053,2025-07-16,SCH0001,Sharma Traders,atta,33.9,KG,882.0,Paid
MDM000228,2026-03-05,SCH0053,Sharma Traders,Wheat,33.9,KG,447.0,Paid
MDM005822,2025-04-28,SCH0181,Kumar Supplies,mustard oil,33.9,KG,1272.0,Paid
MDM002318,2025-12-26,SCH0347,Kumar Supplies,cooking oil,33.9,KG,6600.0,Paid
MDM006553,2026-10-03,SCH0483,goyal mill,Wheat,14.4,KG,1794.0,Pending
MDM009259,2025-06-09,SCH0432,Sharma Traders,Rice,33.9,KG,2000.0,Pending
MDM005557,2026-03-22,SCH0112,singh agro,Lentils,33.9,KG,4329.0,Paid
MDM002649,2025-06-19,SCH0594,Goyal Rice Mill,Rice,33.9,KG,1794.0,Paid
MDM001509,2025-08-23,SCH0225,Singh Brothers,mustard oil,33.9,KG,4380.0,Paid
MDM006293,2025-12-05,SCH0144,Sharma Traders,atta,33.9,KG,1746.0,Due
MDM011531,2025-10-22,SCH0269,singh agro,cooking oil,33.9,KG,6480.0,Pending
MDM001685,2025-11-10,SCH0001,Sharma Traders,Rice,33.9,KG,1794.0,Due
MDM000500,2025-11-26,SCH0095,Kumar General Store,Rice,33.9,KG,672.0,Pending
MDM007153,2025-07-14,SCH0531,Singh Brothers,mustard oil,33.9,KG,1794.0,Pending
MDM001700,2025-04-19,SCH0221,goyal enterprises,mustard oil,33.9,KG,1794.0,Paid
MDM001878,2025-09-16,SCH0594,Sharma Traders,Rice,33.9,KG,1794.0,Paid
MDM004360,2025-04-24,SCH0307,Sharma Traders,Wheat,33.9,KG,768.0,Pending
MDM000514,2026-01-27,SCH0537,Kumar Supplies,mustard oil,33.9,KG,1794.0,Pending
MDM010563,2025-06-04,SCH0489,sharma & sons,Lentils,33.9,KG,1794.0,Pending
MDM005490,2025-12-25,SCH0491,kumar & co.,Lentils,33.9,KG,2547.0,Paid
MDM003695,2025-11-13,SCH0007,goyal enterprises,Wheat,33.9,KG,1794.0,Paid
MDM002705,2026-02-27,SCH0509,Singh Brothers,Rice,33.9,KG,1128.0,Due
MDM000821,2025-06-06,SCH0163,goyal enterprises,oil,33.9,KG,2052.0,Cleared
MDM006303,2025-09-17,SCH0229,sharma & sons,cooking oil,33.9,KG,3492.0,Due
MDM005285,2026-01-12,SCH0248,Singh Brothers,Lentils,33.9,KG,4671.0,Paid
MDM009082,2025-12-09,SCH0261,Sharma Traders,sarson tel,33.9,KG,1794.0,Paid
MDM007093,2025-07-19,SCH0555,Sharma Traders,Wheat,33.9,KG,348.0,Pending
MDM007653,2025-10-21,SCH0563,goyal enterprises,Lentils,33.9,KG,4104.0,Due
MDM002449,2025-05-02,SCH0300,Kumar Supplies,Lentils,33.9,KG,1989.0,Paid
MDM000475,2026-02-28,SCH0195,Kumar General Store,Lentils,33.9,KG,1794.0,Paid
MDM008067,2026-03-15,SCH0261,Singh Brothers,Rice,33.9,KG,2264.0,Paid
MDM006696,2025-07-09,SCH0361,Sharma Traders,Lentils,33.9,KG,1794.0,Pending
MDM007342,2025-04-19,SCH0469,Kumar Supplies,Rice,33.9,KG,1794.0,Paid
MDM011200,2025-08-17,SCH0473,singh agro,cooking oil,33.9,KG,6288.0,Paid
MDM006376,2026-01-16,SCH0354,Kumar Supplies,Lentils,33.9,KG,1206.0,Due
MDM002917,2025-07-31,SCH0026,goyal mill,Rice,33.9,KG,1794.0,Paid
MDM003722,2025-11-16,SCH0473,sharma & sons,Wheat,33.9,KG,885.0,Cleared
MDM004639,2026-01-19,SCH0139,Singh Brothers,cooking oil,33.9,KG,3852.0,Due
MDM000481,2025-02-09,SCH0089,goyal mill,Lentils,33.9,KG,4617.0,Paid
MDM005332,2025-12-17,SCH0318,singh agro,oil,33.9,KG,1794.0,Pending
MDM005747,2025-09-30,SCH0050,Goyal Rice Mill,Wheat,33.9,KG,1794.0,Paid
MDM002578,2026-02-13,SCH0295,s. agro works,cooking oil,33.9,KG,3972.0,Paid
MDM011180,2025-09-24,SCH0497,Sharma Traders,Wheat,33.9,KG,1794.0,Paid
MDM005796,2025-10-28,SCH0121,s. agro works,Lentils,33.9,KG,1794.0,Pending
MDM009442,2025-05-25,SCH0418,kumar & co.,Wheat,33.9,KG,1140.0,Due
MDM010111,2026-01-18,SCH0075,Kumar General Store,Rice,33.9,KG,1794.0,Cleared
MDM004919,2025-08-31,SCH0311,s. agro works,mustard oil,45.0,KG,1794.0,Pending
MDM010668,2025-11-15,SCH0060,Kumar Supplies,Rice,33.9,KG,2200.0,Due
MDM006178,2026-01-08,SCH0405,Sharma Traders,atta,33.9,KG,1437.0,Pending
MDM005970,2025-05-16,SCH0083,Sharma Traders,sarson tel,33.9,KG,1794.0,Due
MDM001350,2025-10-05,SCH0461,singh agro,Pulses,33.9,KG,1794.0,Paid
MDM010030,2026-03-22,SCH0209,Sharma Traders,Rice,33.9,KG,1972.0,Paid
MDM006203,2026-01-05,SCH0481,Sharma Traders,Lentils,33.8,KG,1794.0,Paid
MDM006340,2026-07-03,SCH0006,Kumar General Store,Wheat,33.9,KG,1794.0,Pending
MDM009151,2025-12-03,SCH0031,Goyal Rice Mill,atta,33.9,KG,1794.0,Pending
MDM002923,2026-01-05,SCH0478,Sharma Traders,Lentils,33.9,KG,1794.0,Pending
MDM003435,2025-07-28,SCH0323,goyal mill,Pulses,33.9,KG,2664.0,Pending
MDM006729,2025-02-12,SCH0417,sharma & sons,mustard oil,48.6,KG,5832.0,Due
MDM001607,2025-12-08,SCH0094,sharma & sons,sarson tel,33.9,KG,1794.0,Paid
MDM006006,2025-07-05,SCH0280,Sharma Traders,Rice,33.9,KG,1794.0,Due
MDM003032,2025-10-07,SCH0459,Kumar General Store,atta,33.9,KG,1785.0,Paid
MDM002763,2025-10-06,SCH0342,sharma & sons,atta,33.9,KG,771.0,Cleared
MDM008331,2025-12-24,SCH0571,Singh Brothers,Rice,33.9,KG,2392.0,Paid
MDM006868,2025-09-24,SCH0542,kumar & co.,Lentils,49.1,KG,4419.0,Due
MDM005981,2025-06-22,SCH0101,singh agro,sarson tel,33.9,KG,2208.0,Paid
MDM003496,2025-12-23,SCH0106,Sharma Traders,Lentils,33.9,KG,1440.0,Paid
MDM001660,2025-05-28,SCH0372,Sharma Traders,oil,33.9,KG,1572.0,Paid
MDM006202,2025-04-21,SCH0327,s. agro works,cooking oil,33.9,KG,5880.0,Paid
MDM011425,2025-04-15,SCH0302,s. agro works,atta,33.9,KG,1407.0,Paid
MDM001447,2025-08-16,SCH0456,Sharma Traders,Rice,33.9,KG,792.0,Paid
MDM008875,2025-12-05,SCH0032,Sharma Traders,atta,33.9,KG,1395.0,Paid
MDM001021,2025-12-27,SCH0123,Sharma Traders,Pulses,11.0,KG,1794.0,Paid
MDM000706,2025-12-08,SCH0318,goyal enterprises,Lentils,33.9,KG,1794.0,Paid
MDM008611,2025-10-21,SCH0099,goyal mill,Rice,33.9,KG,2256.0,Pending
MDM001867,2025-05-18,SCH0278,Kumar Supplies,Rice,33.9,KG,1794.0,Pending
MDM004011,2025-05-29,SCH0436,Sharma Traders,atta,33.9,KG,381.0,Paid
MDM003847,2025-12-11,SCH0189,kumar & co.,cooking oil,33.9,KG,4956.0,Due
MDM002123,2026-02-19,SCH0506,Singh Brothers,Rice,33.9,KG,636.0,Due
MDM007190,2025-05-08,SCH0282,Singh Brothers,Wheat,33.9,KG,1794.0,Pending
MDM002575,2026-03-17,SCH0503,Singh Brothers,Lentils,33.9,KG,3591.0,Paid
MDM009983,2025-11-28,SCH0351,kumar & co.,Rice,33.9,KG,2140.0,Paid
MDM001922,2025-12-24,SCH0498,singh agro,cooking oil,24.7,KG,2964.0,Paid
MDM002957,2026-03-13,SCH0355,Sharma Traders,cooking oil,33.9,KG,2736.0,Paid
MDM007230,2025-11-04,SCH0375,goyal enterprises,Rice,33.9,KG,1794.0,Pending
MDM007333,2025-07-11,SCH0353,s. agro works,Wheat,11.6,KG,1794.0,Paid
MDM006487,2025-08-22,SCH0281,singh agro,Lentils,33.9,KG,3528.0,Pending
MDM011782,2025-08-25,SCH0226,singh agro,Rice,33.9,KG,1668.0,Paid
MDM001420,2025-08-15,SCH0093,goyal enterprises,Rice,33.9,KG,1864.0,Pending
MDM003425,2025-07-05,SCH0073,Kumar General Store,Rice,17.1,KG,684.0,Pending
MDM003778,2025-04-25,SCH0095,kumar & co.,Wheat,41.9,KG,1257.0,Paid
MDM010439,2025-10-20,SCH0434,Kumar Supplies,Lentils,28.2,KG,2538.0,Paid
MDM008843,2025-11-25,SCH0464,Goyal Rice Mill,Lentils,33.9,KG,1794.0,Pending
MDM002026,2025-04-24,SCH0484,Goyal Rice Mill,Lentils,33.9,KG,1794.0,Due
MDM000595,2025-07-23,SCH0484,Singh Brothers,atta,33.9,KG,327.0,Pending
MDM001559,2025-02-10,SCH0335,goyal mill,Rice,33.9,KG,528.0,Cleared
MDM004394,2025-08-21,SCH0439,Goyal Rice Mill,mustard oil,33.9,KG,1794.0,Paid
MDM004846,2025-05-27,SCH0539,sharma & sons,cooking oil,33.9,KG,6876.0,Due
MDM008223,2025-07-17,SCH0440,Kumar General Store,atta,56.9,KG,1794.0,Paid
MDM010560,2025-09-16,SCH0193,singh agro,Rice,33.9,KG,1794.0,Pending
MDM004774,2025-06-08,SCH0321,sharma & sons,oil,33.9,KG,3144.0,Due
MDM006387,2025-05-21,SCH0428,Goyal Rice Mill,Lentils,33.9,KG,4680.0,Paid
MDM011548,2025-04-23,SCH0265,s. agro works,Rice,33.9,KG,752.0,Cleared
MDM003401,2026-01-22,SCH0027,singh agro,oil,33.9,KG,5508.0,Pending
MDM002059,2026-12-02,SCH0482,singh agro,Rice,15.2,KG,1794.0,Cleared
MDM008753,2025-09-26,SCH0375,Kumar General Store,Wheat,33.9,KG,1404.0,Paid
MDM004688,2026-03-22,SCH0109,Kumar Supplies,sarson tel,33.9,KG,1794.0,Paid
MDM004951,2025-12-01,SCH0103,Kumar General Store,mustard oil,33.9,KG,6072.0,Pending
MDM011847,2026-02-25,SCH0478,Kumar Supplies,Wheat,33.9,KG,1794.0,Pending
MDM004048,2025-04-18,SCH0084,Goyal Rice Mill,cooking oil,33.9,KG,1794.0,Due
MDM007317,2025-10-25,SCH0384,Singh Brothers,Rice,33.9,KG,1836.0,Paid
MDM003964,2025-04-25,SCH0182,singh agro,Lentils,26.9,KG,2421.0,Due
MDM004016,2025-12-26,SCH0484,s. agro works,cooking oil,33.9,KG,3516.0,Paid
MDM008500,2025-06-21,SCH0593,kumar & co.,atta,33.9,KG,1023.0,Cleared
MDM010339,2025-04-23,SCH0547,Goyal Rice Mill,Wheat,33.9,KG,840.0,Cleared
MDM007376,2025-11-11,SCH0461,Goyal Rice Mill,Lentils,33.9,KG,1794.0,Due
MDM000536,2025-07-06,SCH0174,kumar & co.,Rice,33.9,KG,1794.0,Paid
MDM009787,2026-01-11,SCH0061,Goyal Rice Mill,atta,33.9,KG,1794.0,Pending
MDM000293,2025-08-05,SCH0226,Kumar General Store,Wheat,33.9,KG,1794.0,Cleared
MDM002837,2025-11-01,SCH0600,sharma & sons,Rice,33.9,KG,1794.0,Paid
MDM004747,2025-12-12,SCH0231,Sharma Traders,Lentils,33.9,KG,4491.0,Paid
MDM009537,2025-12-25,SCH0391,goyal mill,Lentils,33.9,KG,1800.0,Paid
MDM002871,2025-08-27,SCH0361,goyal mill,mustard oil,33.9,KG,1794.0,Paid
MDM005235,2025-12-26,SCH0111,Sharma Traders,Rice,33.9,KG,1188.0,Due
MDM004694,2025-11-27,SCH0566,Kumar General Store,mustard oil,33.9,KG,1794.0,Paid
MDM004922,2026-02-14,SCH0528,Singh Brothers,Rice,33.9,KG,616.0,Paid
MDM008709,2025-12-11,SCH0452,goyal enterprises,sarson tel,33.9,KG,5472.0,Pending
MDM007643,2025-04-10,SCH0342,s. agro works,Lentils,33.9,KG,1794.0,Due
MDM009167,2025-12-28,SCH0205,goyal enterprises,Rice,33.9,KG,652.0,Pending
MDM010195,2025-09-04,SCH0228,goyal enterprises,Pulses,33.9,KG,1794.0,Paid
MDM001319,2026-03-20,SCH0265,singh agro,Wheat,33.9,KG,1095.0,Cleared
MDM008047,2025-11-05,SCH0297,singh agro,Wheat,33.9,KG,1794.0,Due
MDM008472,2025-04-14,SCH0033,singh agro,mustard oil,16.9,KG,1794.0,Paid
MDM004300,2026-03-06,SCH0291,sharma & sons,oil,33.9,KG,1794.0,Cleared
MDM005993,2025-10-14,SCH0006,Goyal Rice Mill,Wheat,33.9,KG,1662.0,Cleared
MDM009302,2025-10-16,SCH0400,singh agro,Rice,53.9,KG,1794.0,Due
MDM005221,2025-04-18,SCH0390,goyal enterprises,Lentils,33.9,KG,1017.0,Paid
MDM009868,2025-07-01,SCH0585,kumar & co.,Wheat,33.9,KG,1794.0,Paid
MDM006078,2025-05-28,SCH0536,Singh Brothers,Rice,33.9,KG,2212.0,Pending
MDM006850,2025-12-08,SCH0078,Goyal Rice Mill,Rice,33.9,KG,1794.0,Paid
MDM005771,2025-10-25,SCH0403,kumar & co.,Lentils,11.5,KG,1035.0,Pending
MDM011261,2025-04-07,SCH0426,Sharma Traders,Rice,33.9,KG,1348.0,Cleared
MDM002547,2025-08-27,SCH0404,Goyal Rice Mill,Lentils,33.9,KG,1794.0,Paid
MDM002229,2025-05-07,SCH0190,goyal mill,Rice,33.9,KG,1794.0,Pending
MDM005665,2025-05-06,SCH0367,s. agro works,cooking oil,33.9,KG,1794.0,Pending
MDM009854,2026-03-28,SCH0143,goyal enterprises,mustard oil,23.3,KG,2796.0,Paid
MDM006976,2025-11-26,SCH0296,Goyal Rice Mill,Wheat,33.9,KG,795.0,Pending
MDM006776,2025-09-27,SCH0563,singh agro,Pulses,33.9,KG,5040.0,Paid
MDM003285,2026-03-23,SCH0144,Sharma Traders,Rice,55.9,KG,1794.0,Pending
MDM008828,2025-07-17,SCH0504,Singh Brothers,atta,33.9,KG,627.0,Paid
MDM006330,2026-02-05,SCH0420,sharma & sons,Lentils,33.9,KG,5121.0,Cleared
MDM006999,2025-11-07,SCH0348,Sharma Traders,Rice,33.9,KG,1794.0,Due
MDM000357,2025-08-11,SCH0554,Sharma Traders,oil,33.9,KG,3588.0,Paid
MDM009222,2026-02-23,SCH0290,Goyal Rice Mill,Rice,33.9,KG,2088.0,Paid
MDM011723,2025-06-02,SCH0198,Singh Brothers,cooking oil,33.9,KG,1794.0,Paid
MDM006751,2025-08-03,SCH0374,kumar & co.,Wheat,33.9,KG,390.0,Due
MDM010287,2025-06-05,SCH0145,Singh Brothers,Lentils,33.9,KG,1794.0,Pending
MDM003602,2025-09-20,SCH0096,Singh Brothers,Wheat,33.9,KG,1767.0,Paid
MDM000838,2025-09-05,SCH0516,goyal mill,sarson tel,45.1,KG,1794.0,Paid
MDM010323,2025-05-03,SCH0159,singh agro,Rice,33.9,KG,1380.0,Paid
MDM000267,2026-03-24,SCH0147,s. agro works,Rice,33.9,KG,928.0,Cleared
MDM007723,2025-05-09,SCH0101,sharma & sons,Lentils,33.9,KG,1098.0,Pending
MDM002007,2025-07-14,SCH0210,singh agro,oil,33.9,KG,3348.0,Paid
MDM006691,2026-01-23,SCH0130,goyal enterprises,Wheat,33.9,KG,1380.0,Pending
MDM004527,2025-04-26,SCH0071,goyal enterprises,Wheat,33.9,KG,528.0,Paid
MDM008956,2025-09-22,SCH0242,Sharma Traders,Wheat,33.9,KG,983.0,Cleared
MDM002363,2025-06-28,SCH0076,singh agro,Wheat,32.6,KG,978.0,Pending
MDM008317,2025-05-07,SCH0210,Sharma Traders,Wheat,33.9,KG,1794.0,Paid
MDM010165,2026-01-13,SCH0427,Kumar Supplies,Rice,33.9,KG,1794.0,Pending
MDM009031,2025-09-04,SCH0248,sharma & sons,Rice,33.9,KG,760.0,Paid
MDM000512,2025-11-06,SCH0598,Kumar Supplies,Rice,33.9,KG,440.0,Pending
MDM002900,2025-07-29,SCH0117,Sharma Traders,Wheat,33.9,KG,1575.0,Pending
MDM001891,2026-02-10,SCH0523,Sharma Traders,Wheat,34.9,KG,1794.0,Due
MDM003466,2026-03-10,SCH0023,Kumar General Store,Lentils,33.9,KG,1710.0,Paid
MDM011451,2025-08-22,SCH0023,s. agro works,Rice,33.9,KG,1688.0,Cleared
MDM000158,2026-03-02,SCH0028,Sharma Traders,Lentils,33.9,KG,2034.0,Cleared
MDM004130,2026-03-05,SCH0281,sharma & sons,cooking oil,33.9,KG,1980.0,Paid
MDM000128,2025-10-05,SCH0242,sharma & sons,Rice,33.9,KG,1768.0,Paid
MDM005689,2026-03-07,SCH0187,sharma & sons,oil,33.9,KG,7104.0,Paid
MDM006119,2025-07-27,SCH0296,kumar & co.,Lentils,51.5,KG,1794.0,Paid
MDM001442,2025-11-10,SCH0071,Singh Brothers,Rice,33.9,KG,1764.0,Paid
MDM005762,2026-01-21,SCH0072,goyal enterprises,Wheat,33.9,KG,567.0,Paid
MDM009248,2025-07-21,SCH0165,Sharma Traders,Lentils,47.3,KG,4257.0,Pending
MDM007712,2026-02-13,SCH0358,s. agro works,cooking oil,45.0,KG,5400.0,Due
MDM002749,2025-11-20,SCH0361,sharma & sons,Wheat,33.9,KG,1794.0,Due
MDM005045,2025-11-12,SCH0381,Kumar Supplies,Lentils,33.9,KG,1794.0,Paid
MDM011010,2026-01-09,SCH0064,Kumar Supplies,atta,33.9,KG,309.0,Paid
MDM009227,2025-09-11,SCH0025,Kumar Supplies,Pulses,33.9,KG,1794.0,Paid
MDM009400,2025-12-21,SCH0287,Sharma Traders,Lentils,33.9,KG,1794.0,Paid
MDM003062,2026-03-30,SCH0262,s. agro works,Lentils,33.9,KG,1794.0,Due
MDM009839,2025-06-29,SCH0107,goyal mill,sarson tel,33.9,KG,2172.0,Pending
MDM006486,2025-09-15,SCH0531,Goyal Rice Mill,Rice,33.9,KG,2052.0,Due
MDM005953,2025-04-04,SCH0341,kumar & co.,Wheat,33.9,KG,1134.0,Paid
MDM011498,2025-04-15,SCH0031,Goyal Rice Mill,cooking oil,33.9,KG,5808.0,Paid
MDM001058,2025-06-11,SCH0341,s. agro works,Rice,33.9,KG,1794.0,Paid
MDM001964,2026-01-17,SCH0124,Sharma Traders,Wheat,33.9,KG,1794.0,Due
MDM003126,2026-02-11,SCH0425,Goyal Rice Mill,Rice,33.9,KG,1356.0,Paid
MDM003943,2025-08-04,SCH0388,goyal mill,sarson tel,33.9,KG,1794.0,Cleared
MDM004611,2025-07-26,SCH0229,goyal mill,Wheat,33.9,KG,1794.0,Pending
MDM001128,2026-01-24,SCH0549,sharma & sons,Pulses,33.9,KG,1794.0,Due
MDM009414,2025-03-09,SCH0467,goyal enterprises,Lentils,33.9,KG,4914.0,Paid
MDM011370,2026-03-08,SCH0347,Sharma Traders,Rice,33.9,KG,1600.0,Due
MDM009737,2026-02-18,SCH0332,Sharma Traders,sarson tel,34.6,KG,4152.0,Paid
MDM004257,2025-12-15,SCH0596,singh agro,Rice,33.9,KG,1794.0,Pending
MDM004366,2025-04-26,SCH0529,kumar & co.,Lentils,36.8,KG,1794.0,Pending
MDM009835,2025-09-08,SCH0324,s. agro works,Rice,33.9,KG,1956.0,Cleared
MDM006187,2025-08-05,SCH0005,s. agro works,cooking oil,33.9,KG,4224.0,Cleared
MDM009560,2026-01-19,SCH0440,Kumar General Store,oil,42.3,KG,1794.0,Cleared
MDM007226,2025-11-27,SCH0447,Singh Brothers,cooking oil,50.2,KG,6024.0,Paid
MDM009995,2025-07-09,SCH0120,Sharma Traders,Lentils,33.9,KG,4428.0,Due
MDM001544,2026-06-02,SCH0423,Sharma Traders,Wheat,33.9,KG,1794.0,Paid
MDM003264,2025-11-07,SCH0079,Kumar Supplies,Pulses,33.9,KG,3519.0,Paid
MDM006686,2025-06-10,SCH0106,goyal enterprises,Lentils,33.9,KG,5058.0,Paid
MDM009074,2025-11-25,SCH0523,Goyal Rice Mill,oil,33.9,KG,1794.0,Paid
MDM003510,2025-05-09,SCH0574,sharma & sons,Pulses,33.9,KG,1794.0,Pending
MDM007924,2025-11-28,SCH0478,Kumar General Store,Rice,33.9,KG,2036.0,Pending
MDM002269,2026-02-19,SCH0291,Singh Brothers,mustard oil,33.9,KG,3900.0,Paid
MDM007591,2025-12-03,SCH0075,kumar & co.,Lentils,33.9,KG,1794.0,Paid
MDM007597,2025-10-20,SCH0265,Kumar Supplies,Lentils,33.9,KG,3348.0,Cleared
MDM000133,2026-03-23,SCH0265,sharma & sons,Lentils,33.9,KG,2403.0,Due
MDM007429,2025-07-08,SCH0371,Sharma Traders,Rice,33.9,KG,924.0,Pending
MDM011351,2025-08-05,SCH0289,Singh Brothers,Wheat,33.9,KG,558.0,Pending
MDM000604,2026-03-21,SCH0530,Kumar General Store,cooking oil,33.9,KG,1794.0,Paid
MDM010700,2025-08-12,SCH0409,Kumar Supplies,sarson tel,33.9,KG,1794.0,Due
MDM007076,2025-06-04,SCH0440,singh agro,Lentils,33.9,KG,5265.0,Due
MDM008787,2025-06-15,SCH0558,Sharma Traders,oil,33.9,KG,2940.0,Pending
MDM000394,2026-01-30,SCH0285,goyal enterprises,cooking oil,33.9,KG,1794.0,Paid
MDM006054,2025-11-26,SCH0101,Goyal Rice Mill,Wheat,10.3,KG,309.0,Cleared
MDM005072,2025-08-04,SCH0260,kumar & co.,Rice,33.9,KG,2044.0,Paid
MDM010994,2025-09-14,SCH0569,kumar & co.,atta,33.9,KG,1794.0,Cleared
MDM011148,2025-10-05,SCH0556,Singh Brothers,Wheat,30.1,KG,903.0,Pending
MDM010546,2026-02-01,SCH0251,s. agro works,Rice,33.9,KG,1768.0,Paid
MDM008759,2025-10-17,SCH0599,Kumar General Store,Wheat,33.9,KG,1794.0,Paid
MDM004448,2025-11-11,SCH0014,Goyal Rice Mill,Lentils,33.9,KG,5157.0,Pending
MDM007703,2026-03-06,SCH0435,Sharma Traders,Rice,33.9,KG,1456.0,Paid
MDM007039,2025-04-27,SCH0382,singh agro,Wheat,33.9,KG,1446.0,Paid
MDM000182,2026-03-12,SCH0164,s. agro works,oil,33.9,KG,2904.0,Due
MDM002278,2025-10-04,SCH0433,singh agro,Pulses,33.9,KG,909.0,Pending
MDM011625,2025-04-09,SCH0250,s. agro works,atta,13.6,KG,408.0,Pending
MDM003235,2026-03-21,SCH0486,Singh Brothers,Wheat,49.1,KG,1473.0,Due
MDM006516,2025-12-31,SCH0532,Kumar Supplies,Wheat,33.9,KG,1794.0,Paid
MDM009547,2025-10-13,SCH0479,s. agro works,Rice,33.9,KG,1794.0,Pending
MDM003910,2025-08-27,SCH0533,kumar & co.,mustard oil,33.9,KG,4656.0,Pending
MDM011660,2025-07-31,SCH0575,Kumar Supplies,Rice,33.9,KG,636.0,Pending
MDM010504,2025-05-30,SCH0039,goyal enterprises,Rice,33.9,KG,1794.0,Due
MDM004793,2025-05-06,SCH0354,Kumar Supplies,atta,33.9,KG,1794.0,Due
MDM011863,2025-06-18,SCH0306,goyal enterprises,Rice,33.9,KG,1794.0,Due
MDM000402,2025-07-02,SCH0525,Goyal Rice Mill,Lentils,33.9,KG,3672.0,Paid
MDM004024,2026-03-21,SCH0080,singh agro,oil,27.9,KG,3348.0,Pending
MDM003709,2025-07-19,SCH0502,Goyal Rice Mill,Rice,33.9,KG,1794.0,Paid
MDM001632,2025-09-28,SCH0441,Sharma Traders,mustard oil,33.9,KG,1794.0,Paid
MDM011419,2026-02-13,SCH0451,Sharma Traders,Rice,33.9,KG,1320.0,Paid
MDM006132,2025-04-30,SCH0541,singh agro,Lentils,21.9,KG,1794.0,Cleared
MDM004013,2026-03-15,SCH0303,Kumar Supplies,Wheat,33.9,KG,606.0,Pending
MDM007368,2025-06-21,SCH0205,Kumar General Store,Rice,33.9,KG,1828.0,Paid
MDM011083,2026-03-29,SCH0359,s. agro works,Rice,13.9,KG,556.0,Paid
MDM009640,2026-02-19,SCH0154,Kumar Supplies,Wheat,33.9,KG,1794.0,Paid
MDM006082,2025-04-04,SCH0121,sharma & sons,Pulses,33.9,KG,2034.0,Cleared
MDM010051,2026-01-30,SCH0529,goyal enterprises,Rice,33.9,KG,1794.0,Cleared
MDM007355,2026-03-10,SCH0071,Kumar Supplies,Rice,33.9,KG,1180.0,Due
MDM005853,2025-09-14,SCH0286,Kumar Supplies,sarson tel,33.9,KG,2352.0,Pending
MDM009118,2025-08-22,SCH0567,singh agro,Lentils,23.4,KG,1794.0,Paid
MDM006833,2025-09-06,SCH0294,Kumar Supplies,Rice,33.9,KG,2188.0,Paid
MDM008682,2025-11-26,SCH0183,Sharma Traders,mustard oil,33.9,KG,1794.0,Cleared
MDM008068,2025-06-24,SCH0229,sharma & sons,Rice,28.5,KG,1794.0,Cleared
MDM007302,2026-03-10,SCH0440,s. agro works,sarson tel,33.9,KG,3648.0,Due
MDM007196,2026-03-30,SCH0050,Goyal Rice Mill,cooking oil,33.9,KG,4116.0,Cleared
MDM005325,2025-12-19,SCH0220,Sharma Traders,Rice,33.9,KG,1794.0,Pending
MDM003603,2025-06-23,SCH0032,goyal mill,Lentils,33.9,KG,1692.0,Due
MDM006348,2025-05-31,SCH0423,goyal mill,Lentils,17.0,KG,1530.0,Paid
MDM005101,2025-11-08,SCH0330,goyal mill,Lentils,33.9,KG,1794.0,Pending
MDM006508,2025-05-07,SCH0541,Singh Brothers,Rice,33.9,KG,1794.0,Cleared
MDM002068,2026-03-14,SCH0503,s. agro works,Pulses,33.9,KG,2511.0,Due
MDM007976,2025-06-21,SCH0387,s. agro works,Lentils,33.9,KG,4419.0,Paid
MDM005859,2025-12-21,SCH0159,sharma & sons,Rice,33.9,KG,548.0,Pending
MDM005289,2026-03-05,SCH0335,sharma & sons,Wheat,33.9,KG,1692.0,Paid
MDM010521,2026-01-25,SCH0281,sharma & sons,Rice,33.9,KG,792.0,Pending
MDM001600,2025-07-22,SCH0557,Sharma Traders,Rice,27.5,KG,1794.0,Pending
MDM009681,2025-11-01,SCH0033,singh agro,Rice,33.9,KG,1794.0,Cleared
MDM011014,2025-10-01,SCH0248,kumar & co.,sarson tel,27.0,KG,3240.0,Due
MDM001386,2026-02-18,SCH0006,Kumar General Store,Wheat,33.9,KG,1794.0,Paid
MDM009413,2025-04-26,SCH0598,goyal enterprises,Lentils,33.9,KG,1794.0,Paid
MDM008800,2026-03-18,SCH0241,goyal mill,Rice,33.9,KG,824.0,Due
MDM003853,2025-10-11,SCH0277,goyal enterprises,mustard oil,33.9,KG,3588.0,Pending
MDM006652,2025-12-05,SCH0531,Kumar Supplies,atta,33.9,KG,1794.0,Paid
MDM001406,2026-03-30,SCH0134,kumar & co.,Lentils,33.9,KG,3879.0,Paid
MDM005770,2025-12-22,SCH0342,sharma & sons,Lentils,13.1,KG,1179.0,Cleared
MDM003276,2026-01-31,SCH0102,Goyal Rice Mill,Wheat,33.9,KG,1101.0,Paid
MDM000810,2025-07-29,SCH0229,Kumar Supplies,atta,33.9,KG,858.0,Pending
MDM009483,2025-12-04,SCH0436,Singh Brothers,Rice,30.2,KG,1794.0,Pending
MDM002030,2025-05-17,SCH0319,singh agro,sarson tel,33.9,KG,1794.0,Pending
MDM011458,2025-08-08,SCH0473,Kumar Supplies,Rice,33.9,KG,1528.0,Paid
MDM002651,2025-09-16,SCH0266,s. agro works,Rice,33.9,KG,1832.0,Pending
MDM004520,2026-01-30,SCH0440,goyal enterprises,Rice,33.9,KG,1816.0,Pending
MDM003025,2025-09-22,SCH0333,Kumar General Store,Wheat,33.9,KG,1143.0,Paid
MDM011478,2026-01-11,SCH0487,kumar & co.,oil,48.3,KG,5796.0,Pending
MDM009616,2025-06-19,SCH0130,Sharma Traders,Wheat,33.9,KG,516.0,Paid
MDM008782,2026-03-26,SCH0288,Goyal Rice Mill,Lentils,24.2,KG,2178.0,Paid
MDM007808,2025-06-28,SCH0150,Kumar Supplies,Rice,33.9,KG,944.0,Pending
MDM003621,2025-05-22,SCH0020,singh agro,Rice,33.9,KG,692.0,Pending
MDM001703,2025-09-29,SCH0441,s. agro works,sarson tel,33.9,KG,4896.0,Pending
MDM004585,2026-01-13,SCH0580,s. agro works,Rice,33.9,KG,1794.0,Due
MDM000062,2025-12-17,SCH0187,Sharma Traders,atta,33.9,KG,1518.0,Paid
MDM003651,2026-02-19,SCH0505,Sharma Traders,oil,33.9,KG,2772.0,Cleared
MDM004095,2025-04-19,SCH0097,sharma & sons,Wheat,33.9,KG,1362.0,Pending
MDM005227,2025-12-19,SCH0403,goyal mill,atta,33.9,KG,351.0,Paid
MDM010781,2025-05-24,SCH0507,s. agro works,Rice,33.4,KG,1336.0,Due
MDM002095,2025-04-12,SCH0117,singh agro,Pulses,33.9,KG,1899.0,Paid
MDM011826,2025-11-20,SCH0228,Sharma Traders,oil,33.7,KG,1794.0,Pending
MDM010429,2026-03-04,SCH0178,kumar & co.,atta,33.9,KG,1794.0,Cleared
MDM001881,2025-07-02,SCH0274,sharma & sons,Wheat,33.9,KG,1794.0,Paid
MDM003371,2025-10-22,SCH0309,sharma & sons,Wheat,33.9,KG,1158.0,Pending
MDM003996,2025-05-29,SCH0116,Kumar Supplies,Wheat,33.9,KG,678.0,Paid
MDM011462,2025-08-28,SCH0168,sharma & sons,Wheat,33.9,KG,1794.0,Paid
MDM003852,2025-10-27,SCH0030,Sharma Traders,sarson tel,33.9,KG,5784.0,Due
MDM010688,2025-08-05,SCH0206,goyal mill,Lentils,33.9,KG,3438.0,Due
MDM008711,2025-05-18,SCH0416,kumar & co.,mustard oil,33.9,KG,1794.0,Due
MDM002288,2025-09-20,SCH0388,goyal enterprises,Lentils,33.9,KG,5085.0,Due
MDM009411,2025-04-04,SCH0270,Singh Brothers,oil,33.9,KG,2580.0,Paid
MDM009202,2025-06-19,SCH0037,kumar & co.,oil,33.9,KG,5376.0,Paid
MDM008807,2025-08-17,SCH0398,Sharma Traders,Rice,33.9,KG,1988.0,Paid
MDM004748,2025-05-29,SCH0301,Kumar Supplies,Rice,33.9,KG,544.0,Paid
MDM009599,2025-09-24,SCH0505,Sharma Traders,Wheat,33.9,KG,1794.0,Pending
MDM000665,2026-02-22,SCH0132,Kumar Supplies,Rice,33.9,KG,1794.0,Paid
MDM002907,2025-07-08,SCH0317,sharma & sons,Wheat,33.9,KG,1794.0,Pending
MDM007121,2025-04-06,SCH0186,goyal mill,Wheat,33.9,KG,570.0,Due
MDM001047,2025-11-19,SCH0505,Kumar General Store,Wheat,33.9,KG,1794.0,Cleared
MDM011823,2025-11-04,SCH0017,Sharma Traders,cooking oil,33.9,KG,1794.0,Paid
MDM002405,2025-12-12,SCH0491,sharma & sons,Wheat,33.9,KG,1794.0,Pending
MDM005517,2025-12-22,SCH0008,singh agro,cooking oil,33.9,KG,3696.0,Pending
MDM001706,2025-05-18,SCH0011,Kumar Supplies,Rice,33.9,KG,1794.0,Due
MDM008108,2025-09-21,SCH0517,kumar & co.,Lentils,33.9,KG,2412.0,Pending
MDM001569,2025-04-26,SCH0550,goyal enterprises,Lentils,33.9,KG,4257.0,Cleared
MDM000463,2025-09-28,SCH0300,Kumar General Store,Rice,33.9,KG,1880.0,Pending
MDM000744,2025-05-15,SCH0379,goyal enterprises,Rice,33.9,KG,1884.0,Due
MDM000223,2025-04-15,SCH0567,Sharma Traders,Lentils,33.9,KG,4392.0,Pending
MDM011274,2025-09-19,SCH0392,sharma & sons,Wheat,33.9,KG,1794.0,Due
MDM008797,2026-05-03,SCH0075,Sharma Traders,Wheat,33.9,KG,1281.0,Paid
MDM003945,2026-01-31,SCH0176,s. agro works,oil,33.9,KG,4164.0,Paid
MDM000626,2026-02-09,SCH0528,goyal mill,sarson tel,33.9,KG,2568.0,Due
MDM011918,2025-06-12,SCH0126,s. agro works,Lentils,33.9,KG,4095.0,Pending
MDM006922,2025-02-08,SCH0063,kumar & co.,Lentils,33.9,KG,1794.0,Paid
MDM002189,2025-07-21,SCH0358,Kumar Supplies,Lentils,33.9,KG,4896.0,Pending
MDM002178,2025-06-27,SCH0405,goyal mill,Rice,33.9,KG,1794.0,Paid
MDM007303,2025-06-06,SCH0544,goyal enterprises,sarson tel,33.9,KG,1794.0,Paid
MDM003500,2025-12-27,SCH0557,s. agro works,Wheat,33.9,KG,1635.0,Paid
MDM009891,2025-04-24,SCH0144,goyal enterprises,Wheat,33.9,KG,1794.0,Paid
MDM009354,2025-06-19,SCH0479,kumar & co.,Rice,12.0,KG,1794.0,Paid
MDM009055,2025-04-18,SCH0389,singh agro,cooking oil,32.7,KG,3924.0,Due
MDM007477,2026-02-04,SCH0001,Singh Brothers,cooking oil,52.8,KG,1794.0,Paid
MDM000439,2025-04-19,SCH0348,s. agro works,Lentils,33.9,KG,3420.0,Pending
MDM004602,2026-03-31,SCH0119,goyal enterprises,Rice,33.9,KG,1794.0,Cleared
MDM005717,2025-12-08,SCH0312,sharma & sons,Rice,33.9,KG,1356.0,Pending
MDM000354,2025-10-20,SCH0544,Sharma Traders,Rice,33.9,KG,684.0,Cleared
MDM009843,2025-12-07,SCH0171,kumar & co.,Wheat,33.9,KG,1794.0,Pending
MDM000457,2025-06-13,SCH0027,s. agro works,Lentils,33.9,KG,1794.0,Paid
MDM009914,2025-05-03,SCH0161,Kumar Supplies,Rice,33.9,KG,1794.0,Paid
MDM007018,2025-06-28,SCH0408,singh agro,Lentils,33.9,KG,3150.0,Pending
MDM000240,2025-08-26,SCH0467,goyal mill,sarson tel,58.5,KG,7020.0,Paid
MDM002622,2025-11-18,SCH0432,Kumar General Store,atta,33.9,KG,1233.0,Paid
MDM005693,2025-04-22,SCH0513,Sharma Traders,Wheat,33.9,KG,1566.0,Paid
MDM000231,2026-02-22,SCH0408,goyal mill,Wheat,41.0,KG,1230.0,Pending
MDM005685,2025-05-06,SCH0099,s. agro works,Wheat,33.9,KG,1794.0,Due
MDM009369,2025-07-01,SCH0600,singh agro,Wheat,33.9,KG,1548.0,Paid
MDM008298,2026-01-24,SCH0392,goyal enterprises,Wheat,11.8,KG,354.0,Paid
MDM008515,2026-02-06,SCH0296,Sharma Traders,Lentils,33.9,KG,2529.0,Pending
MDM007825,2025-05-26,SCH0070,Sharma Traders,Rice,33.9,KG,2352.0,Cleared
MDM001019,2025-10-28,SCH0140,goyal enterprises,Rice,33.9,KG,1794.0,Cleared
MDM007392,2025-04-19,SCH0539,Kumar Supplies,Pulses,33.9,KG,1755.0,Cleared
MDM008792,2025-12-01,SCH0443,Kumar Supplies,Lentils,33.9,KG,4680.0,Paid
MDM008645,2025-07-22,SCH0242,Sharma Traders,Lentils,33.9,KG,3015.0,Pending
MDM001761,2025-11-29,SCH0566,singh agro,Pulses,11.6,KG,1044.0,Pending
MDM005821,2025-08-29,SCH0419,Goyal Rice Mill,Lentils,33.9,KG,1701.0,Paid
MDM000843,2025-11-20,SCH0189,Singh Brothers,Wheat,33.9,KG,627.0,Paid
MDM010973,2025-06-16,SCH0534,Kumar General Store,Lentils,33.9,KG,1794.0,Paid
MDM010482,2025-04-06,SCH0149,Sharma Traders,atta,33.9,KG,1794.0,Due
MDM007043,2026-01-15,SCH0271,Sharma Traders,Rice,33.9,KG,1744.0,Due
MDM001104,2026-01-01,SCH0419,goyal mill,Wheat,31.6,KG,948.0,Paid
MDM008038,2026-03-15,SCH0050,Singh Brothers,Wheat,51.1,KG,1533.0,Pending
MDM008241,2025-07-04,SCH0297,Goyal Rice Mill,Lentils,33.9,KG,1794.0,Paid
MDM004075,2025-04-29,SCH0513,goyal mill,Rice,33.9,KG,1794.0,Paid
MDM005562,2025-07-23,SCH0285,Goyal Rice Mill,Wheat,33.9,KG,1794.0,Pending
MDM003252,2025-11-27,SCH0040,kumar & co.,Lentils,33.9,KG,1794.0,Paid
MDM004640,2025-08-06,SCH0225,Goyal Rice Mill,Wheat,33.9,KG,681.0,Paid
MDM010108,2025-06-08,SCH0160,sharma & sons,Rice,15.4,KG,616.0,Paid
MDM003064,2025-09-04,SCH0109,Sharma Traders,Rice,33.9,KG,464.0,Paid
MDM008179,2026-01-09,SCH0498,Kumar Supplies,Rice,26.6,KG,1064.0,Paid
MDM004935,2025-07-06,SCH0015,s. agro works,mustard oil,53.9,KG,1794.0,Cleared
MDM011714,2025-12-23,SCH0588,sharma & sons,Wheat,33.9,KG,1101.0,Pending
MDM002948,2025-06-12,SCH0065,kumar & co.,Wheat,18.2,KG,1794.0,Paid
MDM011319,2025-05-23,SCH0332,s. agro works,Rice,33.9,KG,2232.0,Cleared
MDM011405,2025-05-06,SCH0264,goyal enterprises,Lentils,33.9,KG,2592.0,Paid
MDM007325,2026-02-21,SCH0110,goyal enterprises,atta,33.9,KG,1137.0,Paid
MDM003432,2025-05-25,SCH0308,Sharma Traders,mustard oil,33.9,KG,2580.0,Pending
MDM011020,2025-05-10,SCH0042,Sharma Traders,sarson tel,33.9,KG,1764.0,Cleared
MDM004827,2025-07-17,SCH0270,Sharma Traders,Lentils,33.9,KG,3204.0,Pending
MDM006769,2025-07-08,SCH0130,Singh Brothers,Lentils,33.9,KG,4320.0,Paid
MDM010760,2025-10-01,SCH0240,Kumar Supplies,Rice,33.9,KG,1788.0,Pending
MDM004402,2026-03-02,SCH0495,kumar & co.,mustard oil,33.9,KG,5916.0,Paid
MDM009947,2026-01-24,SCH0589,singh agro,Rice,37.5,KG,1794.0,Paid
MDM010390,2025-06-25,SCH0299,goyal mill,Rice,33.9,KG,1272.0,Due
MDM005382,2025-11-12,SCH0336,singh agro,Rice,33.9,KG,1008.0,Paid
MDM001035,2025-12-10,SCH0367,sharma & sons,Rice,59.1,KG,2364.0,Paid
MDM002265,2025-12-19,SCH0564,Singh Brothers,Lentils,42.0,KG,3780.0,Due
MDM009113,2025-09-20,SCH0207,s. agro works,Lentils,33.9,KG,1794.0,Paid
MDM004744,2025-07-11,SCH0570,kumar & co.,Lentils,33.9,KG,1794.0,Paid
MDM004282,2025-04-06,SCH0410,kumar & co.,Lentils,30.8,KG,2772.0,Paid
MDM007282,2025-08-17,SCH0333,Goyal Rice Mill,cooking oil,33.9,KG,1794.0,Paid
MDM000907,2025-12-30,SCH0005,singh agro,Rice,33.9,KG,1576.0,Due
MDM011886,2025-10-13,SCH0580,sharma & sons,mustard oil,33.9,KG,5292.0,Pending
MDM010428,2025-04-02,SCH0142,Goyal Rice Mill,Wheat,33.9,KG,1257.0,Paid
MDM000369,2026-03-13,SCH0489,s. agro works,mustard oil,33.9,KG,5736.0,Cleared
MDM011519,2026-02-21,SCH0179,Sharma Traders,oil,33.9,KG,3888.0,Cleared
MDM003594,2025-10-19,SCH0240,Sharma Traders,Lentils,33.9,KG,1794.0,Paid
MDM001416,2025-10-12,SCH0519,Sharma Traders,Lentils,33.9,KG,5067.0,Due
MDM004321,2025-04-11,SCH0108,Kumar Supplies,Rice,33.9,KG,1794.0,Pending
MDM002287,2025-05-12,SCH0096,Singh Brothers,Wheat,33.9,KG,1794.0,Pending
MDM008672,2025-08-24,SCH0590,goyal mill,Rice,33.9,KG,516.0,Pending
MDM005501,2025-04-18,SCH0366,goyal mill,Rice,33.9,KG,880.0,Cleared
MDM008741,2025-05-08,SCH0151,Kumar General Store,Rice,33.9,KG,1794.0,Due
MDM005529,2025-12-04,SCH0138,Sharma Traders,Wheat,33.9,KG,1515.0,Pending
MDM000115,2025-10-05,SCH0230,Sharma Traders,oil,33.9,KG,4632.0,Paid
MDM011209,2025-05-22,SCH0339,Sharma Traders,Rice,33.9,KG,1794.0,Due
MDM003995,2025-09-18,SCH0445,Sharma Traders,sarson tel,33.9,KG,2232.0,Paid
MDM002901,2025-05-04,SCH0060,Goyal Rice Mill,atta,33.9,KG,1677.0,Paid
MDM001722,2025-07-10,SCH0419,Kumar General Store,Wheat,33.9,KG,1794.0,Cleared
MDM006460,2026-03-06,SCH0181,goyal enterprises,Pulses,33.9,KG,1794.0,Cleared
MDM004581,2025-06-22,SCH0072,goyal mill,Wheat,33.9,KG,1794.0,Cleared
MDM003185,2025-06-17,SCH0032,Goyal Rice Mill,sarson tel,33.9,KG,2904.0,Paid
MDM007959,2025-06-07,SCH0182,s. agro works,Rice,33.9,KG,1794.0,Cleared
MDM001825,2025-08-15,SCH0524,Sharma Traders,Rice,33.9,KG,1794.0,Paid
MDM003081,2026-03-09,SCH0058,sharma & sons,cooking oil,33.9,KG,1794.0,Cleared
MDM007181,2025-09-04,SCH0101,goyal enterprises,Rice,33.9,KG,1794.0,Due
MDM003024,2025-08-27,SCH0521,Sharma Traders,sarson tel,42.8,KG,5136.0,Paid
MDM007714,2026-02-26,SCH0430,sharma & sons,Rice,33.9,KG,644.0,Paid
MDM009941,2025-10-11,SCH0029,Sharma Traders,Rice,33.9,KG,1794.0,Cleared
MDM001902,2025-10-06,SCH0132,goyal mill,cooking oil,33.9,KG,5952.0,Paid
MDM007309,2025-10-13,SCH0160,Kumar General Store,Lentils,33.9,KG,1794.0,Paid
MDM003233,2025-09-12,SCH0363,Kumar General Store,Wheat,33.9,KG,831.0,Paid
MDM002321,2026-08-03,SCH0558,Kumar Supplies,Pulses,39.5,KG,3555.0,Pending
MDM001919,2026-02-21,SCH0091,Kumar Supplies,cooking oil,33.9,KG,3972.0,Paid
MDM009674,2025-07-13,SCH0035,Kumar Supplies,Pulses,24.0,KG,1794.0,Due
MDM005917,2025-09-01,SCH0251,Goyal Rice Mill,Lentils,33.9,KG,4716.0,Paid
MDM001570,2025-10-18,SCH0005,Sharma Traders,oil,33.9,KG,1560.0,Pending
MDM006058,2025-08-02,SCH0355,kumar & co.,Wheat,33.9,KG,1236.0,Due
MDM000348,2026-02-25,SCH0532,sharma & sons,Lentils,33.9,KG,1638.0,Paid
MDM001243,2025-11-02,SCH0206,Goyal Rice Mill,Pulses,33.9,KG,3537.0,Cleared
MDM000421,2025-08-07,SCH0014,Kumar General Store,Lentils,33.9,KG,2736.0,Paid
MDM004983,2026-01-14,SCH0002,sharma & sons,Pulses,44.0,KG,1794.0,Due
MDM009331,2026-01-28,SCH0024,singh agro,Rice,33.9,KG,1794.0,Paid
MDM000038,2026-01-13,SCH0252,Sharma Traders,Wheat,33.9,KG,849.0,Pending
MDM011961,2025-04-13,SCH0368,Sharma Traders,Lentils,33.9,KG,4005.0,Pending
MDM010052,2026-02-22,SCH0448,Sharma Traders,Wheat,33.9,KG,1794.0,Paid
MDM004503,2025-06-04,SCH0419,kumar & co.,cooking oil,33.9,KG,3696.0,Paid
MDM010872,2025-08-29,SCH0380,Kumar General Store,Wheat,33.9,KG,1794.0,Paid
MDM010774,2026-01-26,SCH0357,Sharma Traders,Rice,33.9,KG,848.0,Due
MDM001032,2025-12-15,SCH0377,goyal mill,Lentils,33.9,KG,1287.0,Paid
MDM011679,2025-06-13,SCH0027,goyal enterprises,sarson tel,33.9,KG,4836.0,Paid
MDM007146,2025-08-17,SCH0574,Singh Brothers,Rice,33.9,KG,536.0,Pending
MDM004398,2026-06-02,SCH0164,goyal mill,Wheat,33.9,KG,1317.0,Due
MDM007413,2025-07-30,SCH0186,goyal enterprises,Lentils,33.9,KG,1161.0,Cleared
MDM004963,2026-02-20,SCH0558,sharma & sons,oil,33.9,KG,2964.0,Pending
MDM005404,2026-01-04,SCH0041,singh agro,Rice,33.9,KG,1794.0,Paid
MDM010581,2025-05-14,SCH0042,s. agro works,Rice,33.9,KG,764.0,Paid
MDM000764,2026-03-29,SCH0262,Sharma Traders,Rice,33.9,KG,1794.0,Paid
MDM008369,2026-03-29,SCH0589,sharma & sons,Wheat,33.9,KG,1794.0,Due
MDM010982,2025-12-05,SCH0530,Kumar Supplies,Rice,33.9,KG,1868.0,Pending
MDM005033,2025-06-07,SCH0396,Sharma Traders,Pulses,33.9,KG,1794.0,Paid
MDM002485,2025-03-08,SCH0560,Kumar Supplies,Wheat,17.0,KG,510.0,Pending
MDM006209,2025-01-04,SCH0503,singh agro,Lentils,33.9,KG,4167.0,Due
MDM001223,2025-12-05,SCH0371,Kumar General Store,Wheat,33.9,KG,1794.0,Pending
MDM008095,2025-11-19,SCH0021,goyal mill,cooking oil,33.9,KG,3648.0,Paid
MDM008456,2026-02-26,SCH0401,Kumar General Store,Lentils,33.9,KG,2862.0,Cleared
MDM002135,2026-03-22,SCH0450,goyal enterprises,Lentils,17.3,KG,1794.0,Due
MDM002424,2025-11-10,SCH0351,Kumar General Store,Wheat,33.9,KG,1794.0,Paid
MDM008120,2025-12-16,SCH0551,Singh Brothers,Wheat,33.9,KG,1794.0,Cleared
MDM005203,2026-01-05,SCH0577,sharma & sons,Lentils,16.7,KG,1503.0,Pending
MDM007047,2025-12-01,SCH0248,sharma & sons,Wheat,33.9,KG,1407.0,Pending
MDM010884,2026-03-07,SCH0019,Sharma Traders,Rice,33.9,KG,1844.0,Paid
MDM006935,2025-04-28,SCH0251,Singh Brothers,oil,28.9,KG,3468.0,Due
MDM005512,2025-06-11,SCH0352,Sharma Traders,sarson tel,33.9,KG,3228.0,Due
MDM006741,2026-03-01,SCH0594,singh agro,Rice,33.9,KG,452.0,Paid
MDM008998,2025-09-12,SCH0402,goyal enterprises,mustard oil,33.9,KG,4404.0,Pending
MDM004603,2025-07-21,SCH0471,Sharma Traders,mustard oil,33.9,KG,3636.0,Paid
MDM001576,2025-12-22,SCH0166,sharma & sons,cooking oil,33.9,KG,1794.0,Due
MDM000510,2025-12-29,SCH0193,s. agro works,Lentils,33.9,KG,1794.0,Paid
MDM009614,2025-08-18,SCH0226,kumar & co.,Rice,55.4,KG,1794.0,Paid
MDM006569,2025-06-16,SCH0514,goyal enterprises,Rice,33.9,KG,1794.0,Paid
MDM009255,2025-07-14,SCH0412,goyal mill,Pulses,33.9,KG,3771.0,Pending
MDM002305,2025-10-14,SCH0160,sharma & sons,oil,33.9,KG,5676.0,Due
MDM004721,2025-10-18,SCH0490,Kumar Supplies,oil,33.9,KG,1794.0,Paid
MDM008638,2025-09-25,SCH0139,s. agro works,Rice,33.9,KG,2080.0,Pending
MDM000749,2025-05-11,SCH0022,singh agro,Rice,33.9,KG,1824.0,Cleared
MDM004270,2025-11-16,SCH0567,goyal mill,cooking oil,33.9,KG,4944.0,Due
MDM011877,2025-07-19,SCH0560,Sharma Traders,Wheat,33.9,KG,1794.0,Paid
MDM001260,2026-03-07,SCH0214,goyal enterprises,Rice,33.9,KG,1356.0,Paid
MDM003078,2026-01-16,SCH0424,goyal enterprises,Lentils,39.2,KG,3528.0,Paid
MDM006467,2025-08-18,SCH0372,Sharma Traders,cooking oil,33.9,KG,1794.0,Paid
MDM001889,2025-09-12,SCH0093,Sharma Traders,Rice,33.9,KG,1794.0,Cleared
MDM011908,2026-02-26,SCH0573,sharma & sons,sarson tel,33.9,KG,1794.0,Due
MDM005959,2025-11-02,SCH0092,goyal mill,Wheat,33.9,KG,1266.0,Pending
MDM008058,2025-09-21,SCH0096,Sharma Traders,Lentils,33.9,KG,1794.0,Due
MDM000712,2025-05-06,SCH0349,Goyal Rice Mill,Rice,33.9,KG,2036.0,Paid
MDM009000,2025-11-13,SCH0033,Goyal Rice Mill,sarson tel,33.9,KG,1794.0,Paid
MDM011272,2025-05-30,SCH0112,sharma & sons,Pulses,33.9,KG,4914.0,Paid
MDM010488,2025-12-15,SCH0114,kumar & co.,Wheat,33.9,KG,417.0,Pending
MDM004296,2025-12-04,SCH0466,Kumar Supplies,Rice,33.9,KG,1284.0,Due
MDM001373,2025-05-03,SCH0146,Sharma Traders,mustard oil,33.9,KG,5184.0,Paid
MDM006089,2025-11-01,SCH0576,goyal mill,cooking oil,33.9,KG,1794.0,Paid
MDM010677,2026-01-13,SCH0018,sharma & sons,Wheat,33.9,KG,771.0,Cleared
MDM000713,2026-03-14,SCH0581,kumar & co.,Wheat,33.9,KG,1794.0,Due
MDM003330,2025-09-13,SCH0272,kumar & co.,oil,33.9,KG,1794.0,Pending
MDM009453,2026-02-20,SCH0578,Goyal Rice Mill,Rice,33.9,KG,1794.0,Paid
MDM005961,2026-02-22,SCH0528,goyal enterprises,Pulses,33.9,KG,2358.0,Paid
MDM009743,2025-05-08,SCH0211,kumar & co.,mustard oil,33.9,KG,1794.0,Paid
MDM011999,2026-01-12,SCH0506,singh agro,sarson tel,33.9,KG,1794.0,Pending
MDM010575,2025-07-11,SCH0389,goyal enterprises,Lentils,33.9,KG,1794.0,Pending
MDM005031,2025-10-08,SCH0257,Singh Brothers,sarson tel,40.6,KG,4872.0,Pending
MDM009920,2025-09-28,SCH0088,goyal enterprises,Wheat,33.9,KG,1794.0,Paid
MDM011776,2025-06-27,SCH0557,goyal enterprises,Rice,33.9,KG,616.0,Due
MDM008285,2025-10-14,SCH0130,Singh Brothers,atta,33.9,KG,1656.0,Due
MDM006071,2025-07-08,SCH0526,singh agro,Wheat,33.9,KG,915.0,Paid
MDM004100,2025-10-20,SCH0372,Kumar Supplies,Lentils,33.9,KG,1794.0,Paid
MDM009339,2025-12-17,SCH0192,Singh Brothers,Wheat,33.9,KG,1392.0,Paid
MDM001483,2026-03-28,SCH0038,sharma & sons,Wheat,33.9,KG,327.0,Paid
MDM001490,2025-07-16,SCH0041,kumar & co.,Lentils,33.9,KG,4977.0,Cleared
MDM000105,2026-02-20,SCH0191,Goyal Rice Mill,oil,23.1,KG,2772.0,Due
MDM010828,2025-05-16,SCH0213,sharma & sons,cooking oil,33.9,KG,1794.0,Pending
MDM001795,2025-11-13,SCH0543,Goyal Rice Mill,Lentils,18.7,KG,1683.0,Pending
MDM006773,2025-09-22,SCH0155,kumar & co.,Rice,33.9,KG,1624.0,Paid
MDM001822,2026-01-23,SCH0322,goyal enterprises,Rice,33.9,KG,2084.0,Cleared
MDM002387,2025-05-23,SCH0268,kumar & co.,Lentils,33.9,KG,2061.0,Pending
MDM004393,2026-01-02,SCH0401,Singh Brothers,mustard oil,33.9,KG,1368.0,Paid
MDM008041,2026-02-26,SCH0347,Kumar General Store,cooking oil,22.8,KG,1794.0,Paid
MDM008813,2025-06-24,SCH0518,Kumar Supplies,Rice,33.9,KG,1876.0,Paid
MDM001742,2025-04-27,SCH0356,singh agro,Rice,33.9,KG,2064.0,Paid
MDM001659,2025-06-26,SCH0179,Singh Brothers,sarson tel,33.9,KG,1794.0,Paid
MDM000213,2025-08-04,SCH0476,Kumar General Store,atta,53.4,KG,1794.0,Cleared
MDM005640,2025-04-29,SCH0449,goyal enterprises,cooking oil,33.9,KG,1794.0,Pending
MDM011167,2025-08-03,SCH0271,Sharma Traders,Rice,33.9,KG,1668.0,Paid
MDM006381,2025-07-26,SCH0008,sharma & sons,sarson tel,33.9,KG,1794.0,Cleared
MDM003059,2025-08-05,SCH0552,Kumar Supplies,oil,33.9,KG,1824.0,Pending
MDM000324,2025-12-06,SCH0469,Kumar Supplies,Lentils,10.6,KG,954.0,Cleared
MDM011642,2026-03-06,SCH0255,Kumar Supplies,Pulses,33.9,KG,1794.0,Pending
MDM001098,2025-09-23,SCH0026,Singh Brothers,Wheat,33.9,KG,1284.0,Paid
MDM011814,2025-10-08,SCH0216,singh agro,Lentils,33.9,KG,5013.0,Cleared
MDM001360,2026-01-23,SCH0593,goyal mill,Wheat,33.9,KG,609.0,Paid
MDM000335,2025-10-05,SCH0161,goyal mill,Lentils,33.9,KG,1794.0,Paid
MDM009085,2025-09-13,SCH0256,Goyal Rice Mill,Wheat,33.9,KG,1794.0,Cleared
MDM003111,2026-01-03,SCH0343,kumar & co.,Rice,33.9,KG,1368.0,Pending
MDM003475,2026-03-18,SCH0507,s. agro works,Rice,33.9,KG,1052.0,Paid
MDM002841,2025-10-03,SCH0443,kumar & co.,Rice,33.9,KG,2060.0,Paid
MDM003692,2025-07-23,SCH0454,goyal mill,Wheat,33.9,KG,1794.0,Paid
MDM001614,2025-09-15,SCH0328,Goyal Rice Mill,Rice,27.8,KG,1794.0,Paid
MDM007008,2025-09-01,SCH0478,kumar & co.,Wheat,33.9,KG,972.0,Due
MDM000793,2025-12-09,SCH0236,sharma & sons,Wheat,33.9,KG,1047.0,Paid
MDM000234,2026-02-08,SCH0110,Sharma Traders,mustard oil,33.9,KG,1794.0,Paid
MDM005999,2025-08-25,SCH0028,Sharma Traders,sarson tel,33.9,KG,1794.0,Paid
MDM010134,2026-02-22,SCH0141,sharma & sons,Lentils,30.3,KG,1794.0,Pending
MDM001065,2025-05-04,SCH0053,goyal mill,Rice,33.9,KG,2120.0,Pending
MDM000210,2025-09-14,SCH0194,Kumar Supplies,Lentils,52.6,KG,4734.0,Due
MDM010400,2026-02-13,SCH0429,Kumar Supplies,Pulses,33.9,KG,4734.0,Paid
MDM001328,2026-02-24,SCH0376,Goyal Rice Mill,Lentils,33.9,KG,1794.0,Paid
MDM005787,2025-12-26,SCH0384,Singh Brothers,Wheat,33.9,KG,432.0,Pending
MDM010650,2025-05-13,SCH0471,Goyal Rice Mill,sarson tel,33.9,KG,1794.0,Paid
MDM005129,2025-04-24,SCH0256,Goyal Rice Mill,Rice,33.9,KG,1794.0,Paid
MDM001898,2025-08-10,SCH0073,kumar & co.,Rice,33.9,KG,1794.0,Cleared
MDM004074,2026-03-30,SCH0404,sharma & sons,Rice,33.9,KG,1468.0,Paid
MDM002414,2026-03-22,SCH0266,kumar & co.,Rice,33.9,KG,1492.0,Pending
MDM004609,2025-07-22,SCH0473,goyal mill,oil,33.9,KG,1794.0,Paid
MDM005925,2025-07-17,SCH0443,s. agro works,mustard oil,34.3,KG,4116.0,Paid
MDM005175,2025-03-11,SCH0052,Kumar Supplies,Wheat,33.9,KG,1281.0,Pending
MDM009545,2026-03-06,SCH0493,kumar & co.,Rice,33.9,KG,1268.0,Pending
MDM003543,2025-10-21,SCH0016,Singh Brothers,Lentils,33.9,KG,2304.0,Paid
MDM005523,2025-11-07,SCH0185,s. agro works,Pulses,33.9,KG,3177.0,Paid
MDM000872,2025-04-03,SCH0145,Sharma Traders,oil,33.9,KG,1794.0,Paid
MDM008013,2025-10-17,SCH0194,Kumar General Store,Rice,33.9,KG,1794.0,Paid
MDM006498,2025-02-11,SCH0372,Goyal Rice Mill,Rice,41.0,KG,1794.0,Paid
MDM001264,2026-01-22,SCH0187,Goyal Rice Mill,Wheat,33.9,KG,1794.0,Due
MDM001619,2025-06-29,SCH0076,Singh Brothers,Lentils,33.9,KG,1794.0,Paid
MDM007250,2025-09-14,SCH0469,Goyal Rice Mill,mustard oil,33.9,KG,5628.0,Paid
MDM007417,2025-08-14,SCH0474,singh agro,Lentils,33.9,KG,1242.0,Paid
MDM006114,2025-05-20,SCH0223,Sharma Traders,Wheat,33.9,KG,807.0,Pending
MDM002415,2025-10-06,SCH0454,Kumar General Store,Rice,33.9,KG,856.0,Paid
MDM005435,2025-05-10,SCH0235,Kumar Supplies,sarson tel,33.9,KG,2496.0,Paid
MDM007195,2025-07-19,SCH0065,Goyal Rice Mill,cooking oil,33.9,KG,2856.0,Paid
MDM004881,2025-05-11,SCH0206,Singh Brothers,Lentils,33.9,KG,1794.0,Cleared
MDM001221,2025-10-19,SCH0568,kumar & co.,Lentils,33.9,KG,5391.0,Paid
MDM006887,2026-03-31,SCH0223,Kumar Supplies,Lentils,33.9,KG,4338.0,Cleared
MDM001766,2025-06-08,SCH0516,singh agro,Pulses,33.9,KG,2232.0,Paid
MDM004217,2025-09-06,SCH0355,kumar & co.,Lentils,32.4,KG,2916.0,Paid
MDM002457,2025-05-13,SCH0051,goyal mill,atta,33.9,KG,1539.0,Pending
MDM005973,2025-09-12,SCH0173,goyal enterprises,mustard oil,33.9,KG,1794.0,Paid
MDM010995,2025-06-11,SCH0526,Sharma Traders,sarson tel,33.9,KG,4044.0,Paid
MDM002002,2025-12-04,SCH0354,goyal mill,oil,33.9,KG,4740.0,Pending
MDM001514,2025-10-08,SCH0133,sharma & sons,Wheat,33.9,KG,1290.0,Paid
MDM006497,2026-02-26,SCH0096,sharma & sons,Pulses,33.9,KG,1794.0,Paid
MDM005251,2025-08-13,SCH0008,kumar & co.,Lentils,33.9,KG,1794.0,Paid
MDM002802,2025-07-21,SCH0122,Goyal Rice Mill,Pulses,33.9,KG,2934.0,Paid
MDM004169,2026-02-23,SCH0572,singh agro,Wheat,33.9,KG,1353.0,Pending
MDM009625,2026-02-12,SCH0377,Kumar General Store,Lentils,59.8,KG,5382.0,Paid
MDM003583,2025-06-04,SCH0272,Goyal Rice Mill,Rice,33.9,KG,2228.0,Cleared
MDM002524,2026-01-27,SCH0030,Kumar General Store,Lentils,33.9,KG,5337.0,Cleared
MDM004468,2025-11-27,SCH0565,Goyal Rice Mill,Lentils,33.9,KG,1728.0,Pending
MDM007793,2026-03-21,SCH0093,goyal mill,Rice,33.9,KG,1794.0,Cleared
MDM009469,2025-12-04,SCH0581,kumar & co.,sarson tel,33.9,KG,5244.0,Cleared
MDM008222,2026-02-15,SCH0363,Kumar General Store,Lentils,33.9,KG,1548.0,Due
MDM007614,2026-02-11,SCH0063,Kumar Supplies,Wheat,33.9,KG,1518.0,Pending
MDM008119,2025-10-29,SCH0425,Sharma Traders,Pulses,33.9,KG,1794.0,Paid
MDM003079,2026-03-04,SCH0212,Kumar Supplies,Lentils,33.9,KG,4131.0,Pending
MDM009673,2025-04-13,SCH0578,Sharma Traders,Lentils,21.1,KG,1899.0,Pending
MDM007803,2025-10-09,SCH0181,sharma & sons,Wheat,23.4,KG,1794.0,Due
MDM007465,2025-11-20,SCH0280,kumar & co.,Rice,33.9,KG,880.0,Paid
MDM010631,2025-05-03,SCH0373,Sharma Traders,oil,33.9,KG,6408.0,Cleared
MDM002111,2025-10-22,SCH0093,Sharma Traders,Lentils,33.9,KG,1794.0,Paid
MDM007361,2025-06-14,SCH0560,sharma & sons,Rice,33.9,KG,1140.0,Pending
MDM002376,2025-12-26,SCH0567,Goyal Rice Mill,Wheat,33.9,KG,1794.0,Cleared
MDM009405,2025-06-13,SCH0213,s. agro works,mustard oil,33.9,KG,1794.0,Pending
MDM009439,2025-11-10,SCH0435,Sharma Traders,Rice,33.9,KG,1872.0,Pending
MDM001329,2025-09-11,SCH0056,Kumar General Store,mustard oil,33.9,KG,1794.0,Pending
MDM005628,2025-04-22,SCH0290,kumar & co.,mustard oil,33.9,KG,4812.0,Paid
MDM002309,2025-10-13,SCH0087,Goyal Rice Mill,Lentils,33.9,KG,1794.0,Paid
MDM004820,2025-12-17,SCH0574,Kumar Supplies,Wheat,33.9,KG,1794.0,Pending
MDM003547,2025-10-11,SCH0084,Sharma Traders,Lentils,33.9,KG,4545.0,Cleared
MDM003972,2025-11-22,SCH0270,kumar & co.,mustard oil,33.9,KG,3876.0,Due
MDM003528,2025-11-22,SCH0375,Kumar Supplies,Rice,33.9,KG,1794.0,Paid
MDM010464,2025-04-10,SCH0350,goyal enterprises,Lentils,33.9,KG,4788.0,Paid
MDM007378,2026-03-09,SCH0189,s. agro works,Rice,33.9,KG,1794.0,Cleared
MDM002166,2025-06-16,SCH0319,s. agro works,Lentils,12.9,KG,1161.0,Paid
MDM000618,2025-09-20,SCH0361,Sharma Traders,Wheat,34.2,KG,1026.0,Pending
MDM011998,2026-01-12,SCH0140,sharma & sons,Rice,33.9,KG,1794.0,Paid
MDM004076,2025-07-04,SCH0298,s. agro works,Lentils,33.9,KG,3150.0,Paid
MDM004973,2025-11-20,SCH0383,Singh Brothers,Rice,33.9,KG,1284.0,Paid
MDM011736,2026-03-28,SCH0136,Singh Brothers,Rice,33.9,KG,1794.0,Paid
MDM010109,2025-05-08,SCH0559,Kumar General Store,oil,33.9,KG,1794.0,Paid
MDM009171,2025-12-15,SCH0474,Goyal Rice Mill,cooking oil,33.9,KG,5280.0,Due
MDM008450,2025-05-30,SCH0365,goyal enterprises,oil,55.1,KG,6612.0,Paid
MDM006862,2026-03-31,SCH0428,singh agro,Wheat,33.9,KG,1500.0,Paid
MDM004673,2025-06-27,SCH0245,goyal enterprises,Rice,33.9,KG,444.0,Paid
MDM002653,2025-05-25,SCH0057,singh agro,mustard oil,33.9,KG,3540.0,Pending
MDM008887,2025-09-15,SCH0061,goyal enterprises,Wheat,44.8,KG,1344.0,Pending
MDM000746,2026-03-20,SCH0067,singh agro,sarson tel,33.9,KG,1794.0,Paid
MDM003542,2025-12-19,SCH0118,s. agro works,Lentils,33.9,KG,1794.0,Pending
MDM010614,2025-08-09,SCH0102,Sharma Traders,Wheat,33.9,KG,1071.0,Cleared
MDM003746,2025-12-14,SCH0581,Goyal Rice Mill,Rice,33.9,KG,1140.0,Pending
MDM002005,2025-04-01,SCH0037,Kumar General Store,Lentils,33.9,KG,3159.0,Cleared
MDM007856,2025-09-28,SCH0038,Kumar Supplies,Rice,33.9,KG,2388.0,Due
MDM004844,2025-07-05,SCH0448,goyal enterprises,Lentils,33.9,KG,1794.0,Due
MDM003048,2025-11-22,SCH0477,s. agro works,Lentils,33.9,KG,2349.0,Due
MDM011603,2025-09-20,SCH0472,Sharma Traders,Rice,33.9,KG,1794.0,Paid
MDM010942,2025-06-01,SCH0120,Kumar General Store,Rice,33.9,KG,1794.0,Paid
MDM001337,2025-09-11,SCH0310,Sharma Traders,Rice,33.9,KG,1794.0,Cleared
MDM006459,2026-03-24,SCH0102,Kumar Supplies,Lentils,33.9,KG,3375.0,Paid
MDM009823,2025-05-15,SCH0283,goyal enterprises,Wheat,26.3,KG,1794.0,Due
MDM007443,2025-12-07,SCH0325,Sharma Traders,Lentils,33.9,KG,3663.0,Paid
MDM006889,2025-07-01,SCH0382,kumar & co.,Lentils,45.5,KG,4095.0,Paid
MDM003096,2025-11-09,SCH0278,Kumar Supplies,Rice,33.9,KG,1794.0,Pending
MDM005290,2025-08-02,SCH0351,Kumar General Store,cooking oil,23.5,KG,2820.0,Paid
MDM003286,2025-04-26,SCH0501,sharma & sons,Wheat,33.9,KG,807.0,Paid
MDM005599,2026-01-08,SCH0016,goyal enterprises,Wheat,30.0,KG,1794.0,Pending
MDM007414,2026-01-15,SCH0062,Kumar General Store,atta,33.9,KG,1794.0,Pending
MDM004992,2025-07-27,SCH0537,Goyal Rice Mill,cooking oil,35.1,KG,4212.0,Due
MDM003752,2025-11-17,SCH0190,Goyal Rice Mill,cooking oil,33.9,KG,1794.0,Paid
MDM001314,2025-09-23,SCH0491,Kumar General Store,Pulses,33.9,KG,1794.0,Due
MDM004783,2025-06-23,SCH0106,kumar & co.,Lentils,20.3,KG,1827.0,Paid
MDM011986,2025-09-29,SCH0485,Singh Brothers,atta,33.9,KG,1533.0,Cleared
MDM007678,2025-07-11,SCH0125,goyal mill,Wheat,33.9,KG,1794.0,Due
MDM005817,2025-06-06,SCH0179,goyal mill,Lentils,33.9,KG,4779.0,Pending
MDM002904,2025-05-28,SCH0357,Sharma Traders,Lentils,33.9,KG,1386.0,Pending
MDM005425,2025-08-03,SCH0350,kumar & co.,mustard oil,33.9,KG,4224.0,Paid
MDM007457,2025-07-04,SCH0316,s. agro works,Lentils,33.9,KG,1794.0,Due
MDM003334,2025-04-17,SCH0444,goyal mill,Wheat,33.9,KG,1794.0,Pending
MDM007848,2025-04-25,SCH0464,Kumar General Store,cooking oil,33.9,KG,7008.0,Due
MDM008024,2026-03-23,SCH0124,goyal enterprises,Rice,29.2,KG,1168.0,Pending
MDM007247,2025-12-23,SCH0087,Kumar Supplies,cooking oil,33.9,KG,3828.0,Paid
MDM003054,2025-04-06,SCH0198,s. agro works,Lentils,33.9,KG,1107.0,Paid
MDM009158,2025-06-18,SCH0217,Goyal Rice Mill,Pulses,29.4,KG,2646.0,Paid
MDM000977,2025-12-13,SCH0131,Goyal Rice Mill,Wheat,33.9,KG,1794.0,Pending
MDM006214,2025-12-28,SCH0091,Kumar Supplies,Wheat,55.4,KG,1662.0,Paid
MDM004985,2025-05-25,SCH0320,singh agro,Lentils,33.9,KG,4869.0,Paid
MDM000654,2025-05-04,SCH0528,Sharma Traders,oil,33.9,KG,1794.0,Cleared
MDM010319,2026-10-01,SCH0166,sharma & sons,Pulses,33.9,KG,1794.0,Cleared
MDM002270,2025-08-09,SCH0335,sharma & sons,mustard oil,33.9,KG,3120.0,Due
MDM005611,2025-05-17,SCH0545,Kumar General Store,mustard oil,33.9,KG,6348.0,Pending
MDM001504,2026-07-01,SCH0339,Kumar General Store,Wheat,33.9,KG,777.0,Paid
MDM010541,2026-03-02,SCH0253,goyal mill,Lentils,33.9,KG,2160.0,Cleared
MDM008219,2026-01-29,SCH0234,kumar & co.,cooking oil,33.9,KG,3348.0,Pending
MDM007279,2025-08-03,SCH0233,Kumar General Store,sarson tel,33.9,KG,4704.0,Paid
MDM008695,2025-12-12,SCH0585,Singh Brothers,Wheat,33.9,KG,1794.0,Pending
MDM004348,2025-08-17,SCH0466,Kumar Supplies,Pulses,33.9,KG,5193.0,Due
MDM007953,2025-06-24,SCH0012,Sharma Traders,Lentils,33.9,KG,4185.0,Due
MDM010540,2025-07-08,SCH0553,Sharma Traders,sarson tel,33.9,KG,1794.0,Paid
MDM002115,2025-05-12,SCH0575,Kumar General Store,Lentils,33.9,KG,3717.0,Cleared
MDM006811,2025-11-29,SCH0481,singh agro,Lentils,33.9,KG,3222.0,Paid
MDM006301,2026-02-27,SCH0186,singh agro,Rice,33.9,KG,2368.0,Pending
MDM004195,2025-11-03,SCH0065,Singh Brothers,Lentils,33.9,KG,1794.0,Pending
MDM002603,2025-06-01,SCH0195,Goyal Rice Mill,Lentils,33.9,KG,1845.0,Pending
MDM007140,2025-05-25,SCH0541,Kumar General Store,Rice,33.9,KG,1540.0,Paid
MDM008632,2025-05-13,SCH0591,Sharma Traders,Pulses,33.9,KG,4383.0,Paid
MDM006680,2025-05-25,SCH0087,kumar & co.,Lentils,33.9,KG,1794.0,Paid
MDM000521,2025-08-20,SCH0230,Sharma Traders,Wheat,33.9,KG,324.0,Due
MDM008643,2025-07-28,SCH0264,Sharma Traders,Rice,33.9,KG,768.0,Paid
MDM004899,2026-01-30,SCH0418,s. agro works,Rice,25.2,KG,1008.0,Pending
MDM009457,2025-08-04,SCH0534,sharma & sons,Rice,33.9,KG,1794.0,Paid
MDM007260,2026-01-11,SCH0080,goyal mill,Wheat,33.9,KG,1794.0,Paid
MDM001093,2025-02-11,SCH0403,Goyal Rice Mill,cooking oil,33.9,KG,1794.0,Pending
MDM005550,2026-04-03,SCH0009,Sharma Traders,mustard oil,33.9,KG,1794.0,Paid
MDM006715,2025-09-29,SCH0345,kumar & co.,cooking oil,33.9,KG,4716.0,Pending
MDM008661,2026-01-24,SCH0537,Singh Brothers,Rice,33.9,KG,1728.0,Pending
MDM003772,2025-04-17,SCH0525,Sharma Traders,Wheat,33.9,KG,924.0,Due
MDM001110,2025-09-08,SCH0255,sharma & sons,Wheat,33.9,KG,1794.0,Paid
MDM001039,2025-12-11,SCH0500,Kumar Supplies,Wheat,33.9,KG,1794.0,Pending
MDM004550,2026-02-02,SCH0289,Sharma Traders,Rice,33.9,KG,784.0,Pending
MDM000021,2025-08-07,SCH0437,Sharma Traders,atta,48.7,KG,1461.0,Pending
MDM005815,2025-11-17,SCH0226,kumar & co.,atta,33.9,KG,1794.0,Paid
MDM009797,2025-08-26,SCH0184,goyal mill,Wheat,14.8,KG,1794.0,Paid
MDM000935,2025-07-11,SCH0149,goyal mill,mustard oil,33.9,KG,5676.0,Pending
MDM006428,2025-10-17,SCH0285,Goyal Rice Mill,Rice,14.6,KG,584.0,Paid
MDM011157,2026-03-06,SCH0266,kumar & co.,Wheat,33.9,KG,885.0,Pending
MDM011359,2025-05-31,SCH0416,Singh Brothers,atta,33.9,KG,1584.0,Paid
MDM001727,2025-08-20,SCH0271,singh agro,sarson tel,33.9,KG,4668.0,Due
MDM009153,2025-06-14,SCH0103,goyal mill,Wheat,33.9,KG,855.0,Paid
MDM006462,2025-04-06,SCH0034,Sharma Traders,sarson tel,19.4,KG,2328.0,Cleared
MDM001738,2025-09-22,SCH0562,s. agro works,Wheat,33.9,KG,1731.0,Paid
MDM004399,2025-12-21,SCH0442,Kumar Supplies,Pulses,33.9,KG,4590.0,Paid
MDM000562,2025-08-13,SCH0318,s. agro works,oil,33.9,KG,1794.0,Due
MDM004882,2025-10-04,SCH0424,Sharma Traders,Lentils,33.9,KG,3744.0,Due
MDM011389,2025-05-01,SCH0554,goyal mill,oil,33.9,KG,1794.0,Due
MDM009799,2026-01-02,SCH0011,Singh Brothers,sarson tel,33.9,KG,1794.0,Paid
MDM001163,2025-08-22,SCH0072,Sharma Traders,Wheat,33.9,KG,1056.0,Due
MDM006509,2026-01-18,SCH0592,sharma & sons,Wheat,33.9,KG,1794.0,Paid
MDM009046,2026-02-28,SCH0221,Kumar Supplies,Rice,33.9,KG,788.0,Due
MDM007573,2025-11-11,SCH0259,goyal enterprises,Lentils,51.9,KG,1794.0,Paid
MDM001528,2025-12-31,SCH0510,goyal enterprises,Wheat,11.7,KG,1794.0,Paid
MDM008966,2025-11-16,SCH0354,Goyal Rice Mill,Wheat,33.9,KG,1791.0,Cleared
MDM002931,2026-01-01,SCH0244,goyal mill,sarson tel,33.9,KG,5292.0,Pending
MDM000059,2025-08-09,SCH0287,Sharma Traders,Rice,33.9,KG,1776.0,Pending
MDM010176,2026-02-16,SCH0037,Kumar Supplies,Lentils,33.9,KG,1794.0,Due
MDM005621,2025-06-25,SCH0539,Kumar General Store,sarson tel,33.9,KG,1794.0,Due
MDM010534,2026-01-21,SCH0121,Sharma Traders,Lentils,33.9,KG,1794.0,Paid
MDM002292,2026-02-28,SCH0477,Sharma Traders,Lentils,33.1,KG,1794.0,Paid
MDM005612,2025-11-03,SCH0218,kumar & co.,Rice,33.9,KG,1794.0,Paid
MDM007607,2026-02-21,SCH0079,goyal mill,Rice,33.9,KG,1794.0,Paid
MDM009532,2026-02-16,SCH0225,Sharma Traders,Rice,33.9,KG,956.0,Paid
MDM001650,2025-04-20,SCH0580,Goyal Rice Mill,oil,33.9,KG,2460.0,Paid
MDM004193,2025-05-28,SCH0456,Sharma Traders,oil,33.9,KG,1980.0,Paid
MDM002725,2025-06-23,SCH0028,sharma & sons,cooking oil,33.9,KG,1794.0,Cleared
MDM011191,2025-07-15,SCH0238,goyal mill,Lentils,33.9,KG,1794.0,Pending
MDM007225,2026-03-03,SCH0271,s. agro works,sarson tel,33.9,KG,3696.0,Paid
MDM007081,2026-03-01,SCH0235,singh agro,Lentils,33.9,KG,1794.0,Cleared
MDM011740,2025-10-25,SCH0180,Singh Brothers,oil,33.9,KG,7044.0,Pending
MDM004465,2026-03-19,SCH0406,Kumar Supplies,Wheat,33.9,KG,657.0,Paid
MDM006274,2025-09-30,SCH0451,goyal mill,mustard oil,33.9,KG,1794.0,Paid
MDM009062,2025-11-04,SCH0095,Sharma Traders,Lentils,33.9,KG,2817.0,Paid
MDM003871,2025-08-01,SCH0515,kumar & co.,Wheat,33.9,KG,1794.0,Paid
MDM004709,2026-02-03,SCH0426,kumar & co.,sarson tel,33.9,KG,3204.0,Pending
MDM011749,2025-10-17,SCH0535,singh agro,Lentils,33.9,KG,1794.0,Pending
MDM002908,2026-08-02,SCH0239,Kumar Supplies,Lentils,33.9,KG,1794.0,Pending
MDM009808,2025-07-12,SCH0109,Sharma Traders,Rice,39.7,KG,1588.0,Cleared
MDM003539,2026-01-26,SCH0138,goyal enterprises,atta,33.9,KG,1674.0,Paid
MDM006948,2025-06-05,SCH0377,Sharma Traders,sarson tel,33.9,KG,5580.0,Pending
MDM008484,2025-06-22,SCH0387,kumar & co.,Rice,33.9,KG,2000.0,Paid
MDM008913,2026-02-26,SCH0111,singh agro,Wheat,33.9,KG,1794.0,Due
MDM001818,2025-04-01,SCH0545,Singh Brothers,Wheat,48.3,KG,1449.0,Paid
MDM003950,2025-04-18,SCH0549,singh agro,Pulses,33.9,KG,1794.0,Pending
MDM000338,2025-07-25,SCH0293,Goyal Rice Mill,Lentils,33.9,KG,4590.0,Due
MDM002073,2025-06-09,SCH0106,Sharma Traders,Lentils,33.9,KG,5193.0,Cleared
MDM010699,2026-03-05,SCH0210,goyal enterprises,Rice,28.1,KG,1124.0,Paid
MDM008694,2025-04-21,SCH0443,Singh Brothers,Lentils,33.9,KG,2889.0,Cleared
MDM005590,2025-09-02,SCH0264,Goyal Rice Mill,oil,33.9,KG,2424.0,Paid
MDM003514,2025-09-18,SCH0314,Kumar General Store,Rice,33.9,KG,1794.0,Cleared
MDM002816,2025-10-29,SCH0226,Kumar Supplies,oil,33.9,KG,2388.0,Paid
MDM005148,2025-09-17,SCH0456,Kumar General Store,Rice,33.9,KG,1640.0,Paid
MDM010605,2025-09-25,SCH0485,Sharma Traders,Lentils,33.9,KG,1794.0,Paid
MDM010783,2026-03-16,SCH0044,goyal mill,Rice,33.9,KG,1832.0,Due
MDM005873,2026-03-19,SCH0285,s. agro works,sarson tel,33.9,KG,1794.0,Paid
MDM000767,2025-10-06,SCH0347,Sharma Traders,Rice,16.5,KG,1794.0,Paid
MDM003783,2025-10-03,SCH0592,Sharma Traders,Pulses,36.4,KG,3276.0,Pending
MDM008398,2026-01-05,SCH0278,goyal mill,Rice,33.9,KG,880.0,Paid
MDM001145,2025-07-03,SCH0407,goyal mill,Rice,33.9,KG,1794.0,Paid
MDM011052,2026-02-27,SCH0434,singh agro,Lentils,33.9,KG,2412.0,Paid
MDM002511,2025-05-06,SCH0553,Sharma Traders,Lentils,33.9,KG,5355.0,Paid
MDM006499,2025-08-09,SCH0460,s. agro works,Lentils,33.9,KG,1890.0,Paid
MDM002274,2025-11-14,SCH0443,Singh Brothers,Wheat,33.9,KG,1128.0,Paid
MDM010431,2026-03-24,SCH0229,Singh Brothers,sarson tel,33.9,KG,7104.0,Paid
MDM007869,2025-11-12,SCH0553,Kumar General Store,Rice,33.9,KG,564.0,Paid
MDM006473,2026-03-05,SCH0226,Sharma Traders,Lentils,33.9,KG,1794.0,Paid
MDM004990,2025-10-15,SCH0173,sharma & sons,mustard oil,33.9,KG,4452.0,Paid
MDM011129,2025-07-23,SCH0450,Kumar General Store,Pulses,33.9,KG,3573.0,Cleared
MDM008723,2025-06-05,SCH0309,goyal mill,oil,33.9,KG,1794.0,Paid
MDM001673,2026-03-21,SCH0052,Goyal Rice Mill,cooking oil,33.9,KG,1794.0,Pending
MDM011372,2025-09-07,SCH0348,goyal enterprises,Lentils,33.9,KG,1794.0,Paid
MDM009330,2025-10-13,SCH0014,Sharma Traders,oil,28.5,KG,1794.0,Pending
MDM004056,2025-06-02,SCH0401,sharma & sons,Lentils,33.9,KG,2331.0,Pending
MDM011023,2026-02-03,SCH0039,Kumar Supplies,Wheat,33.9,KG,555.0,Cleared
MDM001809,2025-06-27,SCH0533,Kumar Supplies,Lentils,33.9,KG,4428.0,Pending
MDM002276,2025-07-02,SCH0583,Kumar General Store,sarson tel,33.9,KG,4896.0,Pending
MDM003762,2026-01-25,SCH0407,sharma & sons,cooking oil,33.9,KG,5268.0,Paid
MDM006907,2025-08-13,SCH0005,Singh Brothers,Rice,33.9,KG,1794.0,Paid
MDM008731,2026-01-16,SCH0124,sharma & sons,Rice,33.9,KG,600.0,Paid
MDM008077,2026-01-07,SCH0168,Sharma Traders,Lentils,33.9,KG,1566.0,Pending
MDM002046,2025-08-23,SCH0204,Kumar General Store,mustard oil,33.9,KG,1992.0,Paid
MDM007160,2025-09-22,SCH0043,Singh Brothers,Lentils,33.9,KG,1134.0,Paid
MDM004650,2026-01-09,SCH0037,Sharma Traders,Pulses,33.9,KG,2115.0,Paid
MDM001296,2025-12-24,SCH0009,s. agro works,Rice,33.9,KG,524.0,Paid
MDM005997,2025-11-06,SCH0073,Kumar Supplies,Lentils,33.9,KG,1794.0,Cleared
MDM003953,2026-03-03,SCH0155,Sharma Traders,Pulses,33.9,KG,2637.0,Paid
MDM004485,2025-07-09,SCH0170,goyal enterprises,Wheat,33.9,KG,1794.0,Paid
MDM008288,2025-05-15,SCH0091,Goyal Rice Mill,Lentils,53.8,KG,1794.0,Cleared
MDM000445,2025-10-03,SCH0109,Kumar General Store,Rice,33.9,KG,1124.0,Pending
MDM000859,2025-12-29,SCH0057,singh agro,Wheat,33.9,KG,1794.0,Paid
MDM000842,2026-02-09,SCH0369,s. agro works,Lentils,33.9,KG,4104.0,Pending
MDM004767,2025-11-12,SCH0591,singh agro,Rice,33.9,KG,1794.0,Paid
MDM009793,2025-06-25,SCH0364,sharma & sons,Wheat,33.9,KG,1794.0,Pending
MDM009534,2025-10-19,SCH0330,singh agro,cooking oil,33.9,KG,6888.0,Paid
MDM000995,2026-01-10,SCH0435,Goyal Rice Mill,Wheat,41.8,KG,1794.0,Paid
MDM006721,2025-08-02,SCH0483,s. agro works,Rice,33.9,KG,1794.0,Cleared
MDM001555,2025-10-29,SCH0072,goyal mill,Rice,33.9,KG,528.0,Paid
MDM007663,2025-06-15,SCH0164,Kumar General Store,Rice,33.9,KG,1794.0,Paid
MDM005904,2025-09-03,SCH0515,Sharma Traders,Wheat,33.9,KG,795.0,Cleared
MDM010592,2025-05-24,SCH0283,kumar & co.,Wheat,33.9,KG,1446.0,Cleared
MDM007466,2025-09-10,SCH0121,Sharma Traders,Rice,33.9,KG,1976.0,Pending
MDM006570,2025-05-11,SCH0211,goyal mill,oil,33.9,KG,5916.0,Due
MDM002514,2025-11-08,SCH0357,Sharma Traders,mustard oil,33.9,KG,6636.0,Paid
MDM002836,2025-04-09,SCH0363,Kumar General Store,oil,56.8,KG,6816.0,Paid
MDM007229,2025-04-26,SCH0327,Kumar General Store,sarson tel,33.9,KG,1794.0,Pending
MDM002234,2026-02-23,SCH0512,s. agro works,oil,33.9,KG,1794.0,Pending
MDM003051,2025-11-08,SCH0006,kumar & co.,Wheat,33.9,KG,1794.0,Paid
MDM008268,2025-08-21,SCH0321,singh agro,mustard oil,11.5,KG,1380.0,Due
MDM000401,2025-04-20,SCH0314,Kumar General Store,Rice,33.9,KG,1794.0,Paid
MDM005059,2026-02-14,SCH0342,Kumar General Store,atta,16.6,KG,1794.0,Paid
MDM005172,2026-03-09,SCH0013,Sharma Traders,Wheat,33.9,KG,561.0,Paid
MDM007929,2025-07-29,SCH0430,goyal mill,Rice,33.9,KG,1794.0,Pending
MDM001024,2025-05-07,SCH0032,Singh Brothers,Rice,33.9,KG,1744.0,Pending
MDM003299,2025-11-09,SCH0067,Kumar General Store,cooking oil,33.9,KG,6768.0,Pending
MDM004437,2025-10-30,SCH0340,Kumar General Store,Lentils,33.9,KG,3375.0,Pending
MDM006826,2025-09-01,SCH0421,sharma & sons,Rice,33.9,KG,1794.0,Pending
MDM004719,2025-05-05,SCH0331,singh agro,sarson tel,33.9,KG,5976.0,Paid
MDM006154,2025-04-09,SCH0162,kumar & co.,Wheat,33.9,KG,354.0,Pending
MDM005283,2025-06-30,SCH0469,Sharma Traders,Wheat,33.9,KG,1794.0,Due
MDM004081,2025-08-09,SCH0111,kumar & co.,sarson tel,33.9,KG,5112.0,Pending
MDM000804,2025-06-15,SCH0261,singh agro,Wheat,33.9,KG,1794.0,Paid
MDM001551,2025-12-25,SCH0496,s. agro works,cooking oil,45.0,KG,5400.0,Cleared
MDM001010,2025-08-08,SCH0142,Kumar General Store,Rice,33.9,KG,1794.0,Paid
MDM007507,2025-05-30,SCH0455,Goyal Rice Mill,Wheat,33.9,KG,1710.0,Pending
MDM002738,2025-10-30,SCH0390,Sharma Traders,cooking oil,33.9,KG,1794.0,Paid
MDM000649,2025-07-13,SCH0346,Goyal Rice Mill,atta,33.9,KG,1497.0,Paid
MDM006429,2026-01-12,SCH0411,kumar & co.,cooking oil,44.8,KG,1794.0,Paid
MDM002863,2025-05-02,SCH0022,goyal enterprises,sarson tel,33.9,KG,1716.0,Pending
MDM006649,2025-12-27,SCH0508,Kumar Supplies,Rice,40.2,KG,1794.0,Paid
MDM009617,2025-05-05,SCH0485,kumar & co.,sarson tel,33.9,KG,2712.0,Paid
MDM000551,2025-09-03,SCH0208,Goyal Rice Mill,mustard oil,33.9,KG,3480.0,Due
MDM009389,2025-09-15,SCH0197,Singh Brothers,Rice,33.9,KG,672.0,Pending
MDM008452,2026-01-15,SCH0452,s. agro works,Rice,33.9,KG,2320.0,Paid
MDM000212,2026-02-17,SCH0196,Kumar Supplies,Wheat,44.4,KG,1332.0,Cleared
MDM010473,2025-12-07,SCH0551,Kumar Supplies,Rice,33.9,KG,1794.0,Paid
MDM006374,2026-01-06,SCH0430,Kumar General Store,Lentils,33.9,KG,3636.0,Pending
MDM006062,2025-11-09,SCH0368,Sharma Traders,Wheat,33.9,KG,720.0,Paid
MDM007468,2025-04-24,SCH0410,Sharma Traders,Lentils,33.9,KG,1794.0,Due
MDM003544,2025-08-21,SCH0466,Singh Brothers,Wheat,33.9,KG,1794.0,Paid
MDM005100,2025-07-19,SCH0242,Singh Brothers,Rice,54.8,KG,1794.0,Paid
MDM001439,2025-07-04,SCH0085,Sharma Traders,Lentils,33.9,KG,1794.0,Due
MDM002516,2026-02-22,SCH0139,Goyal Rice Mill,Wheat,33.9,KG,684.0,Paid
MDM002869,2026-03-26,SCH0229,Kumar General Store,atta,33.9,KG,1794.0,Pending
MDM002435,2025-07-14,SCH0144,kumar & co.,Lentils,37.5,KG,3375.0,Pending
MDM008986,2025-06-05,SCH0087,Singh Brothers,Lentils,33.9,KG,5193.0,Due
MDM010208,2025-12-05,SCH0050,kumar & co.,Rice,33.9,KG,1794.0,Pending
MDM005427,2026-03-26,SCH0351,goyal enterprises,Rice,50.1,KG,1794.0,Paid
MDM001315,2025-08-01,SCH0321,singh agro,sarson tel,33.9,KG,1794.0,Due
MDM009578,2025-12-10,SCH0382,singh agro,Lentils,33.9,KG,1746.0,Paid
MDM005886,2026-02-19,SCH0584,s. agro works,atta,10.3,KG,309.0,Paid
MDM003980,2025-10-02,SCH0570,Singh Brothers,Rice,33.9,KG,612.0,Due
MDM000013,2025-04-17,SCH0367,kumar & co.,atta,33.9,KG,867.0,Due
MDM000819,2026-03-13,SCH0386,singh agro,Wheat,33.9,KG,1626.0,Due
MDM002785,2025-11-22,SCH0328,Singh Brothers,atta,33.9,KG,1020.0,Due
MDM010690,2025-05-28,SCH0345,kumar & co.,Wheat,33.9,KG,1260.0,Pending
MDM000454,2025-09-29,SCH0482,Kumar Supplies,Rice,33.9,KG,1794.0,Paid
MDM009461,2025-06-14,SCH0247,s. agro works,Lentils,57.8,KG,5202.0,Pending
MDM011975,2025-05-26,SCH0090,goyal enterprises,Wheat,33.9,KG,414.0,Paid
MDM001657,2025-05-22,SCH0408,singh agro,Lentils,33.9,KG,1794.0,Pending
MDM003458,2026-01-30,SCH0441,sharma & sons,Rice,33.9,KG,1794.0,Pending
MDM005386,2025-12-20,SCH0281,goyal mill,mustard oil,33.9,KG,3576.0,Paid
MDM010793,2025-11-11,SCH0271,Sharma Traders,Rice,33.9,KG,508.0,Paid
MDM009712,2025-12-10,SCH0238,goyal mill,Lentils,12.3,KG,1107.0,Paid
MDM010718,2025-10-27,SCH0283,Kumar General Store,Rice,33.9,KG,1392.0,Pending
MDM002909,2025-09-21,SCH0384,Sharma Traders,Rice,33.9,KG,1736.0,Paid
MDM006900,2025-11-29,SCH0499,s. agro works,sarson tel,33.9,KG,1794.0,Cleared
MDM000941,2026-01-06,SCH0364,singh agro,Rice,33.9,KG,1794.0,Paid
MDM010621,2026-02-17,SCH0401,Singh Brothers,Rice,42.7,KG,1708.0,Paid
MDM005937,2025-08-25,SCH0308,Sharma Traders,Rice,33.9,KG,1794.0,Pending
MDM009521,2026-01-23,SCH0600,Goyal Rice Mill,Wheat,33.9,KG,327.0,Paid
MDM005420,2025-07-31,SCH0398,Sharma Traders,mustard oil,33.9,KG,1794.0,Paid
MDM005432,2025-05-06,SCH0244,Singh Brothers,cooking oil,41.9,KG,5028.0,Paid
MDM007592,2025-04-27,SCH0226,singh agro,sarson tel,31.3,KG,1794.0,Paid
MDM011789,2025-09-12,SCH0178,kumar & co.,Pulses,33.9,KG,1794.0,Paid
MDM011373,2025-08-03,SCH0169,Kumar General Store,Lentils,25.0,KG,2250.0,Pending
MDM001401,2025-07-29,SCH0563,Sharma Traders,Lentils,33.9,KG,1638.0,Cleared
MDM000031,2026-01-13,SCH0052,Sharma Traders,Lentils,33.9,KG,1794.0,Paid
MDM003678,2025-06-12,SCH0557,Sharma Traders,Rice,33.9,KG,1794.0,Pending
MDM009125,2025-10-04,SCH0391,singh agro,mustard oil,33.9,KG,3216.0,Pending
MDM005889,2025-12-06,SCH0404,Singh Brothers,mustard oil,33.9,KG,1794.0,Cleared
MDM005025,2025-08-29,SCH0366,kumar & co.,Wheat,33.9,KG,1353.0,Paid
MDM005767,2025-10-24,SCH0281,Sharma Traders,Lentils,43.3,KG,3897.0,Pending
MDM001109,2025-08-15,SCH0217,Kumar Supplies,Wheat,33.9,KG,903.0,Pending
MDM009448,2026-03-04,SCH0463,Kumar General Store,Rice,48.9,KG,1956.0,Pending
MDM011711,2025-05-30,SCH0141,goyal mill,Lentils,33.9,KG,2664.0,Due
MDM003230,2026-03-28,SCH0337,Sharma Traders,Lentils,33.9,KG,5193.0,Due
MDM009989,2025-09-16,SCH0405,Sharma Traders,Rice,33.9,KG,2084.0,Cleared
MDM009933,2025-05-24,SCH0159,singh agro,Lentils,44.6,KG,4014.0,Cleared
MDM005786,2025-09-30,SCH0481,sharma & sons,Rice,33.9,KG,672.0,Due
MDM003320,2025-06-11,SCH0188,kumar & co.,Wheat,33.9,KG,1788.0,Paid
MDM010025,2025-08-22,SCH0380,kumar & co.,Wheat,33.9,KG,753.0,Due
MDM006108,2025-05-15,SCH0507,Sharma Traders,Wheat,13.1,KG,393.0,Paid
MDM007563,2025-10-05,SCH0520,Singh Brothers,Rice,33.9,KG,1376.0,Pending
MDM006791,2025-08-28,SCH0229,s. agro works,Wheat,33.9,KG,774.0,Paid
MDM008433,2025-05-14,SCH0134,singh agro,Rice,48.9,KG,1956.0,Paid
MDM009239,2025-10-11,SCH0560,Sharma Traders,Rice,35.8,KG,1432.0,Paid
MDM001564,2025-04-20,SCH0213,Sharma Traders,Lentils,33.9,KG,1800.0,Paid
MDM010803,2025-06-25,SCH0232,Goyal Rice Mill,Pulses,27.5,KG,1794.0,Paid
MDM005515,2026-02-04,SCH0206,sharma & sons,Wheat,14.3,KG,429.0,Cleared
MDM003072,2025-06-23,SCH0229,singh agro,Pulses,33.9,KG,1794.0,Cleared
MDM009644,2025-08-14,SCH0308,Kumar Supplies,oil,33.9,KG,2436.0,Paid
MDM010352,2025-11-05,SCH0304,Kumar General Store,Lentils,33.9,KG,963.0,Paid
MDM009784,2026-01-24,SCH0536,Sharma Traders,Rice,33.9,KG,1794.0,Cleared
MDM006640,2025-11-26,SCH0538,Sharma Traders,Lentils,56.6,KG,1794.0,Due
MDM011030,2025-11-28,SCH0018,Sharma Traders,Wheat,33.9,KG,1695.0,Due
MDM009407,2025-04-12,SCH0242,Goyal Rice Mill,Rice,33.9,KG,1232.0,Paid
MDM008064,2025-08-06,SCH0455,singh agro,Rice,33.9,KG,604.0,Paid
MDM005532,2026-01-14,SCH0499,Kumar General Store,Lentils,33.9,KG,2331.0,Pending
MDM010728,2026-03-25,SCH0168,Sharma Traders,cooking oil,36.1,KG,4332.0,Pending
MDM004953,2025-06-19,SCH0355,Singh Brothers,Lentils,33.9,KG,1728.0,Paid
MDM011385,2025-08-07,SCH0210,Kumar Supplies,Lentils,33.9,KG,1794.0,Paid
MDM002214,2026-01-24,SCH0065,sharma & sons,sarson tel,33.9,KG,1794.0,Paid
MDM009015,2026-03-25,SCH0511,sharma & sons,sarson tel,33.9,KG,6432.0,Pending
MDM009684,2025-09-08,SCH0371,singh agro,mustard oil,33.9,KG,5268.0,Due
MDM009856,2025-07-25,SCH0408,Singh Brothers,cooking oil,33.9,KG,1794.0,Cleared
MDM004563,2025-10-05,SCH0259,Singh Brothers,Rice,33.9,KG,448.0,Pending
MDM002112,2025-11-07,SCH0063,goyal mill,Rice,33.9,KG,1676.0,Paid
MDM004878,2025-05-24,SCH0258,s. agro works,Rice,33.9,KG,1872.0,Cleared
MDM011195,2025-09-20,SCH0364,Kumar Supplies,oil,33.9,KG,6660.0,Paid
MDM006658,2025-09-07,SCH0349,Kumar General Store,mustard oil,33.9,KG,2688.0,Due
MDM011476,2025-08-15,SCH0498,Singh Brothers,atta,29.0,KG,1794.0,Cleared
MDM011159,2025-10-10,SCH0543,s. agro works,Lentils,33.9,KG,1794.0,Paid
MDM009276,2026-01-22,SCH0265,Kumar General Store,Lentils,33.9,KG,2916.0,Pending
MDM006480,2026-04-01,SCH0106,sharma & sons,Wheat,33.9,KG,1794.0,Due
MDM006388,2025-11-22,SCH0212,singh agro,Rice,33.9,KG,536.0,Cleared
MDM009916,2025-10-31,SCH0156,goyal mill,oil,33.9,KG,1794.0,Pending
MDM011035,2025-04-17,SCH0291,Sharma Traders,Rice,33.9,KG,1794.0,Paid
MDM009450,2025-06-06,SCH0307,kumar & co.,Wheat,33.9,KG,1794.0,Cleared
MDM000356,2025-06-08,SCH0307,s. agro works,Lentils,19.4,KG,1746.0,Paid
MDM001430,2025-09-21,SCH0398,Kumar General Store,Lentils,33.9,KG,3591.0,Paid
MDM008118,2025-12-07,SCH0166,Sharma Traders,Lentils,33.9,KG,2736.0,Due
MDM008740,2025-04-02,SCH0596,singh agro,Rice,33.9,KG,1794.0,Paid
MDM008938,2025-08-20,SCH0523,Sharma Traders,Wheat,33.9,KG,1317.0,Pending
MDM004562,2025-11-13,SCH0176,sharma & sons,Rice,33.9,KG,1794.0,Paid
MDM000333,2025-11-28,SCH0268,Singh Brothers,Lentils,33.9,KG,1386.0,Paid
MDM011034,2025-07-21,SCH0436,kumar & co.,Rice,21.9,KG,1794.0,Pending
MDM004225,2025-06-25,SCH0206,Kumar General Store,Rice,33.9,KG,572.0,Pending
MDM000965,2025-10-13,SCH0390,Kumar General Store,Wheat,33.9,KG,1227.0,Paid
MDM000121,2025-12-27,SCH0253,Singh Brothers,sarson tel,33.9,KG,5844.0,Due
MDM004430,2025-05-23,SCH0581,Kumar General Store,Wheat,33.9,KG,513.0,Paid
MDM008296,2025-07-05,SCH0114,singh agro,Lentils,33.9,KG,2754.0,Cleared
MDM003282,2025-11-22,SCH0038,goyal enterprises,Rice,33.9,KG,1400.0,Pending
MDM002371,2026-02-09,SCH0572,Kumar General Store,cooking oil,33.9,KG,4524.0,Cleared
MDM002545,2025-06-01,SCH0567,sharma & sons,Lentils,33.9,KG,1701.0,Paid
MDM005684,2025-06-23,SCH0390,kumar & co.,Wheat,33.9,KG,915.0,Paid
MDM009842,2025-04-04,SCH0414,Sharma Traders,Lentils,33.9,KG,1794.0,Pending
MDM002886,2025-04-08,SCH0167,Kumar General Store,Rice,33.9,KG,1924.0,Pending
MDM008283,2026-03-14,SCH0133,Kumar Supplies,oil,33.9,KG,3984.0,Pending
MDM002179,2025-04-25,SCH0104,goyal enterprises,Wheat,33.9,KG,1578.0,Pending
MDM006439,2025-04-26,SCH0329,Sharma Traders,cooking oil,33.9,KG,1794.0,Paid
MDM008125,2025-05-23,SCH0449,goyal mill,oil,33.9,KG,2268.0,Paid
MDM008440,2025-04-02,SCH0130,singh agro,Wheat,33.9,KG,855.0,Pending
MDM003124,2025-04-01,SCH0463,Singh Brothers,oil,33.9,KG,5976.0,Pending
MDM010491,2025-09-09,SCH0259,Kumar General Store,Lentils,33.9,KG,1794.0,Paid
MDM001545,2025-06-19,SCH0282,Kumar General Store,Rice,33.9,KG,1844.0,Paid
MDM005971,2025-12-30,SCH0259,Singh Brothers,atta,39.5,KG,1185.0,Pending
MDM011752,2025-08-24,SCH0436,s. agro works,Wheat,33.9,KG,387.0,Pending
MDM011520,2025-07-26,SCH0193,goyal mill,mustard oil,33.9,KG,2424.0,Pending
MDM004699,2026-03-28,SCH0239,Sharma Traders,cooking oil,33.9,KG,1794.0,Pending
MDM008342,2026-01-27,SCH0494,goyal enterprises,Rice,33.9,KG,832.0,Paid
MDM011953,2025-05-10,SCH0084,goyal mill,Lentils,33.9,KG,1794.0,Paid
MDM000946,2025-04-10,SCH0186,Kumar Supplies,Rice,33.9,KG,692.0,Paid
MDM007919,2026-02-25,SCH0128,singh agro,Wheat,35.9,KG,1794.0,Paid
MDM005744,2025-03-05,SCH0250,Kumar General Store,atta,33.9,KG,1215.0,Pending
MDM006418,2025-05-20,SCH0552,goyal mill,Wheat,30.9,KG,927.0,Due
MDM011762,2025-06-29,SCH0571,Goyal Rice Mill,Lentils,33.9,KG,5022.0,Paid
MDM008107,2025-06-28,SCH0367,Singh Brothers,sarson tel,50.3,KG,1794.0,Due
MDM009021,2025-11-21,SCH0167,singh agro,Lentils,33.9,KG,1071.0,Pending
MDM001562,2026-02-24,SCH0271,kumar & co.,Lentils,33.9,KG,1794.0,Pending
MDM011835,2025-06-04,SCH0453,singh agro,atta,33.9,KG,1794.0,Due
MDM005330,2026-01-09,SCH0069,s. agro works,cooking oil,33.9,KG,1794.0,Paid
MDM008232,2025-07-19,SCH0498,Kumar Supplies,Lentils,33.9,KG,2709.0,Pending
MDM001096,2025-09-07,SCH0141,Singh Brothers,Lentils,40.8,KG,3672.0,Paid
MDM009531,2025-11-28,SCH0494,Sharma Traders,atta,33.9,KG,1191.0,Paid
MDM003288,2026-03-10,SCH0402,Singh Brothers,Rice,29.0,KG,1160.0,Due
MDM010218,2025-05-21,SCH0540,s. agro works,Rice,33.9,KG,480.0,Pending
MDM010694,2025-08-30,SCH0130,singh agro,Wheat,33.9,KG,525.0,Pending
MDM002606,2025-12-15,SCH0549,kumar & co.,Lentils,33.9,KG,4320.0,Paid
MDM001393,2025-11-20,SCH0211,Goyal Rice Mill,oil,33.9,KG,1794.0,Paid
MDM004897,2026-02-18,SCH0350,goyal mill,Rice,33.9,KG,1794.0,Due
MDM011870,2025-04-15,SCH0461,singh agro,Wheat,33.9,KG,369.0,Pending
MDM000753,2025-05-16,SCH0084,Goyal Rice Mill,Rice,33.9,KG,752.0,Paid
MDM007440,2025-12-31,SCH0518,kumar & co.,Lentils,33.9,KG,3420.0,Paid
MDM003738,2026-07-03,SCH0350,goyal enterprises,Wheat,33.9,KG,1251.0,Paid
MDM009650,2026-03-26,SCH0445,Singh Brothers,cooking oil,33.9,KG,1794.0,Cleared
MDM010548,2025-10-28,SCH0166,Sharma Traders,oil,33.9,KG,4908.0,Paid
MDM003216,2025-05-09,SCH0132,Singh Brothers,Rice,33.9,KG,2116.0,Cleared
MDM009293,2025-09-18,SCH0260,s. agro works,Wheat,33.9,KG,777.0,Pending
MDM001778,2026-01-25,SCH0476,singh agro,oil,33.9,KG,3984.0,Due
MDM004114,2025-07-18,SCH0447,sharma & sons,mustard oil,33.9,KG,1794.0,Paid
MDM001771,2025-03-09,SCH0438,Sharma Traders,oil,33.9,KG,1692.0,Paid
MDM010527,2025-05-28,SCH0275,Sharma Traders,Pulses,33.9,KG,1026.0,Paid
MDM009706,2025-08-25,SCH0464,Goyal Rice Mill,atta,33.9,KG,1794.0,Pending
MDM003023,2025-05-20,SCH0260,Singh Brothers,Lentils,53.3,KG,4797.0,Pending
MDM004229,2025-09-04,SCH0367,Goyal Rice Mill,Rice,33.9,KG,988.0,Paid
MDM003013,2025-12-29,SCH0136,Singh Brothers,mustard oil,17.0,KG,2040.0,Pending
MDM011270,2025-06-06,SCH0303,Goyal Rice Mill,cooking oil,11.7,KG,1404.0,Pending
MDM008941,2026-03-22,SCH0232,goyal mill,Rice,33.9,KG,1812.0,Paid
MDM009618,2025-08-10,SCH0337,goyal mill,Lentils,33.9,KG,4716.0,Paid
MDM005431,2025-12-14,SCH0576,kumar & co.,oil,33.9,KG,5028.0,Cleared
MDM006825,2026-02-25,SCH0382,Goyal Rice Mill,Wheat,33.9,KG,1368.0,Paid
MDM000528,2025-09-15,SCH0467,goyal mill,Lentils,33.9,KG,3177.0,Pending
MDM006291,2026-03-18,SCH0449,Singh Brothers,Wheat,33.9,KG,1794.0,Paid
MDM011564,2025-08-19,SCH0055,Singh Brothers,Rice,33.9,KG,2068.0,Paid
MDM004265,2025-06-18,SCH0596,Sharma Traders,oil,33.9,KG,1968.0,Paid
MDM004263,2025-05-04,SCH0582,singh agro,Wheat,33.9,KG,900.0,Paid
MDM006651,2025-12-14,SCH0259,Sharma Traders,Rice,33.9,KG,1232.0,Paid
MDM001920,2026-03-08,SCH0147,singh agro,Rice,33.9,KG,1396.0,Pending
MDM000702,2025-06-15,SCH0204,Kumar General Store,Wheat,47.7,KG,1794.0,Due
MDM010616,2025-06-09,SCH0081,goyal enterprises,Wheat,46.3,KG,1389.0,Due
MDM004561,2025-09-13,SCH0204,singh agro,oil,33.9,KG,2460.0,Due
MDM011107,2025-08-10,SCH0210,Singh Brothers,Lentils,33.9,KG,1809.0,Pending
MDM009783,2025-06-04,SCH0195,Kumar General Store,Rice,33.9,KG,1708.0,Paid
MDM001299,2025-05-04,SCH0397,goyal mill,sarson tel,33.9,KG,4284.0,Pending
MDM001353,2025-07-09,SCH0085,s. agro works,Wheat,33.9,KG,1281.0,Paid
MDM002927,2025-12-10,SCH0457,singh agro,Rice,33.9,KG,788.0,Paid
MDM009606,2025-06-09,SCH0222,s. agro works,Rice,39.7,KG,1588.0,Cleared
MDM001288,2025-11-26,SCH0172,goyal mill,sarson tel,10.7,KG,1794.0,Paid
MDM004514,2025-11-30,SCH0090,s. agro works,sarson tel,33.9,KG,3864.0,Paid
MDM010117,2025-10-28,SCH0061,Sharma Traders,cooking oil,33.9,KG,2844.0,Paid
MDM006488,2025-07-30,SCH0522,s. agro works,Lentils,45.9,KG,4131.0,Paid
MDM006212,2025-04-12,SCH0562,s. agro works,sarson tel,33.9,KG,4560.0,Paid
MDM003698,2026-03-23,SCH0121,Sharma Traders,Rice,33.9,KG,2024.0,Cleared
MDM002014,2025-07-02,SCH0356,sharma & sons,Rice,33.9,KG,1856.0,Paid
MDM011561,2026-03-31,SCH0285,Sharma Traders,oil,33.9,KG,2760.0,Paid
MDM004374,2025-02-09,SCH0467,Kumar General Store,Wheat,33.9,KG,1782.0,Paid
MDM004664,2025-12-10,SCH0476,Kumar General Store,Rice,33.9,KG,1794.0,Paid
MDM005958,2025-11-07,SCH0018,Kumar Supplies,mustard oil,33.9,KG,6384.0,Paid
MDM002148,2025-08-20,SCH0084,goyal enterprises,Rice,33.9,KG,2184.0,Paid
MDM005866,2025-12-09,SCH0260,s. agro works,oil,33.9,KG,2748.0,Paid
MDM007886,2025-11-08,SCH0114,kumar & co.,mustard oil,26.5,KG,1794.0,Paid
MDM009624,2026-01-24,SCH0006,goyal enterprises,Wheat,33.9,KG,1182.0,Paid
MDM009189,2026-01-27,SCH0105,kumar & co.,Rice,33.9,KG,1056.0,Cleared
MDM011905,2025-12-23,SCH0311,Goyal Rice Mill,Wheat,31.7,KG,951.0,Due
MDM007739,2025-08-15,SCH0456,Sharma Traders,Wheat,33.9,KG,1002.0,Paid
MDM008262,2025-11-09,SCH0352,Sharma Traders,Rice,33.9,KG,1380.0,Pending
MDM009049,2025-06-04,SCH0285,Singh Brothers,Lentils,33.9,KG,1794.0,Pending
MDM000811,2025-07-14,SCH0397,goyal mill,Rice,33.9,KG,2348.0,Due
MDM011064,2025-10-22,SCH0328,Sharma Traders,Wheat,33.9,KG,1719.0,Paid
MDM002074,2025-02-07,SCH0370,Sharma Traders,oil,41.6,KG,1794.0,Due
MDM008608,2026-03-24,SCH0328,Sharma Traders,Lentils,20.6,KG,1854.0,Paid
MDM009073,2025-04-16,SCH0411,kumar & co.,Rice,33.9,KG,1692.0,Pending
MDM000886,2025-05-10,SCH0548,Sharma Traders,cooking oil,33.9,KG,4548.0,Paid
MDM001478,2025-12-19,SCH0534,Sharma Traders,mustard oil,33.9,KG,6072.0,Due
MDM001791,2025-07-28,SCH0372,sharma & sons,Wheat,33.9,KG,1455.0,Paid
MDM011803,2025-05-02,SCH0461,goyal enterprises,Rice,33.9,KG,1212.0,Due
MDM002009,2026-01-23,SCH0322,goyal enterprises,Lentils,42.6,KG,1794.0,Pending
MDM010997,2025-04-04,SCH0027,sharma & sons,Rice,33.9,KG,2340.0,Paid
MDM000683,2025-11-26,SCH0041,singh agro,mustard oil,33.9,KG,1794.0,Due
MDM003896,2025-11-14,SCH0269,goyal mill,Wheat,33.9,KG,906.0,Paid
MDM005219,2025-07-06,SCH0143,Kumar General Store,Rice,20.6,KG,1794.0,Pending
MDM006400,2025-11-25,SCH0104,Kumar General Store,Rice,33.9,KG,1316.0,Paid
MDM000058,2025-05-20,SCH0348,Sharma Traders,Wheat,33.9,KG,1146.0,Pending
MDM006347,2025-05-23,SCH0144,goyal mill,sarson tel,33.9,KG,1794.0,Due
MDM002400,2025-09-23,SCH0434,kumar & co.,Wheat,33.9,KG,1794.0,Due
MDM007926,2025-08-13,SCH0213,Kumar General Store,Rice,46.9,KG,1876.0,Cleared
MDM011896,2025-06-28,SCH0333,s. agro works,Wheat,33.9,KG,1794.0,Pending
MDM007823,2026-01-27,SCH0490,kumar & co.,Rice,33.9,KG,648.0,Pending
MDM010600,2026-02-16,SCH0062,Singh Brothers,oil,33.9,KG,1794.0,Pending
MDM010835,2025-07-07,SCH0243,Goyal Rice Mill,Rice,33.9,KG,512.0,Paid
MDM001469,2025-07-10,SCH0337,kumar & co.,sarson tel,58.0,KG,6960.0,Due
MDM001417,2026-02-08,SCH0156,Goyal Rice Mill,Pulses,51.4,KG,1794.0,Paid
MDM007402,2025-04-14,SCH0511,Goyal Rice Mill,Rice,33.9,KG,1772.0,Pending
MDM002359,2025-08-05,SCH0309,Sharma Traders,oil,33.9,KG,3636.0,Paid
MDM007284,2025-11-04,SCH0513,goyal mill,sarson tel,33.9,KG,6600.0,Paid
MDM005826,2026-03-02,SCH0243,Kumar General Store,Lentils,33.9,KG,1794.0,Pending
MDM010533,2025-09-04,SCH0031,Goyal Rice Mill,Lentils,33.9,KG,3312.0,Due
MDM010472,2025-05-09,SCH0196,Sharma Traders,oil,33.9,KG,1794.0,Paid
MDM010221,2025-05-29,SCH0241,kumar & co.,oil,33.9,KG,1794.0,Cleared
MDM009965,2026-01-06,SCH0111,goyal enterprises,sarson tel,33.9,KG,2844.0,Paid
MDM003870,2025-08-31,SCH0074,s. agro works,Rice,33.9,KG,1794.0,Pending
MDM011852,2025-10-25,SCH0238,kumar & co.,Pulses,33.9,KG,1794.0,Due
MDM007149,2025-12-09,SCH0174,Goyal Rice Mill,Rice,33.9,KG,1940.0,Pending
MDM009194,2025-11-12,SCH0160,Singh Brothers,sarson tel,33.9,KG,1794.0,Pending
MDM008716,2025-10-11,SCH0594,singh agro,Wheat,33.9,KG,1794.0,Paid
MDM009730,2025-04-30,SCH0551,Sharma Traders,mustard oil,33.9,KG,6876.0,Cleared
MDM001056,2026-03-22,SCH0219,goyal enterprises,Wheat,21.6,KG,648.0,Paid
MDM002282,2026-01-27,SCH0475,Kumar General Store,Rice,33.9,KG,672.0,Pending
MDM008763,2025-07-08,SCH0153,goyal enterprises,Pulses,33.9,KG,1926.0,Cleared
MDM001925,2025-05-29,SCH0425,kumar & co.,oil,33.9,KG,1794.0,Pending
MDM011153,2026-01-27,SCH0428,Kumar Supplies,mustard oil,33.9,KG,7104.0,Due
MDM001076,2025-11-17,SCH0322,goyal mill,Rice,38.8,KG,1552.0,Cleared
MDM001116,2026-03-26,SCH0585,Kumar General Store,Lentils,33.9,KG,1794.0,Paid
MDM003937,2026-01-09,SCH0485,s. agro works,sarson tel,33.9,KG,4380.0,Paid
MDM003534,2025-08-24,SCH0589,Sharma Traders,Lentils,33.9,KG,1440.0,Due
MDM009692,2026-01-13,SCH0594,Kumar Supplies,Lentils,33.9,KG,1098.0,Due
MDM000461,2026-02-12,SCH0495,sharma & sons,Rice,33.9,KG,1796.0,Paid
MDM003033,2025-04-15,SCH0505,Kumar Supplies,Lentils,33.9,KG,3015.0,Pending
MDM004208,2025-09-27,SCH0526,Singh Brothers,sarson tel,33.9,KG,1794.0,Due
MDM011769,2025-08-25,SCH0535,sharma & sons,Rice,33.9,KG,1752.0,Paid
MDM001453,2026-02-12,SCH0351,sharma & sons,cooking oil,33.9,KG,5712.0,Pending
MDM002150,2025-09-21,SCH0159,kumar & co.,Rice,33.9,KG,1794.0,Pending
MDM000320,2025-04-08,SCH0513,s. agro works,Rice,33.9,KG,1652.0,Paid
MDM005126,2025-10-10,SCH0443,Singh Brothers,mustard oil,33.9,KG,1794.0,Paid
MDM001923,2026-02-02,SCH0560,singh agro,Lentils,33.9,KG,2115.0,Due
MDM010549,2025-12-28,SCH0141,Sharma Traders,sarson tel,33.9,KG,3336.0,Cleared
MDM010971,2025-04-17,SCH0017,Goyal Rice Mill,Rice,33.9,KG,468.0,Pending
MDM011751,2025-11-06,SCH0164,s. agro works,Rice,33.9,KG,1988.0,Paid
MDM009976,2025-08-26,SCH0197,singh agro,Pulses,33.9,KG,1755.0,Pending
MDM011980,2025-12-08,SCH0553,goyal enterprises,atta,33.9,KG,594.0,Pending
MDM002130,2025-12-23,SCH0104,Sharma Traders,oil,33.9,KG,5052.0,Due
MDM004833,2026-01-20,SCH0233,kumar & co.,Rice,37.6,KG,1504.0,Paid
MDM006625,2025-07-02,SCH0043,sharma & sons,atta,33.9,KG,1017.0,Paid
MDM008073,2026-03-01,SCH0126,Kumar General Store,Rice,56.0,KG,2240.0,Pending
MDM001053,2025-08-13,SCH0196,Singh Brothers,oil,48.9,KG,1794.0,Paid
MDM008082,2025-11-18,SCH0061,Sharma Traders,Rice,33.9,KG,936.0,Pending
MDM008486,2026-02-21,SCH0212,Singh Brothers,Lentils,33.9,KG,1794.0,Cleared
MDM004068,2026-01-07,SCH0351,Singh Brothers,Lentils,33.9,KG,1794.0,Paid
MDM001457,2025-09-23,SCH0409,kumar & co.,Rice,33.9,KG,612.0,Pending
MDM007943,2025-11-01,SCH0007,goyal enterprises,sarson tel,33.9,KG,6720.0,Cleared
MDM000362,2025-07-24,SCH0223,Kumar General Store,Wheat,33.9,KG,1491.0,Pending
MDM003146,2025-12-18,SCH0344,sharma & sons,atta,33.9,KG,1338.0,Pending
MDM005666,2026-03-29,SCH0367,kumar & co.,Pulses,33.9,KG,2934.0,Cleared
MDM009304,2025-04-10,SCH0045,sharma & sons,Lentils,33.9,KG,1794.0,Due
MDM006557,2025-04-16,SCH0514,kumar & co.,Rice,33.9,KG,1794.0,Paid
MDM008607,2025-09-01,SCH0360,Sharma Traders,Rice,33.9,KG,1794.0,Paid
MDM004675,2025-06-14,SCH0479,Sharma Traders,Wheat,45.9,KG,1377.0,Paid
MDM009157,2025-10-07,SCH0351,Singh Brothers,Wheat,46.1,KG,1794.0,Cleared
MDM000541,2025-07-31,SCH0480,Sharma Traders,Rice,15.3,KG,612.0,Paid
MDM007444,2025-12-12,SCH0024,singh agro,cooking oil,33.9,KG,2256.0,Pending
MDM010460,2025-01-09,SCH0413,sharma & sons,Wheat,33.9,KG,564.0,Pending
MDM011834,2026-01-11,SCH0210,Sharma Traders,Rice,51.5,KG,2060.0,Paid
MDM011144,2025-11-18,SCH0424,Sharma Traders,Rice,33.9,KG,2200.0,Pending
MDM000755,2025-05-10,SCH0523,goyal enterprises,Rice,33.9,KG,1794.0,Paid
MDM007144,2025-11-30,SCH0257,s. agro works,mustard oil,33.9,KG,3336.0,Due
MDM002004,2025-07-24,SCH0489,Singh Brothers,Wheat,33.9,KG,1350.0,Paid
MDM002543,2025-12-17,SCH0468,Singh Brothers,cooking oil,33.9,KG,3468.0,Cleared
MDM006224,2025-08-19,SCH0318,goyal mill,atta,33.9,KG,1794.0,Paid
MDM005083,2025-08-17,SCH0464,Singh Brothers,Wheat,33.9,KG,912.0,Pending
MDM006631,2025-11-27,SCH0395,Sharma Traders,Lentils,13.2,KG,1188.0,Due
MDM004272,2025-06-08,SCH0094,Goyal Rice Mill,Rice,56.9,KG,2276.0,Paid
MDM000101,2025-07-10,SCH0079,kumar & co.,Rice,33.9,KG,860.0,Paid
MDM011894,2025-08-14,SCH0592,goyal mill,Rice,33.9,KG,472.0,Paid
MDM000602,2025-08-24,SCH0232,Goyal Rice Mill,cooking oil,33.9,KG,6480.0,Pending
MDM011012,2025-07-08,SCH0281,Goyal Rice Mill,oil,33.9,KG,2856.0,Cleared
MDM006267,2025-12-22,SCH0259,Kumar General Store,mustard oil,33.9,KG,6060.0,Pending
MDM007603,2025-05-20,SCH0535,goyal mill,Rice,33.9,KG,888.0,Paid
MDM001045,2025-06-06,SCH0489,Kumar Supplies,mustard oil,33.9,KG,1794.0,Cleared
MDM009576,2026-03-20,SCH0014,goyal enterprises,oil,33.9,KG,1794.0,Pending
MDM001558,2025-05-15,SCH0521,singh agro,Lentils,33.9,KG,2232.0,Pending
MDM001488,2025-04-02,SCH0595,singh agro,Rice,15.8,KG,1794.0,Due
MDM008675,2025-07-04,SCH0477,kumar & co.,cooking oil,59.3,KG,7116.0,Due
MDM011354,2025-11-07,SCH0414,Sharma Traders,Wheat,33.9,KG,1509.0,Pending
MDM007151,2025-07-05,SCH0263,Goyal Rice Mill,mustard oil,33.9,KG,6372.0,Paid
MDM002116,2025-06-10,SCH0144,kumar & co.,oil,33.9,KG,1794.0,Paid
MDM011551,2025-07-19,SCH0458,kumar & co.,Lentils,33.9,KG,1794.0,Paid
MDM000619,2025-04-15,SCH0176,Goyal Rice Mill,oil,33.9,KG,1794.0,Pending
MDM005154,2025-10-15,SCH0281,singh agro,Wheat,28.3,KG,849.0,Pending
MDM005764,2025-11-01,SCH0007,goyal enterprises,Lentils,33.9,KG,1794.0,Cleared
MDM005212,2026-02-07,SCH0340,sharma & sons,Lentils,33.9,KG,1794.0,Pending
MDM003397,2025-07-20,SCH0345,Singh Brothers,Rice,33.9,KG,2400.0,Paid
MDM001601,2025-10-07,SCH0023,goyal enterprises,cooking oil,33.9,KG,1794.0,Pending
MDM008481,2025-12-06,SCH0431,goyal mill,Wheat,33.9,KG,1686.0,Due
MDM008656,2025-06-20,SCH0302,Singh Brothers,Rice,33.9,KG,1794.0,Pending
MDM001616,2025-11-19,SCH0286,s. agro works,mustard oil,33.9,KG,4200.0,Cleared
MDM001753,2026-02-25,SCH0174,Singh Brothers,Wheat,33.9,KG,354.0,Cleared
MDM006260,2026-02-11,SCH0321,Singh Brothers,cooking oil,33.9,KG,1794.0,Pending
MDM009759,2025-04-10,SCH0347,Singh Brothers,Wheat,33.9,KG,1179.0,Paid
MDM002084,2025-04-07,SCH0203,Goyal Rice Mill,Wheat,33.9,KG,531.0,Paid
MDM011504,2025-10-23,SCH0569,s. agro works,Wheat,33.9,KG,873.0,Paid
MDM008877,2025-12-22,SCH0507,kumar & co.,Pulses,33.9,KG,1794.0,Due
MDM007594,2025-12-06,SCH0396,Kumar General Store,mustard oil,22.2,KG,2664.0,Paid
MDM007045,2026-03-31,SCH0322,Singh Brothers,mustard oil,21.6,KG,2592.0,Pending
MDM009234,2025-09-20,SCH0364,Kumar General Store,Lentils,33.9,KG,4491.0,Paid
MDM000676,2025-08-23,SCH0246,goyal enterprises,Rice,36.9,KG,1794.0,Paid
MDM002546,2025-04-12,SCH0060,s. agro works,Lentils,33.9,KG,1794.0,Pending
MDM008834,2025-05-20,SCH0393,Kumar General Store,Wheat,33.9,KG,1794.0,Due
MDM010283,2025-06-03,SCH0316,Singh Brothers,Lentils,33.9,KG,4320.0,Due
MDM004000,2026-02-08,SCH0229,kumar & co.,Wheat,33.9,KG,468.0,Paid
MDM011735,2026-02-15,SCH0196,Singh Brothers,Rice,33.9,KG,1794.0,Cleared
MDM000176,2025-11-21,SCH0425,s. agro works,Rice,33.9,KG,1794.0,Paid
MDM008015,2025-05-16,SCH0325,goyal enterprises,cooking oil,33.9,KG,1794.0,Due
MDM003610,2025-12-07,SCH0475,Kumar Supplies,Rice,33.9,KG,1794.0,Paid
MDM011360,2026-02-25,SCH0199,goyal mill,Lentils,33.9,KG,4473.0,Cleared
MDM003788,2025-12-23,SCH0088,goyal enterprises,atta,33.9,KG,1068.0,Paid
MDM004863,2025-11-30,SCH0584,singh agro,Rice,33.9,KG,1676.0,Pending
MDM002226,2025-08-09,SCH0598,kumar & co.,Lentils,33.9,KG,3204.0,Due
MDM007517,2025-06-07,SCH0429,goyal enterprises,Wheat,33.9,KG,891.0,Pending
MDM008109,2025-11-28,SCH0052,kumar & co.,Rice,33.9,KG,2384.0,Pending
MDM001127,2025-11-04,SCH0215,kumar & co.,Rice,33.9,KG,1794.0,Due
MDM005741,2025-07-12,SCH0177,sharma & sons,Wheat,33.9,KG,960.0,Due
MDM008495,2025-08-17,SCH0209,kumar & co.,Rice,33.9,KG,1852.0,Cleared
MDM002442,2025-11-15,SCH0115,Singh Brothers,atta,33.9,KG,1794.0,Pending
MDM001323,2025-08-31,SCH0130,Sharma Traders,Lentils,33.9,KG,1794.0,Pending
MDM001604,2025-12-26,SCH0574,goyal enterprises,oil,33.9,KG,1764.0,Pending
MDM004211,2025-11-22,SCH0004,Kumar Supplies,Rice,37.4,KG,1496.0,Pending
MDM009628,2025-04-30,SCH0384,goyal mill,Lentils,33.9,KG,1794.0,Paid
MDM010638,2025-05-28,SCH0340,Sharma Traders,cooking oil,33.9,KG,6912.0,Paid
MDM004066,2026-02-18,SCH0499,goyal mill,cooking oil,33.9,KG,4464.0,Pending
MDM007780,2026-02-20,SCH0259,Sharma Traders,Wheat,35.0,KG,1794.0,Cleared
MDM011547,2025-04-14,SCH0375,Sharma Traders,cooking oil,30.0,KG,3600.0,Paid
MDM008777,2025-06-19,SCH0508,singh agro,Lentils,33.9,KG,5040.0,Due
MDM010240,2025-07-12,SCH0005,Kumar Supplies,Wheat,33.9,KG,1107.0,Paid
MDM004072,2025-09-10,SCH0431,kumar & co.,Rice,33.9,KG,756.0,Paid
MDM001508,2025-06-05,SCH0270,goyal enterprises,Rice,33.9,KG,2128.0,Due
MDM001560,2025-08-19,SCH0588,s. agro works,oil,30.0,KG,3600.0,Paid
MDM011994,2025-11-24,SCH0248,Kumar General Store,Lentils,33.9,KG,1794.0,Paid
MDM004686,2025-10-19,SCH0553,singh agro,mustard oil,24.8,KG,1794.0,Pending
MDM004915,2025-06-12,SCH0353,s. agro works,sarson tel,33.9,KG,1536.0,Pending
MDM010067,2025-08-29,SCH0565,Singh Brothers,Lentils,33.9,KG,954.0,Paid
MDM005282,2026-02-26,SCH0046,goyal enterprises,atta,33.9,KG,1794.0,Pending
MDM001837,2025-05-20,SCH0411,s. agro works,Wheat,33.9,KG,1794.0,Paid
MDM001355,2026-02-21,SCH0329,Kumar General Store,Lentils,31.2,KG,1794.0,Paid
MDM010870,2025-12-26,SCH0149,Goyal Rice Mill,cooking oil,33.9,KG,1932.0,Paid
MDM007725,2025-10-24,SCH0595,kumar & co.,Lentils,33.9,KG,3618.0,Cleared
MDM010895,2026-02-20,SCH0274,goyal enterprises,Lentils,33.9,KG,954.0,Pending
MDM010036,2026-01-21,SCH0543,s. agro works,Wheat,33.9,KG,1794.0,Paid
MDM004033,2025-12-11,SCH0279,Sharma Traders,Wheat,33.9,KG,1794.0,Pending
MDM007154,2025-05-22,SCH0266,Goyal Rice Mill,Pulses,33.9,KG,2862.0,Paid
MDM005929,2025-12-13,SCH0185,Sharma Traders,oil,33.9,KG,1536.0,Cleared
MDM009586,2025-07-28,SCH0318,goyal mill,sarson tel,33.9,KG,1794.0,Cleared
MDM008730,2025-07-07,SCH0448,singh agro,Lentils,33.9,KG,1794.0,Pending
MDM010088,2025-10-23,SCH0090,sharma & sons,Lentils,33.9,KG,1791.0,Pending
MDM002252,2026-01-25,SCH0159,Sharma Traders,Lentils,33.9,KG,2466.0,Pending
MDM001026,2025-11-25,SCH0509,Sharma Traders,Lentils,33.9,KG,1794.0,Pending
MDM009629,2025-06-09,SCH0460,kumar & co.,atta,33.9,KG,1794.0,Cleared
MDM005805,2025-07-26,SCH0302,Kumar Supplies,Wheat,33.9,KG,1794.0,Cleared
MDM011386,2025-08-08,SCH0191,goyal enterprises,Rice,33.9,KG,2308.0,Paid
MDM010632,2026-01-16,SCH0572,Kumar General Store,Pulses,33.9,KG,1794.0,Paid
MDM003398,2025-06-12,SCH0256,Sharma Traders,mustard oil,33.9,KG,4788.0,Paid
MDM000314,2025-04-02,SCH0002,s. agro works,Lentils,33.9,KG,1794.0,Paid
MDM007841,2025-06-20,SCH0511,Singh Brothers,Lentils,33.9,KG,1794.0,Pending
MDM006081,2025-08-08,SCH0053,goyal enterprises,oil,33.9,KG,1794.0,Paid
MDM007760,2025-07-26,SCH0599,Kumar Supplies,Pulses,33.9,KG,1350.0,Paid
MDM008963,2025-10-02,SCH0441,Kumar General Store,Wheat,33.9,KG,1794.0,Paid
MDM011324,2025-10-13,SCH0279,Sharma Traders,cooking oil,33.9,KG,4452.0,Pending
MDM005548,2026-03-09,SCH0080,goyal mill,Lentils,33.9,KG,5328.0,Due
MDM002971,2025-05-13,SCH0498,singh agro,Lentils,33.9,KG,1794.0,Paid
MDM006162,2025-08-09,SCH0338,Kumar General Store,Lentils,33.9,KG,1794.0,Paid
MDM003886,2025-09-22,SCH0479,goyal enterprises,atta,33.9,KG,399.0,Cleared
MDM011872,2025-06-30,SCH0371,Kumar General Store,mustard oil,33.9,KG,1794.0,Pending
MDM011825,2025-10-07,SCH0353,Kumar Supplies,Rice,33.9,KG,1794.0,Paid
MDM005228,2025-08-08,SCH0348,Singh Brothers,Lentils,33.9,KG,1794.0,Pending
MDM011828,2025-08-01,SCH0116,goyal mill,Rice,33.9,KG,1328.0,Pending
MDM004741,2025-11-01,SCH0269,s. agro works,Rice,33.9,KG,1932.0,Pending
MDM005273,2025-04-18,SCH0589,goyal enterprises,Rice,22.7,KG,1794.0,Due
MDM009292,2025-10-25,SCH0201,s. agro works,Rice,33.9,KG,1794.0,Paid
MDM007915,2025-10-25,SCH0112,s. agro works,Rice,11.9,KG,476.0,Cleared
MDM009662,2025-04-20,SCH0344,Sharma Traders,Rice,33.9,KG,2252.0,Pending
MDM001841,2025-04-12,SCH0373,singh agro,Rice,33.9,KG,1794.0,Due
MDM011222,2025-04-12,SCH0502,goyal mill,Lentils,13.5,KG,1215.0,Pending
MDM011122,2026-08-02,SCH0352,Kumar General Store,Rice,33.9,KG,1484.0,Due
MDM003674,2026-02-17,SCH0369,s. agro works,sarson tel,33.9,KG,2052.0,Pending
MDM009116,2026-02-09,SCH0058,Goyal Rice Mill,Wheat,33.9,KG,1329.0,Paid
MDM010695,2025-05-27,SCH0490,Singh Brothers,Rice,33.9,KG,2264.0,Due
MDM003321,2025-04-22,SCH0507,Kumar Supplies,sarson tel,33.9,KG,5448.0,Pending
MDM002273,2026-02-24,SCH0278,goyal enterprises,Rice,33.9,KG,596.0,Paid
MDM011602,2025-05-06,SCH0154,goyal mill,Rice,33.9,KG,1504.0,Pending
MDM004255,2025-11-27,SCH0430,Singh Brothers,Lentils,33.9,KG,3915.0,Pending
MDM008524,2026-01-28,SCH0162,sharma & sons,oil,33.9,KG,2352.0,Paid
MDM000848,2026-02-27,SCH0403,Kumar Supplies,Lentils,33.9,KG,1602.0,Paid
MDM005164,2025-12-06,SCH0203,Sharma Traders,Rice,33.9,KG,1428.0,Paid
MDM011189,2025-07-29,SCH0255,Goyal Rice Mill,Rice,33.9,KG,1424.0,Pending
MDM006068,2025-06-25,SCH0571,Singh Brothers,sarson tel,33.9,KG,1794.0,Due
MDM008775,2025-06-27,SCH0332,singh agro,Rice,33.9,KG,1496.0,Paid
MDM005088,2025-06-15,SCH0338,Singh Brothers,sarson tel,33.9,KG,6684.0,Cleared
MDM004598,2025-07-21,SCH0583,Singh Brothers,Wheat,33.9,KG,1794.0,Paid
MDM001418,2025-05-03,SCH0420,Kumar General Store,Rice,33.9,KG,888.0,Paid
MDM005461,2025-10-31,SCH0352,goyal mill,sarson tel,33.9,KG,2736.0,Pending
MDM003849,2025-07-21,SCH0594,sharma & sons,sarson tel,33.9,KG,2604.0,Paid
MDM000605,2025-04-24,SCH0496,singh agro,sarson tel,33.9,KG,5364.0,Cleared
MDM010723,2025-07-27,SCH0463,kumar & co.,mustard oil,33.9,KG,1794.0,Paid
MDM002079,2025-07-30,SCH0032,Kumar Supplies,Lentils,33.9,KG,1794.0,Due
MDM008964,2025-05-11,SCH0299,Kumar General Store,cooking oil,33.9,KG,1794.0,Pending
MDM002312,2025-09-25,SCH0255,kumar & co.,Wheat,10.6,KG,318.0,Pending
MDM004344,2026-02-13,SCH0566,Sharma Traders,cooking oil,39.2,KG,1794.0,Pending
MDM010586,2026-02-13,SCH0127,Goyal Rice Mill,Wheat,33.9,KG,1140.0,Paid
MDM001983,2025-07-08,SCH0103,kumar & co.,Rice,33.9,KG,2244.0,Paid
MDM004467,2025-07-23,SCH0258,sharma & sons,Lentils,45.0,KG,4050.0,Paid
MDM000200,2025-07-06,SCH0053,kumar & co.,cooking oil,33.9,KG,4656.0,Paid
MDM000486,2025-05-02,SCH0390,kumar & co.,Lentils,23.3,KG,2097.0,Pending
MDM003271,2025-05-24,SCH0380,Sharma Traders,Rice,33.9,KG,1624.0,Paid
MDM002824,2026-02-26,SCH0541,Sharma Traders,Lentils,33.9,KG,1794.0,Pending
MDM004552,2025-04-19,SCH0153,kumar & co.,sarson tel,33.9,KG,1794.0,Cleared
MDM003246,2025-05-18,SCH0357,Singh Brothers,Wheat,33.9,KG,1794.0,Paid
MDM004454,2025-09-24,SCH0590,sharma & sons,atta,33.9,KG,1206.0,Paid
MDM010983,2025-09-13,SCH0052,kumar & co.,Rice,33.9,KG,1794.0,Paid
MDM005654,2025-08-18,SCH0081,Singh Brothers,Lentils,33.9,KG,1794.0,Paid
MDM003750,2026-03-10,SCH0181,Kumar General Store,Wheat,33.9,KG,1794.0,Pending
MDM007918,2025-10-07,SCH0527,kumar & co.,Wheat,33.9,KG,996.0,Paid
MDM010142,2025-08-26,SCH0391,singh agro,sarson tel,33.9,KG,1794.0,Cleared
MDM010085,2025-11-15,SCH0065,Kumar General Store,Wheat,33.9,KG,1542.0,Due
MDM002795,2025-04-23,SCH0171,s. agro works,cooking oil,33.9,KG,2856.0,Pending
MDM004960,2025-08-14,SCH0516,Kumar General Store,oil,58.7,KG,1794.0,Paid
MDM010103,2025-10-18,SCH0219,Goyal Rice Mill,Wheat,33.9,KG,1794.0,Pending
MDM008539,2025-09-28,SCH0501,Kumar Supplies,Lentils,33.9,KG,4482.0,Due
MDM000525,2026-03-21,SCH0460,Sharma Traders,Lentils,40.3,KG,3627.0,Due
MDM000948,2026-03-23,SCH0053,Sharma Traders,cooking oil,33.9,KG,1794.0,Due
MDM009542,2025-04-21,SCH0005,goyal mill,oil,33.9,KG,6396.0,Due
MDM009795,2025-09-22,SCH0310,Sharma Traders,Rice,33.9,KG,896.0,Due
MDM001281,2025-04-14,SCH0389,sharma & sons,Lentils,33.9,KG,1683.0,Paid
MDM000123,2025-09-07,SCH0577,goyal enterprises,sarson tel,38.1,KG,1794.0,Cleared
MDM004367,2025-12-25,SCH0003,Singh Brothers,Rice,33.9,KG,816.0,Pending
MDM010989,2025-08-07,SCH0012,Kumar Supplies,Pulses,33.9,KG,1794.0,Pending
MDM010875,2026-01-19,SCH0113,Kumar General Store,sarson tel,44.8,KG,1794.0,Due
MDM002303,2025-04-22,SCH0400,s. agro works,Pulses,33.9,KG,2259.0,Pending
MDM011138,2025-10-30,SCH0405,Singh Brothers,Rice,33.9,KG,1188.0,Pending
MDM009294,2025-11-17,SCH0183,goyal mill,Pulses,33.9,KG,2862.0,Pending
MDM001006,2025-07-15,SCH0146,Sharma Traders,Pulses,33.9,KG,3060.0,Paid
MDM003461,2026-02-06,SCH0073,s. agro works,Lentils,33.9,KG,5247.0,Pending
MDM010122,2025-12-08,SCH0538,sharma & sons,Wheat,33.9,KG,870.0,Paid
MDM009261,2025-06-21,SCH0440,Sharma Traders,Pulses,33.9,KG,1794.0,Pending
MDM011091,2025-07-01,SCH0340,s. agro works,Lentils,33.9,KG,3114.0,Paid
MDM003056,2025-12-14,SCH0555,Kumar Supplies,Lentils,33.9,KG,1794.0,Paid
MDM003567,2026-03-02,SCH0324,Sharma Traders,Wheat,33.9,KG,1794.0,Pending
MDM004830,2025-04-25,SCH0144,Sharma Traders,sarson tel,33.9,KG,1794.0,Paid
MDM002133,2026-02-18,SCH0198,Kumar General Store,Rice,32.4,KG,1296.0,Paid
MDM006530,2025-11-26,SCH0415,Kumar Supplies,Lentils,54.8,KG,1794.0,Paid
MDM005740,2025-08-06,SCH0405,Sharma Traders,Wheat,33.9,KG,864.0,Pending
MDM007815,2025-09-03,SCH0427,goyal enterprises,Wheat,33.9,KG,1794.0,Paid
MDM000230,2025-09-18,SCH0231,kumar & co.,Wheat,12.4,KG,372.0,Paid
MDM006536,2026-03-14,SCH0140,sharma & sons,Lentils,33.9,KG,1647.0,Pending
MDM004002,2026-03-18,SCH0263,Sharma Traders,cooking oil,33.9,KG,7176.0,Paid
MDM008678,2025-10-11,SCH0427,Kumar General Store,Rice,33.9,KG,1794.0,Paid
MDM007567,2026-03-19,SCH0180,singh agro,cooking oil,33.9,KG,6888.0,Paid
MDM003008,2025-06-18,SCH0446,Kumar General Store,Rice,33.9,KG,1794.0,Paid
MDM006073,2026-03-04,SCH0468,Kumar General Store,Wheat,33.9,KG,1446.0,Cleared
MDM004588,2025-11-27,SCH0204,sharma & sons,mustard oil,33.9,KG,3192.0,Pending
MDM004222,2025-09-02,SCH0493,Sharma Traders,Lentils,33.9,KG,5310.0,Paid
MDM011673,2025-07-30,SCH0472,Kumar General Store,sarson tel,33.9,KG,4836.0,Pending
MDM011893,2026-01-15,SCH0096,Sharma Traders,Wheat,33.9,KG,396.0,Pending
MDM005156,2025-07-04,SCH0019,Kumar Supplies,Wheat,33.9,KG,1149.0,Paid
MDM002751,2026-03-19,SCH0080,Goyal Rice Mill,Lentils,33.9,KG,909.0,Paid
MDM010128,2025-05-30,SCH0593,kumar & co.,cooking oil,33.9,KG,7032.0,Paid
MDM005345,2025-12-14,SCH0146,goyal mill,Pulses,33.9,KG,2025.0,Paid
MDM004377,2025-06-27,SCH0324,Goyal Rice Mill,oil,31.3,KG,1794.0,Paid
MDM002945,2026-02-25,SCH0055,goyal mill,oil,33.9,KG,1794.0,Pending
MDM008924,2026-03-05,SCH0415,singh agro,Rice,33.9,KG,1096.0,Paid
MDM002719,2026-03-17,SCH0269,Sharma Traders,Wheat,33.9,KG,1794.0,Due
MDM008177,2026-01-29,SCH0111,singh agro,Lentils,33.9,KG,3348.0,Due
MDM007314,2026-01-12,SCH0382,Kumar General Store,Lentils,33.9,KG,4941.0,Paid
MDM011277,2025-08-01,SCH0426,goyal mill,Lentils,41.2,KG,3708.0,Cleared
MDM006394,2025-10-30,SCH0445,Sharma Traders,Lentils,33.9,KG,1794.0,Pending
MDM009554,2025-10-28,SCH0348,sharma & sons,Rice,24.3,KG,1794.0,Paid
MDM004162,2026-03-24,SCH0445,Kumar Supplies,mustard oil,33.9,KG,6828.0,Cleared
MDM010530,2025-07-18,SCH0178,Sharma Traders,oil,33.9,KG,3060.0,Pending
MDM009515,2025-04-03,SCH0301,goyal mill,sarson tel,33.9,KG,1794.0,Cleared
MDM010169,2026-01-31,SCH0465,Kumar General Store,Wheat,32.0,KG,960.0,Pending
MDM007604,2026-12-03,SCH0438,Singh Brothers,cooking oil,33.9,KG,6672.0,Paid
MDM010846,2025-09-04,SCH0008,sharma & sons,Wheat,33.9,KG,1572.0,Cleared
MDM010938,2026-08-02,SCH0051,Goyal Rice Mill,Rice,33.9,KG,1794.0,Pending
MDM009034,2025-12-07,SCH0271,Kumar General Store,Lentils,33.9,KG,1794.0,Pending
MDM001018,2025-06-27,SCH0072,Goyal Rice Mill,Wheat,33.9,KG,1152.0,Paid
MDM005415,2025-05-23,SCH0584,Sharma Traders,Lentils,33.9,KG,5094.0,Pending
MDM010939,2025-10-16,SCH0324,singh agro,Wheat,33.9,KG,1794.0,Paid
MDM007686,2025-08-29,SCH0130,s. agro works,Pulses,33.9,KG,2259.0,Cleared
MDM001929,2025-11-17,SCH0029,sharma & sons,Wheat,33.9,KG,390.0,Paid
MDM000351,2025-11-23,SCH0089,goyal enterprises,Lentils,33.9,KG,4266.0,Due
MDM006415,2025-04-28,SCH0476,goyal mill,cooking oil,33.9,KG,1794.0,Pending
MDM011540,2025-03-10,SCH0029,s. agro works,Wheat,33.9,KG,1578.0,Pending
MDM009299,2025-05-16,SCH0231,Sharma Traders,atta,33.9,KG,1764.0,Due
MDM009345,2025-12-30,SCH0219,Goyal Rice Mill,Wheat,33.9,KG,330.0,Paid
MDM011171,2025-07-05,SCH0058,singh agro,oil,33.9,KG,6240.0,Paid
MDM000565,2025-08-19,SCH0055,Sharma Traders,Wheat,23.4,KG,1794.0,Paid
MDM001583,2026-02-06,SCH0095,Singh Brothers,mustard oil,33.9,KG,6264.0,Paid
MDM002176,2025-03-04,SCH0290,Kumar General Store,Rice,33.9,KG,600.0,Paid
MDM011597,2025-10-23,SCH0005,kumar & co.,Rice,33.9,KG,488.0,Due
MDM003934,2025-08-24,SCH0084,Kumar Supplies,oil,33.9,KG,1794.0,Cleared
MDM002708,2025-05-06,SCH0461,Goyal Rice Mill,Wheat,16.2,KG,486.0,Paid
MDM005263,2025-04-03,SCH0589,sharma & sons,cooking oil,33.9,KG,3432.0,Pending
MDM006038,2025-06-12,SCH0406,goyal mill,Lentils,33.9,KG,3987.0,Cleared
MDM003536,2026-01-18,SCH0332,singh agro,Rice,33.9,KG,1456.0,Paid
MDM011124,2025-09-05,SCH0009,Sharma Traders,sarson tel,33.9,KG,3540.0,Paid
MDM007742,2025-08-05,SCH0077,Kumar Supplies,Lentils,33.9,KG,1794.0,Pending
MDM007173,2025-12-29,SCH0329,Kumar Supplies,atta,33.9,KG,1692.0,Due
MDM003740,2026-03-14,SCH0518,Kumar General Store,cooking oil,33.9,KG,4992.0,Paid
MDM009664,2025-09-30,SCH0371,sharma & sons,Rice,33.9,KG,1794.0,Pending
MDM000822,2026-03-12,SCH0398,Kumar Supplies,sarson tel,33.9,KG,7128.0,Paid
MDM002064,2026-03-13,SCH0238,Kumar General Store,Lentils,33.9,KG,1794.0,Pending
MDM008348,2025-10-01,SCH0141,Sharma Traders,Wheat,35.7,KG,1794.0,Pending
MDM000082,2025-12-31,SCH0082,goyal enterprises,Wheat,33.9,KG,1794.0,Pending
MDM008110,2025-06-23,SCH0574,goyal enterprises,atta,33.9,KG,816.0,Paid
MDM011434,2026-02-19,SCH0350,sharma & sons,Wheat,33.9,KG,1794.0,Due
MDM002698,2025-03-04,SCH0079,goyal enterprises,Rice,33.9,KG,1544.0,Pending
MDM000832,2026-01-29,SCH0159,sharma & sons,Wheat,33.9,KG,1263.0,Cleared
MDM003827,2025-06-28,SCH0225,goyal enterprises,Lentils,33.9,KG,1794.0,Paid
MDM006852,2026-03-04,SCH0140,Sharma Traders,Lentils,33.9,KG,1794.0,Cleared
MDM002834,2026-03-21,SCH0400,kumar & co.,mustard oil,33.9,KG,1794.0,Paid
MDM008164,2025-10-24,SCH0440,Goyal Rice Mill,Rice,33.9,KG,572.0,Paid
MDM011627,2025-09-12,SCH0524,Kumar Supplies,oil,33.9,KG,1794.0,Pending
MDM006959,2025-10-06,SCH0511,goyal enterprises,Wheat,33.9,KG,1401.0,Cleared
MDM000049,2026-02-14,SCH0123,goyal mill,Lentils,28.2,KG,1794.0,Cleared
MDM007370,2026-01-21,SCH0171,goyal mill,Wheat,33.9,KG,1053.0,Paid
MDM011208,2025-11-19,SCH0441,Sharma Traders,cooking oil,33.9,KG,1794.0,Due
MDM005007,2026-03-20,SCH0579,goyal enterprises,Pulses,33.9,KG,4698.0,Paid
MDM009289,2025-09-14,SCH0444,singh agro,atta,33.9,KG,1794.0,Due
MDM004096,2025-10-08,SCH0256,sharma & sons,Lentils,21.0,KG,1794.0,Paid
MDM002690,2025-10-30,SCH0120,sharma & sons,Rice,53.7,KG,2148.0,Pending
MDM005982,2025-07-30,SCH0330,s. agro works,Rice,33.9,KG,1794.0,Paid
MDM007269,2025-05-25,SCH0588,s. agro works,Wheat,33.9,KG,1716.0,Due
MDM006659,2025-12-09,SCH0266,Sharma Traders,Pulses,33.9,KG,4464.0,Pending
MDM002374,2025-12-30,SCH0421,Sharma Traders,Wheat,33.9,KG,1794.0,Cleared
MDM010565,2025-04-01,SCH0395,s. agro works,Lentils,33.9,KG,3024.0,Paid
MDM002759,2025-09-10,SCH0287,kumar & co.,sarson tel,33.9,KG,1794.0,Paid
MDM007709,2025-12-10,SCH0058,goyal mill,Rice,33.9,KG,1456.0,Due
MDM010290,2025-10-25,SCH0394,goyal enterprises,Wheat,33.9,KG,1794.0,Paid
MDM008026,2026-01-11,SCH0484,Sharma Traders,sarson tel,33.9,KG,5808.0,Due
MDM005630,2026-01-29,SCH0214,goyal mill,Lentils,33.9,KG,1794.0,Due
MDM003881,2025-07-16,SCH0501,Sharma Traders,Wheat,33.9,KG,1281.0,Paid
MDM008143,2025-04-14,SCH0219,Kumar General Store,atta,33.9,KG,675.0,Paid
MDM010962,2025-10-11,SCH0347,sharma & sons,cooking oil,33.9,KG,5952.0,Pending
MDM011331,2025-06-24,SCH0439,Kumar Supplies,oil,57.0,KG,6840.0,Pending
MDM006823,2025-07-15,SCH0321,s. agro works,cooking oil,33.9,KG,1794.0,Pending
MDM006840,2025-09-04,SCH0097,Sharma Traders,Wheat,33.9,KG,888.0,Paid
MDM003946,2025-05-20,SCH0252,Sharma Traders,cooking oil,29.1,KG,1794.0,Due
MDM009756,2025-11-20,SCH0316,sharma & sons,cooking oil,14.4,KG,1794.0,Pending
MDM002165,2025-05-03,SCH0373,sharma & sons,atta,33.9,KG,1794.0,Paid
MDM002887,2026-01-09,SCH0400,Sharma Traders,Wheat,21.6,KG,648.0,Pending
MDM005354,2026-02-21,SCH0514,goyal mill,sarson tel,33.9,KG,1794.0,Paid
MDM008944,2026-03-12,SCH0573,sharma & sons,cooking oil,33.9,KG,1794.0,Due
MDM000517,2026-03-31,SCH0184,sharma & sons,mustard oil,33.9,KG,1794.0,Pending
MDM009635,2026-01-12,SCH0181,goyal mill,Rice,33.9,KG,1356.0,Pending
MDM010304,2025-11-24,SCH0260,Kumar Supplies,Wheat,33.9,KG,900.0,Pending
MDM000173,2025-08-04,SCH0180,Sharma Traders,mustard oil,28.4,KG,3408.0,Due
MDM000640,2025-11-08,SCH0080,Kumar Supplies,Lentils,33.9,KG,1794.0,Pending
MDM007236,2025-05-07,SCH0439,Kumar Supplies,Wheat,33.9,KG,1794.0,Due
MDM008102,2025-10-22,SCH0361,Singh Brothers,oil,33.9,KG,1794.0,Pending
MDM001144,2025-11-09,SCH0361,Sharma Traders,Wheat,13.5,KG,405.0,Pending
MDM008901,2026-03-24,SCH0099,Singh Brothers,sarson tel,33.9,KG,1794.0,Cleared
MDM007552,2025-11-14,SCH0403,sharma & sons,Rice,33.9,KG,1794.0,Paid
MDM011223,2025-05-24,SCH0220,sharma & sons,Rice,33.9,KG,888.0,Due
MDM001833,2025-07-05,SCH0211,Goyal Rice Mill,Rice,33.9,KG,1794.0,Paid
MDM007840,2025-11-29,SCH0564,kumar & co.,Lentils,33.9,KG,1794.0,Paid
MDM006501,2026-02-28,SCH0260,goyal enterprises,Wheat,33.9,KG,342.0,Paid
MDM003687,2025-10-10,SCH0204,sharma & sons,cooking oil,33.9,KG,1794.0,Paid
MDM010926,2025-09-29,SCH0242,Goyal Rice Mill,Wheat,33.9,KG,741.0,Paid
MDM004538,2026-02-19,SCH0489,Kumar General Store,Lentils,55.6,KG,5004.0,Paid
MDM006320,2025-09-02,SCH0152,Sharma Traders,sarson tel,33.9,KG,6204.0,Pending
MDM007754,2025-12-21,SCH0207,s. agro works,Lentils,33.9,KG,1794.0,Pending
MDM000835,2025-04-09,SCH0369,s. agro works,atta,33.9,KG,924.0,Paid
MDM002487,2025-09-18,SCH0007,Sharma Traders,Rice,33.9,KG,612.0,Due
MDM009242,2026-03-21,SCH0242,s. agro works,Pulses,57.0,KG,5130.0,Pending
MDM006024,2025-07-17,SCH0236,Singh Brothers,Rice,33.9,KG,868.0,Paid
MDM011895,2025-05-01,SCH0206,Sharma Traders,cooking oil,33.9,KG,5964.0,Pending
MDM008512,2025-10-08,SCH0386,goyal mill,Lentils,33.9,KG,4626.0,Paid
MDM010889,2025-07-30,SCH0009,Kumar General Store,Pulses,33.9,KG,2349.0,Pending
MDM007177,2026-03-27,SCH0318,kumar & co.,oil,33.9,KG,6528.0,Due
MDM000066,2025-11-18,SCH0582,Goyal Rice Mill,Lentils,10.3,KG,1794.0,Pending
MDM005909,2025-10-04,SCH0001,goyal mill,atta,33.9,KG,321.0,Due
MDM005121,2025-12-16,SCH0537,Sharma Traders,Rice,33.9,KG,2396.0,Paid
MDM008401,2026-01-03,SCH0115,Kumar General Store,cooking oil,33.9,KG,1524.0,Cleared
MDM002025,2026-03-16,SCH0527,Goyal Rice Mill,Pulses,33.9,KG,1233.0,Pending
MDM006552,2025-05-07,SCH0596,sharma & sons,Rice,33.9,KG,748.0,Paid
MDM000355,2025-04-12,SCH0028,sharma & sons,Wheat,33.9,KG,786.0,Pending
MDM006226,2025-06-10,SCH0560,kumar & co.,oil,25.9,KG,1794.0,Cleared
MDM004763,2025-04-16,SCH0105,goyal mill,oil,33.9,KG,6144.0,Pending
MDM006324,2025-12-25,SCH0436,singh agro,mustard oil,33.9,KG,1794.0,Paid
MDM010013,2025-07-24,SCH0303,goyal enterprises,Rice,33.9,KG,1794.0,Paid
MDM006308,2025-12-02,SCH0159,singh agro,Pulses,33.9,KG,4005.0,Pending
MDM004569,2026-03-09,SCH0012,s. agro works,atta,33.9,KG,357.0,Due
MDM003128,2025-10-26,SCH0436,kumar & co.,Wheat,33.9,KG,1032.0,Due
MDM004949,2025-05-03,SCH0263,goyal mill,Wheat,33.9,KG,957.0,Due
MDM000310,2026-03-21,SCH0498,s. agro works,mustard oil,33.9,KG,3372.0,Paid
MDM006985,2025-09-30,SCH0590,s. agro works,atta,33.9,KG,1290.0,Cleared
MDM006102,2025-09-14,SCH0022,goyal mill,Rice,52.4,KG,1794.0,Paid
MDM006866,2026-03-02,SCH0405,Kumar General Store,Rice,33.9,KG,808.0,Cleared
MDM004355,2025-10-11,SCH0476,goyal enterprises,Lentils,33.9,KG,4680.0,Pending
MDM007922,2026-02-10,SCH0207,Sharma Traders,Rice,33.9,KG,1320.0,Paid
MDM010523,2026-01-21,SCH0185,Singh Brothers,Lentils,33.9,KG,1980.0,Paid
MDM007835,2025-12-08,SCH0109,Singh Brothers,oil,33.9,KG,6132.0,Cleared
MDM006746,2025-10-05,SCH0200,goyal mill,Rice,33.9,KG,1794.0,Cleared
MDM002584,2026-02-01,SCH0381,sharma & sons,Wheat,33.9,KG,942.0,Due
MDM002771,2025-06-24,SCH0361,goyal enterprises,oil,33.9,KG,1794.0,Paid
MDM004813,2025-06-21,SCH0473,singh agro,oil,33.9,KG,6936.0,Pending
MDM008912,2026-02-28,SCH0009,kumar & co.,Rice,33.9,KG,1148.0,Due
MDM008418,2026-02-03,SCH0277,goyal mill,Rice,33.9,KG,956.0,Paid
MDM006030,2025-06-29,SCH0070,Kumar Supplies,Wheat,33.9,KG,1794.0,Cleared
MDM003210,2025-07-22,SCH0551,sharma & sons,Rice,48.9,KG,1956.0,Cleared
MDM009535,2025-12-12,SCH0281,goyal enterprises,Rice,33.9,KG,2320.0,Pending
MDM003906,2026-01-02,SCH0317,s. agro works,Lentils,43.3,KG,3897.0,Paid
MDM006605,2026-01-13,SCH0008,Goyal Rice Mill,Wheat,33.9,KG,1470.0,Pending
MDM011887,2025-10-29,SCH0207,Sharma Traders,oil,57.9,KG,1794.0,Paid
MDM010072,2025-10-11,SCH0116,goyal mill,mustard oil,33.9,KG,1794.0,Paid
MDM006568,2025-12-18,SCH0140,Singh Brothers,Wheat,33.9,KG,498.0,Pending
MDM002380,2025-08-07,SCH0599,singh agro,Pulses,15.4,KG,1794.0,Cleared
MDM008619,2026-01-15,SCH0530,kumar & co.,Rice,38.6,KG,1544.0,Paid
MDM011608,2025-10-27,SCH0434,Sharma Traders,sarson tel,33.9,KG,1794.0,Due
MDM004170,2025-06-09,SCH0007,Kumar Supplies,Lentils,33.9,KG,4212.0,Pending
MDM010252,2025-06-26,SCH0080,goyal enterprises,sarson tel,33.9,KG,1794.0,Paid
MDM003429,2025-10-22,SCH0077,Sharma Traders,Rice,33.9,KG,1348.0,Paid
MDM004422,2025-09-02,SCH0560,s. agro works,Rice,33.9,KG,1852.0,Paid
MDM001102,2025-09-10,SCH0592,Sharma Traders,Pulses,33.9,KG,1575.0,Due
MDM007503,2026-01-12,SCH0308,singh agro,Lentils,33.9,KG,1794.0,Paid
MDM005383,2026-02-06,SCH0204,sharma & sons,Wheat,33.9,KG,492.0,Paid
MDM011785,2025-10-28,SCH0030,Singh Brothers,Rice,33.9,KG,956.0,Cleared
MDM003251,2025-09-18,SCH0558,goyal enterprises,Pulses,33.9,KG,1794.0,Paid
MDM004410,2025-05-31,SCH0525,singh agro,Lentils,33.9,KG,1773.0,Paid
MDM004141,2026-03-08,SCH0476,goyal mill,Lentils,33.9,KG,1089.0,Paid
MDM003558,2025-06-09,SCH0344,Sharma Traders,Wheat,33.9,KG,567.0,Cleared
MDM007272,2025-09-30,SCH0201,goyal mill,Wheat,33.9,KG,687.0,Due
MDM000119,2025-05-09,SCH0180,Sharma Traders,Lentils,33.9,KG,1107.0,Pending
MDM002023,2026-01-02,SCH0482,sharma & sons,Lentils,33.9,KG,1794.0,Pending
MDM004599,2026-01-18,SCH0492,Goyal Rice Mill,cooking oil,33.9,KG,5784.0,Due
MDM009836,2025-09-10,SCH0204,Singh Brothers,cooking oil,28.4,KG,3408.0,Paid
MDM004982,2025-11-23,SCH0167,Sharma Traders,Rice,33.8,KG,1794.0,Due
MDM010705,2025-12-25,SCH0246,goyal enterprises,Rice,27.0,KG,1080.0,Pending
MDM005845,2025-07-11,SCH0065,s. agro works,Pulses,33.9,KG,4536.0,Cleared
MDM008882,2025-06-15,SCH0427,goyal enterprises,Lentils,33.9,KG,5247.0,Paid
MDM004682,2026-02-15,SCH0540,s. agro works,Rice,47.6,KG,1904.0,Pending
MDM009956,2025-08-16,SCH0533,sharma & sons,Wheat,33.9,KG,1794.0,Pending
MDM007349,2025-12-23,SCH0412,Goyal Rice Mill,Lentils,33.9,KG,1602.0,Cleared
MDM004274,2025-12-26,SCH0168,goyal mill,mustard oil,33.9,KG,1794.0,Pending
MDM006444,2025-06-17,SCH0464,Goyal Rice Mill,sarson tel,33.9,KG,1794.0,Due
MDM000088,2025-12-26,SCH0096,Kumar General Store,atta,33.9,KG,1587.0,Pending
MDM009758,2025-11-05,SCH0530,goyal enterprises,Wheat,55.8,KG,1794.0,Pending
MDM003383,2025-04-29,SCH0298,goyal mill,Wheat,33.9,KG,1794.0,Pending
MDM008254,2025-09-08,SCH0460,Singh Brothers,Wheat,33.9,KG,1674.0,Paid
MDM000404,2025-08-14,SCH0439,goyal enterprises,Rice,33.9,KG,1532.0,Pending
MDM003351,2025-06-14,SCH0374,goyal enterprises,Lentils,33.9,KG,1794.0,Paid
MDM010288,2025-08-10,SCH0319,Goyal Rice Mill,Lentils,33.9,KG,918.0,Paid
MDM005174,2026-03-16,SCH0296,Kumar General Store,Lentils,33.9,KG,5292.0,Due
MDM008724,2025-04-21,SCH0421,Kumar Supplies,sarson tel,35.8,KG,4296.0,Due
MDM002242,2025-04-07,SCH0086,sharma & sons,Pulses,33.9,KG,1260.0,Pending
MDM010856,2025-12-27,SCH0203,Sharma Traders,Lentils,33.9,KG,2259.0,Pending
MDM008019,2026-03-18,SCH0030,Kumar Supplies,Lentils,33.9,KG,1794.0,Paid
MDM001028,2026-02-11,SCH0045,s. agro works,Lentils,33.9,KG,1794.0,Paid
MDM011992,2025-10-01,SCH0178,singh agro,mustard oil,33.9,KG,1794.0,Cleared
MDM006259,2025-11-14,SCH0456,kumar & co.,sarson tel,33.9,KG,4848.0,Due
MDM002437,2025-05-09,SCH0462,Kumar Supplies,mustard oil,33.9,KG,1794.0,Paid
MDM006033,2025-09-08,SCH0339,kumar & co.,cooking oil,33.9,KG,2784.0,Pending
MDM008352,2025-07-31,SCH0093,goyal enterprises,Pulses,33.9,KG,1794.0,Cleared
MDM001279,2025-09-26,SCH0003,Kumar General Store,Rice,33.9,KG,1896.0,Paid
MDM009676,2025-11-02,SCH0136,Kumar General Store,sarson tel,10.7,KG,1284.0,Cleared
MDM007772,2025-12-20,SCH0448,Kumar General Store,atta,59.2,KG,1776.0,Cleared
MDM001426,2025-09-17,SCH0110,Kumar Supplies,mustard oil,13.9,KG,1668.0,Cleared
MDM007029,2025-11-04,SCH0597,Kumar General Store,Rice,33.9,KG,760.0,Paid
MDM001503,2025-06-24,SCH0264,Goyal Rice Mill,Lentils,33.9,KG,1422.0,Paid
MDM010583,2025-05-09,SCH0176,Sharma Traders,Wheat,33.9,KG,1452.0,Paid
MDM010125,2025-12-15,SCH0141,Kumar General Store,Lentils,33.9,KG,2268.0,Pending
MDM010602,2025-08-11,SCH0173,Sharma Traders,cooking oil,33.9,KG,1794.0,Paid
MDM000679,2026-02-09,SCH0293,sharma & sons,Lentils,18.6,KG,1674.0,Paid
MDM008605,2026-03-02,SCH0265,goyal enterprises,oil,33.9,KG,4056.0,Due
MDM011110,2025-06-28,SCH0197,singh agro,Rice,33.9,KG,1340.0,Cleared
MDM007521,2025-12-02,SCH0231,kumar & co.,Rice,33.9,KG,1388.0,Due
MDM007854,2026-02-15,SCH0391,goyal enterprises,Rice,33.9,KG,812.0,Pending
MDM001071,2026-03-05,SCH0415,goyal mill,Wheat,33.9,KG,600.0,Paid
MDM002481,2025-12-30,SCH0561,singh agro,Pulses,33.9,KG,3222.0,Pending
MDM011381,2025-04-03,SCH0456,Goyal Rice Mill,Wheat,33.9,KG,1323.0,Cleared
MDM003393,2025-06-26,SCH0464,Goyal Rice Mill,Rice,33.9,KG,556.0,Pending
MDM001100,2025-10-22,SCH0222,Sharma Traders,Rice,33.9,KG,2208.0,Cleared
MDM010686,2026-02-20,SCH0299,sharma & sons,atta,33.9,KG,612.0,Due
MDM007982,2025-12-15,SCH0182,Kumar Supplies,Wheat,33.9,KG,1794.0,Paid
MDM000419,2025-12-03,SCH0249,s. agro works,Lentils,33.9,KG,1053.0,Paid
MDM007423,2025-12-27,SCH0056,Kumar Supplies,Lentils,33.9,KG,1794.0,Pending
MDM005377,2025-05-08,SCH0339,Goyal Rice Mill,cooking oil,33.9,KG,4164.0,Pending
MDM001948,2025-07-28,SCH0117,s. agro works,Lentils,33.9,KG,2223.0,Paid
MDM003337,2025-06-10,SCH0451,goyal mill,Lentils,33.9,KG,3600.0,Pending
MDM002300,2025-04-12,SCH0024,Sharma Traders,Rice,33.9,KG,1794.0,Paid
MDM006953,2026-01-11,SCH0047,s. agro works,sarson tel,33.9,KG,2808.0,Paid
MDM006957,2025-07-22,SCH0042,Singh Brothers,Wheat,33.9,KG,1587.0,Cleared
MDM000209,2025-10-28,SCH0005,kumar & co.,Wheat,49.9,KG,1497.0,Pending
MDM010827,2026-03-21,SCH0426,Kumar General Store,cooking oil,33.9,KG,1794.0,Paid
MDM010383,2026-02-20,SCH0380,Kumar General Store,Lentils,33.9,KG,2421.0,Pending
MDM005618,2025-12-06,SCH0029,Goyal Rice Mill,sarson tel,33.9,KG,1794.0,Paid
MDM000529,2025-04-11,SCH0423,s. agro works,Rice,33.9,KG,1800.0,Pending
MDM000780,2025-10-05,SCH0091,Goyal Rice Mill,Rice,33.9,KG,1794.0,Cleared
MDM000723,2026-03-12,SCH0325,Singh Brothers,Lentils,33.9,KG,1794.0,Pending
MDM007496,2025-08-21,SCH0180,sharma & sons,Lentils,33.9,KG,3780.0,Paid
MDM001861,2025-09-29,SCH0107,goyal enterprises,Wheat,33.9,KG,831.0,Cleared
MDM010475,2026-01-06,SCH0253,Singh Brothers,cooking oil,33.9,KG,6336.0,Cleared
MDM011815,2026-03-05,SCH0508,Kumar General Store,Lentils,33.9,KG,1794.0,Cleared
MDM010462,2025-10-16,SCH0089,Kumar Supplies,Rice,33.9,KG,1794.0,Pending
MDM011199,2025-06-10,SCH0094,Kumar General Store,Wheat,35.6,KG,1068.0,Paid
MDM001993,2025-08-07,SCH0394,goyal enterprises,Rice,33.9,KG,1794.0,Cleared
MDM002333,2025-08-05,SCH0032,Singh Brothers,oil,33.9,KG,3816.0,Pending
MDM009973,2025-04-11,SCH0013,Kumar Supplies,Wheat,33.9,KG,735.0,Paid
MDM011403,2025-11-18,SCH0196,Sharma Traders,Wheat,33.9,KG,1794.0,Cleared
MDM005995,2026-10-03,SCH0366,Sharma Traders,cooking oil,11.8,KG,1416.0,Pending
MDM003460,2025-06-28,SCH0315,Kumar General Store,Wheat,33.9,KG,636.0,Paid
MDM008927,2026-02-01,SCH0344,sharma & sons,Wheat,33.9,KG,978.0,Pending
MDM007208,2026-01-01,SCH0200,s. agro works,Lentils,25.2,KG,1794.0,Paid
MDM004519,2026-03-29,SCH0103,Sharma Traders,cooking oil,33.9,KG,5052.0,Pending
MDM005585,2025-08-27,SCH0205,Kumar Supplies,Rice,33.9,KG,1794.0,Paid
MDM005642,2026-03-27,SCH0169,Kumar General Store,Rice,33.9,KG,1794.0,Cleared
MDM010294,2025-04-16,SCH0332,Sharma Traders,Rice,33.9,KG,1188.0,Paid
MDM000258,2025-07-26,SCH0075,singh agro,Wheat,26.5,KG,795.0,Paid
MDM009412,2026-01-17,SCH0363,Sharma Traders,Lentils,33.9,KG,1794.0,Paid
MDM009346,2026-01-15,SCH0267,goyal mill,Lentils,33.9,KG,3609.0,Paid
MDM011241,2025-04-06,SCH0590,Sharma Traders,Lentils,33.9,KG,1794.0,Paid
MDM009872,2026-02-05,SCH0404,singh agro,atta,33.9,KG,1467.0,Due
MDM007647,2025-05-06,SCH0159,Kumar Supplies,Rice,33.9,KG,1794.0,Paid
MDM003626,2026-02-22,SCH0503,Kumar Supplies,mustard oil,33.9,KG,1272.0,Pending
MDM000703,2025-11-22,SCH0482,Singh Brothers,Lentils,33.9,KG,4122.0,Pending
MDM003190,2025-11-01,SCH0018,sharma & sons,oil,33.9,KG,1794.0,Cleared
MDM000504,2025-07-10,SCH0211,sharma & sons,oil,33.9,KG,4572.0,Paid
MDM010891,2025-11-25,SCH0581,sharma & sons,sarson tel,33.9,KG,1704.0,Due
MDM002557,2025-07-11,SCH0450,Kumar General Store,Lentils,33.9,KG,4329.0,Paid
MDM010754,2025-05-04,SCH0147,goyal mill,Wheat,33.9,KG,1764.0,Pending
MDM002249,2025-11-21,SCH0398,goyal enterprises,atta,33.9,KG,1359.0,Paid
MDM000373,2025-07-12,SCH0388,Sharma Traders,Rice,33.9,KG,1794.0,Cleared
MDM004053,2025-10-19,SCH0461,goyal mill,Wheat,33.9,KG,1794.0,Paid
MDM003938,2025-05-11,SCH0289,sharma & sons,Lentils,33.9,KG,1794.0,Cleared
MDM004077,2025-10-28,SCH0317,sharma & sons,mustard oil,33.9,KG,1794.0,Paid
MDM000998,2025-07-29,SCH0574,Sharma Traders,Pulses,33.9,KG,2412.0,Cleared
MDM004333,2025-04-28,SCH0207,sharma & sons,cooking oil,33.9,KG,1476.0,Paid
MDM005633,2026-02-12,SCH0146,s. agro works,mustard oil,33.9,KG,1284.0,Paid
MDM001177,2025-07-17,SCH0540,sharma & sons,Lentils,28.9,KG,1794.0,Paid
MDM011971,2025-11-20,SCH0171,sharma & sons,Lentils,35.3,KG,3177.0,Due
MDM000552,2025-05-14,SCH0078,Singh Brothers,Rice,33.9,KG,1056.0,Pending
MDM004841,2025-10-08,SCH0083,Kumar Supplies,Rice,33.9,KG,2196.0,Paid
MDM004373,2025-11-20,SCH0166,Goyal Rice Mill,Wheat,33.9,KG,1794.0,Pending
MDM003498,2026-03-24,SCH0373,goyal mill,sarson tel,33.9,KG,5664.0,Pending
MDM005460,2025-10-18,SCH0208,kumar & co.,Pulses,33.9,KG,5202.0,Cleared
MDM005107,2025-08-15,SCH0486,goyal enterprises,Rice,58.8,KG,2352.0,Pending
MDM005774,2025-12-23,SCH0241,Kumar General Store,mustard oil,20.9,KG,2508.0,Paid
MDM010737,2026-03-04,SCH0343,sharma & sons,Lentils,33.9,KG,3285.0,Pending
MDM008217,2025-08-30,SCH0029,Singh Brothers,oil,33.9,KG,4080.0,Pending
MDM006949,2026-01-05,SCH0324,s. agro works,Wheat,33.9,KG,558.0,Paid
MDM007640,2025-07-21,SCH0050,Singh Brothers,Rice,33.9,KG,1794.0,Cleared
MDM008474,2026-01-15,SCH0238,Goyal Rice Mill,Rice,33.9,KG,2372.0,Paid
MDM000694,2025-08-28,SCH0290,kumar & co.,Wheat,33.9,KG,1794.0,Due
MDM002534,2025-11-03,SCH0543,Kumar General Store,Rice,33.9,KG,2064.0,Due
MDM005012,2026-02-09,SCH0005,singh agro,Wheat,34.9,KG,1794.0,Paid
MDM003444,2025-05-03,SCH0527,Kumar Supplies,mustard oil,33.9,KG,3456.0,Due
MDM000983,2025-07-28,SCH0145,goyal enterprises,Wheat,33.9,KG,1794.0,Paid
MDM005442,2025-08-21,SCH0045,s. agro works,Lentils,33.9,KG,1794.0,Paid
MDM011629,2025-05-26,SCH0540,Kumar General Store,Wheat,33.9,KG,1794.0,Cleared
MDM004223,2025-07-06,SCH0159,Goyal Rice Mill,Wheat,33.9,KG,1011.0,Cleared
MDM000092,2025-04-02,SCH0142,Singh Brothers,Wheat,33.9,KG,1611.0,Cleared
MDM002267,2026-02-06,SCH0169,Singh Brothers,oil,33.9,KG,1824.0,Pending
MDM008863,2025-10-06,SCH0591,Sharma Traders,Rice,33.9,KG,580.0,Pending
MDM007497,2025-11-15,SCH0392,goyal enterprises,Wheat,33.9,KG,813.0,Paid
MDM007599,2025-05-01,SCH0158,Singh Brothers,Rice,33.9,KG,1794.0,Pending
MDM000262,2025-10-17,SCH0006,singh agro,Lentils,33.9,KG,1692.0,Paid
MDM003338,2025-08-28,SCH0131,Kumar General Store,oil,33.9,KG,1794.0,Paid
MDM007948,2025-08-28,SCH0536,Kumar General Store,oil,33.9,KG,1344.0,Pending
MDM009905,2025-04-07,SCH0099,Kumar Supplies,sarson tel,33.9,KG,1794.0,Paid
MDM010609,2025-06-20,SCH0488,goyal enterprises,Lentils,48.2,KG,1794.0,Pending
MDM000446,2026-01-16,SCH0404,Sharma Traders,oil,33.9,KG,1794.0,Paid
MDM003556,2025-05-22,SCH0103,goyal mill,Pulses,33.9,KG,2646.0,Pending
MDM002195,2026-02-20,SCH0283,s. agro works,Lentils,33.9,KG,1674.0,Pending
MDM006877,2025-08-24,SCH0201,kumar & co.,Rice,33.9,KG,1794.0,Paid
MDM008238,2025-07-16,SCH0284,goyal enterprises,Rice,33.9,KG,1196.0,Cleared
MDM002868,2025-05-27,SCH0373,Sharma Traders,Pulses,33.9,KG,1794.0,Paid
MDM002527,2026-03-10,SCH0510,goyal enterprises,Lentils,33.9,KG,3096.0,Paid
MDM011798,2025-05-27,SCH0025,Goyal Rice Mill,Wheat,33.9,KG,1794.0,Cleared
MDM007866,2025-09-19,SCH0316,goyal mill,Rice,33.9,KG,1868.0,Pending
MDM011332,2025-12-01,SCH0313,Goyal Rice Mill,Rice,33.9,KG,1794.0,Pending
MDM001169,2025-12-02,SCH0144,sharma & sons,Lentils,33.9,KG,1794.0,Paid
MDM004145,2026-01-16,SCH0213,Sharma Traders,Lentils,33.9,KG,4221.0,Pending
MDM000085,2025-08-18,SCH0381,Sharma Traders,cooking oil,33.9,KG,1794.0,Cleared
MDM003150,2025-11-10,SCH0275,singh agro,Lentils,33.9,KG,1794.0,Due
MDM010091,2025-10-25,SCH0524,s. agro works,oil,33.9,KG,1956.0,Paid
MDM000881,2025-10-03,SCH0250,Singh Brothers,Rice,33.9,KG,1794.0,Pending
MDM007133,2025-05-30,SCH0214,sharma & sons,Wheat,56.7,KG,1701.0,Paid
MDM008319,2025-10-15,SCH0203,Kumar General Store,Wheat,33.9,KG,1794.0,Paid
MDM001468,2025-09-15,SCH0146,kumar & co.,Pulses,33.9,KG,1323.0,Due
MDM009038,2026-01-01,SCH0331,goyal mill,Rice,12.6,KG,1794.0,Cleared
MDM007345,2025-05-27,SCH0231,singh agro,mustard oil,45.6,KG,5472.0,Paid
MDM007174,2025-07-25,SCH0058,Kumar General Store,Wheat,33.9,KG,1794.0,Paid
MDM004327,2025-11-09,SCH0080,s. agro works,Wheat,33.9,KG,1794.0,Paid
MDM004045,2025-12-16,SCH0337,singh agro,mustard oil,33.9,KG,1794.0,Pending
MDM004138,2025-05-10,SCH0148,Goyal Rice Mill,Rice,33.9,KG,1092.0,Paid
MDM003040,2025-11-17,SCH0253,sharma & sons,Rice,33.9,KG,2004.0,Paid
MDM006390,2025-11-14,SCH0557,Kumar General Store,Lentils,33.9,KG,1794.0,Due
MDM010927,2026-03-18,SCH0591,Singh Brothers,Rice,33.9,KG,720.0,Paid
MDM007211,2025-06-19,SCH0421,sharma & sons,Wheat,33.9,KG,1224.0,Pending
MDM000580,2025-06-20,SCH0575,goyal mill,Wheat,21.9,KG,657.0,Pending
MDM008671,2025-12-11,SCH0222,s. agro works,Lentils,30.8,KG,1794.0,Pending
MDM009096,2025-08-20,SCH0038,goyal enterprises,Lentils,33.9,KG,1503.0,Cleared
MDM008864,2025-12-07,SCH0428,goyal enterprises,Wheat,33.9,KG,1437.0,Pending
MDM009727,2025-04-05,SCH0328,Singh Brothers,cooking oil,30.9,KG,3708.0,Cleared
MDM002468,2026-02-01,SCH0339,goyal mill,Lentils,33.9,KG,4932.0,Paid
MDM004158,2025-06-29,SCH0515,Sharma Traders,Wheat,33.9,KG,414.0,Pending
MDM006120,2026-01-31,SCH0256,sharma & sons,Wheat,33.9,KG,324.0,Paid
MDM000414,2025-10-07,SCH0521,Sharma Traders,sarson tel,33.9,KG,4920.0,Paid
MDM000403,2026-02-05,SCH0501,singh agro,Lentils,33.9,KG,1794.0,Pending
MDM004429,2025-02-05,SCH0535,kumar & co.,Wheat,33.9,KG,1149.0,Due
MDM002085,2026-01-11,SCH0202,Goyal Rice Mill,Lentils,33.9,KG,4347.0,Pending
MDM003058,2025-11-17,SCH0388,Goyal Rice Mill,Lentils,33.9,KG,1794.0,Paid
MDM009252,2025-09-09,SCH0581,kumar & co.,Lentils,27.1,KG,1794.0,Due
MDM000165,2025-08-07,SCH0038,kumar & co.,Rice,33.9,KG,1404.0,Pending
MDM004303,2026-02-25,SCH0547,s. agro works,Wheat,33.9,KG,1332.0,Paid
MDM007865,2026-02-22,SCH0268,s. agro works,sarson tel,33.9,KG,1488.0,Pending
MDM009757,2025-06-18,SCH0312,kumar & co.,Lentils,33.9,KG,4257.0,Paid
MDM003318,2025-01-09,SCH0553,Sharma Traders,Lentils,33.9,KG,5112.0,Paid
MDM009903,2026-10-01,SCH0009,Goyal Rice Mill,oil,33.9,KG,4908.0,Due
MDM003935,2026-02-15,SCH0582,singh agro,Rice,33.9,KG,1200.0,Paid
MDM001848,2026-01-07,SCH0034,Goyal Rice Mill,sarson tel,33.9,KG,5172.0,Paid
MDM001335,2025-05-03,SCH0571,Kumar Supplies,oil,51.4,KG,1794.0,Paid
MDM009498,2026-03-18,SCH0331,goyal mill,Wheat,56.8,KG,1704.0,Paid
MDM000754,2025-11-19,SCH0582,sharma & sons,Lentils,24.7,KG,1794.0,Paid
MDM003065,2025-10-09,SCH0539,Singh Brothers,Rice,33.9,KG,1794.0,Paid
MDM000707,2025-11-12,SCH0238,singh agro,mustard oil,33.9,KG,1452.0,Pending
MDM003492,2025-06-26,SCH0583,Goyal Rice Mill,Lentils,33.9,KG,3266.0,Pending
MDM004574,2026-03-25,SCH0581,kumar & co.,sarson tel,33.9,KG,2148.0,Paid
MDM007350,2026-03-21,SCH0210,goyal mill,Lentils,33.9,KG,3762.0,Cleared
MDM005158,2025-10-10,SCH0520,goyal enterprises,Rice,37.4,KG,1496.0,Cleared
MDM003152,2026-03-20,SCH0512,Goyal Rice Mill,Lentils,26.3,KG,1794.0,Due
MDM011556,2025-07-03,SCH0354,goyal enterprises,Wheat,33.9,KG,579.0,Paid
MDM003800,2025-09-29,SCH0392,Sharma Traders,Wheat,47.0,KG,1410.0,Paid
MDM004023,2026-03-14,SCH0149,Sharma Traders,mustard oil,33.9,KG,1812.0,Pending
MDM001075,2025-08-06,SCH0033,Kumar Supplies,Lentils,33.9,KG,2817.0,Paid
MDM008266,2025-09-27,SCH0590,singh agro,Wheat,33.9,KG,597.0,Paid
MDM003439,2026-02-26,SCH0390,sharma & sons,mustard oil,23.5,KG,2820.0,Cleared
MDM007755,2025-07-24,SCH0232,Singh Brothers,Rice,33.9,KG,1794.0,Pending
MDM011039,2025-10-25,SCH0263,Kumar General Store,Rice,14.8,KG,1794.0,Paid
MDM007798,2025-11-08,SCH0385,Singh Brothers,Wheat,51.3,KG,1794.0,Paid
MDM002430,2026-05-01,SCH0571,singh agro,Pulses,11.3,KG,1794.0,Cleared
MDM000247,2025-06-30,SCH0278,goyal enterprises,Wheat,33.9,KG,1794.0,Paid
MDM003816,2025-07-11,SCH0374,goyal mill,Rice,33.9,KG,1794.0,Paid
MDM005823,2025-11-27,SCH0490,goyal enterprises,Lentils,27.7,KG,1794.0,Pending
MDM003633,2025-11-22,SCH0435,Sharma Traders,Rice,33.9,KG,1748.0,Paid
MDM008240,2025-12-06,SCH0195,Sharma Traders,Lentils,33.9,KG,1794.0,Pending
MDM002263,2026-01-23,SCH0102,Goyal Rice Mill,atta,33.9,KG,1794.0,Pending
MDM002247,2025-05-10,SCH0392,goyal enterprises,Wheat,33.9,KG,1557.0,Pending
MDM000836,2026-02-09,SCH0262,Goyal Rice Mill,mustard oil,33.9,KG,1794.0,Paid
MDM005065,2025-12-21,SCH0104,Kumar Supplies,Wheat,33.9,KG,1794.0,Cleared
MDM000433,2025-10-20,SCH0573,Sharma Traders,Lentils,33.9,KG,1794.0,Due
MDM005426,2026-01-01,SCH0130,goyal enterprises,Lentils,60.0,KG,1794.0,Paid
MDM001174,2025-04-22,SCH0012,Singh Brothers,oil,33.9,KG,5592.0,Paid
MDM005810,2025-11-04,SCH0467,kumar & co.,Wheat,33.9,KG,1794.0,Cleared
MDM004657,2025-11-01,SCH0024,Kumar Supplies,Wheat,53.8,KG,1614.0,Paid
MDM007650,2025-05-06,SCH0333,singh agro,oil,33.9,KG,1794.0,Pending
MDM008297,2025-04-01,SCH0251,goyal enterprises,oil,33.9,KG,2256.0,Pending
MDM000251,2025-12-29,SCH0280,Kumar Supplies,atta,33.9,KG,1794.0,Due
MDM005231,2025-05-01,SCH0282,Kumar Supplies,Rice,33.9,KG,2108.0,Paid
MDM005505,2026-01-14,SCH0572,goyal enterprises,Wheat,33.9,KG,1794.0,Due
MDM009845,2025-12-24,SCH0569,goyal enterprises,sarson tel,33.9,KG,5808.0,Cleared
MDM009725,2025-07-22,SCH0409,Sharma Traders,cooking oil,56.7,KG,6804.0,Pending
MDM003408,2026-02-25,SCH0044,Kumar General Store,Rice,33.9,KG,1794.0,Paid
MDM002730,2025-08-16,SCH0237,kumar & co.,Wheat,33.9,KG,399.0,Paid
MDM000434,2025-06-02,SCH0333,sharma & sons,atta,33.9,KG,1056.0,Paid
MDM007654,2025-05-16,SCH0559,goyal mill,Wheat,33.9,KG,1557.0,Paid
MDM009361,2026-01-01,SCH0260,Kumar Supplies,Lentils,33.9,KG,1794.0,Paid
MDM011225,2025-04-18,SCH0118,Singh Brothers,Pulses,33.9,KG,1794.0,Paid
MDM007451,2025-04-03,SCH0215,Singh Brothers,sarson tel,33.9,KG,4464.0,Paid
MDM011161,2026-03-19,SCH0403,s. agro works,Lentils,33.9,KG,3582.0,Paid
MDM007278,2026-01-07,SCH0158,singh agro,Rice,28.2,KG,1794.0,Pending
MDM010347,2025-12-26,SCH0590,sharma & sons,mustard oil,33.9,KG,6300.0,Cleared
MDM004003,2025-04-09,SCH0045,Sharma Traders,oil,33.9,KG,3972.0,Due
MDM008192,2026-03-02,SCH0066,Goyal Rice Mill,Wheat,33.9,KG,1269.0,Paid
MDM001333,2025-06-18,SCH0492,Kumar General Store,Lentils,33.9,KG,2457.0,Paid
MDM008945,2026-03-03,SCH0338,Sharma Traders,Lentils,33.9,KG,1794.0,Pending
MDM009360,2025-09-19,SCH0099,singh agro,Rice,33.9,KG,2096.0,Paid
MDM009245,2025-08-30,SCH0490,s. agro works,cooking oil,24.2,KG,2904.0,Due
MDM001444,2025-04-13,SCH0240,goyal mill,Wheat,33.9,KG,1230.0,Paid
MDM010064,2025-04-16,SCH0213,kumar & co.,Wheat,33.9,KG,1080.0,Pending
MDM011807,2025-12-10,SCH0381,s. agro works,oil,33.9,KG,1794.0,Pending
MDM004311,2025-07-02,SCH0319,Kumar Supplies,cooking oil,33.9,KG,3204.0,Pending
MDM004900,2025-08-26,SCH0445,singh agro,Rice,33.9,KG,604.0,Pending
MDM006559,2025-12-13,SCH0320,kumar & co.,Rice,33.9,KG,852.0,Pending
MDM010934,2025-09-06,SCH0582,sharma & sons,Lentils,33.9,KG,1794.0,Paid
MDM011179,2025-10-05,SCH0258,Singh Brothers,Rice,33.9,KG,1794.0,Pending
MDM009755,2026-03-05,SCH0189,Sharma Traders,atta,33.9,KG,1530.0,Paid
MDM002570,2025-12-11,SCH0492,s. agro works,mustard oil,33.9,KG,1794.0,Paid
MDM008992,2025-09-28,SCH0537,Singh Brothers,oil,14.1,KG,1692.0,Due
MDM004278,2025-08-28,SCH0587,s. agro works,Wheat,33.9,KG,1794.0,Pending
MDM003667,2025-11-02,SCH0291,kumar & co.,sarson tel,33.9,KG,4632.0,Cleared
MDM006135,2025-10-20,SCH0443,Singh Brothers,oil,33.9,KG,1632.0,Due
MDM002447,2026-01-29,SCH0568,Kumar General Store,sarson tel,33.9,KG,5520.0,Pending
MDM010219,2026-03-21,SCH0478,goyal mill,Rice,24.4,KG,976.0,Paid
MDM003658,2025-09-17,SCH0220,Sharma Traders,cooking oil,32.6,KG,1794.0,Paid
MDM009971,2025-10-20,SCH0439,kumar & co.,sarson tel,33.9,KG,5028.0,Paid
MDM003173,2025-09-08,SCH0219,goyal mill,Wheat,33.9,KG,1113.0,Pending
MDM001224,2025-06-12,SCH0089,Singh Brothers,Wheat,33.9,KG,327.0,Due
MDM009575,2025-12-19,SCH0246,Sharma Traders,Wheat,33.9,KG,1734.0,Cleared
MDM004167,2026-03-04,SCH0441,Goyal Rice Mill,Wheat,33.9,KG,1242.0,Paid
MDM000545,2025-05-28,SCH0112,Sharma Traders,Lentils,33.9,KG,1794.0,Paid
MDM001205,2026-03-24,SCH0226,Kumar Supplies,Rice,33.9,KG,2044.0,Paid
MDM005606,2025-09-11,SCH0276,kumar & co.,atta,33.9,KG,1794.0,Paid
MDM006441,2025-03-09,SCH0068,Singh Brothers,Rice,33.9,KG,1060.0,Due
MDM011243,2026-03-17,SCH0048,Sharma Traders,cooking oil,33.9,KG,5256.0,Paid
MDM002638,2025-07-09,SCH0156,goyal mill,Lentils,33.9,KG,2439.0,Due
MDM006244,2025-06-02,SCH0354,kumar & co.,cooking oil,33.9,KG,1794.0,Due
MDM010276,2025-05-24,SCH0055,Sharma Traders,sarson tel,33.9,KG,2544.0,Pending
MDM006561,2026-03-10,SCH0515,Kumar Supplies,Wheat,33.9,KG,1416.0,Paid
MDM010770,2025-12-15,SCH0564,Singh Brothers,Rice,33.9,KG,732.0,Paid
MDM000878,2025-06-30,SCH0120,s. agro works,Rice,33.9,KG,2012.0,Paid
MDM010022,2025-11-14,SCH0145,singh agro,Rice,25.0,KG,1794.0,Paid
MDM000197,2025-12-27,SCH0319,Kumar General Store,Lentils,33.9,KG,4842.0,Pending
MDM003384,2025-05-24,SCH0591,sharma & sons,Rice,56.8,KG,1794.0,Pending
MDM004380,2025-09-16,SCH0193,sharma & sons,Rice,33.9,KG,1024.0,Paid
MDM008527,2025-11-30,SCH0586,Sharma Traders,Wheat,33.9,KG,1794.0,Due
MDM008861,2026-03-29,SCH0555,Kumar General Store,Wheat,31.6,KG,948.0,Pending
MDM002998,2026-01-15,SCH0427,sharma & sons,sarson tel,33.9,KG,6996.0,Pending
MDM002572,2026-04-01,SCH0376,Goyal Rice Mill,Rice,33.9,KG,1384.0,Due
MDM011926,2026-02-11,SCH0312,singh agro,Lentils,33.9,KG,1794.0,Pending
MDM010657,2025-10-11,SCH0292,goyal enterprises,oil,33.9,KG,1794.0,Cleared
MDM011576,2026-03-05,SCH0302,Singh Brothers,Rice,33.9,KG,1836.0,Paid
MDM011837,2025-11-15,SCH0109,goyal mill,Wheat,33.9,KG,864.0,Paid
MDM004970,2025-05-07,SCH0515,Singh Brothers,Wheat,33.9,KG,1614.0,Paid
MDM004712,2025-12-11,SCH0391,Singh Brothers,Rice,33.9,KG,2112.0,Paid
MDM004164,2025-07-17,SCH0113,Goyal Rice Mill,Rice,33.9,KG,2104.0,Pending
MDM006391,2025-07-03,SCH0328,singh agro,Rice,33.9,KG,1794.0,Pending
MDM005814,2025-05-31,SCH0515,goyal enterprises,Wheat,33.9,KG,1794.0,Pending
MDM009285,2025-10-20,SCH0590,Singh Brothers,cooking oil,33.9,KG,5076.0,Cleared
MDM002683,2025-12-15,SCH0368,Goyal Rice Mill,sarson tel,39.0,KG,1794.0,Paid
MDM006261,2026-02-08,SCH0477,singh agro,Wheat,33.9,KG,480.0,Paid
MDM002509,2026-03-16,SCH0043,Kumar General Store,Rice,33.9,KG,1794.0,Paid
MDM006392,2025-05-11,SCH0129,s. agro works,Wheat,33.9,KG,696.0,Pending
MDM001511,2026-02-15,SCH0004,goyal enterprises,sarson tel,33.9,KG,2328.0,Pending
MDM004315,2025-12-16,SCH0198,goyal mill,Rice,33.9,KG,1794.0,Paid
MDM007769,2025-06-13,SCH0181,Sharma Traders,Wheat,34.8,KG,1044.0,Due
MDM001245,2026-01-28,SCH0164,Goyal Rice Mill,Lentils,33.9,KG,4797.0,Paid
MDM005668,2025-07-01,SCH0026,Singh Brothers,Rice,33.9,KG,1794.0,Paid
MDM010887,2025-08-11,SCH0021,goyal mill,Rice,33.9,KG,708.0,Pending
MDM004122,2025-10-27,SCH0454,Kumar Supplies,Wheat,26.5,KG,1794.0,Paid
MDM004996,2026-01-11,SCH0210,Singh Brothers,Lentils,48.6,KG,4374.0,Paid
MDM008962,2026-10-01,SCH0422,Goyal Rice Mill,Pulses,33.9,KG,5319.0,Cleared
MDM005736,2025-12-06,SCH0376,Sharma Traders,Rice,33.9,KG,1794.0,Pending
MDM006924,2026-01-02,SCH0052,Sharma Traders,Lentils,33.9,KG,1386.0,Pending
MDM006661,2025-04-14,SCH0486,goyal mill,Lentils,26.1,KG,1794.0,Paid
MDM000255,2025-07-23,SCH0593,Kumar Supplies,Rice,37.6,KG,1504.0,Paid
MDM007445,2025-04-13,SCH0149,Goyal Rice Mill,sarson tel,33.9,KG,1236.0,Cleared
MDM004512,2025-07-28,SCH0333,Kumar Supplies,Lentils,33.9,KG,1794.0,Cleared
MDM007104,2025-04-30,SCH0297,Sharma Traders,Rice,33.9,KG,1860.0,Paid
MDM005160,2026-02-10,SCH0363,goyal mill,cooking oil,19.6,KG,2352.0,Cleared
MDM010199,2025-11-29,SCH0060,Goyal Rice Mill,Pulses,33.9,KG,1794.0,Paid
MDM000760,2025-04-06,SCH0313,Goyal Rice Mill,mustard oil,33.9,KG,6228.0,Paid
MDM000655,2025-05-09,SCH0401,Kumar Supplies,Rice,47.3,KG,1892.0,Paid
MDM011800,2025-10-29,SCH0304,goyal enterprises,Rice,33.9,KG,1794.0,Pending
MDM003402,2025-06-19,SCH0285,Goyal Rice Mill,sarson tel,33.9,KG,1794.0,Pending
MDM001421,2026-01-16,SCH0223,goyal enterprises,Wheat,15.5,KG,465.0,Pending
MDM003045,2025-05-11,SCH0266,kumar & co.,Lentils,33.9,KG,1323.0,Paid
MDM002831,2025-04-27,SCH0247,Sharma Traders,Rice,33.9,KG,2300.0,Paid
MDM008360,2025-10-22,SCH0337,goyal enterprises,Wheat,23.0,KG,1794.0,Due
MDM000329,2025-08-23,SCH0121,sharma & sons,Rice,33.9,KG,1980.0,Pending
MDM000254,2025-11-23,SCH0179,Kumar Supplies,Wheat,33.9,KG,1638.0,Paid
MDM007783,2025-11-05,SCH0224,Kumar Supplies,cooking oil,33.9,KG,7068.0,Cleared
MDM010198,2026-02-16,SCH0505,Singh Brothers,Rice,33.9,KG,1794.0,Paid
MDM004378,2025-05-21,SCH0225,Goyal Rice Mill,Rice,33.9,KG,1552.0,Paid
MDM005093,2025-09-29,SCH0537,s. agro works,Pulses,33.9,KG,1794.0,Pending
MDM003020,2025-07-22,SCH0289,Goyal Rice Mill,Rice,33.9,KG,512.0,Cleared
MDM003030,2025-05-03,SCH0072,kumar & co.,oil,33.9,KG,6228.0,Paid
MDM002637,2025-04-13,SCH0321,s. agro works,Rice,33.9,KG,1794.0,Cleared
MDM007533,2025-05-15,SCH0072,Singh Brothers,mustard oil,33.9,KG,5268.0,Cleared
MDM006881,2026-01-18,SCH0010,goyal enterprises,Pulses,56.0,KG,5040.0,Pending
MDM003019,2026-02-10,SCH0422,sharma & sons,cooking oil,33.9,KG,1794.0,Pending
MDM002946,2026-03-27,SCH0420,sharma & sons,Rice,33.9,KG,1220.0,Paid
MDM003660,2025-05-25,SCH0446,Sharma Traders,oil,33.9,KG,1992.0,Due
MDM008751,2025-12-01,SCH0575,s. agro works,Rice,33.9,KG,1794.0,Due
MDM008701,2025-11-30,SCH0465,goyal enterprises,Rice,33.9,KG,1794.0,Pending
MDM011604,2025-08-09,SCH0300,Singh Brothers,oil,48.9,KG,5868.0,Cleared
MDM002664,2026-02-16,SCH0042,Sharma Traders,Rice,33.9,KG,432.0,Pending
MDM005791,2025-11-22,SCH0369,Sharma Traders,cooking oil,33.9,KG,4416.0,Cleared
MDM001363,2025-04-01,SCH0063,goyal mill,Lentils,33.9,KG,1794.0,Paid
MDM008505,2025-05-25,SCH0153,goyal enterprises,cooking oil,33.9,KG,2328.0,Pending
MDM003482,2025-06-10,SCH0542,s. agro works,Pulses,33.9,KG,2610.0,Cleared
MDM011903,2026-02-23,SCH0101,Kumar Supplies,Lentils,33.9,KG,1794.0,Paid
MDM010465,2025-04-17,SCH0132,goyal enterprises,sarson tel,33.9,KG,5700.0,Cleared
MDM007581,2025-08-02,SCH0530,goyal enterprises,Lentils,33.9,KG,2493.0,Paid
MDM005441,2025-11-03,SCH0214,Sharma Traders,Lentils,25.9,KG,2331.0,Pending
MDM007206,2025-04-22,SCH0014,singh agro,Pulses,33.9,KG,3519.0,Paid
MDM008367,2025-04-05,SCH0444,Kumar General Store,Lentils,33.9,KG,4680.0,Paid
MDM002881,2026-03-31,SCH0215,kumar & co.,Rice,29.7,KG,1794.0,Paid
MDM003382,2025-04-19,SCH0465,Sharma Traders,Rice,33.9,KG,1794.0,Paid
MDM001303,2025-12-29,SCH0565,Kumar Supplies,Wheat,33.9,KG,1794.0,Pending
MDM006409,2025-08-13,SCH0115,Goyal Rice Mill,Wheat,33.9,KG,1794.0,Due
MDM004958,2025-07-05,SCH0565,s. agro works,Lentils,33.9,KG,1794.0,Pending
MDM004837,2025-12-26,SCH0551,Sharma Traders,Rice,33.9,KG,1794.0,Paid
MDM006254,2026-09-02,SCH0249,s. agro works,Lentils,33.9,KG,1794.0,Cleared
MDM009002,2025-08-11,SCH0266,Sharma Traders,cooking oil,33.9,KG,6684.0,Due
MDM005497,2025-06-19,SCH0526,s. agro works,Lentils,33.9,KG,1683.0,Paid
MDM007670,2025-06-02,SCH0221,sharma & sons,Rice,33.9,KG,568.0,Cleared
MDM000943,2025-09-06,SCH0284,singh agro,Wheat,33.9,KG,1158.0,Pending
MDM010079,2026-01-09,SCH0133,goyal mill,Rice,33.9,KG,1824.0,Pending
MDM003236,2025-05-01,SCH0197,goyal mill,Lentils,33.9,KG,4203.0,Paid
MDM003258,2025-05-02,SCH0585,s. agro works,Rice,33.9,KG,1424.0,Due
MDM009358,2026-03-13,SCH0058,Kumar General Store,Wheat,33.9,KG,1794.0,Due
MDM009121,2026-01-15,SCH0223,Sharma Traders,Wheat,33.9,KG,1041.0,Pending
MDM000177,2025-06-26,SCH0096,goyal mill,Rice,33.9,KG,1300.0,Pending
MDM000436,2025-09-14,SCH0136,kumar & co.,Wheat,20.0,KG,600.0,Paid
MDM010655,2026-01-26,SCH0279,Sharma Traders,Rice,33.9,KG,1548.0,Due
MDM000309,2025-11-25,SCH0113,kumar & co.,atta,33.9,KG,744.0,Pending
MDM001566,2025-12-18,SCH0099,Goyal Rice Mill,mustard oil,33.9,KG,3564.0,Pending
MDM003965,2026-02-07,SCH0369,goyal mill,cooking oil,11.3,KG,1356.0,Paid
MDM002136,2025-10-21,SCH0207,singh agro,cooking oil,13.5,KG,1620.0,Due
MDM011755,2025-09-30,SCH0220,singh agro,Pulses,33.9,KG,4392.0,Paid
MDM010843,2025-10-06,SCH0153,Sharma Traders,Lentils,33.9,KG,1794.0,Paid
MDM004978,2025-02-05,SCH0386,Singh Brothers,Rice,33.9,KG,1464.0,Paid
MDM006197,2025-05-06,SCH0156,s. agro works,Lentils,28.3,KG,1794.0,Pending
MDM010110,2025-07-06,SCH0058,Sharma Traders,Lentils,33.9,KG,3564.0,Paid
MDM000596,2025-11-07,SCH0421,goyal mill,Lentils,33.9,KG,3312.0,Paid
MDM005614,2026-02-10,SCH0474,goyal enterprises,mustard oil,59.8,KG,7176.0,Cleared
MDM004626,2026-01-23,SCH0559,Goyal Rice Mill,oil,33.9,KG,6036.0,Pending
MDM005333,2025-08-25,SCH0305,Kumar General Store,mustard oil,33.9,KG,3336.0,Due
MDM008332,2026-01-22,SCH0111,goyal enterprises,atta,33.9,KG,1467.0,Cleared
MDM010270,2026-03-03,SCH0076,Goyal Rice Mill,Lentils,33.9,KG,1794.0,Due
MDM002624,2025-08-16,SCH0055,Kumar General Store,Lentils,33.9,KG,1377.0,Pending
MDM004573,2025-05-15,SCH0277,Goyal Rice Mill,Rice,33.9,KG,680.0,Paid
MDM009372,2026-02-12,SCH0408,Singh Brothers,Rice,33.9,KG,2288.0,Pending
MDM011300,2025-08-01,SCH0534,Goyal Rice Mill,Rice,33.9,KG,1500.0,Due
MDM000232,2026-03-23,SCH0596,singh agro,Lentils,33.9,KG,2556.0,Paid
MDM000180,2025-11-24,SCH0433,goyal enterprises,Rice,33.9,KG,452.0,Pending
MDM000738,2025-04-25,SCH0208,Singh Brothers,Lentils,33.9,KG,4689.0,Paid
MDM011878,2025-12-04,SCH0515,singh agro,Wheat,33.9,KG,1794.0,Paid
MDM009397,2026-02-06,SCH0309,Sharma Traders,Rice,33.9,KG,2368.0,Due
MDM009054,2025-09-08,SCH0288,goyal enterprises,Lentils,19.5,KG,1755.0,Paid
MDM007837,2026-01-09,SCH0361,Singh Brothers,mustard oil,43.9,KG,5268.0,Cleared
MDM008514,2025-07-03,SCH0482,Goyal Rice Mill,Rice,33.9,KG,2308.0,Paid
MDM007853,2025-07-23,SCH0135,goyal mill,oil,33.9,KG,4428.0,Paid
MDM005956,2026-03-09,SCH0335,kumar & co.,Lentils,33.9,KG,1890.0,Due
MDM001322,2025-12-07,SCH0575,singh agro,cooking oil,33.9,KG,2976.0,Pending
MDM001996,2025-10-10,SCH0600,s. agro works,Wheat,33.9,KG,1794.0,Paid
MDM006518,2026-02-14,SCH0486,Kumar Supplies,Rice,33.9,KG,2300.0,Paid
MDM005613,2025-11-13,SCH0100,Singh Brothers,Pulses,19.8,KG,1782.0,Pending
MDM007961,2026-02-28,SCH0488,Sharma Traders,Lentils,33.9,KG,1638.0,Cleared
MDM007363,2025-12-17,SCH0565,Sharma Traders,Lentils,55.4,KG,4986.0,Paid
MDM000801,2026-01-27,SCH0102,goyal mill,Rice,33.9,KG,1794.0,Paid
MDM009357,2025-07-14,SCH0351,goyal enterprises,Wheat,33.9,KG,1512.0,Paid
MDM002087,2025-09-07,SCH0471,Kumar Supplies,Rice,33.9,KG,1308.0,Cleared
MDM007560,2025-10-08,SCH0224,goyal mill,Lentils,33.9,KG,4392.0,Cleared
MDM000070,2025-04-26,SCH0339,singh agro,Pulses,33.9,KG,5202.0,Paid
MDM005368,2025-10-23,SCH0189,Kumar General Store,Wheat,33.9,KG,1011.0,Paid
MDM006522,2026-11-03,SCH0012,Singh Brothers,Rice,33.9,KG,1794.0,Paid
MDM008372,2025-08-13,SCH0239,Kumar General Store,cooking oil,33.9,KG,1764.0,Pending
MDM005171,2025-04-19,SCH0048,Goyal Rice Mill,Lentils,33.9,KG,1260.0,Paid
MDM001681,2025-05-23,SCH0404,sharma & sons,Rice,33.9,KG,1794.0,Pending
MDM000378,2025-06-20,SCH0293,singh agro,Rice,33.9,KG,812.0,Cleared
MDM001470,2025-06-21,SCH0354,goyal mill,sarson tel,33.9,KG,1794.0,Paid
MDM002604,2025-10-23,SCH0334,goyal enterprises,Wheat,33.9,KG,660.0,Pending
MDM004182,2025-09-30,SCH0050,goyal enterprises,Rice,33.9,KG,1794.0,Paid
MDM008236,2025-07-01,SCH0535,Goyal Rice Mill,Lentils,55.1,KG,1794.0,Pending
MDM004506,2025-07-09,SCH0448,Singh Brothers,Wheat,33.9,KG,495.0,Paid
MDM008178,2025-07-20,SCH0394,Kumar General Store,Rice,33.9,KG,1794.0,Due
MDM004231,2025-08-20,SCH0261,Sharma Traders,Rice,33.9,KG,1980.0,Pending
MDM003092,2025-09-01,SCH0324,s. agro works,Pulses,58.7,KG,1794.0,Paid
MDM002727,2025-12-08,SCH0532,Kumar General Store,Rice,33.9,KG,916.0,Cleared
MDM000478,2025-04-10,SCH0419,Singh Brothers,Rice,33.9,KG,1794.0,Paid
MDM001330,2025-12-14,SCH0580,Sharma Traders,Rice,33.9,KG,1904.0,Paid
MDM002284,2025-11-26,SCH0219,Sharma Traders,Wheat,33.9,KG,1500.0,Paid
MDM003733,2025-09-07,SCH0270,Goyal Rice Mill,Rice,33.9,KG,1794.0,Paid
MDM011920,2025-09-15,SCH0151,Kumar General Store,Lentils,33.9,KG,1794.0,Pending
MDM000752,2025-06-22,SCH0158,s. agro works,Lentils,33.9,KG,1794.0,Paid
MDM006250,2026-02-23,SCH0099,goyal enterprises,Wheat,33.9,KG,1794.0,Paid
MDM000874,2025-06-17,SCH0298,sharma & sons,Rice,33.9,KG,1794.0,Paid
MDM007972,2025-12-23,SCH0237,goyal mill,atta,14.4,KG,432.0,Due
MDM007909,2025-04-14,SCH0500,kumar & co.,Lentils,26.0,KG,1794.0,Due
MDM004565,2026-02-26,SCH0455,Singh Brothers,Wheat,33.9,KG,333.0,Paid
MDM001546,2025-08-06,SCH0309,kumar & co.,Rice,35.4,KG,1794.0,Cleared
MDM000740,2025-04-09,SCH0080,singh agro,Lentils,33.9,KG,2745.0,Due
MDM010577,2026-03-16,SCH0498,Singh Brothers,Wheat,33.9,KG,1794.0,Paid
MDM002684,2026-10-02,SCH0077,Sharma Traders,Rice,33.9,KG,1420.0,Due
MDM009479,2025-09-27,SCH0459,Sharma Traders,sarson tel,33.9,KG,1794.0,Pending
MDM009137,2025-06-15,SCH0426,Singh Brothers,Rice,42.2,KG,1688.0,Pending
MDM005122,2025-04-20,SCH0167,Sharma Traders,Lentils,33.9,KG,1794.0,Pending
MDM010623,2025-07-27,SCH0010,s. agro works,Rice,33.9,KG,468.0,Cleared
MDM003519,2025-06-18,SCH0432,Sharma Traders,oil,19.8,KG,2376.0,Paid
MDM011747,2025-08-13,SCH0476,Goyal Rice Mill,atta,33.9,KG,1794.0,Paid
MDM002355,2025-07-16,SCH0280,Kumar Supplies,Wheat,33.9,KG,1794.0,Due
MDM010780,2025-09-25,SCH0487,Kumar General Store,Wheat,18.7,KG,561.0,Paid
MDM000774,2026-03-26,SCH0353,s. agro works,Lentils,33.9,KG,3447.0,Due
MDM010071,2025-07-15,SCH0193,Singh Brothers,Rice,33.9,KG,1436.0,Paid
MDM010885,2025-08-23,SCH0447,singh agro,oil,52.0,KG,6240.0,Pending
MDM005201,2025-08-22,SCH0218,kumar & co.,Lentils,36.1,KG,3249.0,Pending
MDM009774,2025-05-28,SCH0022,Kumar Supplies,Wheat,33.9,KG,1434.0,Paid
MDM000642,2026-03-29,SCH0444,singh agro,Lentils,33.9,KG,1794.0,Cleared
MDM006474,2026-03-30,SCH0571,sharma & sons,mustard oil,33.9,KG,1794.0,Paid
MDM006051,2025-08-24,SCH0048,s. agro works,Lentils,33.9,KG,1794.0,Cleared
MDM007268,2025-11-29,SCH0115,Sharma Traders,Lentils,33.9,KG,1386.0,Paid
MDM007728,2025-10-31,SCH0562,Kumar Supplies,oil,33.9,KG,6888.0,Pending
MDM004310,2025-10-05,SCH0426,singh agro,Lentils,33.9,KG,3582.0,Paid
MDM005205,2026-01-10,SCH0323,kumar & co.,Lentils,54.6,KG,4914.0,Due
MDM000866,2025-12-13,SCH0144,Singh Brothers,Rice,33.9,KG,1372.0,Paid
MDM011214,2025-10-26,SCH0147,Singh Brothers,Rice,33.9,KG,1460.0,Cleared
MDM011824,2025-06-23,SCH0162,s. agro works,Wheat,33.9,KG,1785.0,Paid
MDM007534,2026-10-01,SCH0463,Kumar Supplies,Rice,33.9,KG,972.0,Cleared
MDM010369,2026-02-22,SCH0096,goyal mill,Lentils,33.9,KG,1854.0,Pending
MDM010194,2025-09-29,SCH0230,goyal enterprises,Pulses,33.9,KG,3564.0,Paid
MDM008315,2025-11-25,SCH0322,goyal enterprises,Rice,33.9,KG,1794.0,Pending
MDM000963,2025-07-24,SCH0182,Goyal Rice Mill,Wheat,33.9,KG,924.0,Pending
MDM008328,2025-08-04,SCH0261,Kumar General Store,cooking oil,47.7,KG,5724.0,Paid
MDM008658,2025-06-23,SCH0387,Kumar General Store,Rice,33.9,KG,2304.0,Due
MDM006960,2026-01-19,SCH0229,Kumar Supplies,Wheat,33.9,KG,384.0,Cleared
MDM003310,2025-11-01,SCH0454,Goyal Rice Mill,Pulses,33.9,KG,4626.0,Paid
MDM002167,2026-01-19,SCH0191,Goyal Rice Mill,Rice,33.9,KG,1564.0,Pending
MDM000364,2025-04-03,SCH0419,Sharma Traders,Wheat,33.9,KG,1041.0,Pending
MDM003724,2025-11-23,SCH0285,Kumar General Store,Lentils,27.4,KG,1794.0,Paid
MDM002826,2025-04-05,SCH0463,Kumar Supplies,Wheat,33.9,KG,1794.0,Pending
MDM006272,2025-07-27,SCH0455,Sharma Traders,sarson tel,33.9,KG,5832.0,Cleared
MDM003598,2025-05-13,SCH0287,Goyal Rice Mill,Lentils,33.9,KG,3474.0,Paid
MDM004727,2025-02-08,SCH0538,Sharma Traders,Wheat,36.9,KG,1107.0,Paid
MDM000547,2025-09-25,SCH0270,Kumar General Store,Wheat,33.9,KG,1254.0,Cleared
MDM002941,2026-01-22,SCH0591,Singh Brothers,oil,33.9,KG,5592.0,Cleared
MDM000472,2026-02-14,SCH0218,Goyal Rice Mill,Rice,33.9,KG,1794.0,Due
MDM001642,2025-07-03,SCH0411,Kumar Supplies,Lentils,43.7,KG,3933.0,Paid
MDM011570,2025-11-13,SCH0358,sharma & sons,Wheat,33.9,KG,795.0,Cleared
MDM003339,2026-01-14,SCH0556,singh agro,Rice,33.9,KG,1576.0,Paid
MDM005610,2025-04-14,SCH0245,Kumar Supplies,Wheat,33.9,KG,1794.0,Paid
MDM001173,2026-10-02,SCH0191,Kumar General Store,Lentils,33.9,KG,3204.0,Pending
MDM007319,2025-11-30,SCH0137,goyal mill,Rice,33.9,KG,1794.0,Cleared
MDM005274,2025-05-03,SCH0586,kumar & co.,Lentils,33.9,KG,1794.0,Paid
MDM007887,2026-03-14,SCH0530,s. agro works,oil,33.9,KG,3492.0,Cleared
MDM007214,2025-06-24,SCH0335,Goyal Rice Mill,cooking oil,33.9,KG,1794.0,Cleared
MDM005567,2025-06-30,SCH0509,kumar & co.,sarson tel,33.9,KG,1896.0,Due
MDM005722,2025-04-01,SCH0160,sharma & sons,Wheat,33.9,KG,1479.0,Pending
MDM010567,2025-07-13,SCH0466,goyal mill,Rice,33.9,KG,1794.0,Paid
MDM001411,2026-02-22,SCH0136,goyal mill,Lentils,33.9,KG,4149.0,Pending
MDM009951,2025-12-21,SCH0414,s. agro works,mustard oil,33.9,KG,1794.0,Cleared
MDM009494,2025-04-22,SCH0515,singh agro,Lentils,33.9,KG,1794.0,Paid
MDM005681,2025-08-11,SCH0200,Kumar General Store,Lentils,33.9,KG,4284.0,Paid
MDM009196,2026-03-29,SCH0518,Goyal Rice Mill,Lentils,11.6,KG,1794.0,Due
MDM002695,2025-11-28,SCH0600,sharma & sons,Rice,33.9,KG,1794.0,Paid
MDM000816,2025-04-14,SCH0411,Goyal Rice Mill,Wheat,33.9,KG,1794.0,Paid
MDM002132,2025-12-05,SCH0217,Singh Brothers,Rice,33.9,KG,1794.0,Paid
MDM001798,2026-03-29,SCH0315,Kumar General Store,Lentils,33.9,KG,1794.0,Paid
MDM004576,2025-11-02,SCH0508,Singh Brothers,cooking oil,33.9,KG,5844.0,Paid
MDM005191,2025-07-14,SCH0384,Sharma Traders,Wheat,33.9,KG,660.0,Due
MDM003123,2025-11-14,SCH0318,s. agro works,atta,33.9,KG,591.0,Paid
MDM005366,2025-07-11,SCH0144,singh agro,mustard oil,33.9,KG,2772.0,Pending
MDM011440,2025-09-20,SCH0106,Sharma Traders,oil,33.9,KG,1794.0,Due
MDM004276,2025-08-11,SCH0251,Goyal Rice Mill,Wheat,33.9,KG,1290.0,Pending
MDM011682,2026-03-31,SCH0240,goyal mill,Wheat,33.9,KG,750.0,Due
MDM003090,2025-09-06,SCH0590,sharma & sons,Wheat,21.6,KG,648.0,Paid
MDM011237,2025-10-14,SCH0180,goyal mill,atta,33.9,KG,528.0,Cleared
MDM010467,2026-02-25,SCH0250,goyal mill,oil,33.9,KG,1794.0,Paid
MDM007797,2025-06-07,SCH0241,singh agro,Lentils,33.9,KG,3600.0,Pending
MDM005254,2025-04-30,SCH0408,goyal enterprises,mustard oil,33.9,KG,1794.0,Paid
MDM000238,2026-03-02,SCH0562,goyal enterprises,Pulses,33.9,KG,2862.0,Cleared
MDM001533,2025-11-14,SCH0142,Sharma Traders,Lentils,33.9,KG,2169.0,Due
MDM011640,2026-02-03,SCH0205,Goyal Rice Mill,mustard oil,33.9,KG,1794.0,Paid
MDM005852,2025-08-29,SCH0270,Singh Brothers,sarson tel,33.9,KG,2100.0,Cleared
MDM003411,2025-07-07,SCH0095,Sharma Traders,Wheat,33.9,KG,1395.0,Cleared
MDM002832,2025-10-11,SCH0368,goyal mill,Wheat,33.9,KG,774.0,Cleared
MDM011248,2025-12-28,SCH0229,singh agro,Wheat,33.9,KG,978.0,Pending
MDM001536,2026-03-29,SCH0100,s. agro works,Wheat,33.9,KG,1347.0,Pending
MDM003880,2025-11-26,SCH0204,s. agro works,Rice,33.9,KG,900.0,Pending
MDM005303,2025-07-12,SCH0037,s. agro works,sarson tel,33.9,KG,3660.0,Due
MDM008971,2025-08-27,SCH0454,Kumar General Store,Pulses,33.9,KG,1794.0,Paid
MDM001300,2025-08-10,SCH0411,Sharma Traders,sarson tel,33.9,KG,1794.0,Cleared
MDM005500,2025-12-28,SCH0082,kumar & co.,Wheat,33.9,KG,633.0,Paid
MDM005577,2026-02-04,SCH0123,goyal enterprises,Lentils,33.9,KG,4248.0,Paid
MDM008841,2025-06-05,SCH0029,s. agro works,Lentils,33.9,KG,2358.0,Pending
MDM001481,2026-02-03,SCH0205,Kumar Supplies,sarson tel,33.9,KG,1794.0,Due
MDM002794,2026-01-03,SCH0314,singh agro,Pulses,33.9,KG,4635.0,Paid
MDM007434,2025-12-10,SCH0485,s. agro works,Rice,33.9,KG,2256.0,Paid
MDM005092,2026-01-19,SCH0155,Sharma Traders,Lentils,33.9,KG,1794.0,Pending
MDM002330,2025-11-23,SCH0336,singh agro,atta,33.9,KG,1749.0,Pending
MDM006046,2025-07-21,SCH0117,goyal mill,Pulses,33.9,KG,1794.0,Paid
MDM005757,2025-12-21,SCH0160,sharma & sons,cooking oil,33.9,KG,1794.0,Paid
MDM007073,2025-07-06,SCH0302,kumar & co.,Wheat,33.9,KG,327.0,Cleared
MDM009187,2025-10-15,SCH0502,goyal enterprises,Lentils,18.1,KG,1629.0,Pending
MDM003662,2025-11-01,SCH0306,goyal mill,mustard oil,28.0,KG,3360.0,Cleared
MDM000556,2025-04-09,SCH0368,Sharma Traders,Rice,54.0,KG,1794.0,Due
MDM004826,2025-05-03,SCH0006,singh agro,atta,33.9,KG,1794.0,Paid
MDM001164,2025-07-15,SCH0330,Sharma Traders,Rice,16.9,KG,1794.0,Paid
MDM007631,2025-10-16,SCH0420,s. agro works,mustard oil,53.4,KG,1794.0,Paid
MDM004716,2025-11-27,SCH0268,Kumar Supplies,Lentils,33.9,KG,2277.0,Due
MDM000398,2025-09-06,SCH0104,Goyal Rice Mill,Rice,33.9,KG,1140.0,Pending
MDM009603,2025-04-11,SCH0340,goyal mill,Lentils,33.9,KG,5301.0,Paid
MDM008087,2025-04-03,SCH0185,singh agro,atta,33.9,KG,1515.0,Pending
MDM006523,2025-05-02,SCH0101,Goyal Rice Mill,Pulses,33.9,KG,3798.0,Paid
MDM008052,2025-10-04,SCH0546,singh agro,Lentils,33.9,KG,3636.0,Paid
MDM006572,2025-12-16,SCH0074,singh agro,Lentils,33.9,KG,2709.0,Paid
MDM000724,2026-03-18,SCH0419,s. agro works,Lentils,33.9,KG,3645.0,Paid
MDM000301,2026-03-24,SCH0030,s. agro works,Rice,33.9,KG,860.0,Due
MDM010375,2025-10-05,SCH0229,Sharma Traders,sarson tel,20.0,KG,1794.0,Paid
MDM009588,2026-03-16,SCH0047,Sharma Traders,Wheat,33.9,KG,1260.0,Cleared
MDM004295,2025-08-22,SCH0330,goyal enterprises,Wheat,33.9,KG,1269.0,Paid
MDM004186,2025-10-27,SCH0495,Sharma Traders,Rice,33.9,KG,1660.0,Pending
MDM010714,2025-04-01,SCH0307,Sharma Traders,Lentils,33.9,KG,1794.0,Paid
MDM005675,2026-09-01,SCH0569,sharma & sons,Lentils,33.9,KG,3393.0,Paid
MDM003143,2025-11-05,SCH0051,Kumar Supplies,Wheat,33.9,KG,717.0,Paid
MDM008199,2025-12-18,SCH0175,Sharma Traders,Wheat,33.9,KG,1794.0,Cleared
MDM011914,2025-04-14,SCH0365,goyal enterprises,Rice,33.9,KG,2072.0,Pending
MDM003206,2025-12-26,SCH0534,Singh Brothers,Lentils,33.9,KG,3087.0,Cleared
MDM004956,2025-11-12,SCH0152,kumar & co.,Lentils,33.9,KG,1794.0,Paid
MDM004583,2026-03-13,SCH0326,singh agro,Lentils,33.9,KG,3627.0,Paid
MDM011187,2025-05-26,SCH0092,Kumar General Store,Rice,33.9,KG,1794.0,Cleared
MDM011829,2025-11-03,SCH0219,goyal mill,Lentils,33.9,KG,1794.0,Due
MDM006909,2025-11-05,SCH0053,Goyal Rice Mill,mustard oil,15.2,KG,1824.0,Due
MDM011960,2025-08-14,SCH0013,goyal mill,Wheat,33.9,KG,1176.0,Paid
MDM009714,2025-10-07,SCH0266,kumar & co.,Wheat,33.9,KG,1299.0,Pending
MDM001153,2025-08-14,SCH0141,goyal enterprises,Wheat,33.9,KG,1794.0,Pending
MDM001213,2025-09-10,SCH0025,singh agro,cooking oil,18.3,KG,2196.0,Pending
MDM004504,2026-03-26,SCH0032,goyal mill,Rice,33.9,KG,1794.0,Paid
MDM010143,2026-01-27,SCH0059,Singh Brothers,Wheat,33.9,KG,1377.0,Pending
MDM011990,2025-12-08,SCH0099,Kumar General Store,Wheat,33.9,KG,1794.0,Paid
MDM009011,2026-01-12,SCH0296,kumar & co.,Lentils,33.9,KG,1503.0,Paid
MDM005428,2026-03-09,SCH0531,Sharma Traders,sarson tel,33.9,KG,3120.0,Paid
MDM007385,2025-10-08,SCH0351,goyal mill,Wheat,33.9,KG,1116.0,Paid
MDM007238,2025-06-20,SCH0330,kumar & co.,Rice,33.9,KG,544.0,Paid
MDM000666,2026-02-02,SCH0234,singh agro,Rice,33.9,KG,1794.0,Due
MDM011130,2026-02-04,SCH0364,singh agro,Wheat,33.9,KG,1794.0,Pending
MDM000643,2025-10-30,SCH0148,Kumar General Store,Wheat,33.9,KG,1083.0,Due
MDM003768,2025-12-21,SCH0162,Kumar Supplies,Lentils,33.9,KG,1908.0,Paid
MDM004273,2025-05-26,SCH0301,Kumar General Store,sarson tel,33.9,KG,1794.0,Cleared
MDM011586,2025-10-20,SCH0597,Goyal Rice Mill,Wheat,33.9,KG,1215.0,Paid
MDM000787,2025-11-12,SCH0193,Kumar Supplies,Pulses,25.4,KG,2286.0,Paid
MDM002858,2025-05-03,SCH0515,singh agro,Lentils,33.9,KG,1794.0,Due
MDM003203,2025-10-27,SCH0346,goyal enterprises,Lentils,33.9,KG,3105.0,Pending
MDM007377,2025-06-23,SCH0273,Goyal Rice Mill,Pulses,33.9,KG,2034.0,Pending
MDM004188,2025-12-21,SCH0226,sharma & sons,Rice,33.9,KG,2380.0,Paid
MDM010912,2026-03-10,SCH0266,kumar & co.,Wheat,53.3,KG,1599.0,Pending
MDM011411,2025-01-12,SCH0451,s. agro works,Pulses,33.9,KG,945.0,Paid
MDM004825,2025-12-11,SCH0126,singh agro,sarson tel,33.9,KG,2928.0,Paid
MDM002906,2025-11-12,SCH0389,singh agro,Lentils,25.8,KG,2322.0,Pending
MDM004627,2025-12-18,SCH0006,s. agro works,Rice,25.2,KG,1794.0,Pending
MDM010861,2025-11-05,SCH0079,Sharma Traders,Wheat,33.9,KG,723.0,Paid
MDM000997,2025-11-05,SCH0294,singh agro,Rice,33.9,KG,1056.0,Pending
MDM006464,2025-10-08,SCH0287,Singh Brothers,Lentils,24.8,KG,1794.0,Paid
MDM010156,2025-11-18,SCH0048,Kumar Supplies,cooking oil,33.9,KG,1488.0,Paid
MDM006888,2025-08-09,SCH0023,goyal enterprises,Rice,33.9,KG,1794.0,Paid
MDM005524,2025-09-19,SCH0264,Kumar General Store,Wheat,33.9,KG,1653.0,Paid
MDM009301,2026-01-20,SCH0008,Goyal Rice Mill,sarson tel,41.0,KG,1794.0,Paid
MDM000157,2025-08-06,SCH0201,Kumar General Store,Pulses,33.9,KG,1794.0,Cleared
MDM008070,2025-07-25,SCH0198,Sharma Traders,Lentils,33.9,KG,1794.0,Due
MDM003086,2026-03-24,SCH0027,Kumar General Store,Lentils,33.9,KG,2016.0,Due
MDM008613,2025-06-06,SCH0033,sharma & sons,Lentils,33.9,KG,5247.0,Due
MDM001553,2025-10-13,SCH0201,singh agro,Rice,52.7,KG,2108.0,Due
MDM007766,2025-12-27,SCH0413,Goyal Rice Mill,Rice,33.9,KG,556.0,Due
MDM006370,2025-11-02,SCH0383,s. agro works,Lentils,33.9,KG,2232.0,Paid
MDM007838,2026-03-07,SCH0060,kumar & co.,Wheat,22.3,KG,1794.0,Paid
MDM003796,2025-10-01,SCH0269,Sharma Traders,Rice,33.9,KG,1794.0,Cleared
MDM000496,2026-03-27,SCH0339,Kumar General Store,Lentils,48.4,KG,4356.0,Cleared
MDM002322,2025-08-25,SCH0199,Singh Brothers,oil,33.9,KG,1860.0,Paid
MDM006533,2025-06-06,SCH0141,s. agro works,Pulses,33.9,KG,3177.0,Paid
MDM010387,2025-11-26,SCH0125,kumar & co.,Rice,49.6,KG,1984.0,Due
MDM000152,2025-02-04,SCH0434,Singh Brothers,Wheat,33.9,KG,1794.0,Paid
MDM010531,2025-09-29,SCH0506,Sharma Traders,Rice,33.9,KG,508.0,Paid
MDM009392,2026-01-25,SCH0435,singh agro,Rice,33.9,KG,1794.0,Due
MDM009878,2025-08-05,SCH0072,sharma & sons,Rice,33.9,KG,1794.0,Paid
MDM008453,2025-04-06,SCH0057,sharma & sons,Pulses,54.5,KG,4905.0,Paid
MDM001739,2026-01-10,SCH0467,Sharma Traders,Rice,33.9,KG,1794.0,Paid
MDM003002,2026-02-06,SCH0257,Singh Brothers,oil,33.9,KG,4164.0,Pending
MDM011997,2025-09-25,SCH0355,Sharma Traders,cooking oil,33.9,KG,1794.0,Pending
MDM007624,2025-10-30,SCH0435,Sharma Traders,Pulses,33.9,KG,4842.0,Paid
MDM010916,2025-08-18,SCH0249,s. agro works,Rice,33.9,KG,1216.0,Paid
MDM011318,2026-01-28,SCH0120,goyal enterprises,Wheat,33.9,KG,1794.0,Paid
MDM010839,2026-03-09,SCH0231,goyal mill,Rice,33.9,KG,2308.0,Due
MDM002884,2026-01-01,SCH0544,goyal mill,oil,14.9,KG,1788.0,Cleared
MDM003721,2026-01-03,SCH0342,s. agro works,Wheat,33.9,KG,1431.0,Pending
MDM010881,2026-01-06,SCH0307,Sharma Traders,Lentils,33.9,KG,1794.0,Paid
MDM010538,2025-08-11,SCH0227,Sharma Traders,Lentils,33.9,KG,3456.0,Pending
MDM005894,2025-08-09,SCH0437,Goyal Rice Mill,Wheat,33.9,KG,375.0,Cleared
MDM005472,2025-10-22,SCH0169,s. agro works,Rice,33.9,KG,1794.0,Pending
MDM006063,2025-08-15,SCH0328,Sharma Traders,Rice,33.9,KG,1794.0,Cleared
MDM007796,2026-03-16,SCH0434,goyal enterprises,Wheat,33.9,KG,1494.0,Paid
MDM002277,2025-06-22,SCH0001,s. agro works,Wheat,33.9,KG,1794.0,Paid
MDM004824,2025-09-03,SCH0411,s. agro works,sarson tel,33.9,KG,3576.0,Pending
MDM004705,2025-11-09,SCH0353,Sharma Traders,Wheat,33.9,KG,1737.0,Pending
MDM004462,2025-10-14,SCH0269,s. agro works,Wheat,33.9,KG,420.0,Paid
MDM000344,2025-08-31,SCH0314,kumar & co.,Rice,52.9,KG,2116.0,Pending
MDM006408,2025-10-29,SCH0015,Kumar General Store,Rice,33.9,KG,1794.0,Paid
MDM004137,2026-01-06,SCH0170,Goyal Rice Mill,Lentils,33.9,KG,2835.0,Paid
MDM008918,2025-08-14,SCH0328,sharma & sons,Wheat,33.9,KG,357.0,Paid
MDM006453,2025-08-15,SCH0178,sharma & sons,Wheat,33.9,KG,1794.0,Cleared
MDM009543,2025-09-03,SCH0479,Singh Brothers,Lentils,33.9,KG,1794.0,Due
MDM002224,2025-12-15,SCH0385,kumar & co.,Rice,33.9,KG,1794.0,Pending
MDM004197,2026-01-06,SCH0417,Sharma Traders,Rice,33.9,KG,976.0,Paid
MDM008053,2026-03-30,SCH0343,Kumar Supplies,Rice,43.4,KG,1736.0,Pending
MDM006562,2025-11-11,SCH0101,Kumar Supplies,Lentils,33.9,KG,4401.0,Paid
MDM010736,2025-07-05,SCH0230,Singh Brothers,Rice,33.9,KG,744.0,Pending
MDM005082,2025-04-08,SCH0352,s. agro works,Rice,33.9,KG,1408.0,Pending
MDM010643,2025-11-22,SCH0497,kumar & co.,oil,33.9,KG,3420.0,Paid
MDM007979,2025-06-24,SCH0295,s. agro works,Rice,33.9,KG,1794.0,Due
MDM011287,2025-12-13,SCH0146,sharma & sons,Wheat,33.9,KG,1794.0,Cleared
MDM004735,2025-04-16,SCH0100,Kumar Supplies,Rice,33.9,KG,884.0,Pending
MDM006913,2026-02-22,SCH0472,Kumar Supplies,Rice,33.9,KG,1624.0,Paid
MDM001466,2026-03-10,SCH0150,s. agro works,sarson tel,33.9,KG,1794.0,Paid
MDM004594,2025-06-29,SCH0048,goyal enterprises,mustard oil,33.9,KG,5916.0,Due
MDM002235,2025-06-04,SCH0341,Goyal Rice Mill,atta,33.9,KG,1473.0,Paid
MDM008950,2025-09-18,SCH0265,kumar & co.,Rice,33.9,KG,432.0,Pending
MDM003904,2026-03-20,SCH0340,Kumar General Store,Lentils,33.9,KG,3510.0,Pending
MDM000284,2025-06-21,SCH0517,singh agro,Rice,33.9,KG,1316.0,Paid
MDM011832,2025-11-04,SCH0053,singh agro,Lentils,33.9,KG,1794.0,Pending
MDM006221,2025-04-24,SCH0475,Kumar Supplies,Wheat,33.9,KG,834.0,Paid
MDM010594,2026-02-05,SCH0403,singh agro,oil,33.9,KG,4752.0,Due
MDM008494,2025-08-21,SCH0375,singh agro,sarson tel,33.9,KG,6528.0,Paid
MDM008750,2026-02-24,SCH0050,Kumar Supplies,cooking oil,33.9,KG,1794.0,Pending
MDM004152,2025-04-13,SCH0536,Kumar Supplies,mustard oil,33.9,KG,1794.0,Cleared
MDM007404,2025-03-08,SCH0189,Singh Brothers,Wheat,38.3,KG,1149.0,Paid
MDM008631,2025-08-10,SCH0158,Sharma Traders,Wheat,33.9,KG,603.0,Pending
MDM002122,2025-09-23,SCH0317,goyal enterprises,sarson tel,33.9,KG,4596.0,Paid
MDM011284,2026-02-23,SCH0160,Sharma Traders,Pulses,33.9,KG,4266.0,Due
MDM005013,2026-02-14,SCH0003,singh agro,cooking oil,33.9,KG,1740.0,Paid
MDM010777,2026-03-04,SCH0004,sharma & sons,Rice,33.9,KG,2044.0,Due
MDM006358,2025-06-13,SCH0209,goyal enterprises,sarson tel,33.9,KG,5484.0,Pending
MDM003162,2026-03-02,SCH0156,s. agro works,Wheat,33.9,KG,1224.0,Cleared
MDM002631,2026-02-14,SCH0087,Singh Brothers,Rice,33.9,KG,1972.0,Pending
MDM009682,2025-07-12,SCH0304,Singh Brothers,Lentils,33.9,KG,3690.0,Due
MDM010516,2025-10-04,SCH0420,goyal mill,Lentils,33.9,KG,1467.0,Pending
MDM008263,2026-02-16,SCH0325,Sharma Traders,Wheat,33.9,KG,1794.0,Cleared
MDM011082,2025-09-24,SCH0513,Kumar General Store,Lentils,33.9,KG,4392.0,Paid
MDM001204,2025-08-26,SCH0356,Goyal Rice Mill,Wheat,33.9,KG,1569.0,Pending
MDM008386,2026-01-28,SCH0569,Kumar Supplies,Wheat,33.9,KG,423.0,Cleared
MDM000617,2025-12-08,SCH0261,singh agro,Rice,33.9,KG,1794.0,Paid
MDM001927,2025-04-14,SCH0202,Sharma Traders,atta,33.9,KG,1449.0,Pending
MDM003115,2025-10-10,SCH0100,Goyal Rice Mill,Lentils,33.9,KG,1794.0,Paid
MDM002642,2025-09-09,SCH0327,kumar & co.,Rice,33.9,KG,1794.0,Paid
MDM011075,2025-05-16,SCH0103,Kumar Supplies,mustard oil,33.9,KG,1332.0,Pending
MDM002563,2025-12-24,SCH0436,Singh Brothers,atta,33.9,KG,1794.0,Cleared
MDM007718,2025-12-30,SCH0570,Sharma Traders,Pulses,33.9,KG,1794.0,Paid
MDM002729,2025-07-04,SCH0217,Kumar General Store,atta,46.1,KG,1383.0,Paid
MDM007360,2025-04-12,SCH0357,singh agro,cooking oil,33.9,KG,5064.0,Pending
MDM009804,2026-02-05,SCH0139,sharma & sons,Rice,33.9,KG,1108.0,Due
MDM002127,2026-02-23,SCH0369,Kumar Supplies,oil,33.9,KG,1356.0,Paid
MDM006576,2025-12-11,SCH0260,s. agro works,Lentils,38.4,KG,3456.0,Due
MDM010180,2025-10-27,SCH0479,Sharma Traders,oil,33.9,KG,1272.0,Pending
MDM007088,2025-11-19,SCH0574,kumar & co.,oil,33.9,KG,1794.0,Due
MDM007589,2025-06-09,SCH0519,Kumar Supplies,cooking oil,44.0,KG,1794.0,Cleared
MDM000806,2025-11-30,SCH0047,s. agro works,mustard oil,33.9,KG,5700.0,Pending
MDM004695,2025-12-16,SCH0577,goyal enterprises,sarson tel,33.9,KG,4908.0,Paid
MDM007501,2025-06-06,SCH0175,Sharma Traders,sarson tel,33.9,KG,1794.0,Pending
MDM006422,2025-05-26,SCH0110,goyal mill,Rice,33.9,KG,2340.0,Paid
MDM003141,2025-06-24,SCH0456,Sharma Traders,oil,33.9,KG,4212.0,Paid
MDM004281,2025-07-11,SCH0237,s. agro works,Pulses,33.9,KG,3546.0,Paid
MDM005339,2025-05-11,SCH0252,Sharma Traders,oil,33.9,KG,1740.0,Paid
MDM010821,2025-06-10,SCH0059,Sharma Traders,oil,36.2,KG,1794.0,Pending
MDM000567,2025-11-18,SCH0523,singh agro,atta,33.9,KG,1794.0,Paid
MDM007339,2026-01-03,SCH0550,sharma & sons,Lentils,33.9,KG,5400.0,Due
MDM000548,2025-05-18,SCH0193,Singh Brothers,atta,33.9,KG,1794.0,Paid
MDM000027,2025-05-06,SCH0468,Singh Brothers,Rice,33.9,KG,1144.0,Paid
MDM007593,2025-07-20,SCH0150,Sharma Traders,Pulses,33.9,KG,3231.0,Cleared
MDM003919,2026-02-25,SCH0221,Kumar Supplies,Wheat,33.9,KG,1794.0,Cleared
MDM004487,2026-01-26,SCH0198,Kumar Supplies,cooking oil,33.9,KG,5820.0,Cleared
MDM006897,2026-05-01,SCH0103,singh agro,Rice,33.9,KG,1020.0,Pending
MDM005399,2025-01-05,SCH0260,sharma & sons,Rice,33.9,KG,1794.0,Pending
MDM008544,2025-07-22,SCH0016,Sharma Traders,Rice,33.9,KG,1794.0,Paid
MDM011309,2025-04-11,SCH0226,s. agro works,mustard oil,33.9,KG,1464.0,Paid
MDM001222,2025-10-17,SCH0338,goyal enterprises,sarson tel,33.9,KG,5292.0,Paid
MDM007656,2025-05-25,SCH0448,Sharma Traders,Lentils,33.9,KG,3276.0,Due
MDM002549,2025-04-13,SCH0318,singh agro,mustard oil,33.9,KG,5664.0,Paid
MDM011700,2025-10-09,SCH0495,s. agro works,mustard oil,33.9,KG,4188.0,Due
MDM000438,2025-10-25,SCH0562,sharma & sons,mustard oil,33.9,KG,1794.0,Paid
MDM006701,2025-04-12,SCH0114,Kumar General Store,cooking oil,35.5,KG,4260.0,Due
MDM011418,2025-07-28,SCH0148,Goyal Rice Mill,Wheat,33.9,KG,1134.0,Due
MDM007476,2025-08-12,SCH0478,Kumar General Store,Wheat,33.9,KG,1791.0,Paid
MDM001862,2025-08-10,SCH0465,Kumar Supplies,sarson tel,33.9,KG,4476.0,Due
MDM002700,2026-02-06,SCH0102,goyal mill,mustard oil,39.8,KG,4776.0,Paid
MDM008629,2025-12-03,SCH0470,Sharma Traders,Lentils,33.9,KG,3483.0,Pending
MDM007112,2025-09-02,SCH0318,Sharma Traders,Rice,33.9,KG,1794.0,Paid
MDM002482,2025-09-10,SCH0246,Sharma Traders,Lentils,33.9,KG,4680.0,Due
MDM006113,2025-12-29,SCH0241,singh agro,Rice,33.9,KG,1794.0,Pending
MDM010416,2025-09-29,SCH0243,kumar & co.,atta,33.9,KG,1797.0,Paid
MDM002707,2026-01-18,SCH0227,Kumar General Store,Wheat,33.9,KG,951.0,Due
MDM008325,2025-11-24,SCH0079,s. agro works,oil,33.9,KG,4308.0,Paid
MDM000327,2025-05-28,SCH0491,goyal enterprises,Rice,33.9,KG,1794.0,Pending
MDM005136,2025-12-09,SCH0434,goyal mill,Rice,15.0,KG,1794.0,Paid
MDM005326,2025-11-02,SCH0545,s. agro works,Rice,33.9,KG,1794.0,Pending
MDM002500,2025-10-12,SCH0531,s. agro works,cooking oil,33.9,KG,1794.0,Cleared
MDM001005,2025-08-22,SCH0135,Singh Brothers,cooking oil,33.9,KG,1794.0,Paid
MDM011756,2025-07-22,SCH0451,Sharma Traders,Rice,33.9,KG,1794.0,Cleared
MDM006898,2026-03-24,SCH0222,singh agro,Rice,33.9,KG,512.0,Due
MDM004012,2025-11-27,SCH0551,sharma & sons,Rice,36.6,KG,1464.0,Cleared
MDM011193,2026-03-08,SCH0442,s. agro works,Rice,33.9,KG,1794.0,Cleared
MDM000535,2025-11-08,SCH0206,kumar & co.,Lentils,43.6,KG,1794.0,Paid
MDM008086,2026-01-24,SCH0193,Singh Brothers,atta,33.9,KG,1794.0,Paid
MDM003961,2025-05-07,SCH0096,goyal mill,Wheat,33.9,KG,579.0,Paid
MDM000586,2025-07-19,SCH0362,Sharma Traders,sarson tel,25.7,KG,3084.0,Paid
MDM011921,2025-10-03,SCH0495,goyal enterprises,Rice,33.9,KG,1296.0,Paid
MDM008601,2025-06-09,SCH0580,s. agro works,oil,33.9,KG,5508.0,Paid
MDM010721,2026-02-15,SCH0046,s. agro works,Rice,33.9,KG,1794.0,Cleared
MDM008635,2025-09-06,SCH0157,kumar & co.,Wheat,33.9,KG,1644.0,Paid
MDM008363,2025-06-04,SCH0210,Sharma Traders,oil,33.9,KG,6096.0,Paid
MDM000492,2026-01-01,SCH0146,Sharma Traders,Rice,33.9,KG,1660.0,Paid
MDM005860,2026-01-18,SCH0474,singh agro,Rice,33.9,KG,1794.0,Paid
MDM011706,2025-05-05,SCH0156,Kumar General Store,Lentils,33.9,KG,1512.0,Paid
MDM006052,2025-10-22,SCH0024,s. agro works,Rice,33.9,KG,1324.0,Paid
MDM009697,2025-07-06,SCH0466,goyal enterprises,Rice,33.9,KG,1794.0,Paid
MDM003549,2025-05-03,SCH0197,Sharma Traders,Wheat,33.9,KG,1794.0,Pending
MDM011322,2025-04-26,SCH0261,goyal mill,Pulses,33.9,KG,1719.0,Pending
MDM001917,2025-09-05,SCH0256,kumar & co.,Rice,33.9,KG,1794.0,Pending
MDM003186,2026-02-16,SCH0406,sharma & sons,sarson tel,51.7,KG,6204.0,Paid
MDM001911,2025-04-27,SCH0526,Singh Brothers,Rice,33.9,KG,1794.0,Due
MDM008181,2025-11-12,SCH0502,Singh Brothers,mustard oil,33.9,KG,1794.0,Pending
MDM006496,2025-06-19,SCH0596,singh agro,Lentils,33.9,KG,2376.0,Paid
MDM001134,2026-01-27,SCH0408,sharma & sons,mustard oil,16.4,KG,1968.0,Paid
MDM007900,2026-03-08,SCH0558,kumar & co.,Lentils,33.9,KG,3195.0,Cleared
MDM009352,2026-03-21,SCH0542,goyal enterprises,Lentils,33.9,KG,2412.0,Paid
MDM002519,2025-05-13,SCH0317,singh agro,atta,56.8,KG,1704.0,Paid
MDM008888,2025-10-10,SCH0479,Singh Brothers,Wheat,33.9,KG,1743.0,Due
MDM001318,2025-09-28,SCH0550,Sharma Traders,Lentils,33.9,KG,3168.0,Pending
MDM004369,2025-05-03,SCH0448,Goyal Rice Mill,Rice,33.9,KG,1794.0,Cleared
MDM000122,2025-05-26,SCH0349,kumar & co.,Wheat,33.9,KG,1794.0,Pending
MDM009464,2026-03-15,SCH0360,Singh Brothers,Wheat,33.9,KG,1794.0,Paid
MDM002450,2026-03-31,SCH0375,Sharma Traders,atta,33.9,KG,831.0,Due
MDM006183,2026-02-01,SCH0588,Kumar General Store,Rice,33.9,KG,592.0,Due
MDM005663,2026-01-28,SCH0029,Goyal Rice Mill,Rice,33.9,KG,2072.0,Cleared
MDM006755,2025-09-02,SCH0451,singh agro,Wheat,33.9,KG,1194.0,Paid
MDM002602,2026-01-01,SCH0138,Kumar Supplies,Wheat,33.9,KG,918.0,Cleared
MDM001523,2025-06-03,SCH0190,Sharma Traders,cooking oil,33.9,KG,6672.0,Paid
MDM003485,2025-05-04,SCH0533,Sharma Traders,cooking oil,33.9,KG,1794.0,Pending
MDM002174,2025-07-25,SCH0354,kumar & co.,Lentils,33.9,KG,1809.0,Paid
MDM003284,2025-09-10,SCH0149,Sharma Traders,cooking oil,33.9,KG,1794.0,Due
MDM004555,2025-05-22,SCH0518,s. agro works,Wheat,33.9,KG,633.0,Paid
MDM003606,2025-11-19,SCH0121,Sharma Traders,Rice,31.3,KG,1252.0,Pending
MDM011939,2025-04-13,SCH0077,sharma & sons,cooking oil,14.1,KG,1794.0,Pending
MDM009250,2025-12-19,SCH0088,Sharma Traders,Wheat,43.7,KG,1311.0,Paid
MDM005932,2026-02-18,SCH0310,Sharma Traders,Rice,59.4,KG,1794.0,Pending
MDM011202,2025-06-11,SCH0001,goyal enterprises,Lentils,33.9,KG,1431.0,Pending
MDM003769,2026-01-11,SCH0092,Sharma Traders,Wheat,33.9,KG,537.0,Due
MDM007455,2025-06-29,SCH0411,singh agro,Wheat,33.9,KG,1476.0,Paid
MDM011553,2025-04-20,SCH0404,singh agro,Wheat,33.9,KG,1365.0,Paid
MDM004039,2025-07-31,SCH0012,Kumar General Store,cooking oil,33.9,KG,6624.0,Pending
MDM003503,2026-01-01,SCH0318,Singh Brothers,Wheat,33.9,KG,1647.0,Paid
MDM001408,2025-05-23,SCH0048,Singh Brothers,Wheat,33.9,KG,726.0,Paid
MDM004632,2025-09-12,SCH0087,singh agro,Rice,33.9,KG,1794.0,Pending
MDM006344,2025-06-30,SCH0175,Goyal Rice Mill,Lentils,33.9,KG,1794.0,Pending
MDM007062,2025-07-10,SCH0512,Goyal Rice Mill,sarson tel,33.9,KG,2904.0,Paid
MDM004936,2025-09-16,SCH0363,s. agro works,Wheat,37.1,KG,1794.0,Cleared
MDM010800,2025-07-15,SCH0431,goyal enterprises,Rice,43.5,KG,1794.0,Due
MDM008293,2025-11-05,SCH0052,Kumar Supplies,oil,33.9,KG,4032.0,Due
MDM002580,2025-02-05,SCH0544,kumar & co.,Wheat,33.9,KG,1794.0,Pending
MDM005872,2025-09-26,SCH0590,singh agro,Lentils,33.9,KG,2682.0,Pending
MDM003270,2025-08-12,SCH0466,Singh Brothers,Pulses,33.9,KG,1794.0,Due
MDM011808,2026-01-13,SCH0431,Goyal Rice Mill,oil,33.9,KG,4476.0,Due
MDM001868,2025-11-19,SCH0025,Singh Brothers,sarson tel,23.1,KG,2772.0,Pending
MDM005551,2026-01-01,SCH0580,Singh Brothers,Rice,33.9,KG,536.0,Pending
MDM006323,2025-10-21,SCH0531,goyal mill,Wheat,33.9,KG,384.0,Pending
MDM002522,2025-07-17,SCH0275,Singh Brothers,Wheat,33.9,KG,867.0,Cleared
MDM006809,2025-04-28,SCH0187,goyal mill,Rice,33.9,KG,1084.0,Pending
MDM001821,2025-06-29,SCH0552,kumar & co.,Lentils,17.0,KG,1530.0,Paid
MDM006844,2025-10-05,SCH0251,s. agro works,Rice,27.8,KG,1794.0,Paid
MDM000052,2025-10-11,SCH0126,goyal mill,Rice,27.9,KG,1116.0,Paid
MDM003889,2025-05-06,SCH0370,Kumar Supplies,Lentils,33.9,KG,5040.0,Paid
MDM005188,2025-12-29,SCH0373,Kumar Supplies,Lentils,33.9,KG,1026.0,Pending
MDM008292,2026-02-24,SCH0081,sharma & sons,Rice,33.9,KG,1794.0,Paid
MDM003578,2025-10-22,SCH0099,Kumar Supplies,Rice,33.9,KG,940.0,Paid
MDM004566,2025-10-11,SCH0090,goyal enterprises,cooking oil,33.9,KG,4728.0,Pending
MDM010726,2025-11-07,SCH0114,Sharma Traders,Wheat,57.0,KG,1794.0,Paid
MDM010171,2025-10-19,SCH0094,Singh Brothers,Rice,43.2,KG,1728.0,Cleared
MDM006527,2025-10-23,SCH0161,singh agro,Lentils,33.9,KG,3618.0,Pending
MDM001859,2025-07-09,SCH0258,Sharma Traders,Wheat,33.9,KG,1251.0,Paid
MDM007748,2025-08-24,SCH0532,kumar & co.,Wheat,33.9,KG,1794.0,Paid
MDM011780,2025-11-29,SCH0369,Sharma Traders,Rice,33.9,KG,1794.0,Due
MDM004962,2025-04-01,SCH0138,s. agro works,Pulses,33.9,KG,1794.0,Paid
MDM007676,2025-09-12,SCH0300,kumar & co.,Rice,33.9,KG,1794.0,Paid
MDM007550,2025-08-03,SCH0433,Kumar General Store,sarson tel,33.9,KG,1794.0,Paid
MDM008881,2025-12-12,SCH0334,Goyal Rice Mill,oil,33.9,KG,6660.0,Paid
MDM005199,2026-08-02,SCH0119,Kumar General Store,cooking oil,33.9,KG,1794.0,Paid
MDM007511,2025-12-11,SCH0188,kumar & co.,Pulses,33.9,KG,1794.0,Paid
MDM000426,2026-01-12,SCH0498,goyal mill,Lentils,33.9,KG,5283.0,Paid
MDM004285,2025-05-19,SCH0122,Singh Brothers,mustard oil,33.9,KG,1440.0,Paid
MDM010880,2026-05-03,SCH0481,Singh Brothers,Wheat,28.0,KG,840.0,Cleared
MDM011432,2026-07-01,SCH0313,kumar & co.,oil,33.9,KG,6576.0,Paid
MDM000229,2025-08-26,SCH0016,s. agro works,Pulses,33.9,KG,1794.0,Paid
MDM007954,2026-02-20,SCH0549,singh agro,Rice,33.9,KG,1794.0,Paid
MDM002742,2025-05-04,SCH0556,Singh Brothers,Lentils,33.9,KG,1794.0,Cleared
MDM005138,2026-01-31,SCH0283,Sharma Traders,oil,33.9,KG,2904.0,Cleared
MDM010807,2025-09-02,SCH0572,Singh Brothers,Lentils,33.9,KG,4095.0,Paid
MDM006316,2025-06-20,SCH0227,Kumar General Store,Lentils,33.9,KG,1794.0,Cleared
MDM007489,2026-03-19,SCH0587,goyal mill,Lentils,33.9,KG,4077.0,Paid
MDM002922,2026-02-07,SCH0577,s. agro works,Wheat,33.9,KG,1488.0,Paid
MDM005719,2026-03-01,SCH0354,Goyal Rice Mill,Rice,33.9,KG,1794.0,Pending
MDM008432,2025-08-29,SCH0191,Goyal Rice Mill,Rice,35.0,KG,1794.0,Paid
MDM005584,2025-05-07,SCH0331,singh agro,oil,33.9,KG,1794.0,Pending
MDM010413,2025-07-07,SCH0118,singh agro,Rice,33.9,KG,640.0,Cleared
MDM003654,2025-05-21,SCH0005,goyal mill,mustard oil,33.9,KG,1794.0,Paid
MDM006998,2025-10-03,SCH0197,s. agro works,Wheat,33.9,KG,1794.0,Cleared
MDM006278,2025-05-31,SCH0047,s. agro works,Rice,33.9,KG,1800.0,Pending
MDM001129,2026-01-19,SCH0031,s. agro works,Lentils,33.9,KG,2412.0,Due
MDM007781,2025-07-01,SCH0387,goyal enterprises,sarson tel,33.9,KG,1794.0,Paid
MDM002332,2025-11-06,SCH0379,goyal mill,mustard oil,33.9,KG,1320.0,Due
MDM002209,2026-03-31,SCH0385,goyal enterprises,Pulses,33.9,KG,3159.0,Paid
MDM007696,2026-03-19,SCH0122,s. agro works,Lentils,33.9,KG,1665.0,Pending
MDM010992,2025-05-31,SCH0095,goyal mill,Rice,33.9,KG,1794.0,Paid
MDM006443,2025-04-14,SCH0268,sharma & sons,Rice,33.9,KG,1794.0,Pending
MDM003154,2026-02-12,SCH0182,goyal mill,atta,33.9,KG,1794.0,Cleared
MDM008284,2025-09-24,SCH0544,s. agro works,Rice,33.9,KG,1794.0,Pending
MDM009683,2025-08-22,SCH0139,Goyal Rice Mill,mustard oil,33.9,KG,3192.0,Paid
MDM011871,2026-03-18,SCH0352,sharma & sons,Lentils,33.9,KG,1989.0,Cleared
MDM004991,2025-07-15,SCH0024,kumar & co.,Lentils,33.9,KG,1794.0,Pending
MDM002375,2025-08-05,SCH0179,Singh Brothers,Rice,33.9,KG,1794.0,Pending
MDM001633,2026-03-17,SCH0496,singh agro,Lentils,33.9,KG,2673.0,Due
MDM008845,2025-09-04,SCH0321,goyal enterprises,Wheat,33.9,KG,1371.0,Paid
MDM002299,2025-09-16,SCH0537,kumar & co.,atta,33.9,KG,1794.0,Paid
MDM009265,2025-08-24,SCH0391,goyal mill,Wheat,33.9,KG,1677.0,Due
MDM004253,2025-08-07,SCH0461,goyal enterprises,Lentils,33.9,KG,1794.0,Paid
MDM011544,2025-10-08,SCH0431,goyal enterprises,atta,33.9,KG,1599.0,Paid
MDM002722,2026-01-22,SCH0338,s. agro works,oil,33.9,KG,1332.0,Paid
MDM009435,2026-02-26,SCH0228,Sharma Traders,cooking oil,33.9,KG,6912.0,Due
MDM008480,2026-02-12,SCH0246,goyal mill,oil,33.9,KG,3588.0,Pending
MDM006426,2026-02-25,SCH0515,s. agro works,Wheat,33.9,KG,612.0,Paid
MDM001737,2025-11-06,SCH0266,sharma & sons,atta,26.3,KG,1794.0,Pending
MDM009214,2025-10-23,SCH0078,Goyal Rice Mill,Pulses,33.9,KG,4671.0,Paid
MDM009165,2025-12-31,SCH0355,Kumar Supplies,Rice,33.9,KG,712.0,Paid
MDM005737,2026-01-10,SCH0468,Goyal Rice Mill,Lentils,15.0,KG,1794.0,Cleared
MDM008425,2025-11-12,SCH0420,Kumar Supplies,Lentils,33.9,KG,1794.0,Paid
MDM006180,2025-10-27,SCH0126,Kumar Supplies,Lentils,33.9,KG,2961.0,Paid
MDM005095,2025-10-19,SCH0355,Sharma Traders,Rice,33.9,KG,2284.0,Paid
MDM002641,2025-10-02,SCH0301,goyal mill,mustard oil,36.1,KG,1794.0,Pending
MDM006465,2026-02-10,SCH0227,s. agro works,sarson tel,33.9,KG,1794.0,Paid
MDM008237,2025-04-29,SCH0332,Sharma Traders,Lentils,33.9,KG,1794.0,Pending
MDM008335,2025-11-08,SCH0411,singh agro,Wheat,33.9,KG,897.0,Pending
MDM010040,2025-04-04,SCH0121,Kumar Supplies,Rice,33.9,KG,1364.0,Cleared
MDM002551,2025-04-16,SCH0458,kumar & co.,Rice,33.9,KG,2064.0,Paid
MDM006483,2025-09-18,SCH0582,singh agro,Rice,33.9,KG,2376.0,Paid
MDM009544,2025-10-30,SCH0158,Sharma Traders,Rice,30.9,KG,1236.0,Paid
MDM000939,2025-07-03,SCH0289,Kumar Supplies,Wheat,33.9,KG,1794.0,Paid
MDM007811,2025-12-28,SCH0381,Goyal Rice Mill,mustard oil,33.9,KG,1794.0,Paid
MDM010947,2026-01-26,SCH0079,Singh Brothers,mustard oil,33.9,KG,2952.0,Paid
MDM004853,2025-06-10,SCH0265,Kumar Supplies,Lentils,33.9,KG,1794.0,Paid
MDM002645,2026-01-30,SCH0335,sharma & sons,oil,20.9,KG,1794.0,Pending
MDM010798,2025-11-21,SCH0186,goyal enterprises,Lentils,33.9,KG,3168.0,Cleared
MDM003166,2025-12-21,SCH0335,goyal enterprises,Rice,33.9,KG,436.0,Pending
MDM003640,2025-08-31,SCH0166,goyal enterprises,cooking oil,33.9,KG,2868.0,Cleared
MDM005070,2025-11-14,SCH0531,kumar & co.,Wheat,33.9,KG,1794.0,Paid
MDM010494,2025-09-23,SCH0496,Kumar General Store,atta,33.9,KG,768.0,Paid
MDM008148,2026-01-19,SCH0127,goyal mill,mustard oil,33.9,KG,4332.0,Paid
MDM002062,2026-03-15,SCH0500,Kumar General Store,Wheat,33.9,KG,1443.0,Paid
MDM004646,2025-05-19,SCH0300,Goyal Rice Mill,Pulses,33.9,KG,1794.0,Due
MDM006581,2026-02-19,SCH0476,Kumar General Store,Lentils,33.9,KG,4005.0,Paid
MDM002813,2025-07-12,SCH0007,sharma & sons,sarson tel,33.1,KG,1794.0,Cleared
MDM011592,2025-08-22,SCH0383,Kumar General Store,oil,33.9,KG,1794.0,Pending
MDM010671,2025-07-28,SCH0425,kumar & co.,atta,33.9,KG,612.0,Paid
MDM011945,2025-11-25,SCH0063,singh agro,Lentils,33.9,KG,1794.0,Due
MDM011104,2025-10-06,SCH0561,kumar & co.,sarson tel,40.7,KG,4884.0,Paid
MDM002550,2025-02-09,SCH0489,s. agro works,sarson tel,33.9,KG,3000.0,Pending
MDM011404,2025-06-07,SCH0153,Singh Brothers,Wheat,33.9,KG,1599.0,Cleared
MDM006577,2025-10-01,SCH0066,Singh Brothers,oil,33.9,KG,1794.0,Paid
MDM011704,2025-08-18,SCH0466,Sharma Traders,Wheat,33.9,KG,816.0,Pending
MDM004175,2026-01-05,SCH0407,singh agro,Wheat,33.9,KG,855.0,Paid
MDM005933,2025-10-18,SCH0587,Singh Brothers,Rice,33.9,KG,1794.0,Paid
MDM010817,2025-08-04,SCH0060,sharma & sons,Wheat,33.9,KG,1161.0,Cleared
MDM001025,2025-09-19,SCH0169,Singh Brothers,Wheat,33.9,KG,1425.0,Pending
MDM004849,2025-06-07,SCH0014,Sharma Traders,Wheat,33.9,KG,1794.0,Paid
MDM006595,2025-10-09,SCH0464,sharma & sons,Lentils,32.6,KG,2934.0,Paid
MDM001952,2026-01-13,SCH0340,goyal enterprises,cooking oil,33.9,KG,5700.0,Pending
MDM007638,2026-02-01,SCH0584,sharma & sons,Lentils,33.9,KG,2061.0,Paid
MDM000352,2025-05-05,SCH0329,kumar & co.,Wheat,33.9,KG,318.0,Cleared
MDM009857,2025-10-12,SCH0525,Goyal Rice Mill,Rice,33.9,KG,1794.0,Pending
MDM011569,2025-07-12,SCH0330,Kumar General Store,Lentils,33.9,KG,3609.0,Due
MDM005481,2025-11-20,SCH0309,goyal mill,Lentils,33.9,KG,1794.0,Cleared
MDM009699,2025-10-12,SCH0013,Sharma Traders,mustard oil,33.9,KG,3708.0,Paid
MDM004798,2025-12-02,SCH0191,Kumar General Store,Wheat,33.9,KG,1425.0,Cleared
MDM011845,2025-12-23,SCH0064,Sharma Traders,Rice,29.7,KG,1794.0,Cleared
MDM003663,2025-05-12,SCH0041,Goyal Rice Mill,Pulses,33.9,KG,1908.0,Paid
MDM007702,2025-12-25,SCH0366,Goyal Rice Mill,mustard oil,33.9,KG,5892.0,Pending
MDM004658,2026-02-15,SCH0537,Kumar General Store,Rice,33.9,KG,1794.0,Paid
MDM009942,2025-11-30,SCH0504,Goyal Rice Mill,Rice,33.9,KG,1794.0,Paid
MDM003151,2025-06-15,SCH0235,goyal enterprises,Wheat,33.9,KG,1149.0,Paid
MDM007318,2025-07-12,SCH0115,Kumar Supplies,Rice,33.9,KG,1794.0,Due
MDM004814,2025-10-20,SCH0214,Kumar General Store,sarson tel,33.9,KG,4872.0,Pending
MDM006194,2025-04-14,SCH0312,kumar & co.,Wheat,33.9,KG,1794.0,Paid
MDM008714,2025-05-05,SCH0536,singh agro,Lentils,33.9,KG,1794.0,Paid
MDM005144,2025-09-13,SCH0209,Sharma Traders,Rice,33.9,KG,1794.0,Due
MDM002940,2025-09-20,SCH0274,kumar & co.,Wheat,58.1,KG,1743.0,Cleared
MDM007308,2026-02-11,SCH0254,Kumar Supplies,Rice,33.9,KG,1564.0,Pending
MDM004511,2025-12-27,SCH0078,Kumar Supplies,Lentils,33.9,KG,3924.0,Pending
MDM001341,2025-08-16,SCH0557,goyal mill,atta,33.9,KG,1764.0,Pending
MDM011579,2025-07-28,SCH0309,Sharma Traders,Wheat,33.9,KG,1737.0,Due
MDM001392,2025-08-07,SCH0099,Goyal Rice Mill,Pulses,15.3,KG,1377.0,Cleared
MDM010279,2026-01-06,SCH0139,kumar & co.,atta,40.4,KG,1212.0,Paid
MDM007086,2025-09-07,SCH0255,s. agro works,mustard oil,33.9,KG,4104.0,Paid
MDM009593,2025-06-10,SCH0485,goyal enterprises,sarson tel,33.9,KG,7176.0,Pending
MDM007804,2025-07-05,SCH0135,Singh Brothers,Wheat,33.9,KG,1794.0,Paid
MDM007449,2025-10-03,SCH0172,Kumar General Store,Wheat,33.9,KG,708.0,Paid
MDM008743,2025-10-20,SCH0269,Sharma Traders,sarson tel,33.9,KG,3372.0,Paid
MDM001584,2026-01-27,SCH0583,Sharma Traders,Lentils,33.9,KG,2052.0,Due
MDM001413,2025-09-11,SCH0304,goyal mill,Rice,37.9,KG,1516.0,Pending
MDM008700,2026-02-13,SCH0017,Goyal Rice Mill,sarson tel,33.9,KG,2304.0,Paid
MDM010813,2025-10-26,SCH0505,goyal enterprises,oil,33.9,KG,1794.0,Paid
MDM002257,2025-11-10,SCH0092,Kumar Supplies,Wheat,33.9,KG,813.0,Due
MDM010255,2025-10-15,SCH0319,goyal enterprises,Wheat,33.9,KG,1794.0,Pending
MDM008127,2025-09-20,SCH0550,Kumar General Store,Wheat,33.9,KG,1794.0,Pending
MDM002213,2025-04-30,SCH0422,singh agro,Wheat,33.9,KG,1794.0,Due
MDM005604,2026-01-11,SCH0326,Sharma Traders,Lentils,33.9,KG,1794.0,Due
MDM002623,2025-07-14,SCH0428,Kumar Supplies,Rice,33.9,KG,1372.0,Pending
MDM008133,2026-01-19,SCH0186,Kumar General Store,Rice,33.9,KG,1092.0,Pending
MDM005418,2025-08-10,SCH0424,Sharma Traders,Rice,11.1,KG,1794.0,Pending
MDM004939,2026-02-08,SCH0385,Singh Brothers,atta,33.9,KG,1794.0,Paid
MDM009704,2025-06-12,SCH0307,Sharma Traders,mustard oil,33.9,KG,4452.0,Pending
MDM003625,2025-06-09,SCH0055,Singh Brothers,Lentils,33.9,KG,1962.0,Paid
MDM006555,2025-11-14,SCH0513,s. agro works,Lentils,33.9,KG,3726.0,Pending
MDM004268,2025-06-14,SCH0463,sharma & sons,Pulses,33.9,KG,1794.0,Due
MDM011958,2025-04-13,SCH0411,goyal enterprises,Pulses,33.9,KG,3474.0,Due
MDM000464,2025-09-26,SCH0586,Kumar General Store,oil,33.9,KG,5880.0,Cleared
MDM001755,2025-07-31,SCH0381,Singh Brothers,mustard oil,33.9,KG,1920.0,Paid
MDM007040,2025-07-01,SCH0170,Kumar Supplies,Wheat,33.9,KG,1665.0,Pending
MDM005639,2025-07-06,SCH0360,Goyal Rice Mill,atta,33.9,KG,582.0,Pending
MDM009367,2026-03-17,SCH0004,goyal mill,sarson tel,33.9,KG,6660.0,Cleared
MDM006179,2026-01-22,SCH0042,Sharma Traders,Rice,23.5,KG,940.0,Due
MDM007775,2026-01-01,SCH0175,sharma & sons,oil,33.9,KG,1794.0,Paid
MDM000379,2025-09-19,SCH0033,s. agro works,Lentils,22.2,KG,1998.0,Pending
MDM003107,2025-05-23,SCH0364,s. agro works,sarson tel,36.3,KG,4356.0,Due
MDM004804,2025-04-09,SCH0550,goyal mill,Rice,33.9,KG,1794.0,Paid
MDM001336,2025-11-10,SCH0471,sharma & sons,atta,33.9,KG,852.0,Pending
MDM010871,2026-02-21,SCH0406,singh agro,Rice,33.9,KG,1794.0,Cleared
MDM011978,2025-07-13,SCH0364,Kumar Supplies,Lentils,33.9,KG,5391.0,Paid
MDM002717,2025-06-01,SCH0095,sharma & sons,Wheat,33.9,KG,534.0,Paid
MDM008830,2025-08-16,SCH0247,Sharma Traders,mustard oil,33.9,KG,3000.0,Paid
MDM006685,2026-01-24,SCH0153,goyal enterprises,mustard oil,55.2,KG,6624.0,Cleared
MDM007756,2025-04-22,SCH0158,Kumar General Store,atta,33.9,KG,1422.0,Pending
MDM008485,2025-07-05,SCH0216,s. agro works,Rice,33.9,KG,1996.0,Cleared
MDM008117,2025-05-22,SCH0068,Singh Brothers,Pulses,28.2,KG,2538.0,Paid
MDM008066,2025-07-09,SCH0361,Goyal Rice Mill,Wheat,33.9,KG,927.0,Paid
MDM001812,2025-12-08,SCH0116,singh agro,oil,33.9,KG,5544.0,Pending
MDM007655,2026-03-21,SCH0068,Singh Brothers,Lentils,33.9,KG,4437.0,Paid
MDM007041,2025-11-26,SCH0534,singh agro,Lentils,33.9,KG,2871.0,Paid
MDM001895,2025-07-22,SCH0585,Singh Brothers,Lentils,33.9,KG,3375.0,Due
MDM009122,2025-10-04,SCH0117,Kumar Supplies,sarson tel,33.9,KG,1560.0,Paid
MDM006713,2025-11-06,SCH0314,goyal enterprises,Wheat,33.9,KG,1083.0,Cleared
MDM008410,2025-05-14,SCH0071,Kumar General Store,Rice,16.9,KG,676.0,Cleared
MDM006923,2025-11-30,SCH0039,goyal mill,Lentils,33.9,KG,3600.0,Due
MDM001190,2025-09-22,SCH0311,Goyal Rice Mill,cooking oil,33.9,KG,1794.0,Pending
MDM005195,2025-08-28,SCH0289,singh agro,sarson tel,33.9,KG,2796.0,Paid
MDM008272,2025-04-19,SCH0313,singh agro,Rice,33.9,KG,1064.0,Paid
MDM009277,2026-01-23,SCH0146,Kumar General Store,sarson tel,33.9,KG,1794.0,Paid
MDM007499,2025-11-17,SCH0080,Goyal Rice Mill,Rice,33.9,KG,1794.0,Pending
MDM003455,2026-02-02,SCH0051,Kumar General Store,Pulses,33.9,KG,4617.0,Pending
MDM008115,2025-10-11,SCH0052,Goyal Rice Mill,Rice,33.9,KG,1794.0,Paid
MDM006700,2025-07-07,SCH0270,s. agro works,cooking oil,33.9,KG,1794.0,Pending
MDM010914,2025-10-16,SCH0531,Kumar General Store,Rice,33.9,KG,1794.0,Due
MDM009967,2025-07-12,SCH0549,singh agro,cooking oil,33.9,KG,7092.0,Pending
MDM007277,2025-05-20,SCH0047,Goyal Rice Mill,sarson tel,33.9,KG,4392.0,Paid
MDM009211,2025-06-13,SCH0355,goyal enterprises,sarson tel,58.1,KG,6972.0,Due
MDM004614,2026-01-21,SCH0274,goyal enterprises,atta,33.9,KG,1794.0,Cleared
MDM003993,2025-06-01,SCH0146,singh agro,Lentils,33.9,KG,4716.0,Paid
MDM011426,2025-10-22,SCH0199,kumar & co.,Lentils,33.9,KG,1044.0,Pending
MDM001031,2025-11-27,SCH0332,Kumar General Store,Wheat,33.9,KG,1242.0,Pending
MDM010829,2026-01-21,SCH0508,Goyal Rice Mill,Lentils,33.9,KG,2538.0,Pending
MDM002221,2025-09-28,SCH0068,Kumar Supplies,Lentils,33.9,KG,1794.0,Paid
MDM003775,2026-09-01,SCH0003,goyal mill,Lentils,33.9,KG,1794.0,Due
MDM008776,2025-10-12,SCH0027,s. agro works,Lentils,33.9,KG,1305.0,Pending
MDM009571,2025-05-19,SCH0400,Singh Brothers,Lentils,33.9,KG,1794.0,Paid
MDM001756,2025-12-18,SCH0304,singh agro,Wheat,33.9,KG,522.0,Pending
MDM006551,2025-05-19,SCH0014,kumar & co.,Rice,33.9,KG,1792.0,Paid
MDM009035,2025-08-10,SCH0508,Sharma Traders,Lentils,33.9,KG,3879.0,Paid
MDM008953,2025-10-26,SCH0552,goyal mill,Rice,33.9,KG,1456.0,Paid
MDM004328,2025-06-22,SCH0050,sharma & sons,cooking oil,33.9,KG,1794.0,Paid
MDM011350,2025-12-23,SCH0520,Goyal Rice Mill,Wheat,33.9,KG,1794.0,Paid
MDM000111,2026-02-24,SCH0412,Sharma Traders,oil,33.9,KG,2388.0,Due
MDM011718,2025-11-11,SCH0139,Goyal Rice Mill,Wheat,33.9,KG,1767.0,Due
MDM011927,2025-05-10,SCH0052,s. agro works,Wheat,33.9,KG,1611.0,Cleared
MDM005732,2025-10-03,SCH0493,s. agro works,atta,33.9,KG,1149.0,Paid
MDM002918,2025-07-16,SCH0006,s. agro works,Wheat,33.9,KG,1794.0,Pending
MDM006650,2025-05-18,SCH0489,Kumar General Store,Wheat,33.9,KG,342.0,Pending
MDM001516,2026-02-20,SCH0192,Goyal Rice Mill,oil,33.9,KG,2736.0,Paid
MDM011672,2025-12-28,SCH0202,goyal enterprises,Wheat,33.9,KG,345.0,Due
MDM011185,2025-10-23,SCH0553,Kumar Supplies,Wheat,33.9,KG,1674.0,Pending
MDM010385,2025-06-30,SCH0317,Singh Brothers,Lentils,33.9,KG,3123.0,Pending
MDM002264,2026-02-19,SCH0411,Kumar Supplies,oil,33.9,KG,1794.0,Pending
MDM006927,2025-12-23,SCH0420,Kumar Supplies,Rice,33.9,KG,2112.0,Pending
MDM007895,2025-12-20,SCH0466,Kumar Supplies,Wheat,33.9,KG,1794.0,Pending
MDM010490,2025-06-14,SCH0395,Sharma Traders,Lentils,33.9,KG,1794.0,Paid
MDM010366,2025-09-16,SCH0030,singh agro,Lentils,33.9,KG,4455.0,Pending
MDM000894,2026-01-25,SCH0382,Goyal Rice Mill,Rice,33.9,KG,1420.0,Paid
MDM001491,2025-12-07,SCH0415,sharma & sons,Pulses,52.6,KG,4734.0,Pending
MDM001851,2025-05-14,SCH0224,kumar & co.,Rice,33.9,KG,1620.0,Paid
MDM009991,2025-11-26,SCH0553,goyal enterprises,Rice,33.9,KG,668.0,Paid
MDM007736,2025-10-18,SCH0224,s. agro works,cooking oil,33.9,KG,2880.0,Paid
MDM000325,2025-08-25,SCH0433,singh agro,Rice,33.9,KG,1794.0,Paid
MDM001216,2026-01-13,SCH0318,Goyal Rice Mill,Lentils,33.0,KG,2970.0,Paid
MDM002934,2025-12-26,SCH0269,s. agro works,Wheat,33.9,KG,1794.0,Pending
MDM004690,2025-07-06,SCH0014,Kumar Supplies,Wheat,33.9,KG,1605.0,Pending
MDM009143,2025-09-11,SCH0270,Singh Brothers,Lentils,33.9,KG,1794.0,Pending
MDM008873,2025-05-09,SCH0166,Kumar General Store,Rice,59.3,KG,2372.0,Pending
MDM010604,2025-10-15,SCH0208,goyal enterprises,Lentils,33.9,KG,4743.0,Paid
MDM011342,2026-01-14,SCH0464,Sharma Traders,mustard oil,33.9,KG,5604.0,Due
MDM008129,2025-08-07,SCH0495,Kumar Supplies,cooking oil,33.9,KG,3216.0,Due
MDM001130,2025-11-07,SCH0155,Goyal Rice Mill,oil,33.9,KG,1794.0,Pending
MDM009620,2026-03-23,SCH0154,Kumar General Store,Rice,33.9,KG,2032.0,Pending
MDM002919,2026-02-04,SCH0449,Singh Brothers,atta,33.9,KG,1431.0,Due
MDM006118,2025-08-21,SCH0440,kumar & co.,Lentils,33.9,KG,1269.0,Paid
MDM003085,2025-10-11,SCH0370,Kumar General Store,Rice,33.9,KG,1016.0,Due
MDM004589,2025-04-16,SCH0248,Kumar General Store,cooking oil,33.9,KG,1248.0,Paid
MDM004305,2026-03-20,SCH0195,kumar & co.,mustard oil,33.9,KG,5220.0,Paid
MDM002796,2025-07-29,SCH0591,Sharma Traders,cooking oil,43.8,KG,1794.0,Paid
MDM008872,2025-10-01,SCH0568,kumar & co.,cooking oil,33.9,KG,1794.0,Cleared
MDM000799,2025-06-11,SCH0355,Sharma Traders,Lentils,33.9,KG,1305.0,Paid
MDM000735,2025-08-11,SCH0586,sharma & sons,cooking oil,33.9,KG,1794.0,Paid
MDM002245,2025-12-21,SCH0585,singh agro,Rice,33.9,KG,1288.0,Paid
MDM000179,2026-01-10,SCH0553,kumar & co.,Wheat,20.5,KG,615.0,Paid
MDM009162,2025-06-29,SCH0098,goyal enterprises,oil,33.9,KG,6264.0,Paid
MDM009364,2025-07-21,SCH0466,kumar & co.,Rice,33.9,KG,1476.0,Pending
MDM001175,2025-08-01,SCH0292,s. agro works,Lentils,33.9,KG,4662.0,Cleared
MDM006596,2025-12-18,SCH0529,s. agro works,Lentils,33.9,KG,3771.0,Pending
MDM008571,2026-01-18,SCH0147,goyal enterprises,Lentils,33.9,KG,2169.0,Paid
MDM001832,2025-07-09,SCH0583,Sharma Traders,mustard oil,33.9,KG,4968.0,Paid
MDM009986,2026-02-19,SCH0482,Sharma Traders,Wheat,33.9,KG,990.0,Pending
MDM006587,2026-02-08,SCH0398,kumar & co.,Wheat,33.9,KG,1794.0,Paid
MDM009922,2025-10-25,SCH0164,Kumar Supplies,mustard oil,33.9,KG,1794.0,Due
MDM001782,2025-06-30,SCH0130,Sharma Traders,Lentils,33.9,KG,5391.0,Cleared
MDM003202,2025-08-16,SCH0118,s. agro works,Wheat,27.0,KG,1794.0,Pending
MDM000199,2025-10-04,SCH0008,Singh Brothers,Rice,33.9,KG,2140.0,Paid
MDM010135,2026-03-02,SCH0154,Sharma Traders,Rice,33.9,KG,1794.0,Paid
MDM004088,2025-08-21,SCH0462,Sharma Traders,Rice,33.9,KG,420.0,Due
MDM005194,2026-03-21,SCH0172,s. agro works,Rice,33.9,KG,1794.0,Paid
MDM000549,2025-07-07,SCH0392,kumar & co.,Rice,33.9,KG,452.0,Pending
MDM003340,2026-01-22,SCH0454,Goyal Rice Mill,atta,33.9,KG,1794.0,Cleared
MDM011656,2025-07-04,SCH0137,sharma & sons,Pulses,58.9,KG,5301.0,Paid
MDM006984,2026-01-03,SCH0118,kumar & co.,mustard oil,33.9,KG,4740.0,Paid
MDM007290,2025-10-12,SCH0316,Goyal Rice Mill,Lentils,33.9,KG,2403.0,Cleared
MDM002533,2025-11-05,SCH0271,Singh Brothers,Lentils,33.9,KG,1794.0,Pending
MDM011421,2025-04-15,SCH0115,Sharma Traders,oil,33.9,KG,1896.0,Paid
MDM002315,2025-06-22,SCH0172,singh agro,Wheat,33.9,KG,1656.0,Due
MDM009130,2025-08-19,SCH0248,s. agro works,Pulses,25.3,KG,2277.0,Paid
MDM008794,2025-04-19,SCH0298,goyal mill,sarson tel,33.9,KG,5364.0,Pending
MDM010187,2026-03-30,SCH0491,Kumar Supplies,Rice,33.9,KG,1072.0,Cleared
MDM008780,2026-03-02,SCH0541,sharma & sons,oil,33.9,KG,1794.0,Pending
MDM000067,2025-04-17,SCH0130,singh agro,atta,33.9,KG,540.0,Pending
MDM005128,2025-05-06,SCH0136,Kumar Supplies,Rice,33.9,KG,1794.0,Paid
MDM004713,2025-05-20,SCH0309,sharma & sons,Rice,33.9,KG,2288.0,Due
MDM005215,2026-02-12,SCH0257,sharma & sons,mustard oil,33.9,KG,3420.0,Paid
MDM003261,2026-02-20,SCH0125,sharma & sons,mustard oil,33.9,KG,5268.0,Pending
MDM005034,2025-09-28,SCH0025,singh agro,Wheat,33.9,KG,888.0,Pending
MDM002573,2025-08-05,SCH0580,s. agro works,Wheat,33.9,KG,909.0,Paid
MDM008451,2025-05-10,SCH0285,s. agro works,Pulses,33.9,KG,1794.0,Paid
MDM008891,2025-04-14,SCH0189,Goyal Rice Mill,Lentils,33.9,KG,2169.0,Cleared
MDM000623,2025-12-21,SCH0084,kumar & co.,Rice,33.9,KG,1660.0,Cleared
MDM001682,2025-09-21,SCH0524,singh agro,oil,33.9,KG,3396.0,Paid
MDM000788,2025-05-24,SCH0160,Kumar General Store,sarson tel,36.3,KG,4356.0,Pending
MDM003333,2025-07-30,SCH0185,Kumar General Store,cooking oil,33.9,KG,6864.0,Paid
MDM007110,2025-09-27,SCH0049,Goyal Rice Mill,Rice,33.9,KG,1794.0,Due
MDM006009,2026-01-30,SCH0436,Sharma Traders,Wheat,33.9,KG,1794.0,Cleared
MDM008926,2026-01-07,SCH0498,kumar & co.,sarson tel,33.9,KG,1794.0,Pending
MDM010808,2026-01-08,SCH0389,Singh Brothers,Wheat,31.9,KG,1794.0,Paid
MDM003281,2025-09-11,SCH0366,s. agro works,sarson tel,33.9,KG,1794.0,Paid
MDM010804,2026-03-18,SCH0221,Sharma Traders,Rice,10.7,KG,1794.0,Paid
MDM011267,2025-12-11,SCH0553,Sharma Traders,Wheat,33.9,KG,1794.0,Pending
MDM008371,2025-12-15,SCH0169,kumar & co.,Pulses,33.9,KG,1794.0,Paid
MDM008704,2025-08-13,SCH0074,Sharma Traders,Rice,33.9,KG,484.0,Cleared
MDM010685,2025-05-13,SCH0514,goyal enterprises,atta,33.9,KG,1794.0,Paid
MDM000516,2025-09-25,SCH0253,Goyal Rice Mill,Lentils,33.9,KG,4212.0,Pending
MDM000479,2025-07-23,SCH0129,Kumar Supplies,atta,33.9,KG,1794.0,Cleared
MDM009993,2026-02-09,SCH0181,Sharma Traders,Rice,33.9,KG,1794.0,Paid
MDM007009,2025-09-12,SCH0108,Kumar Supplies,Rice,33.9,KG,2252.0,Cleared
MDM008455,2026-01-16,SCH0386,kumar & co.,cooking oil,33.9,KG,1968.0,Paid
MDM002648,2025-09-21,SCH0468,singh agro,Lentils,33.9,KG,4293.0,Paid
MDM010126,2025-04-27,SCH0226,singh agro,Rice,33.9,KG,508.0,Due
MDM009782,2025-04-11,SCH0510,Singh Brothers,Wheat,33.9,KG,1125.0,Pending
MDM007862,2025-10-11,SCH0552,Sharma Traders,Wheat,33.9,KG,1794.0,Due
MDM001034,2025-12-14,SCH0533,singh agro,Lentils,39.7,KG,3573.0,Pending
MDM007192,2025-07-19,SCH0403,Kumar Supplies,Rice,33.9,KG,2376.0,Due
MDM002599,2026-02-01,SCH0150,Kumar General Store,Wheat,33.9,KG,1794.0,Pending
MDM006349,2025-07-28,SCH0539,singh agro,Wheat,43.8,KG,1314.0,Due
MDM006910,2025-10-03,SCH0316,Singh Brothers,Wheat,33.9,KG,1326.0,Due
MDM006593,2025-04-04,SCH0154,Kumar General Store,Rice,33.9,KG,1524.0,Pending
MDM008373,2025-06-27,SCH0566,goyal enterprises,Lentils,33.9,KG,1794.0,Cleared
MDM008765,2026-03-17,SCH0436,singh agro,cooking oil,33.9,KG,1794.0,Pending
MDM000345,2025-04-23,SCH0118,Kumar Supplies,sarson tel,33.9,KG,6804.0,Pending
MDM005522,2026-03-17,SCH0409,Sharma Traders,Pulses,37.9,KG,1794.0,Due
MDM009899,2026-03-01,SCH0042,goyal mill,Rice,33.9,KG,2192.0,Paid
MDM001872,2025-04-13,SCH0219,Sharma Traders,Wheat,33.9,KG,1203.0,Pending
MDM002978,2025-09-09,SCH0281,Sharma Traders,cooking oil,33.9,KG,1224.0,Pending
MDM007661,2025-12-26,SCH0126,Sharma Traders,Lentils,33.9,KG,2430.0,Pending
MDM003987,2025-04-15,SCH0158,Kumar General Store,Rice,33.9,KG,472.0,Cleared
MDM011873,2025-12-25,SCH0298,s. agro works,Lentils,33.9,KG,1794.0,Paid
MDM002889,2025-05-29,SCH0487,goyal mill,Rice,33.9,KG,1312.0,Due
MDM008722,2025-09-29,SCH0519,kumar & co.,Wheat,33.9,KG,516.0,Due
MDM004624,2025-06-17,SCH0144,sharma & sons,Rice,33.9,KG,1756.0,Paid
MDM004819,2025-06-14,SCH0327,Kumar General Store,oil,33.9,KG,5052.0,Pending
MDM010153,2025-10-19,SCH0119,goyal mill,Rice,33.9,KG,2304.0,Cleared
MDM010888,2025-10-30,SCH0376,Kumar Supplies,mustard oil,33.9,KG,1884.0,Paid
MDM000221,2026-03-11,SCH0581,s. agro works,Rice,33.8,KG,1352.0,Paid
MDM007218,2026-01-30,SCH0146,Sharma Traders,sarson tel,33.9,KG,5640.0,Paid
MDM007388,2026-01-03,SCH0167,goyal enterprises,cooking oil,33.9,KG,2724.0,Paid
MDM010280,2025-10-02,SCH0277,goyal enterprises,Wheat,33.9,KG,1632.0,Due
MDM007051,2025-12-25,SCH0587,Sharma Traders,mustard oil,33.9,KG,1794.0,Paid
MDM006249,2025-05-31,SCH0324,sharma & sons,Lentils,33.9,KG,1962.0,Pending
MDM010042,2026-03-02,SCH0029,Singh Brothers,Lentils,33.9,KG,3879.0,Paid
MDM004017,2025-12-03,SCH0446,Goyal Rice Mill,sarson tel,33.9,KG,6048.0,Paid
MDM010183,2025-07-17,SCH0096,s. agro works,Lentils,39.7,KG,3573.0,Due
MDM004249,2025-05-01,SCH0315,Sharma Traders,mustard oil,52.5,KG,1794.0,Paid
MDM009452,2026-01-05,SCH0455,Kumar General Store,Pulses,19.0,KG,1710.0,Due
MDM011304,2025-04-02,SCH0534,Kumar Supplies,Rice,33.9,KG,872.0,Paid
MDM008654,2026-03-12,SCH0326,goyal mill,Wheat,33.9,KG,1794.0,Cleared
MDM005869,2025-04-24,SCH0213,Singh Brothers,Wheat,33.9,KG,1314.0,Paid
MDM006633,2026-03-28,SCH0180,Singh Brothers,Rice,33.9,KG,2004.0,Cleared
MDM001265,2025-08-26,SCH0091,goyal mill,atta,33.9,KG,309.0,Paid
MDM007832,2025-12-16,SCH0364,Singh Brothers,sarson tel,33.9,KG,1794.0,Due
MDM004242,2025-12-27,SCH0098,kumar & co.,Wheat,32.4,KG,1794.0,Pending
MDM005651,2025-07-24,SCH0075,s. agro works,oil,13.6,KG,1632.0,Pending
MDM006476,2025-04-18,SCH0115,Kumar General Store,Wheat,33.9,KG,1794.0,Pending
MDM011227,2025-10-23,SCH0379,Kumar Supplies,Rice,50.5,KG,2020.0,Pending
MDM007502,2025-05-02,SCH0136,Goyal Rice Mill,Lentils,33.9,KG,4329.0,Pending
MDM011341,2025-07-23,SCH0087,Kumar Supplies,Rice,33.9,KG,2240.0,Paid
MDM008577,2026-03-16,SCH0363,Kumar Supplies,Lentils,33.9,KG,3870.0,Cleared
MDM002882,2025-12-04,SCH0245,Sharma Traders,mustard oil,33.9,KG,1794.0,Pending
MDM001678,2026-02-26,SCH0336,Kumar Supplies,oil,33.9,KG,1794.0,Pending
MDM006598,2025-05-26,SCH0320,Singh Brothers,Rice,33.9,KG,720.0,Pending
MDM006724,2026-01-20,SCH0154,s. agro works,atta,33.9,KG,990.0,Paid
MDM000902,2026-03-14,SCH0496,kumar & co.,cooking oil,33.9,KG,1752.0,Due
MDM009437,2025-09-28,SCH0354,Goyal Rice Mill,Pulses,33.9,KG,4968.0,Paid
MDM002297,2025-09-07,SCH0181,s. agro works,Lentils,33.9,KG,1970.0,Pending
MDM003403,2025-07-11,SCH0377,Sharma Traders,cooking oil,33.9,KG,1794.0,Pending
MDM008574,2026-12-03,SCH0076,goyal mill,Pulses,33.9,KG,1863.0,Due
MDM000297,2025-12-06,SCH0032,goyal mill,oil,55.0,KG,1794.0,Due
MDM010852,2026-03-30,SCH0324,goyal enterprises,Wheat,33.9,KG,1266.0,Pending
MDM004154,2025-09-20,SCH0300,Kumar General Store,sarson tel,33.9,KG,4932.0,Paid
MDM010035,2026-01-19,SCH0558,Sharma Traders,Lentils,33.9,KG,1794.0,Paid
MDM006725,2025-12-20,SCH0107,Kumar General Store,Lentils,33.9,KG,5346.0,Pending
MDM000028,2026-03-30,SCH0148,Goyal Rice Mill,sarson tel,18.9,KG,2268.0,Paid
MDM006758,2025-06-25,SCH0323,singh agro,Rice,33.9,KG,1188.0,Pending
MDM009148,2025-08-10,SCH0164,goyal mill,sarson tel,41.4,KG,1794.0,Cleared
MDM003830,2026-03-18,SCH0592,goyal mill,Rice,33.9,KG,1794.0,Paid
MDM008564,2026-02-05,SCH0111,Sharma Traders,oil,33.9,KG,1794.0,Paid
MDM003249,2025-10-28,SCH0184,Kumar Supplies,Lentils,33.9,KG,1794.0,Pending
MDM009780,2025-10-11,SCH0456,Goyal Rice Mill,Wheat,28.9,KG,867.0,Paid
MDM007937,2025-04-30,SCH0509,Kumar General Store,Pulses,33.7,KG,3033.0,Due
MDM002581,2025-11-18,SCH0207,Kumar General Store,Wheat,33.9,KG,1794.0,Pending
MDM007628,2025-11-10,SCH0502,s. agro works,Rice,33.9,KG,1524.0,Cleared
MDM011512,2026-03-23,SCH0133,Singh Brothers,sarson tel,33.9,KG,6468.0,Paid
MDM008404,2025-09-16,SCH0265,Sharma Traders,oil,33.9,KG,1794.0,Due
MDM001371,2025-08-29,SCH0466,Sharma Traders,sarson tel,33.9,KG,1794.0,Pending
MDM009355,2025-06-11,SCH0390,s. agro works,Pulses,33.9,KG,1719.0,Paid
MDM007932,2026-02-23,SCH0018,s. agro works,Wheat,38.3,KG,1149.0,Due
MDM005552,2025-07-15,SCH0043,Goyal Rice Mill,cooking oil,33.9,KG,6660.0,Paid
MDM008541,2025-10-19,SCH0123,Kumar General Store,Wheat,33.9,KG,1749.0,Paid
MDM005255,2026-03-26,SCH0346,s. agro works,sarson tel,33.9,KG,6792.0,Pending
MDM000682,2025-05-08,SCH0331,Sharma Traders,atta,33.9,KG,1494.0,Paid
MDM011499,2026-03-07,SCH0392,Sharma Traders,Lentils,22.4,KG,2016.0,Paid
MDM004776,2025-06-12,SCH0174,goyal mill,Lentils,35.4,KG,3186.0,Cleared
MDM005423,2026-02-19,SCH0265,kumar & co.,Wheat,11.5,KG,345.0,Due
MDM003160,2025-06-21,SCH0339,Kumar General Store,Lentils,35.8,KG,1794.0,Pending
MDM008982,2026-03-02,SCH0100,goyal mill,Wheat,33.9,KG,1794.0,Due
MDM002988,2025-07-01,SCH0321,Singh Brothers,oil,33.9,KG,1692.0,Pending
MDM004909,2025-12-19,SCH0426,Kumar Supplies,atta,33.9,KG,888.0,Cleared
MDM001883,2026-03-04,SCH0468,singh agro,Rice,33.9,KG,1794.0,Cleared
MDM006720,2026-03-17,SCH0383,Kumar Supplies,atta,32.4,KG,972.0,Paid
MDM008559,2026-01-05,SCH0451,Kumar Supplies,Lentils,33.9,KG,4284.0,Due
MDM001941,2025-09-28,SCH0463,singh agro,Wheat,33.9,KG,954.0,Paid
MDM003297,2025-04-04,SCH0025,Goyal Rice Mill,Wheat,33.9,KG,1158.0,Pending
MDM003535,2026-02-11,SCH0068,singh agro,Rice,33.9,KG,1912.0,Due
MDM009627,2025-07-07,SCH0570,Kumar Supplies,oil,33.9,KG,1794.0,Pending
MDM003730,2025-05-22,SCH0210,sharma & sons,Lentils,33.9,KG,3555.0,Paid
MDM000491,2026-03-13,SCH0321,Kumar Supplies,Pulses,33.9,KG,4212.0,Due
MDM007884,2025-11-17,SCH0238,Kumar Supplies,oil,33.9,KG,3600.0,Cleared
MDM001182,2025-09-12,SCH0483,singh agro,atta,33.9,KG,1359.0,Cleared
MDM001376,2025-09-20,SCH0576,goyal mill,Rice,33.9,KG,556.0,Paid
MDM005015,2026-03-19,SCH0516,sharma & sons,Rice,33.9,KG,1794.0,Pending
MDM006992,2025-04-09,SCH0337,kumar & co.,Lentils,33.9,KG,1794.0,Pending
MDM000627,2025-12-18,SCH0319,goyal enterprises,Rice,33.9,KG,2208.0,Paid
MDM004759,2026-02-11,SCH0359,sharma & sons,Wheat,33.9,KG,939.0,Pending
MDM011219,2025-05-15,SCH0509,sharma & sons,Rice,33.9,KG,1794.0,Cleared
MDM002113,2026-02-09,SCH0380,goyal mill,Rice,46.8,KG,1872.0,Paid
MDM008535,2025-07-10,SCH0348,sharma & sons,oil,33.9,KG,6816.0,Pending
MDM008890,2025-08-28,SCH0212,Kumar Supplies,Rice,33.9,KG,652.0,Paid
MDM006228,2026-02-21,SCH0051,singh agro,Rice,33.9,KG,1824.0,Due
MDM001768,2025-10-17,SCH0328,sharma & sons,Lentils,33.9,KG,1467.0,Pending
MDM009059,2025-12-06,SCH0532,Sharma Traders,oil,33.9,KG,1794.0,Paid
MDM004181,2025-10-09,SCH0500,Kumar General Store,Lentils,33.9,KG,3780.0,Paid
MDM009351,2025-05-09,SCH0483,goyal mill,Rice,39.1,KG,1794.0,Paid
MDM006378,2026-02-06,SCH0042,singh agro,Rice,33.9,KG,1794.0,Due
MDM001463,2026-02-26,SCH0314,Kumar General Store,sarson tel,33.9,KG,1794.0,Paid
MDM002888,2025-05-05,SCH0596,s. agro works,Pulses,18.0,KG,1620.0,Pending
MDM006761,2025-05-14,SCH0448,s. agro works,Wheat,33.9,KG,1794.0,Due
MDM000685,2025-12-08,SCH0394,Goyal Rice Mill,oil,51.4,KG,6168.0,Paid
MDM004540,2025-10-26,SCH0279,s. agro works,Lentils,33.9,KG,4518.0,Paid
MDM004515,2025-05-16,SCH0304,sharma & sons,Wheat,33.9,KG,531.0,Pending
MDM009496,2025-06-16,SCH0518,Kumar Supplies,Wheat,50.4,KG,1794.0,Cleared
MDM009715,2025-07-17,SCH0171,Kumar Supplies,mustard oil,33.9,KG,7164.0,Pending
MDM001367,2025-10-01,SCH0059,kumar & co.,Rice,33.9,KG,1924.0,Pending
MDM003917,2025-11-28,SCH0536,goyal mill,sarson tel,33.9,KG,1794.0,Pending
MDM002640,2026-02-04,SCH0384,Sharma Traders,sarson tel,33.9,KG,1794.0,Pending
MDM011690,2025-07-12,SCH0090,Kumar Supplies,Pulses,33.9,KG,2916.0,Cleared
MDM005603,2025-09-30,SCH0091,Kumar Supplies,mustard oil,33.9,KG,2664.0,Pending
MDM011278,2025-06-25,SCH0162,Kumar General Store,cooking oil,33.9,KG,3588.0,Due
MDM005730,2025-10-25,SCH0328,Kumar Supplies,Rice,37.0,KG,1480.0,Paid
MDM005731,2025-04-10,SCH0190,singh agro,Rice,33.9,KG,1264.0,Pending
MDM007689,2026-01-11,SCH0583,goyal enterprises,Wheat,33.9,KG,753.0,Pending
MDM008903,2025-05-24,SCH0530,Singh Brothers,Wheat,33.9,KG,510.0,Pending
MDM002301,2026-02-28,SCH0190,Kumar Supplies,Lentils,33.9,KG,954.0,Pending
MDM004788,2025-07-09,SCH0464,kumar & co.,Wheat,33.9,KG,1704.0,Pending
MDM002939,2025-12-30,SCH0119,Kumar General Store,Pulses,33.9,KG,5058.0,Pending
MDM005660,2025-11-18,SCH0236,goyal enterprises,Rice,33.9,KG,592.0,Paid
MDM008447,2025-11-07,SCH0370,Sharma Traders,sarson tel,33.9,KG,1794.0,Paid
MDM010697,2026-01-17,SCH0523,goyal mill,Rice,50.2,KG,1794.0,Due
MDM007691,2026-02-06,SCH0585,s. agro works,Lentils,33.9,KG,1794.0,Paid
MDM001980,2025-06-04,SCH0069,goyal enterprises,Rice,33.9,KG,1752.0,Pending
MDM005980,2025-06-30,SCH0104,Kumar Supplies,Rice,33.9,KG,656.0,Paid
MDM003804,2025-09-22,SCH0357,Kumar General Store,Lentils,33.9,KG,1794.0,Paid
MDM004535,2026-02-02,SCH0205,Kumar Supplies,Wheat,33.9,KG,1794.0,Paid
MDM008347,2025-10-18,SCH0537,singh agro,Wheat,33.9,KG,984.0,Paid
MDM011387,2026-03-30,SCH0177,Kumar Supplies,Lentils,33.9,KG,1794.0,Pending
MDM009404,2026-02-24,SCH0019,kumar & co.,cooking oil,33.9,KG,6036.0,Paid
MDM007258,2025-11-05,SCH0071,Kumar Supplies,Rice,33.9,KG,1794.0,Paid
MDM009267,2025-04-19,SCH0167,Kumar Supplies,atta,33.9,KG,1338.0,Paid
MDM004801,2026-02-25,SCH0424,Kumar General Store,Pulses,41.2,KG,1794.0,Paid
MDM002281,2025-12-13,SCH0094,Kumar General Store,Rice,33.9,KG,1840.0,Pending
MDM007770,2026-01-05,SCH0107,goyal mill,mustard oil,33.9,KG,4776.0,Paid
MDM006352,2026-01-05,SCH0529,s. agro works,Rice,33.9,KG,1488.0,Paid
MDM004470,2026-03-22,SCH0285,goyal enterprises,cooking oil,33.9,KG,6804.0,Pending
MDM005134,2025-05-07,SCH0300,Kumar General Store,cooking oil,33.9,KG,2184.0,Paid
MDM000999,2025-07-10,SCH0040,goyal mill,Wheat,33.9,KG,1794.0,Paid
MDM004131,2025-11-03,SCH0127,Goyal Rice Mill,atta,33.9,KG,1794.0,Paid
MDM005267,2025-08-17,SCH0400,Kumar Supplies,Rice,32.6,KG,1304.0,Pending
MDM010559,2025-07-08,SCH0390,Goyal Rice Mill,Lentils,33.9,KG,1794.0,Paid
MDM001785,2026-10-01,SCH0431,goyal mill,atta,33.9,KG,1794.0,Paid
MDM003183,2025-08-26,SCH0166,Kumar Supplies,mustard oil,33.9,KG,1794.0,Paid
MDM010707,2025-11-18,SCH0100,goyal mill,Lentils,33.9,KG,1863.0,Paid
MDM000495,2026-03-25,SCH0352,goyal mill,Lentils,29.7,KG,1794.0,Paid
MDM006835,2025-09-12,SCH0155,sharma & sons,Lentils,33.9,KG,3150.0,Paid
MDM009591,2025-04-14,SCH0402,sharma & sons,Pulses,33.9,KG,2484.0,Paid
MDM002861,2026-02-02,SCH0425,Sharma Traders,sarson tel,33.9,KG,1794.0,Due
MDM002039,2025-08-29,SCH0063,s. agro works,Lentils,33.9,KG,1794.0,Cleared
MDM004042,2026-03-12,SCH0491,Kumar Supplies,Wheat,33.9,KG,321.0,Paid
MDM009474,2025-07-13,SCH0529,Sharma Traders,Wheat,33.9,KG,1794.0,Cleared
MDM002898,2025-09-28,SCH0017,Singh Brothers,Lentils,33.9,KG,1794.0,Paid
MDM000367,2025-10-21,SCH0561,Singh Brothers,Rice,33.9,KG,1304.0,Due
MDM000850,2026-01-16,SCH0201,Kumar General Store,Rice,33.9,KG,948.0,Pending
MDM007964,2025-12-27,SCH0011,s. agro works,sarson tel,33.9,KG,6648.0,Paid
MDM007091,2025-10-16,SCH0506,sharma & sons,Lentils,33.9,KG,1794.0,Paid
MDM008210,2025-11-12,SCH0591,Sharma Traders,Rice,33.9,KG,1076.0,Paid
MDM007757,2025-11-18,SCH0030,kumar & co.,Lentils,33.9,KG,1794.0,Cleared
MDM002654,2025-11-03,SCH0450,Singh Brothers,Pulses,33.9,KG,1794.0,Paid
MDM003504,2025-07-20,SCH0253,kumar & co.,Lentils,33.9,KG,4365.0,Paid
MDM008518,2025-05-05,SCH0477,Goyal Rice Mill,Rice,33.9,KG,2372.0,Paid
MDM006096,2025-07-23,SCH0151,Singh Brothers,Pulses,33.2,KG,2988.0,Paid
MDM001542,2025-10-24,SCH0289,Kumar Supplies,oil,33.9,KG,2004.0,Pending
MDM006379,2026-02-28,SCH0524,sharma & sons,Lentils,33.9,KG,4086.0,Pending
MDM010950,2026-03-17,SCH0438,Singh Brothers,Rice,55.2,KG,2208.0,Due
MDM000323,2025-05-10,SCH0562,Sharma Traders,cooking oil,33.9,KG,6840.0,Due
MDM002032,2025-11-26,SCH0060,sharma & sons,mustard oil,50.5,KG,6060.0,Pending
MDM008392,2025-11-10,SCH0494,Kumar Supplies,Rice,33.9,KG,2188.0,Cleared
MDM009572,2025-10-26,SCH0440,kumar & co.,sarson tel,33.9,KG,1794.0,Pending
MDM000814,2025-12-17,SCH0421,Sharma Traders,oil,33.9,KG,5508.0,Paid
MDM002529,2025-08-22,SCH0429,sharma & sons,Wheat,33.9,KG,1794.0,Due
MDM011584,2025-08-02,SCH0362,goyal mill,Rice,33.9,KG,1794.0,Paid
MDM006845,2025-09-17,SCH0354,Singh Brothers,Rice,33.9,KG,1588.0,Pending
MDM006281,2025-08-28,SCH0434,Sharma Traders,oil,33.9,KG,3288.0,Cleared
MDM011361,2025-10-07,SCH0420,Kumar Supplies,Rice,33.9,KG,1156.0,Paid
MDM010529,2025-11-27,SCH0525,kumar & co.,Wheat,35.9,KG,1077.0,Pending
MDM005275,2025-07-15,SCH0016,goyal mill,Wheat,33.9,KG,1794.0,Paid
MDM001080,2025-07-30,SCH0484,singh agro,Lentils,14.6,KG,1314.0,Cleared
MDM002227,2026-04-03,SCH0583,Goyal Rice Mill,Pulses,33.9,KG,3114.0,Pending
MDM009647,2025-06-24,SCH0424,Kumar General Store,Lentils,33.9,KG,1794.0,Paid
MDM011283,2025-12-27,SCH0268,singh agro,Rice,33.9,KG,1794.0,Paid
MDM003516,2025-07-06,SCH0299,Sharma Traders,Wheat,33.9,KG,1794.0,Paid
MDM002706,2025-04-11,SCH0289,Goyal Rice Mill,sarson tel,44.4,KG,5328.0,Pending
MDM009243,2026-01-21,SCH0233,singh agro,sarson tel,33.9,KG,4152.0,Paid
MDM006513,2026-02-20,SCH0377,Goyal Rice Mill,Rice,33.9,KG,1084.0,Due
MDM001165,2025-05-30,SCH0234,Goyal Rice Mill,Rice,33.9,KG,2260.0,Pending
MDM003262,2025-07-18,SCH0446,kumar & co.,cooking oil,33.9,KG,1794.0,Pending
MDM006490,2026-02-02,SCH0538,Kumar Supplies,cooking oil,19.7,KG,2364.0,Cleared
MDM011338,2025-09-21,SCH0042,s. agro works,Wheat,33.9,KG,495.0,Due
MDM001451,2025-12-20,SCH0076,goyal mill,Rice,33.9,KG,1292.0,Pending
MDM006127,2025-05-17,SCH0186,singh agro,Rice,33.9,KG,852.0,Pending
MDM004230,2026-02-03,SCH0012,Sharma Traders,Lentils,33.9,KG,1610.0,Paid
MDM008289,2025-10-12,SCH0469,sharma & sons,Rice,33.9,KG,1794.0,Paid
MDM003863,2026-01-29,SCH0026,goyal enterprises,Pulses,33.9,KG,1755.0,Cleared
MDM002937,2025-06-28,SCH0470,singh agro,mustard oil,46.6,KG,1794.0,Paid
MDM010920,2025-06-02,SCH0065,kumar & co.,Lentils,33.7,KG,1794.0,Due
MDM003918,2025-06-03,SCH0141,goyal enterprises,Rice,33.9,KG,1304.0,Paid
MDM005488,2025-12-09,SCH0511,Kumar Supplies,sarson tel,33.9,KG,2796.0,Pending
MDM007506,2025-06-18,SCH0319,Kumar Supplies,Wheat,33.9,KG,1794.0,Paid
MDM010062,2025-04-10,SCH0040,Singh Brothers,Lentils,33.9,KG,1854.0,Cleared
MDM001724,2025-05-01,SCH0245,goyal enterprises,Wheat,33.9,KG,324.0,Due
MDM009104,2025-09-06,SCH0317,Kumar Supplies,Lentils,33.9,KG,1794.0,Cleared
MDM006837,2025-07-10,SCH0001,Kumar General Store,Wheat,41.0,KG,1230.0,Pending
MDM007255,2025-05-15,SCH0333,goyal mill,Wheat,37.5,KG,1125.0,Paid
MDM004057,2025-04-03,SCH0204,Kumar Supplies,oil,33.9,KG,3300.0,Pending
MDM011753,2025-09-03,SCH0283,goyal enterprises,Rice,33.9,KG,1794.0,Pending
MDM003000,2025-12-13,SCH0469,Kumar General Store,cooking oil,33.9,KG,1794.0,Pending
MDM009023,2025-09-27,SCH0227,Sharma Traders,Rice,33.9,KG,1794.0,Pending
MDM011137,2025-10-20,SCH0211,sharma & sons,Wheat,33.9,KG,462.0,Pending
MDM001232,2025-06-21,SCH0334,sharma & sons,Lentils,33.9,KG,1794.0,Paid
MDM001515,2026-03-20,SCH0364,Goyal Rice Mill,atta,12.0,KG,1794.0,Pending
MDM002314,2025-08-04,SCH0095,Kumar General Store,Lentils,19.6,KG,1764.0,Paid
MDM009053,2025-12-13,SCH0575,sharma & sons,Lentils,60.0,KG,5400.0,Paid
MDM001452,2025-05-11,SCH0065,sharma & sons,sarson tel,33.9,KG,4104.0,Paid
MDM010371,2025-08-08,SCH0485,sharma & sons,Wheat,33.9,KG,1635.0,Paid
MDM007582,2026-02-03,SCH0162,Kumar Supplies,Wheat,33.9,KG,807.0,Pending
MDM006822,2025-09-07,SCH0426,Sharma Traders,Rice,33.9,KG,1794.0,Cleared
MDM008476,2026-03-23,SCH0028,goyal mill,oil,33.9,KG,1794.0,Paid
MDM011240,2025-05-17,SCH0355,Kumar General Store,Lentils,33.9,KG,1794.0,Pending
MDM004322,2026-01-01,SCH0209,Singh Brothers,Wheat,33.9,KG,420.0,Pending
MDM008378,2026-01-13,SCH0404,Sharma Traders,Lentils,33.9,KG,3411.0,Cleared
MDM000839,2025-10-09,SCH0398,goyal enterprises,Wheat,33.9,KG,1794.0,Pending
MDM007096,2026-03-30,SCH0036,s. agro works,sarson tel,14.6,KG,1794.0,Pending
MDM003900,2025-07-18,SCH0152,goyal enterprises,cooking oil,33.9,KG,1794.0,Paid
MDM010500,2025-12-31,SCH0457,kumar & co.,Rice,59.7,KG,2388.0,Paid
MDM003568,2025-11-15,SCH0500,Singh Brothers,Pulses,33.9,KG,3717.0,Paid
MDM011445,2025-10-21,SCH0039,goyal mill,sarson tel,33.9,KG,1794.0,Paid
MDM005453,2026-03-04,SCH0090,goyal mill,Lentils,33.9,KG,1794.0,Paid
MDM003088,2025-07-02,SCH0012,Goyal Rice Mill,atta,33.9,KG,1794.0,Due
MDM008234,2025-09-27,SCH0379,Sharma Traders,Pulses,33.9,KG,1794.0,Paid
MDM010680,2025-05-29,SCH0343,Goyal Rice Mill,atta,33.9,KG,1794.0,Pending
MDM004547,2026-03-02,SCH0161,Sharma Traders,cooking oil,33.9,KG,2292.0,Paid
MDM004693,2026-03-03,SCH0520,s. agro works,Rice,33.9,KG,1794.0,Cleared
MDM001715,2025-12-24,SCH0284,sharma & sons,Lentils,33.9,KG,918.0,Pending
MDM010772,2025-06-01,SCH0168,goyal mill,Lentils,33.9,KG,1794.0,Paid
MDM004271,2025-12-08,SCH0180,sharma & sons,oil,33.9,KG,1794.0,Cleared
MDM000340,2025-09-16,SCH0209,sharma & sons,Lentils,33.9,KG,3672.0,Paid
MDM004087,2025-10-02,SCH0027,Kumar General Store,Rice,33.9,KG,1340.0,Paid
MDM007851,2025-11-05,SCH0181,Goyal Rice Mill,Rice,33.9,KG,1024.0,Pending
MDM010046,2025-07-05,SCH0027,Sharma Traders,cooking oil,33.9,KG,5700.0,Paid
MDM007529,2025-08-02,SCH0099,goyal enterprises,cooking oil,33.9,KG,3744.0,Paid
MDM000589,2026-02-05,SCH0333,Singh Brothers,cooking oil,33.9,KG,3348.0,Pending
MDM003366,2026-02-07,SCH0259,Singh Brothers,cooking oil,33.9,KG,3768.0,Pending
MDM002671,2025-07-14,SCH0233,Singh Brothers,Lentils,33.9,KG,1794.0,Pending
MDM005516,2025-08-19,SCH0420,Goyal Rice Mill,Lentils,33.9,KG,5238.0,Cleared
MDM003590,2026-03-27,SCH0449,goyal mill,sarson tel,33.9,KG,3768.0,Cleared
MDM000035,2025-01-12,SCH0023,Sharma Traders,Wheat,33.9,KG,354.0,Due
MDM000029,2025-04-22,SCH0136,Sharma Traders,Wheat,33.9,KG,1794.0,Paid
MDM002396,2025-09-30,SCH0266,Kumar General Store,Wheat,23.0,KG,690.0,Paid
MDM008201,2026-02-27,SCH0214,goyal mill,Wheat,44.5,KG,1335.0,Due
MDM005507,2025-08-12,SCH0026,s. agro works,Wheat,20.3,KG,609.0,Pending
MDM008894,2025-07-07,SCH0521,Sharma Traders,Wheat,33.9,KG,1794.0,Paid
MDM002171,2025-12-06,SCH0275,Singh Brothers,Lentils,33.9,KG,3879.0,Paid
MDM007885,2025-04-21,SCH0078,Kumar Supplies,cooking oil,55.3,KG,6636.0,Paid
MDM008785,2025-09-21,SCH0307,goyal mill,Rice,24.1,KG,964.0,Paid
MDM000890,2026-01-18,SCH0078,s. agro works,Lentils,33.9,KG,1794.0,Paid
MDM003879,2025-10-15,SCH0434,Goyal Rice Mill,atta,33.9,KG,1794.0,Paid
MDM003323,2025-07-22,SCH0392,Goyal Rice Mill,Rice,33.9,KG,572.0,Cleared
MDM011610,2025-08-04,SCH0137,kumar & co.,Wheat,33.9,KG,1794.0,Cleared
MDM003515,2025-10-15,SCH0247,Singh Brothers,Rice,33.9,KG,560.0,Paid
MDM006779,2025-04-07,SCH0055,Kumar General Store,Rice,33.9,KG,1794.0,Due
MDM010744,2026-02-08,SCH0586,Singh Brothers,Wheat,33.9,KG,819.0,Paid
MDM005674,2025-06-06,SCH0435,singh agro,Wheat,38.9,KG,1794.0,Paid
MDM008532,2026-03-26,SCH0227,goyal enterprises,Lentils,33.9,KG,4149.0,Pending
MDM002775,2025-09-05,SCH0096,Kumar Supplies,Wheat,33.9,KG,1107.0,Paid
MDM003734,2025-01-10,SCH0065,goyal enterprises,Pulses,33.9,KG,3645.0,Pending
MDM011697,2025-06-29,SCH0187,kumar & co.,atta,33.9,KG,1032.0,Paid
MDM004529,2025-06-16,SCH0073,goyal mill,Rice,33.9,KG,1794.0,Paid
MDM001655,2025-11-16,SCH0246,goyal enterprises,Lentils,33.9,KG,1794.0,Pending
MDM009751,2025-10-27,SCH0406,Goyal Rice Mill,Lentils,33.9,KG,1794.0,Paid
MDM007717,2025-12-28,SCH0102,Singh Brothers,mustard oil,33.9,KG,1794.0,Paid
MDM000224,2025-06-18,SCH0286,Sharma Traders,mustard oil,33.9,KG,3804.0,Paid
MDM010653,2025-11-30,SCH0407,sharma & sons,oil,33.9,KG,1794.0,Due
MDM006682,2026-08-02,SCH0522,s. agro works,cooking oil,31.8,KG,3816.0,Paid
MDM006803,2025-08-13,SCH0553,Sharma Traders,Rice,33.9,KG,1794.0,Pending
MDM005983,2025-08-29,SCH0542,goyal mill,Rice,33.9,KG,1794.0,Due
MDM004240,2025-10-01,SCH0499,Goyal Rice Mill,Wheat,33.9,KG,1017.0,Due
MDM005883,2025-04-23,SCH0290,Sharma Traders,atta,17.1,KG,1794.0,Pending
MDM001591,2025-05-10,SCH0218,sharma & sons,Rice,33.9,KG,1794.0,Paid
MDM011173,2025-05-08,SCH0138,sharma & sons,Lentils,33.9,KG,1794.0,Pending
MDM003257,2025-10-14,SCH0480,kumar & co.,Rice,33.9,KG,1794.0,Cleared
MDM010712,2026-03-05,SCH0104,Kumar Supplies,Wheat,58.4,KG,1752.0,Paid
MDM007320,2025-04-16,SCH0123,goyal mill,Wheat,33.9,KG,1731.0,Pending
MDM002182,2025-05-13,SCH0207,Kumar Supplies,atta,33.9,KG,1635.0,Paid
MDM007673,2025-10-17,SCH0511,kumar & co.,Pulses,33.9,KG,2223.0,Pending
MDM009231,2025-07-17,SCH0570,goyal mill,Rice,33.9,KG,1794.0,Pending
MDM009060,2025-12-24,SCH0477,Sharma Traders,Wheat,33.9,KG,1794.0,Due
MDM006166,2025-08-17,SCH0538,Sharma Traders,Rice,33.9,KG,1472.0,Paid
MDM007590,2026-02-15,SCH0323,goyal enterprises,oil,33.9,KG,1236.0,Cleared
MDM011979,2025-04-04,SCH0027,kumar & co.,Wheat,33.9,KG,1278.0,Paid
MDM009218,2025-11-15,SCH0213,Singh Brothers,atta,33.9,KG,1794.0,Pending
MDM004818,2026-03-02,SCH0507,goyal enterprises,oil,33.9,KG,1794.0,Pending
MDM008389,2025-04-19,SCH0456,Kumar General Store,Rice,59.7,KG,2388.0,Paid
MDM006932,2025-06-17,SCH0545,Sharma Traders,Rice,33.9,KG,1794.0,Paid
MDM001210,2026-01-09,SCH0402,Singh Brothers,Wheat,33.9,KG,435.0,Paid
MDM010004,2025-06-30,SCH0400,kumar & co.,mustard oil,33.9,KG,1308.0,Paid
MDM000422,2025-08-28,SCH0394,Goyal Rice Mill,cooking oil,33.9,KG,1794.0,Due
MDM001707,2025-10-14,SCH0584,singh agro,mustard oil,10.1,KG,1794.0,Cleared
MDM001159,2025-09-13,SCH0118,goyal enterprises,Lentils,33.9,KG,5049.0,Paid
MDM002307,2025-08-14,SCH0440,goyal enterprises,Rice,33.9,KG,840.0,Paid
MDM000274,2026-02-05,SCH0511,sharma & sons,sarson tel,38.6,KG,4632.0,Paid
MDM000172,2025-05-09,SCH0239,sharma & sons,Pulses,33.9,KG,3267.0,Paid
MDM003957,2026-02-19,SCH0469,singh agro,Rice,33.9,KG,1152.0,Cleared
MDM005607,2025-07-23,SCH0562,kumar & co.,mustard oil,33.9,KG,1794.0,Pending
MDM007602,2025-06-16,SCH0502,Sharma Traders,Wheat,51.3,KG,1794.0,Pending
MDM004866,2025-09-29,SCH0368,goyal mill,mustard oil,33.9,KG,2124.0,Pending
MDM007454,2025-07-07,SCH0383,Sharma Traders,atta,33.9,KG,1794.0,Pending
MDM003189,2025-07-07,SCH0116,goyal mill,mustard oil,33.9,KG,3804.0,Paid
MDM001726,2026-02-15,SCH0187,Kumar General Store,Rice,33.9,KG,1348.0,Cleared
MDM006956,2026-01-07,SCH0369,singh agro,Rice,33.9,KG,1696.0,Due
MDM008427,2025-09-05,SCH0105,kumar & co.,Rice,33.9,KG,1264.0,Pending
MDM001565,2025-07-03,SCH0535,Kumar General Store,Rice,33.9,KG,1576.0,Paid
MDM001783,2026-02-21,SCH0570,goyal mill,Rice,33.9,KG,1794.0,Pending
MDM000844,2025-04-12,SCH0541,singh agro,Lentils,33.9,KG,1794.0,Paid
MDM011851,2025-10-29,SCH0431,Singh Brothers,Rice,33.9,KG,1456.0,Paid
MDM006848,2025-11-25,SCH0548,kumar & co.,mustard oil,33.9,KG,2508.0,Cleared
MDM000905,2026-02-26,SCH0382,kumar & co.,sarson tel,33.9,KG,3420.0,Cleared
MDM003495,2025-05-08,SCH0583,goyal mill,mustard oil,33.9,KG,6144.0,Paid
MDM011954,2026-03-28,SCH0580,sharma & sons,Rice,33.9,KG,1112.0,Due
MDM010292,2026-01-29,SCH0414,goyal enterprises,mustard oil,33.9,KG,4656.0,Paid
MDM001548,2025-09-08,SCH0543,Singh Brothers,Lentils,33.9,KG,2988.0,Pending
MDM010312,2025-12-11,SCH0030,singh agro,Lentils,33.9,KG,2205.0,Paid
MDM002081,2025-09-07,SCH0326,Sharma Traders,Wheat,33.9,KG,1677.0,Pending
MDM009432,2025-11-11,SCH0051,kumar & co.,sarson tel,33.9,KG,6768.0,Cleared
MDM009377,2025-09-16,SCH0405,sharma & sons,Lentils,33.9,KG,1782.0,Pending
MDM011601,2026-03-07,SCH0588,goyal enterprises,Wheat,33.9,KG,1794.0,Cleared
MDM003986,2025-05-30,SCH0327,kumar & co.,cooking oil,33.9,KG,1794.0,Cleared
MDM008937,2025-12-28,SCH0248,kumar & co.,Wheat,33.9,KG,501.0,Pending
MDM008048,2026-03-01,SCH0438,singh agro,mustard oil,33.9,KG,1794.0,Paid
MDM008799,2025-04-01,SCH0409,singh agro,Lentils,32.6,KG,2934.0,Cleared
MDM011256,2025-11-14,SCH0488,Sharma Traders,Lentils,40.1,KG,1794.0,Paid
MDM010121,2025-06-02,SCH0021,goyal mill,Lentils,33.9,KG,3195.0,Pending
MDM004678,2025-10-30,SCH0349,Sharma Traders,Lentils,33.9,KG,1980.0,Paid
MDM003821,2026-02-08,SCH0516,goyal mill,Wheat,33.9,KG,303.0,Pending
MDM005210,2025-10-05,SCH0285,singh agro,Rice,33.9,KG,1794.0,Cleared
MDM002647,2025-04-03,SCH0023,goyal mill,Lentils,42.8,KG,3852.0,Pending
MDM011813,2025-10-31,SCH0580,kumar & co.,Rice,33.9,KG,1794.0,Cleared
MDM009460,2025-09-14,SCH0593,singh agro,Rice,33.9,KG,1794.0,Paid
MDM006366,2026-03-12,SCH0408,Kumar Supplies,sarson tel,33.9,KG,6228.0,Paid
MDM000257,2026-03-21,SCH0329,Goyal Rice Mill,Wheat,33.9,KG,444.0,Pending
MDM008092,2026-03-23,SCH0202,sharma & sons,atta,33.9,KG,1743.0,Paid
MDM004351,2025-06-09,SCH0075,s. agro works,cooking oil,33.9,KG,1794.0,Pending
MDM008720,2025-12-12,SCH0537,Kumar General Store,Wheat,33.9,KG,1743.0,Cleared
MDM005924,2025-04-10,SCH0032,kumar & co.,sarson tel,33.9,KG,1794.0,Paid
MDM011882,2025-07-18,SCH0222,kumar & co.,Rice,59.0,KG,2360.0,Paid
MDM002156,2025-10-12,SCH0388,goyal enterprises,Wheat,33.9,KG,1056.0,Paid
MDM009026,2026-02-18,SCH0332,singh agro,Rice,33.9,KG,1794.0,Pending
MDM010979,2026-02-09,SCH0489,Kumar General Store,mustard oil,33.9,KG,1794.0,Pending
MDM003716,2025-08-29,SCH0149,Sharma Traders,Lentils,33.9,KG,4482.0,Paid
MDM004058,2025-11-10,SCH0226,singh agro,Rice,33.9,KG,752.0,Pending
MDM010745,2025-11-06,SCH0178,s. agro works,Wheat,33.9,KG,1794.0,Pending
MDM010244,2025-07-02,SCH0004,Sharma Traders,Wheat,33.9,KG,1236.0,Paid
MDM003623,2026-03-22,SCH0344,Singh Brothers,Lentils,52.5,KG,1794.0,Paid
MDM005649,2025-10-12,SCH0047,Kumar General Store,Wheat,33.9,KG,1260.0,Pending
MDM006849,2025-05-28,SCH0401,Kumar General Store,Lentils,33.9,KG,5013.0,Paid
MDM006404,2025-12-31,SCH0289,Kumar General Store,oil,33.9,KG,5304.0,Pending
MDM003103,2025-05-30,SCH0471,Kumar Supplies,Lentils,33.9,KG,4095.0,Pending
MDM000559,2025-05-22,SCH0258,Kumar General Store,Pulses,33.9,KG,2790.0,Pending
MDM010118,2025-06-08,SCH0289,goyal enterprises,Lentils,33.9,KG,4041.0,Due
MDM008817,2025-04-01,SCH0395,sharma & sons,Lentils,33.9,KG,1125.0,Cleared
MDM001437,2025-05-23,SCH0443,kumar & co.,Wheat,33.9,KG,1446.0,Paid
MDM000508,2025-06-03,SCH0064,s. agro works,sarson tel,51.0,KG,6120.0,Paid
MDM005276,2025-04-07,SCH0540,Goyal Rice Mill,sarson tel,33.9,KG,4368.0,Cleared
MDM004473,2025-05-26,SCH0134,kumar & co.,cooking oil,33.2,KG,3984.0,Pending
MDM001870,2025-04-13,SCH0231,s. agro works,Rice,33.9,KG,424.0,Pending
MDM005664,2025-09-09,SCH0393,Kumar Supplies,mustard oil,33.9,KG,3744.0,Pending
MDM006843,2026-02-28,SCH0106,Sharma Traders,Pulses,33.9,KG,1794.0,Cleared
MDM005931,2026-03-20,SCH0386,goyal enterprises,Wheat,33.9,KG,723.0,Pending
MDM010152,2025-10-23,SCH0567,sharma & sons,Rice,33.9,KG,1794.0,Cleared
MDM000756,2025-04-01,SCH0194,s. agro works,cooking oil,33.9,KG,4644.0,Pending
MDM007880,2025-06-07,SCH0136,Sharma Traders,Rice,33.9,KG,1508.0,Pending
MDM002340,2026-02-01,SCH0253,Sharma Traders,Rice,33.9,KG,1952.0,Cleared
MDM004051,2025-05-24,SCH0466,Sharma Traders,Rice,33.9,KG,404.0,Paid
MDM008072,2026-02-23,SCH0347,sharma & sons,atta,33.9,KG,1794.0,Cleared
MDM003837,2025-10-10,SCH0520,Kumar General Store,Lentils,33.9,KG,1794.0,Paid
MDM004387,2025-11-27,SCH0040,kumar & co.,Rice,39.6,KG,1584.0,Due
MDM008012,2025-09-06,SCH0515,singh agro,Rice,33.9,KG,820.0,Cleared
MDM009381,2026-02-21,SCH0217,goyal mill,Wheat,31.0,KG,1794.0,Paid
MDM002119,2025-07-24,SCH0582,sharma & sons,Wheat,33.9,KG,1794.0,Pending
MDM010706,2026-03-02,SCH0124,goyal enterprises,Wheat,33.9,KG,1326.0,Paid
MDM000730,2025-04-05,SCH0443,Kumar General Store,Lentils,33.9,KG,2880.0,Pending
MDM000502,2025-10-02,SCH0136,singh agro,Pulses,33.9,KG,1794.0,Due
MDM006638,2025-04-01,SCH0007,Kumar General Store,cooking oil,33.9,KG,1794.0,Cleared
MDM000644,2025-10-16,SCH0234,s. agro works,Lentils,33.9,KG,2394.0,Cleared
MDM007632,2025-10-31,SCH0183,Goyal Rice Mill,Rice,33.9,KG,1794.0,Pending
MDM001540,2025-08-16,SCH0094,Kumar General Store,Lentils,33.9,KG,1794.0,Paid
MDM008772,2025-08-29,SCH0546,Sharma Traders,Lentils,33.9,KG,2583.0,Pending
MDM001212,2025-04-27,SCH0288,s. agro works,Pulses,33.9,KG,1794.0,Paid
MDM009117,2026-02-28,SCH0428,Goyal Rice Mill,Wheat,33.9,KG,1794.0,Cleared
MDM011263,2025-09-15,SCH0135,kumar & co.,Lentils,33.9,KG,4284.0,Paid
MDM000673,2026-03-26,SCH0332,singh agro,Rice,33.9,KG,1794.0,Pending
MDM004916,2025-06-18,SCH0170,Sharma Traders,Rice,33.9,KG,572.0,Paid
MDM006107,2025-08-12,SCH0424,Kumar General Store,mustard oil,33.9,KG,6516.0,Paid
MDM006632,2025-07-28,SCH0279,Kumar General Store,Rice,35.6,KG,1794.0,Paid
MDM003378,2026-01-28,SCH0498,kumar & co.,Rice,33.9,KG,2384.0,Paid
MDM004477,2026-02-16,SCH0482,goyal enterprises,Wheat,33.9,KG,1794.0,Paid
MDM005616,2025-09-10,SCH0390,Sharma Traders,sarson tel,40.8,KG,4896.0,Paid
MDM010858,2025-07-23,SCH0220,Sharma Traders,Lentils,33.9,KG,1794.0,Pending
MDM001465,2025-12-14,SCH0446,Kumar General Store,sarson tel,33.9,KG,2124.0,Due
MDM004746,2025-05-02,SCH0371,singh agro,Wheat,33.9,KG,969.0,Pending
MDM011019,2025-06-20,SCH0257,goyal mill,oil,33.9,KG,2208.0,Due
MDM001193,2025-09-13,SCH0318,s. agro works,Lentils,33.9,KG,1794.0,Cleared
MDM003794,2026-01-06,SCH0043,Kumar General Store,Wheat,33.9,KG,1086.0,Paid
MDM001873,2026-02-19,SCH0013,s. agro works,Rice,33.9,KG,924.0,Paid
MDM003591,2026-01-28,SCH0472,goyal mill,Lentils,56.7,KG,5103.0,Pending
MDM006361,2026-03-12,SCH0337,Goyal Rice Mill,cooking oil,33.9,KG,1794.0,Pending
MDM003159,2025-07-05,SCH0167,sharma & sons,oil,33.9,KG,1794.0,Pending
MDM009977,2025-08-18,SCH0057,singh agro,Rice,15.0,KG,600.0,Paid
MDM000506,2025-12-19,SCH0438,Kumar Supplies,Lentils,33.9,KG,1794.0,Cleared
MDM000244,2025-09-26,SCH0570,Sharma Traders,mustard oil,33.9,KG,6384.0,Pending
MDM005679,2026-01-28,SCH0365,goyal enterprises,atta,33.9,KG,1794.0,Paid
MDM000507,2026-01-01,SCH0359,Sharma Traders,Wheat,33.9,KG,699.0,Pending
MDM010102,2025-06-07,SCH0123,sharma & sons,atta,33.9,KG,1794.0,Pending
MDM006502,2025-11-08,SCH0572,goyal mill,Wheat,33.9,KG,1794.0,Pending
MDM009159,2025-05-14,SCH0091,s. agro works,Lentils,33.9,KG,4626.0,Paid
MDM008355,2025-04-26,SCH0151,Sharma Traders,mustard oil,33.9,KG,2160.0,Paid
MDM004718,2025-11-28,SCH0579,Kumar General Store,Lentils,33.9,KG,1794.0,Paid
MDM006223,2025-08-20,SCH0322,Sharma Traders,Wheat,33.9,KG,753.0,Cleared
MDM007078,2025-05-29,SCH0508,sharma & sons,Rice,33.9,KG,1112.0,Paid
MDM007666,2025-11-29,SCH0343,Sharma Traders,Wheat,33.9,KG,720.0,Pending
MDM001774,2025-09-04,SCH0517,Kumar General Store,cooking oil,54.7,KG,1794.0,Due
MDM006607,2026-01-20,SCH0038,Goyal Rice Mill,Rice,33.9,KG,1794.0,Pending
MDM003011,2025-05-23,SCH0492,kumar & co.,Lentils,33.9,KG,1386.0,Pending
MDM007531,2026-02-12,SCH0577,Sharma Traders,Lentils,33.9,KG,5148.0,Due
MDM010092,2026-03-31,SCH0528,singh agro,Wheat,33.9,KG,795.0,Paid
MDM000798,2025-10-28,SCH0355,s. agro works,Pulses,33.9,KG,1794.0,Due
MDM003619,2025-10-16,SCH0357,kumar & co.,oil,33.9,KG,1794.0,Paid
MDM002382,2025-07-19,SCH0017,singh agro,oil,33.9,KG,1794.0,Pending
MDM002830,2025-08-23,SCH0573,singh agro,Lentils,33.9,KG,2835.0,Due
MDM007613,2025-10-18,SCH0217,sharma & sons,sarson tel,33.9,KG,2412.0,Paid
MDM011515,2026-02-16,SCH0189,goyal mill,oil,33.9,KG,5928.0,Paid
MDM010801,2025-11-05,SCH0383,s. agro works,Rice,33.9,KG,948.0,Pending
MDM004634,2026-03-22,SCH0183,Singh Brothers,Rice,33.9,KG,1794.0,Pending
MDM000313,2026-09-02,SCH0259,sharma & sons,sarson tel,33.9,KG,5376.0,Pending
MDM006511,2026-02-07,SCH0360,sharma & sons,atta,33.9,KG,1794.0,Pending
MDM000747,2025-10-18,SCH0282,goyal mill,oil,19.5,KG,2340.0,Due
MDM003570,2025-11-20,SCH0137,goyal enterprises,Rice,33.9,KG,1794.0,Paid
MDM000791,2025-10-30,SCH0516,Singh Brothers,oil,33.9,KG,4812.0,Paid
MDM002477,2026-01-23,SCH0463,Sharma Traders,Wheat,33.9,KG,1032.0,Paid
MDM006121,2025-12-10,SCH0394,Kumar Supplies,Lentils,33.9,KG,1794.0,Paid
MDM007347,2025-11-08,SCH0440,goyal enterprises,Pulses,33.9,KG,1062.0,Due
MDM011524,2026-02-11,SCH0109,sharma & sons,sarson tel,33.9,KG,6984.0,Pending
MDM002571,2026-01-05,SCH0203,sharma & sons,sarson tel,33.9,KG,1794.0,Due
MDM005754,2025-12-14,SCH0314,Kumar General Store,Lentils,33.9,KG,2079.0,Paid
MDM008128,2025-04-13,SCH0326,goyal enterprises,Lentils,33.9,KG,3456.0,Pending
MDM010681,2025-12-01,SCH0519,Singh Brothers,Wheat,33.9,KG,1041.0,Paid
MDM006449,2025-04-11,SCH0585,Sharma Traders,Lentils,33.9,KG,1989.0,Paid
MDM005600,2025-04-26,SCH0232,Sharma Traders,mustard oil,20.5,KG,1794.0,Pending
MDM008384,2025-10-05,SCH0116,singh agro,Wheat,33.9,KG,633.0,Cleared
MDM004356,2025-11-16,SCH0023,sharma & sons,Rice,33.9,KG,1548.0,Cleared
MDM002164,2025-07-22,SCH0216,Kumar General Store,oil,33.9,KG,1794.0,Paid
MDM009072,2025-08-25,SCH0276,Sharma Traders,mustard oil,33.9,KG,1776.0,Pending
MDM008899,2026-08-02,SCH0375,sharma & sons,oil,33.9,KG,1794.0,Paid
MDM000381,2025-09-09,SCH0030,goyal mill,Rice,33.9,KG,1416.0,Due
MDM011244,2025-08-25,SCH0200,Kumar Supplies,Wheat,33.9,KG,1794.0,Paid
MDM001293,2025-05-11,SCH0433,sharma & sons,Rice,33.9,KG,1794.0,Cleared
MDM001913,2025-04-05,SCH0224,Goyal Rice Mill,atta,33.9,KG,543.0,Paid
MDM008978,2025-10-04,SCH0276,sharma & sons,Wheat,33.9,KG,1794.0,Paid
MDM000600,2025-10-12,SCH0102,Kumar General Store,Lentils,33.9,KG,3312.0,Cleared
MDM003893,2025-09-23,SCH0064,Sharma Traders,Pulses,44.5,KG,1794.0,Cleared
MDM004142,2025-10-29,SCH0385,Goyal Rice Mill,cooking oil,33.9,KG,1794.0,Due
MDM005541,2025-10-04,SCH0108,singh agro,Rice,33.9,KG,1794.0,Paid
MDM001653,2025-08-16,SCH0398,Kumar Supplies,Pulses,33.9,KG,1794.0,Cleared
MDM008242,2025-08-26,SCH0556,Kumar General Store,Lentils,33.9,KG,1647.0,Due
MDM009734,2025-09-07,SCH0123,Kumar General Store,Wheat,41.8,KG,1794.0,Pending
MDM001894,2025-10-11,SCH0352,Singh Brothers,Wheat,33.9,KG,1794.0,Paid
MDM001945,2026-02-14,SCH0288,goyal enterprises,Rice,33.9,KG,1794.0,Cleared
MDM003396,2025-04-23,SCH0276,Goyal Rice Mill,cooking oil,33.9,KG,1794.0,Paid
MDM003389,2025-06-15,SCH0110,Kumar Supplies,Wheat,33.9,KG,1371.0,Paid
MDM006503,2025-07-16,SCH0070,Kumar Supplies,Wheat,33.9,KG,1554.0,Due
MDM004363,2025-07-01,SCH0543,Singh Brothers,atta,33.9,KG,1794.0,Due
MDM000376,2025-04-26,SCH0501,Kumar Supplies,Wheat,53.7,KG,1794.0,Cleared
MDM001967,2025-11-09,SCH0049,goyal enterprises,mustard oil,33.9,KG,3876.0,Pending
MDM003958,2025-05-06,SCH0261,Sharma Traders,Rice,33.9,KG,452.0,Paid
MDM006196,2025-08-27,SCH0551,goyal enterprises,Wheat,33.9,KG,486.0,Pending
MDM010842,2025-06-07,SCH0587,Sharma Traders,Lentils,33.9,KG,1377.0,Pending
MDM004424,2025-04-15,SCH0017,Sharma Traders,Lentils,33.9,KG,4707.0,Pending
MDM005352,2025-10-21,SCH0166,s. agro works,sarson tel,33.9,KG,1794.0,Pending
MDM005697,2025-04-05,SCH0568,Singh Brothers,Rice,24.2,KG,968.0,Paid
MDM001244,2025-07-30,SCH0230,Singh Brothers,sarson tel,33.9,KG,3216.0,Due
MDM008189,2025-05-27,SCH0359,sharma & sons,mustard oil,33.9,KG,4524.0,Pending
MDM009961,2025-06-25,SCH0426,Goyal Rice Mill,Wheat,33.9,KG,1464.0,Paid
MDM006915,2025-08-23,SCH0127,s. agro works,Wheat,33.9,KG,1698.0,Due
MDM008737,2026-01-13,SCH0167,Goyal Rice Mill,mustard oil,33.9,KG,6876.0,Cleared
MDM011858,2025-09-13,SCH0434,s. agro works,oil,33.9,KG,4152.0,Pending
MDM001472,2025-04-23,SCH0364,Singh Brothers,sarson tel,33.9,KG,3852.0,Paid
MDM003347,2026-02-27,SCH0090,sharma & sons,Wheat,33.9,KG,1320.0,Paid
MDM004523,2026-02-27,SCH0181,sharma & sons,sarson tel,33.9,KG,6216.0,Paid
MDM002658,2025-04-13,SCH0332,Sharma Traders,Rice,33.9,KG,1794.0,Paid
MDM002854,2025-05-31,SCH0294,singh agro,Lentils,33.9,KG,3798.0,Paid
MDM004507,2025-06-18,SCH0194,Sharma Traders,sarson tel,24.3,KG,1794.0,Paid
MDM011713,2025-11-07,SCH0357,goyal mill,Rice,33.9,KG,2060.0,Paid
MDM004046,2026-01-10,SCH0537,s. agro works,oil,33.9,KG,2064.0,Paid
MDM009114,2026-01-31,SCH0554,sharma & sons,Wheat,33.9,KG,1566.0,Cleared
MDM004063,2026-03-26,SCH0336,Singh Brothers,mustard oil,33.9,KG,1794.0,Paid
MDM005327,2025-11-15,SCH0023,Goyal Rice Mill,Wheat,33.9,KG,1794.0,Pending
MDM007966,2025-05-01,SCH0415,Goyal Rice Mill,Wheat,33.9,KG,1794.0,Paid
MDM006579,2026-02-07,SCH0255,Goyal Rice Mill,sarson tel,33.9,KG,6984.0,Paid
MDM009919,2025-08-06,SCH0019,singh agro,sarson tel,33.9,KG,5316.0,Cleared
MDM008623,2026-03-08,SCH0109,kumar & co.,Wheat,33.9,KG,840.0,Paid
MDM004307,2025-09-17,SCH0331,singh agro,Lentils,33.9,KG,4473.0,Paid
MDM009221,2025-12-08,SCH0028,Sharma Traders,oil,33.9,KG,2208.0,Pending
MDM005140,2025-05-11,SCH0122,Singh Brothers,sarson tel,33.9,KG,1794.0,Cleared
MDM007483,2025-10-14,SCH0160,Singh Brothers,mustard oil,33.9,KG,6684.0,Pending
MDM009516,2025-12-26,SCH0338,Sharma Traders,Rice,33.9,KG,632.0,Pending
MDM010545,2025-10-09,SCH0210,Kumar Supplies,Lentils,33.9,KG,4032.0,Paid
MDM003991,2025-06-24,SCH0186,sharma & sons,Lentils,33.9,KG,1794.0,Cleared
MDM001050,2025-06-08,SCH0311,Kumar Supplies,Lentils,33.9,KG,1475.0,Due
MDM003824,2025-08-14,SCH0507,singh agro,oil,55.3,KG,6636.0,Pending
MDM008194,2026-03-22,SCH0589,Sharma Traders,Rice,33.9,KG,1794.0,Paid
MDM009896,2025-08-20,SCH0043,kumar & co.,oil,33.9,KG,1794.0,Paid
MDM002036,2025-04-06,SCH0159,Sharma Traders,Wheat,33.9,KG,1794.0,Pending
MDM004040,2025-07-11,SCH0025,goyal enterprises,Pulses,33.9,KG,5274.0,Pending
MDM011055,2026-03-25,SCH0353,goyal mill,sarson tel,33.9,KG,2100.0,Pending
MDM008463,2025-04-20,SCH0144,Sharma Traders,Rice,33.9,KG,496.0,Paid
MDM011559,2026-01-05,SCH0540,Goyal Rice Mill,Rice,33.9,KG,904.0,Due
MDM001973,2025-11-18,SCH0465,Goyal Rice Mill,Wheat,33.9,KG,1500.0,Pending
MDM007326,2025-09-25,SCH0074,Kumar General Store,Wheat,33.9,KG,1794.0,Paid
MDM002100,2025-12-23,SCH0357,Singh Brothers,cooking oil,33.9,KG,6264.0,Paid
MDM001500,2025-05-13,SCH0050,Sharma Traders,Rice,33.9,KG,1794.0,Pending
MDM005206,2025-05-09,SCH0157,kumar & co.,sarson tel,33.9,KG,1794.0,Pending
MDM003513,2025-07-02,SCH0113,Kumar Supplies,atta,16.9,KG,507.0,Paid
MDM010014,2025-11-10,SCH0312,singh agro,Lentils,33.9,KG,1794.0,Pending
MDM011424,2026-01-15,SCH0414,Goyal Rice Mill,oil,33.9,KG,1794.0,Paid
MDM000653,2025-10-07,SCH0040,Goyal Rice Mill,Rice,44.6,KG,1784.0,Paid
MDM000171,2025-10-25,SCH0445,Goyal Rice Mill,oil,33.9,KG,4356.0,Paid
MDM004086,2025-08-09,SCH0545,goyal enterprises,Rice,33.9,KG,1696.0,Cleared
MDM000243,2025-09-30,SCH0326,goyal enterprises,oil,33.9,KG,4764.0,Pending
MDM009747,2025-05-22,SCH0331,Sharma Traders,Pulses,33.9,KG,3618.0,Paid
MDM005799,2026-02-23,SCH0027,Sharma Traders,Wheat,33.9,KG,1794.0,Paid
MDM010498,2026-03-11,SCH0250,s. agro works,Lentils,33.9,KG,1794.0,Due
MDM004372,2025-10-22,SCH0128,Sharma Traders,Wheat,33.9,KG,1794.0,Pending
MDM001645,2025-11-16,SCH0535,singh agro,Wheat,33.9,KG,528.0,Cleared
MDM006356,2025-07-16,SCH0078,goyal mill,Wheat,33.9,KG,573.0,Cleared
MDM005595,2025-06-22,SCH0152,Kumar Supplies,Lentils,33.9,KG,1794.0,Cleared
MDM002757,2025-05-21,SCH0104,Kumar General Store,Lentils,33.9,KG,4023.0,Due
MDM008096,2025-05-17,SCH0159,Kumar General Store,Wheat,33.9,KG,318.0,Due
MDM007733,2025-07-17,SCH0298,s. agro works,Lentils,33.9,KG,1794.0,Paid
MDM009510,2025-05-11,SCH0346,goyal enterprises,Wheat,34.7,KG,1041.0,Paid
MDM009587,2025-10-05,SCH0364,goyal enterprises,Pulses,33.9,KG,2529.0,Paid
MDM011070,2026-03-19,SCH0351,Kumar General Store,Pulses,33.9,KG,1530.0,Paid
MDM005232,2025-05-18,SCH0424,Kumar General Store,Wheat,33.9,KG,1794.0,Paid
MDM002077,2025-07-07,SCH0101,s. agro works,Rice,33.9,KG,1794.0,Cleared
MDM004104,2025-03-04,SCH0323,Sharma Traders,Rice,33.9,KG,720.0,Due
MDM011816,2026-02-26,SCH0326,kumar & co.,Rice,33.9,KG,1348.0,Pending
MDM003997,2025-05-15,SCH0100,s. agro works,cooking oil,33.9,KG,1794.0,Due
MDM004802,2026-02-27,SCH0594,goyal mill,Lentils,33.9,KG,1458.0,Due
MDM005969,2025-10-19,SCH0144,sharma & sons,Rice,33.9,KG,1840.0,Paid
MDM007437,2025-11-06,SCH0597,Kumar Supplies,Wheat,33.9,KG,1512.0,Cleared
MDM007515,2025-07-29,SCH0486,sharma & sons,Wheat,33.9,KG,957.0,Paid
MDM010767,2026-03-23,SCH0514,Singh Brothers,Lentils,33.9,KG,2034.0,Paid
MDM008664,2025-06-23,SCH0117,kumar & co.,Lentils,33.9,KG,4086.0,Paid
MDM011831,2025-10-07,SCH0137,Kumar General Store,Rice,33.9,KG,1156.0,Paid
MDM011581,2026-02-08,SCH0056,goyal mill,mustard oil,33.9,KG,3624.0,Paid
MDM007274,2025-08-06,SCH0592,goyal mill,Lentils,20.7,KG,1863.0,Pending
MDM008207,2025-06-08,SCH0559,s. agro works,Lentils,33.9,KG,3258.0,Pending
MDM005850,2025-11-05,SCH0578,s. agro works,oil,57.2,KG,1794.0,Paid
MDM007066,2026-02-21,SCH0297,sharma & sons,Wheat,33.9,KG,1419.0,Paid
MDM006878,2025-08-28,SCH0178,singh agro,Rice,33.9,KG,1196.0,Cleared
MDM010273,2026-01-07,SCH0014,goyal enterprises,oil,33.9,KG,6516.0,Paid
MDM004662,2026-02-04,SCH0561,Sharma Traders,Lentils,33.9,KG,3177.0,Pending
MDM004079,2025-08-19,SCH0276,Sharma Traders,Lentils,42.1,KG,3789.0,Pending
MDM006055,2025-12-05,SCH0043,singh agro,Rice,33.9,KG,1794.0,Pending
MDM010435,2025-07-17,SCH0590,Kumar General Store,sarson tel,30.0,KG,3600.0,Paid
MDM005975,2025-05-08,SCH0392,Sharma Traders,Lentils,33.9,KG,1794.0,Paid
MDM000641,2025-12-22,SCH0328,Singh Brothers,Wheat,33.9,KG,1263.0,Cleared
MDM001271,2025-04-29,SCH0235,sharma & sons,Rice,33.9,KG,1794.0,Pending
MDM007038,2025-11-30,SCH0593,Singh Brothers,Lentils,33.9,KG,4212.0,Paid
MDM002779,2025-03-04,SCH0047,Sharma Traders,sarson tel,33.9,KG,1794.0,Cleared
MDM008080,2025-12-25,SCH0112,Goyal Rice Mill,cooking oil,33.9,KG,2748.0,Paid
MDM004933,2025-08-03,SCH0085,Sharma Traders,Wheat,33.9,KG,735.0,Paid
MDM006061,2025-12-28,SCH0253,Sharma Traders,mustard oil,33.9,KG,5712.0,Paid
MDM001986,2025-11-27,SCH0584,kumar & co.,Lentils,33.9,KG,1794.0,Pending
MDM003862,2025-07-26,SCH0254,Kumar Supplies,mustard oil,37.1,KG,4452.0,Pending
MDM003481,2026-01-08,SCH0569,Kumar Supplies,Lentils,33.9,KG,1794.0,Paid
MDM001535,2025-08-24,SCH0105,s. agro works,Rice,33.9,KG,1420.0,Due
MDM000326,2026-04-01,SCH0535,s. agro works,Wheat,33.9,KG,1065.0,Paid
MDM005765,2025-03-08,SCH0510,Kumar Supplies,Wheat,54.3,KG,1629.0,Pending
MDM002339,2026-03-09,SCH0198,Sharma Traders,Rice,33.9,KG,720.0,Paid
MDM007117,2026-03-22,SCH0066,s. agro works,cooking oil,33.9,KG,6780.0,Paid
MDM003981,2025-04-06,SCH0267,Singh Brothers,Wheat,33.9,KG,891.0,Paid
MDM009280,2025-09-25,SCH0303,sharma & sons,atta,33.9,KG,489.0,Pending
MDM007234,2025-09-04,SCH0198,Singh Brothers,Wheat,33.9,KG,1611.0,Paid
MDM004055,2025-12-08,SCH0071,s. agro works,Rice,33.9,KG,1232.0,Due
MDM002238,2025-09-06,SCH0392,Singh Brothers,atta,48.2,KG,1446.0,Paid
MDM005230,2025-05-29,SCH0531,sharma & sons,Rice,33.9,KG,1794.0,Paid
MDM009420,2025-04-08,SCH0369,sharma & sons,Rice,33.9,KG,1794.0,Paid
MDM004572,2025-04-01,SCH0327,s. agro works,Rice,33.9,KG,1794.0,Paid
MDM011951,2025-12-20,SCH0160,Kumar Supplies,sarson tel,33.9,KG,1794.0,Paid
MDM005475,2026-03-14,SCH0261,sharma & sons,Rice,14.2,KG,568.0,Paid
MDM010192,2025-07-27,SCH0332,singh agro,Rice,33.9,KG,1384.0,Cleared
MDM000865,2025-05-17,SCH0198,singh agro,cooking oil,33.9,KG,1794.0,Paid
MDM008445,2025-12-22,SCH0411,Kumar General Store,Rice,33.9,KG,1794.0,Pending
MDM004943,2025-04-02,SCH0402,Sharma Traders,Pulses,31.7,KG,1794.0,Paid
MDM002254,2025-11-18,SCH0195,sharma & sons,Rice,33.9,KG,1794.0,Cleared
MDM006011,2026-01-19,SCH0137,Kumar General Store,mustard oil,33.9,KG,6624.0,Due
MDM007984,2025-11-16,SCH0110,Goyal Rice Mill,Rice,33.9,KG,2020.0,Paid
MDM000372,2025-05-30,SCH0032,Goyal Rice Mill,Lentils,33.9,KG,2996.0,Pending
MDM008871,2025-12-26,SCH0296,sharma & sons,Pulses,33.9,KG,1908.0,Pending
MDM011715,2025-09-09,SCH0176,goyal enterprises,Wheat,33.9,KG,1044.0,Cleared
MDM000610,2026-02-28,SCH0125,goyal mill,Rice,33.9,KG,1288.0,Cleared
MDM007259,2025-12-03,SCH0366,kumar & co.,mustard oil,33.9,KG,6600.0,Due
MDM010335,2025-09-18,SCH0370,sharma & sons,mustard oil,33.9,KG,1794.0,Paid
MDM010766,2025-06-20,SCH0010,Sharma Traders,Rice,33.9,KG,1794.0,Cleared
MDM008615,2026-01-09,SCH0423,s. agro works,mustard oil,33.9,KG,1794.0,Paid
MDM011472,2025-09-06,SCH0519,Singh Brothers,Wheat,33.9,KG,948.0,Pending
MDM009654,2026-03-31,SCH0076,Singh Brothers,Rice,33.9,KG,1596.0,Due
MDM011923,2026-03-25,SCH0519,goyal mill,Wheat,33.9,KG,1794.0,Pending
MDM009307,2025-11-18,SCH0396,Kumar General Store,Pulses,33.9,KG,1794.0,Cleared
MDM005831,2026-01-29,SCH0568,Kumar General Store,cooking oil,30.8,KG,3696.0,Paid
MDM002365,2025-05-30,SCH0027,Kumar Supplies,mustard oil,33.9,KG,1794.0,Pending
MDM003214,2025-10-13,SCH0208,goyal mill,Lentils,33.9,KG,1794.0,Pending
MDM005457,2025-06-05,SCH0471,sharma & sons,Pulses,32.4,KG,1794.0,Paid
MDM000912,2025-08-06,SCH0594,Sharma Traders,atta,33.9,KG,1095.0,Cleared
MDM011166,2026-01-06,SCH0294,Singh Brothers,Wheat,33.9,KG,1794.0,Pending
MDM010775,2026-06-01,SCH0039,Goyal Rice Mill,Rice,33.9,KG,1496.0,Paid
MDM003790,2025-07-20,SCH0572,Singh Brothers,Lentils,33.9,KG,4491.0,Pending
MDM009039,2025-07-12,SCH0066,sharma & sons,Wheat,33.9,KG,600.0,Paid
MDM010405,2025-06-28,SCH0337,kumar & co.,Wheat,33.9,KG,321.0,Pending
MDM005582,2025-08-10,SCH0083,s. agro works,Lentils,33.9,KG,1794.0,Pending
MDM007061,2025-11-04,SCH0579,Goyal Rice Mill,Wheat,52.7,KG,1581.0,Pending
MDM009044,2025-06-05,SCH0419,Goyal Rice Mill,Pulses,56.3,KG,5067.0,Pending
MDM008644,2025-06-17,SCH0411,kumar & co.,Wheat,38.0,KG,1140.0,Paid
MDM005061,2025-06-18,SCH0365,sharma & sons,Rice,33.9,KG,1794.0,Pending
MDM001424,2025-06-24,SCH0516,s. agro works,Wheat,33.9,KG,1197.0,Paid
MDM000480,2026-02-10,SCH0191,sharma & sons,oil,33.9,KG,1776.0,Cleared
MDM000663,2025-12-11,SCH0481,Kumar Supplies,Wheat,33.9,KG,1794.0,Paid
MDM008584,2025-06-12,SCH0409,goyal mill,Lentils,33.9,KG,1794.0,Paid
MDM006438,2025-09-13,SCH0357,sharma & sons,Wheat,33.9,KG,1794.0,Paid
MDM011090,2025-08-29,SCH0468,Kumar General Store,Pulses,33.9,KG,1794.0,Cleared
MDM010033,2026-01-28,SCH0048,goyal mill,Rice,28.0,KG,1120.0,Due
MDM002989,2025-06-10,SCH0197,Kumar General Store,Rice,50.7,KG,2028.0,Pending
MDM001120,2025-05-30,SCH0490,s. agro works,Wheat,33.9,KG,852.0,Paid
MDM002777,2026-03-24,SCH0435,Singh Brothers,Rice,33.9,KG,816.0,Pending
MDM004536,2026-03-14,SCH0405,Goyal Rice Mill,cooking oil,40.7,KG,4884.0,Due
MDM011791,2025-12-09,SCH0458,goyal mill,Wheat,33.9,KG,1794.0,Paid
MDM008774,2025-06-01,SCH0514,Sharma Traders,sarson tel,33.9,KG,1794.0,Pending
MDM011779,2025-11-03,SCH0090,Kumar General Store,Lentils,33.9,KG,5211.0,Pending
MDM006350,2025-05-31,SCH0538,Sharma Traders,Wheat,33.9,KG,426.0,Pending
MDM010217,2025-07-17,SCH0296,Goyal Rice Mill,Wheat,33.9,KG,1794.0,Paid
MDM009472,2026-01-20,SCH0094,Goyal Rice Mill,Rice,43.2,KG,1728.0,Pending
MDM007839,2025-09-29,SCH0145,Sharma Traders,Rice,33.9,KG,1794.0,Paid
MDM005574,2026-02-11,SCH0519,Kumar General Store,Pulses,33.9,KG,2178.0,Due
MDM006136,2025-06-02,SCH0203,sharma & sons,Wheat,23.8,KG,714.0,Pending
MDM005270,2026-02-22,SCH0166,s. agro works,Wheat,33.9,KG,759.0,Pending
MDM004428,2025-09-05,SCH0041,Sharma Traders,Rice,33.9,KG,1992.0,Cleared
MDM009631,2025-05-09,SCH0441,kumar & co.,Lentils,33.9,KG,1794.0,Cleared
MDM005248,2025-12-02,SCH0195,goyal mill,cooking oil,33.9,KG,6912.0,Due
MDM007337,2025-08-21,SCH0271,goyal enterprises,Rice,33.9,KG,1794.0,Paid
MDM003982,2025-12-17,SCH0336,kumar & co.,Lentils,33.9,KG,4473.0,Paid
MDM008911,2025-04-11,SCH0316,s. agro works,mustard oil,33.9,KG,2604.0,Paid
MDM011766,2025-11-15,SCH0159,singh agro,Rice,33.9,KG,980.0,Cleared
MDM002894,2026-01-06,SCH0163,Sharma Traders,Rice,33.9,KG,1016.0,Paid
MDM002670,2025-10-21,SCH0302,kumar & co.,Rice,33.9,KG,1794.0,Paid
MDM003978,2025-07-04,SCH0290,sharma & sons,cooking oil,33.9,KG,1794.0,Due
MDM008085,2025-05-25,SCH0087,goyal enterprises,cooking oil,33.9,KG,4488.0,Paid
MDM000280,2025-12-19,SCH0426,goyal enterprises,Wheat,24.6,KG,738.0,Pending
MDM009748,2026-02-24,SCH0158,goyal mill,Pulses,33.9,KG,2799.0,Paid
MDM009181,2026-02-28,SCH0582,goyal mill,Lentils,33.9,KG,1071.0,Pending
MDM009134,2026-03-10,SCH0477,Kumar Supplies,Lentils,33.9,KG,2448.0,Paid
MDM010892,2025-08-29,SCH0384,Goyal Rice Mill,oil,33.9,KG,6636.0,Paid
MDM009368,2025-10-03,SCH0551,s. agro works,Rice,33.9,KG,1408.0,Paid
MDM005198,2025-11-13,SCH0291,s. agro works,oil,33.9,KG,1794.0,Cleared
MDM004665,2025-04-21,SCH0125,goyal enterprises,Rice,33.9,KG,1708.0,Due
MDM001695,2025-06-27,SCH0559,Sharma Traders,Wheat,33.9,KG,1422.0,Cleared
MDM011626,2026-02-26,SCH0331,kumar & co.,sarson tel,33.9,KG,5952.0,Due
MDM005019,2025-07-07,SCH0406,Kumar Supplies,Lentils,33.9,KG,4617.0,Paid
MDM006134,2025-07-24,SCH0445,s. agro works,Lentils,33.9,KG,1386.0,Paid
MDM003480,2025-11-27,SCH0241,Sharma Traders,Wheat,33.9,KG,1215.0,Paid
MDM005555,2025-06-18,SCH0101,kumar & co.,Lentils,33.9,KG,3915.0,Pending
MDM004417,2026-02-17,SCH0598,kumar & co.,Lentils,33.9,KG,5121.0,Due
MDM011501,2025-04-08,SCH0105,Kumar General Store,Lentils,33.9,KG,4347.0,Due
MDM004156,2025-10-05,SCH0386,singh agro,Rice,33.9,KG,756.0,Paid
MDM004884,2025-08-28,SCH0374,singh agro,Wheat,33.9,KG,624.0,Cleared
MDM005808,2025-04-18,SCH0094,singh agro,Wheat,47.5,KG,1794.0,Paid
MDM003810,2025-08-25,SCH0248,Kumar Supplies,Pulses,33.9,KG,1794.0,Due
MDM008185,2025-09-24,SCH0425,Sharma Traders,Lentils,33.9,KG,2745.0,Due
MDM010645,2025-07-06,SCH0276,s. agro works,oil,33.9,KG,2760.0,Due
MDM009850,2025-06-24,SCH0340,Sharma Traders,Rice,22.5,KG,900.0,Paid
MDM004297,2026-01-28,SCH0341,goyal enterprises,oil,33.9,KG,1794.0,Due
MDM007056,2025-08-28,SCH0481,sharma & sons,cooking oil,33.9,KG,1794.0,Paid
MDM004684,2026-01-31,SCH0016,singh agro,Rice,33.9,KG,840.0,Cleared
MDM010611,2025-09-04,SCH0486,s. agro works,cooking oil,33.9,KG,1512.0,Paid
MDM008859,2025-11-30,SCH0144,Sharma Traders,Wheat,33.9,KG,1794.0,Due
MDM007435,2026-01-09,SCH0338,goyal mill,cooking oil,29.5,KG,1794.0,Pending
MDM005594,2025-10-25,SCH0464,Kumar General Store,Rice,33.9,KG,1072.0,Paid
MDM002210,2025-08-10,SCH0514,Sharma Traders,mustard oil,33.9,KG,1794.0,Pending
MDM009741,2025-12-03,SCH0257,kumar & co.,sarson tel,33.9,KG,1884.0,Pending
MDM011881,2025-07-15,SCH0270,Sharma Traders,mustard oil,22.9,KG,2748.0,Paid
MDM005403,2025-05-31,SCH0554,Kumar Supplies,Wheat,33.9,KG,1794.0,Due
MDM002411,2025-07-23,SCH0440,goyal enterprises,Wheat,33.9,KG,1794.0,Pending
MDM004564,2025-06-15,SCH0365,goyal enterprises,oil,33.9,KG,4272.0,Due
MDM000185,2025-12-15,SCH0083,Goyal Rice Mill,Lentils,33.9,KG,5220.0,Pending
MDM007372,2025-04-25,SCH0147,Goyal Rice Mill,Wheat,33.9,KG,345.0,Pending
MDM007891,2026-01-24,SCH0175,sharma & sons,Rice,33.9,KG,2252.0,Paid
MDM004517,2026-03-07,SCH0299,Sharma Traders,Pulses,36.3,KG,3267.0,Paid
MDM002351,2026-02-26,SCH0174,sharma & sons,Rice,33.9,KG,960.0,Paid
MDM000554,2026-03-18,SCH0150,Sharma Traders,sarson tel,33.9,KG,1794.0,Paid
MDM001398,2025-12-24,SCH0020,Kumar Supplies,Rice,33.9,KG,1794.0,Pending
MDM001385,2025-07-22,SCH0434,Singh Brothers,Rice,33.9,KG,1794.0,Cleared
MDM007285,2025-01-11,SCH0123,sharma & sons,Lentils,33.9,KG,5175.0,Cleared
MDM007765,2025-05-25,SCH0111,goyal mill,cooking oil,33.9,KG,1608.0,Paid
MDM005857,2025-08-04,SCH0256,goyal enterprises,oil,33.9,KG,2688.0,Due
MDM004904,2025-12-23,SCH0327,goyal mill,atta,33.9,KG,465.0,Cleared
MDM000298,2025-05-06,SCH0158,Singh Brothers,cooking oil,33.9,KG,1794.0,Cleared
MDM000444,2026-02-01,SCH0031,Sharma Traders,Wheat,57.1,KG,1713.0,Cleared
MDM010864,2025-03-11,SCH0380,kumar & co.,Rice,33.9,KG,1794.0,Cleared
MDM005216,2026-01-27,SCH0405,singh agro,oil,33.9,KG,1992.0,Pending
MDM009579,2025-07-21,SCH0346,goyal enterprises,oil,43.5,KG,1794.0,Paid
MDM010059,2025-08-24,SCH0013,Singh Brothers,Lentils,33.9,KG,1314.0,Due
MDM002078,2025-07-05,SCH0121,singh agro,Pulses,33.9,KG,4275.0,Paid
MDM007321,2026-01-31,SCH0038,Sharma Traders,Rice,44.7,KG,1794.0,Pending
MDM006018,2025-11-20,SCH0022,goyal enterprises,Wheat,33.9,KG,618.0,Paid
MDM004752,2025-09-24,SCH0115,kumar & co.,Pulses,32.7,KG,1794.0,Pending
MDM009871,2026-09-01,SCH0401,Goyal Rice Mill,Wheat,33.9,KG,1407.0,Pending
MDM002230,2025-05-22,SCH0559,Kumar Supplies,Wheat,33.9,KG,1641.0,Paid
MDM002843,2026-02-20,SCH0442,kumar & co.,Rice,33.9,KG,1794.0,Pending
MDM002538,2026-01-16,SCH0300,Sharma Traders,Lentils,33.9,KG,3294.0,Paid
MDM000195,2025-09-01,SCH0181,singh agro,Rice,33.9,KG,1008.0,Pending
MDM010246,2025-05-11,SCH0119,Singh Brothers,Lentils,33.9,KG,1794.0,Pending
MDM006637,2026-02-03,SCH0200,goyal mill,sarson tel,33.9,KG,2136.0,Paid
MDM007621,2025-07-31,SCH0202,Singh Brothers,Wheat,33.9,KG,543.0,Paid
MDM000818,2026-01-31,SCH0299,singh agro,Rice,45.3,KG,1812.0,Due
MDM003368,2025-10-14,SCH0241,singh agro,Rice,41.6,KG,1794.0,Cleared
MDM006891,2025-09-24,SCH0212,Sharma Traders,Rice,33.9,KG,592.0,Pending
MDM006554,2026-01-24,SCH0566,singh agro,sarson tel,26.8,KG,1794.0,Due
MDM002579,2026-01-13,SCH0577,goyal enterprises,sarson tel,34.6,KG,1794.0,Due
MDM001132,2026-02-18,SCH0063,Kumar Supplies,Wheat,33.9,KG,1266.0,Pending
MDM011080,2026-01-27,SCH0332,singh agro,Rice,33.9,KG,1204.0,Due
MDM005506,2026-03-22,SCH0556,Singh Brothers,atta,33.9,KG,426.0,Paid
MDM006855,2025-06-04,SCH0257,singh agro,Wheat,33.9,KG,1155.0,Paid
MDM006762,2025-08-28,SCH0169,goyal mill,mustard oil,16.7,KG,1794.0,Pending
MDM006919,2025-08-07,SCH0597,goyal mill,Rice,33.9,KG,1794.0,Paid
MDM011375,2026-02-15,SCH0224,sharma & sons,Wheat,33.9,KG,1794.0,Paid
MDM009552,2026-01-06,SCH0236,Kumar Supplies,Lentils,33.9,KG,1794.0,Pending
MDM000321,2025-10-29,SCH0563,Kumar Supplies,Lentils,48.5,KG,4365.0,Cleared
MDM001372,2026-03-03,SCH0520,Kumar Supplies,cooking oil,33.9,KG,1794.0,Cleared
MDM004043,2025-12-24,SCH0539,singh agro,Wheat,33.9,KG,1794.0,Pending
MDM007911,2025-07-05,SCH0575,sharma & sons,Wheat,33.9,KG,918.0,Paid
MDM009964,2025-07-01,SCH0300,Singh Brothers,Rice,33.9,KG,1794.0,Paid
MDM000908,2025-05-31,SCH0519,Kumar General Store,Pulses,14.7,KG,1323.0,Pending
MDM000306,2025-09-03,SCH0354,sharma & sons,Rice,33.9,KG,556.0,Paid
MDM003951,2025-08-17,SCH0358,Sharma Traders,Rice,33.9,KG,2052.0,Pending
MDM005530,2026-01-06,SCH0235,Singh Brothers,Rice,44.3,KG,1772.0,Paid
MDM007239,2025-12-13,SCH0361,Kumar Supplies,mustard oil,33.9,KG,7152.0,Paid
MDM010977,2025-10-11,SCH0255,Kumar General Store,sarson tel,57.2,KG,6864.0,Pending
MDM009870,2025-02-12,SCH0150,Kumar General Store,atta,33.9,KG,1698.0,Pending
MDM007636,2025-05-05,SCH0418,Kumar Supplies,mustard oil,33.9,KG,1794.0,Pending
MDM009309,2025-10-28,SCH0508,sharma & sons,Wheat,33.9,KG,333.0,Due
MDM009057,2025-10-08,SCH0323,sharma & sons,Lentils,33.9,KG,1794.0,Pending
MDM010374,2025-10-06,SCH0563,s. agro works,Rice,33.9,KG,1864.0,Due
MDM000927,2025-04-19,SCH0461,s. agro works,oil,33.9,KG,1464.0,Paid
MDM000245,2025-07-05,SCH0409,s. agro works,sarson tel,33.9,KG,1794.0,Paid
MDM009608,2025-12-27,SCH0513,Sharma Traders,Rice,16.7,KG,1794.0,Paid
MDM000016,2025-09-06,SCH0190,Singh Brothers,sarson tel,33.9,KG,4896.0,Paid
MDM000144,2025-05-09,SCH0583,Kumar General Store,mustard oil,33.9,KG,4956.0,Paid
MDM005984,2025-04-26,SCH0317,Kumar Supplies,cooking oil,33.9,KG,1932.0,Paid
MDM002364,2025-05-27,SCH0013,sharma & sons,sarson tel,33.9,KG,3204.0,Cleared
MDM009066,2025-11-24,SCH0325,Sharma Traders,Wheat,33.9,KG,789.0,Paid
MDM000130,2025-04-16,SCH0456,singh agro,cooking oil,33.9,KG,1308.0,Paid
MDM001162,2025-07-28,SCH0102,Kumar Supplies,sarson tel,33.9,KG,5640.0,Due
MDM009710,2025-12-27,SCH0429,Goyal Rice Mill,Rice,33.9,KG,956.0,Paid
MDM008170,2025-06-07,SCH0095,Goyal Rice Mill,Rice,33.9,KG,648.0,Due
MDM007164,2025-04-15,SCH0497,s. agro works,Wheat,33.9,KG,1794.0,Pending
MDM007730,2025-08-20,SCH0057,singh agro,Lentils,33.9,KG,2484.0,Paid
MDM005459,2025-09-16,SCH0411,goyal mill,Wheat,33.9,KG,1794.0,Pending
MDM007287,2025-06-28,SCH0215,s. agro works,Wheat,33.9,KG,1794.0,Paid
MDM005309,2026-01-15,SCH0366,s. agro works,Lentils,33.9,KG,4545.0,Pending
MDM001877,2025-09-01,SCH0427,s. agro works,Rice,33.9,KG,1072.0,Cleared
MDM002489,2025-11-20,SCH0546,sharma & sons,Wheat,33.9,KG,1794.0,Pending
MDM009902,2025-06-13,SCH0369,Sharma Traders,Lentils,20.6,KG,1794.0,Pending
MDM004480,2025-04-29,SCH0552,Sharma Traders,Rice,33.9,KG,1620.0,Cleared
MDM001183,2026-02-25,SCH0265,Sharma Traders,Wheat,33.9,KG,1512.0,Paid
MDM002526,2026-01-19,SCH0233,Goyal Rice Mill,oil,33.9,KG,1620.0,Paid
MDM008216,2026-03-11,SCH0583,Kumar Supplies,cooking oil,33.9,KG,1794.0,Pending
MDM001171,2026-02-02,SCH0390,Kumar General Store,Lentils,33.9,KG,4221.0,Paid
MDM010735,2026-01-01,SCH0577,Singh Brothers,cooking oil,33.9,KG,1794.0,Due
MDM002183,2025-11-04,SCH0231,Sharma Traders,cooking oil,33.9,KG,6108.0,Paid
MDM011796,2026-01-08,SCH0584,goyal mill,Wheat,33.9,KG,1158.0,Paid
MDM009288,2026-01-04,SCH0369,sharma & sons,Wheat,33.9,KG,1536.0,Pending
MDM006793,2025-11-28,SCH0174,kumar & co.,sarson tel,33.9,KG,2988.0,Pending
MDM009070,2025-07-20,SCH0581,Kumar Supplies,Rice,33.9,KG,1794.0,Pending
MDM011750,2025-08-06,SCH0040,goyal enterprises,sarson tel,33.9,KG,1794.0,Paid
MDM009619,2025-12-21,SCH0123,singh agro,Wheat,33.9,KG,1644.0,Pending
MDM003372,2026-03-05,SCH0534,Sharma Traders,Wheat,33.9,KG,1794.0,Paid
MDM010011,2025-05-17,SCH0141,Singh Brothers,Wheat,33.9,KG,1794.0,Paid
MDM001860,2026-01-18,SCH0284,Sharma Traders,Rice,33.9,KG,1320.0,Cleared
MDM007458,2025-11-28,SCH0196,sharma & sons,mustard oil,33.9,KG,1794.0,Due
MDM007329,2025-07-06,SCH0121,Sharma Traders,sarson tel,44.2,KG,5304.0,Paid
MDM008146,2025-08-09,SCH0362,Singh Brothers,Rice,33.9,KG,684.0,Paid
MDM006782,2025-11-25,SCH0444,singh agro,Rice,33.9,KG,1512.0,Pending
MDM001879,2026-01-08,SCH0505,Singh Brothers,Wheat,51.6,KG,1548.0,Paid
MDM007464,2025-10-07,SCH0028,Kumar General Store,cooking oil,33.9,KG,1794.0,Paid
MDM003589,2026-02-27,SCH0528,Sharma Traders,Wheat,33.9,KG,1794.0,Cleared
MDM008403,2026-02-08,SCH0312,s. agro works,Lentils,39.5,KG,3555.0,Cleared
MDM003122,2026-01-05,SCH0049,goyal mill,cooking oil,33.9,KG,6480.0,Pending
MDM000388,2026-01-26,SCH0554,goyal mill,Wheat,33.9,KG,300.0,Cleared
MDM001312,2025-12-11,SCH0355,Sharma Traders,Rice,33.9,KG,972.0,Cleared
MDM001033,2025-10-07,SCH0012,sharma & sons,Wheat,33.9,KG,705.0,Cleared
MDM006585,2025-11-23,SCH0011,goyal mill,Lentils,33.9,KG,5031.0,Paid
MDM010119,2026-03-09,SCH0261,Kumar Supplies,mustard oil,19.5,KG,2340.0,Paid
MDM006383,2026-02-02,SCH0206,kumar & co.,Rice,33.9,KG,1528.0,Due
MDM006726,2025-10-16,SCH0536,kumar & co.,Wheat,33.9,KG,1062.0,Pending
MDM004937,2025-06-19,SCH0376,goyal enterprises,Wheat,33.9,KG,1794.0,Cleared
MDM000932,2025-10-13,SCH0542,kumar & co.,Rice,33.9,KG,1192.0,Due
MDM008764,2026-02-27,SCH0137,Singh Brothers,Lentils,33.9,KG,5247.0,Pending
MDM004020,2025-05-01,SCH0017,Kumar General Store,Lentils,33.9,KG,3996.0,Paid
MDM000692,2025-10-22,SCH0044,goyal enterprises,Lentils,33.9,KG,4896.0,Due
MDM008497,2025-07-30,SCH0216,Kumar Supplies,Rice,49.7,KG,1988.0,Due
MDM005988,2025-11-27,SCH0451,goyal enterprises,cooking oil,33.9,KG,1212.0,Pending
MDM006365,2025-12-09,SCH0565,Sharma Traders,Rice,33.9,KG,852.0,Paid
MDM001910,2026-03-31,SCH0023,Kumar General Store,Lentils,33.9,KG,5067.0,Paid
MDM000830,2025-09-03,SCH0032,Kumar General Store,Pulses,33.9,KG,3420.0,Paid
MDM003499,2025-12-18,SCH0520,sharma & sons,Wheat,33.9,KG,666.0,Paid
MDM009409,2025-06-15,SCH0277,kumar & co.,Wheat,33.9,KG,1794.0,Paid
MDM002082,2025-10-11,SCH0303,singh agro,Lentils,33.9,KG,3951.0,Pending
MDM011003,2025-09-30,SCH0193,sharma & sons,Wheat,33.9,KG,594.0,Pending
MDM011665,2025-05-02,SCH0204,kumar & co.,Pulses,33.9,KG,4437.0,Due
MDM000045,2025-10-21,SCH0513,Goyal Rice Mill,atta,33.9,KG,1521.0,Pending
MDM003940,2026-01-16,SCH0096,s. agro works,Lentils,33.9,KG,4113.0,Paid
MDM011738,2025-09-15,SCH0496,s. agro works,sarson tel,33.9,KG,1920.0,Pending
MDM010395,2025-11-16,SCH0115,Sharma Traders,Pulses,33.9,KG,3213.0,Pending
MDM004320,2025-07-31,SCH0092,Kumar Supplies,Wheat,33.9,KG,1794.0,Pending
MDM002966,2025-10-05,SCH0327,s. agro works,cooking oil,33.9,KG,1794.0,Paid
MDM003970,2025-07-12,SCH0405,kumar & co.,Lentils,33.9,KG,4752.0,Pending
MDM001188,2026-01-25,SCH0099,goyal enterprises,sarson tel,33.9,KG,1794.0,Paid
MDM011058,2026-02-10,SCH0217,Sharma Traders,Lentils,33.9,KG,2313.0,Pending
MDM008754,2025-05-10,SCH0286,Sharma Traders,Lentils,33.9,KG,3384.0,Paid
MDM007105,2025-08-28,SCH0184,goyal mill,Wheat,33.9,KG,1536.0,Due
MDM009467,2025-10-16,SCH0468,Goyal Rice Mill,Lentils,33.9,KG,3915.0,Paid
MDM000285,2025-10-02,SCH0038,s. agro works,sarson tel,33.9,KG,1794.0,Pending
MDM010958,2025-07-01,SCH0141,goyal mill,Rice,33.9,KG,1794.0,Paid
MDM006309,2025-04-16,SCH0433,Goyal Rice Mill,Rice,53.6,KG,1794.0,Paid
MDM004160,2026-03-26,SCH0375,kumar & co.,Wheat,33.9,KG,912.0,Paid
MDM003093,2026-03-09,SCH0490,Sharma Traders,Lentils,33.9,KG,1794.0,Due
MDM010200,2026-02-02,SCH0271,Goyal Rice Mill,Rice,33.9,KG,1236.0,Pending
MDM004557,2025-09-07,SCH0112,Kumar General Store,Wheat,33.9,KG,1347.0,Cleared
MDM005556,2025-10-09,SCH0588,Goyal Rice Mill,Rice,33.9,KG,980.0,Pending
MDM007034,2026-01-15,SCH0113,goyal mill,Pulses,33.9,KG,5121.0,Cleared
MDM004324,2026-01-29,SCH0274,goyal mill,oil,33.9,KG,4404.0,Pending
MDM003983,2025-08-18,SCH0269,Sharma Traders,Rice,33.9,KG,1052.0,Cleared
MDM009080,2025-12-21,SCH0221,sharma & sons,Lentils,33.9,KG,2853.0,Pending
MDM006941,2025-08-29,SCH0438,goyal enterprises,Lentils,33.9,KG,3330.0,Pending
MDM003365,2025-10-24,SCH0135,kumar & co.,Rice,19.8,KG,792.0,Paid
MDM001405,2026-02-27,SCH0017,sharma & sons,mustard oil,33.9,KG,1794.0,Paid
MDM003196,2025-04-20,SCH0339,Singh Brothers,Lentils,53.3,KG,4797.0,Paid
MDM009428,2025-10-08,SCH0230,singh agro,Lentils,33.9,KG,1794.0,Paid
MDM010769,2025-05-31,SCH0017,Sharma Traders,Pulses,33.9,KG,1794.0,Paid
MDM000970,2026-03-27,SCH0508,sharma & sons,Wheat,33.9,KG,945.0,Due
MDM010779,2026-03-17,SCH0448,s. agro works,Wheat,33.9,KG,735.0,Paid
MDM006544,2025-10-26,SCH0030,Kumar General Store,oil,29.6,KG,3552.0,Pending
MDM003735,2025-04-27,SCH0158,Singh Brothers,Rice,33.9,KG,2220.0,Pending
MDM000926,2025-07-29,SCH0412,Kumar Supplies,Lentils,33.9,KG,2151.0,Cleared
MDM011737,2025-10-01,SCH0141,s. agro works,Pulses,33.9,KG,4338.0,Paid
MDM008974,2025-08-13,SCH0268,Goyal Rice Mill,sarson tel,31.5,KG,3780.0,Pending
MDM004726,2026-01-01,SCH0021,kumar & co.,oil,33.9,KG,1794.0,Pending
MDM002844,2025-07-03,SCH0137,goyal enterprises,Lentils,33.9,KG,5103.0,Paid
MDM002852,2025-09-28,SCH0342,Singh Brothers,Lentils,33.9,KG,5391.0,Pending
MDM010459,2025-08-23,SCH0230,Sharma Traders,Rice,33.9,KG,2240.0,Paid
MDM011437,2025-06-25,SCH0414,Kumar General Store,Rice,17.6,KG,704.0,Pending
MDM005957,2026-03-06,SCH0400,Kumar General Store,sarson tel,30.1,KG,1794.0,Paid
MDM000520,2025-07-26,SCH0218,s. agro works,Rice,56.5,KG,2260.0,Due
MDM011546,2026-02-24,SCH0500,kumar & co.,oil,33.9,KG,6504.0,Cleared
MDM009869,2025-06-23,SCH0405,Kumar Supplies,sarson tel,33.9,KG,1794.0,Paid
MDM004472,2026-01-21,SCH0450,kumar & co.,Rice,33.9,KG,1428.0,Paid
MDM007906,2025-08-06,SCH0493,sharma & sons,Rice,33.9,KG,2272.0,Paid
MDM004349,2025-12-27,SCH0053,singh agro,atta,33.9,KG,780.0,Paid
MDM011087,2025-05-27,SCH0183,Goyal Rice Mill,Lentils,33.9,KG,5346.0,Due
MDM009927,2025-04-07,SCH0375,Kumar General Store,Lentils,58.7,KG,5283.0,Paid
MDM003627,2025-10-15,SCH0081,sharma & sons,Wheat,33.9,KG,675.0,Cleared
MDM001790,2025-05-27,SCH0599,s. agro works,cooking oil,33.9,KG,4896.0,Pending
MDM011210,2025-05-12,SCH0116,s. agro works,atta,33.9,KG,480.0,Due
MDM002060,2026-01-01,SCH0424,singh agro,Rice,33.9,KG,1794.0,Due
MDM010931,2025-11-05,SCH0446,sharma & sons,atta,33.9,KG,1794.0,Paid
MDM007256,2026-03-28,SCH0059,goyal mill,Lentils,33.9,KG,2160.0,Pending
MDM004014,2025-12-29,SCH0341,sharma & sons,sarson tel,33.9,KG,4536.0,Paid
MDM006007,2025-08-03,SCH0313,Sharma Traders,mustard oil,33.9,KG,4380.0,Pending
MDM001903,2025-06-02,SCH0514,kumar & co.,Rice,33.9,KG,1696.0,Pending
MDM010710,2025-07-22,SCH0527,s. agro works,Wheat,33.9,KG,1794.0,Paid
MDM006216,2025-07-13,SCH0031,Kumar Supplies,Lentils,33.9,KG,1794.0,Pending
MDM004687,2025-09-30,SCH0291,goyal enterprises,Wheat,33.9,KG,1794.0,Paid
MDM009296,2025-11-19,SCH0197,Kumar Supplies,Rice,33.9,KG,1000.0,Pending
MDM004923,2026-01-25,SCH0487,Sharma Traders,Wheat,33.9,KG,1743.0,Paid
MDM006786,2026-03-31,SCH0255,goyal enterprises,Wheat,33.9,KG,315.0,Due
MDM008022,2025-07-15,SCH0386,goyal mill,cooking oil,33.9,KG,2616.0,Due
MDM008023,2026-02-06,SCH0544,Goyal Rice Mill,atta,33.9,KG,408.0,Paid
MDM009308,2025-08-03,SCH0202,s. agro works,mustard oil,33.9,KG,1794.0,Paid
MDM000076,2025-06-03,SCH0496,Singh Brothers,oil,33.9,KG,6660.0,Paid
MDM002346,2025-09-10,SCH0150,Goyal Rice Mill,Rice,34.7,KG,1388.0,Cleared
MDM006448,2025-12-05,SCH0314,singh agro,Rice,20.7,KG,1794.0,Due
MDM008303,2025-05-07,SCH0255,goyal enterprises,Wheat,33.9,KG,1200.0,Pending
MDM000431,2025-06-18,SCH0537,Singh Brothers,cooking oil,33.9,KG,3840.0,Paid
MDM004587,2025-06-24,SCH0508,Goyal Rice Mill,Wheat,33.9,KG,1794.0,Paid
MDM005484,2025-04-04,SCH0345,goyal mill,Rice,33.9,KG,568.0,Paid
MDM007713,2026-03-30,SCH0169,goyal enterprises,Rice,33.9,KG,1616.0,Due
MDM006406,2025-05-21,SCH0364,Kumar Supplies,Rice,33.9,KG,1794.0,Cleared
MDM011892,2025-12-04,SCH0529,Singh Brothers,sarson tel,14.5,KG,1740.0,Pending
MDM007732,2026-03-30,SCH0146,sharma & sons,Wheat,13.9,KG,1794.0,Pending
MDM007221,2025-08-15,SCH0548,s. agro works,Rice,33.9,KG,1794.0,Pending
MDM010078,2025-11-28,SCH0187,goyal mill,Wheat,33.9,KG,1794.0,Paid
MDM010384,2026-01-17,SCH0034,Goyal Rice Mill,mustard oil,33.9,KG,3804.0,Paid
MDM001554,2026-01-06,SCH0491,singh agro,Pulses,33.9,KG,1794.0,Paid
MDM005875,2025-04-29,SCH0180,goyal mill,Rice,33.9,KG,1794.0,Paid
MDM000241,2025-09-16,SCH0138,Singh Brothers,Rice,33.9,KG,1552.0,Pending
MDM000784,2025-09-15,SCH0073,Kumar Supplies,Rice,33.9,KG,1428.0,Paid
MDM010275,2025-11-15,SCH0532,goyal mill,Rice,33.9,KG,640.0,Paid
MDM003067,2025-04-17,SCH0164,goyal enterprises,Wheat,33.9,KG,1794.0,Paid
MDM000978,2025-10-16,SCH0361,Kumar Supplies,Wheat,33.9,KG,1794.0,Pending
MDM004906,2025-09-10,SCH0036,Singh Brothers,Rice,18.6,KG,744.0,Cleared
MDM006265,2026-03-30,SCH0212,Singh Brothers,Rice,33.9,KG,768.0,Pending
MDM006988,2025-09-08,SCH0273,Sharma Traders,cooking oil,33.9,KG,1794.0,Pending
MDM009258,2026-03-23,SCH0028,singh agro,Lentils,33.9,KG,1794.0,Paid
MDM005696,2025-12-30,SCH0456,sharma & sons,Rice,33.9,KG,1794.0,Due
MDM002942,2025-09-29,SCH0436,singh agro,Rice,33.9,KG,1872.0,Pending
MDM011327,2025-11-21,SCH0421,Sharma Traders,Wheat,50.1,KG,1794.0,Cleared
MDM010202,2025-06-25,SCH0104,Sharma Traders,Lentils,33.9,KG,1116.0,Due
MDM007384,2026-03-12,SCH0510,Sharma Traders,sarson tel,20.8,KG,1794.0,Paid
MDM008281,2025-07-10,SCH0588,s. agro works,Rice,33.9,KG,2372.0,Pending
MDM008258,2025-12-16,SCH0087,Kumar Supplies,atta,33.9,KG,717.0,Cleared
MDM009963,2026-02-23,SCH0227,singh agro,Rice,33.9,KG,404.0,Pending
MDM001621,2025-12-23,SCH0544,goyal mill,cooking oil,33.9,KG,3948.0,Pending
MDM005643,2025-12-29,SCH0326,sharma & sons,Lentils,33.9,KG,1188.0,Due
MDM002147,2025-08-15,SCH0100,goyal enterprises,cooking oil,18.8,KG,1794.0,Pending
MDM001802,2025-11-02,SCH0264,Singh Brothers,cooking oil,33.9,KG,1548.0,Paid
MDM002096,2025-05-22,SCH0253,goyal mill,Rice,43.6,KG,1794.0,Due
MDM009091,2025-04-19,SCH0576,goyal enterprises,Rice,33.9,KG,2028.0,Paid
MDM008061,2025-10-07,SCH0132,Sharma Traders,Wheat,33.9,KG,1794.0,Paid
MDM001358,2025-07-30,SCH0508,sharma & sons,Wheat,33.9,KG,1653.0,Pending
MDM010024,2026-03-09,SCH0267,s. agro works,cooking oil,33.9,KG,2580.0,Due
MDM006783,2026-03-01,SCH0322,Sharma Traders,Rice,33.9,KG,2284.0,Paid
MDM010325,2025-05-09,SCH0166,Singh Brothers,atta,37.2,KG,1794.0,Pending
MDM011947,2025-12-14,SCH0217,sharma & sons,Rice,33.9,KG,2148.0,Paid
MDM009487,2026-02-14,SCH0531,Singh Brothers,Rice,33.9,KG,484.0,Due
MDM003566,2025-10-22,SCH0341,goyal mill,Wheat,33.9,KG,1794.0,Due
MDM009718,2025-12-14,SCH0333,Kumar Supplies,oil,33.9,KG,1794.0,Due
MDM010841,2025-05-13,SCH0002,kumar & co.,Wheat,29.5,KG,885.0,Due
MDM008277,2025-12-29,SCH0468,Sharma Traders,Wheat,33.9,KG,681.0,Cleared
MDM001610,2025-10-14,SCH0297,Goyal Rice Mill,atta,33.9,KG,1323.0,Due
MDM003097,2025-09-27,SCH0249,kumar & co.,Rice,33.9,KG,1532.0,Paid
MDM004591,2026-03-21,SCH0446,Kumar General Store,Wheat,33.9,KG,1467.0,Due
MDM002416,2025-09-27,SCH0018,sharma & sons,Wheat,33.9,KG,1488.0,Paid
MDM002018,2025-07-30,SCH0408,Singh Brothers,Wheat,33.9,KG,738.0,Pending
MDM002972,2026-03-08,SCH0154,Singh Brothers,Rice,33.9,KG,2144.0,Paid
MDM006425,2026-01-21,SCH0374,Kumar General Store,Rice,33.9,KG,1794.0,Paid
MDM004126,2025-09-04,SCH0563,s. agro works,Lentils,33.9,KG,4761.0,Cleared
MDM005847,2025-12-29,SCH0324,sharma & sons,oil,33.9,KG,1284.0,Cleared
MDM005376,2025-08-03,SCH0116,Singh Brothers,sarson tel,33.9,KG,2400.0,Cleared
MDM011849,2026-01-25,SCH0112,goyal enterprises,Pulses,33.9,KG,2295.0,Cleared
MDM003247,2026-02-07,SCH0434,kumar & co.,Lentils,33.9,KG,1890.0,Paid
MDM000125,2026-01-25,SCH0051,Singh Brothers,sarson tel,33.9,KG,5436.0,Paid
MDM001107,2025-12-20,SCH0509,Kumar General Store,Wheat,33.9,KG,1794.0,Pending
MDM011538,2025-11-03,SCH0113,kumar & co.,Wheat,33.9,KG,1794.0,Paid
MDM008158,2025-09-17,SCH0206,Sharma Traders,Rice,33.9,KG,1794.0,Cleared
MDM000841,2026-01-12,SCH0468,kumar & co.,Rice,33.9,KG,1668.0,Due
MDM006395,2025-06-18,SCH0532,kumar & co.,Rice,33.9,KG,2140.0,Paid
MDM009724,2025-08-04,SCH0579,Sharma Traders,sarson tel,24.9,KG,2988.0,Due
MDM005650,2025-05-01,SCH0015,singh agro,cooking oil,12.7,KG,1524.0,Due
MDM011307,2025-11-05,SCH0280,goyal mill,Rice,33.9,KG,1300.0,Paid
MDM003342,2026-03-14,SCH0458,singh agro,Rice,33.9,KG,1794.0,Cleared
MDM000599,2025-08-11,SCH0185,sharma & sons,Rice,33.9,KG,1794.0,Paid
MDM002124,2025-10-17,SCH0410,s. agro works,Lentils,33.9,KG,3123.0,Paid
MDM005513,2025-09-10,SCH0110,Goyal Rice Mill,Rice,23.8,KG,952.0,Paid
MDM008665,2025-06-24,SCH0224,Singh Brothers,Rice,33.9,KG,1416.0,Paid
MDM008855,2026-02-07,SCH0457,goyal enterprises,Lentils,33.9,KG,4986.0,Paid
MDM009386,2025-12-31,SCH0166,sharma & sons,Rice,33.9,KG,1794.0,Pending
MDM011943,2025-10-19,SCH0213,goyal mill,Lentils,23.0,KG,1794.0,Paid
MDM006000,2025-07-21,SCH0011,Kumar General Store,Rice,33.9,KG,2196.0,Paid
MDM002198,2025-10-11,SCH0017,Sharma Traders,Lentils,33.9,KG,1794.0,Due
MDM004052,2025-04-09,SCH0594,kumar & co.,Wheat,48.4,KG,1452.0,Cleared
MDM001217,2025-08-24,SCH0246,goyal mill,Lentils,24.0,KG,2160.0,Pending
MDM003363,2025-06-17,SCH0113,Sharma Traders,Pulses,33.9,KG,3465.0,Pending
MDM002502,2025-11-25,SCH0435,Sharma Traders,Lentils,33.9,KG,5040.0,Pending
MDM000726,2025-06-09,SCH0100,goyal mill,atta,33.9,KG,1662.0,Paid
MDM007564,2025-04-12,SCH0284,Sharma Traders,Rice,33.9,KG,948.0,Cleared
MDM000979,2025-05-24,SCH0376,Goyal Rice Mill,Wheat,33.9,KG,1794.0,Paid
MDM000809,2026-01-04,SCH0516,s. agro works,Wheat,33.9,KG,1176.0,Due
MDM007774,2026-02-14,SCH0323,Kumar General Store,mustard oil,33.9,KG,1794.0,Pending
MDM001476,2025-08-16,SCH0511,Goyal Rice Mill,Pulses,33.9,KG,1794.0,Pending
MDM011652,2026-03-02,SCH0195,Sharma Traders,mustard oil,33.9,KG,6588.0,Paid
MDM008040,2025-06-06,SCH0251,Sharma Traders,Lentils,40.3,KG,1794.0,Paid
MDM008337,2025-11-11,SCH0344,Kumar Supplies,Pulses,33.9,KG,1794.0,Pending
MDM004907,2025-12-27,SCH0382,Kumar General Store,Wheat,21.7,KG,651.0,Paid
MDM008639,2026-02-24,SCH0011,kumar & co.,oil,33.9,KG,3000.0,Paid
MDM011150,2025-07-21,SCH0010,kumar & co.,Rice,33.9,KG,1794.0,Cleared
MDM004931,2025-11-29,SCH0291,kumar & co.,oil,33.9,KG,5004.0,Paid
MDM004543,2026-02-22,SCH0240,sharma & sons,Lentils,33.9,KG,3546.0,Paid
MDM003963,2025-09-15,SCH0499,sharma & sons,Pulses,33.9,KG,1794.0,Paid
MDM009585,2026-02-18,SCH0211,Kumar Supplies,atta,33.9,KG,1794.0,Paid
MDM002672,2025-01-04,SCH0217,goyal mill,mustard oil,33.9,KG,4764.0,Paid
MDM007530,2025-09-17,SCH0099,kumar & co.,Lentils,33.9,KG,4563.0,Paid
MDM001236,2025-11-25,SCH0566,Sharma Traders,Rice,33.9,KG,1794.0,Paid
MDM001226,2025-07-08,SCH0551,kumar & co.,sarson tel,33.9,KG,3612.0,Pending
MDM001765,2025-04-05,SCH0219,Sharma Traders,Lentils,33.9,KG,1728.0,Paid
MDM008851,2025-12-15,SCH0517,singh agro,Lentils,33.9,KG,1794.0,Paid
MDM008140,2025-09-17,SCH0447,goyal enterprises,Rice,33.9,KG,852.0,Due
MDM009244,2025-06-12,SCH0430,goyal enterprises,Lentils,33.9,KG,2322.0,Paid
MDM007812,2025-06-28,SCH0319,s. agro works,Lentils,33.9,KG,1794.0,Paid
MDM007205,2025-12-20,SCH0016,Sharma Traders,oil,33.9,KG,7044.0,Paid
MDM003218,2026-04-01,SCH0009,Sharma Traders,atta,33.9,KG,1338.0,Paid
MDM005738,2025-06-18,SCH0193,goyal mill,oil,10.9,KG,1308.0,Paid
MDM000288,2025-04-07,SCH0339,kumar & co.,Lentils,33.9,KG,1800.0,Cleared
MDM009463,2025-07-13,SCH0100,sharma & sons,Wheat,43.9,KG,1317.0,Paid
MDM002967,2025-08-24,SCH0181,goyal mill,Rice,33.9,KG,1794.0,Pending
MDM003165,2025-07-13,SCH0201,singh agro,Rice,33.9,KG,588.0,Paid
MDM009480,2026-03-21,SCH0408,Sharma Traders,Lentils,33.9,KG,3510.0,Paid
MDM010978,2025-11-27,SCH0324,sharma & sons,Wheat,33.9,KG,1407.0,Cleared
MDM001658,2025-06-03,SCH0045,Sharma Traders,sarson tel,33.9,KG,6528.0,Due
MDM001976,2025-09-04,SCH0526,kumar & co.,Rice,33.9,KG,1794.0,Pending
MDM002398,2026-02-17,SCH0049,sharma & sons,oil,33.9,KG,2568.0,Due
MDM000453,2025-10-20,SCH0328,kumar & co.,oil,19.1,KG,2292.0,Cleared
MDM002711,2025-04-04,SCH0235,sharma & sons,Rice,33.9,KG,1794.0,Cleared
MDM011312,2025-09-25,SCH0597,Goyal Rice Mill,sarson tel,33.9,KG,4188.0,Pending
MDM007204,2025-11-10,SCH0531,goyal enterprises,Lentils,38.1,KG,3429.0,Paid
MDM003682,2026-02-26,SCH0165,Kumar General Store,Rice,33.9,KG,1794.0,Pending
MDM006716,2025-10-13,SCH0144,Kumar General Store,Rice,33.9,KG,1984.0,Pending
MDM000423,2025-07-07,SCH0569,sharma & sons,Pulses,33.9,KG,1794.0,Due
MDM011320,2025-09-29,SCH0140,singh agro,Lentils,33.9,KG,2286.0,Paid
MDM005317,2025-10-18,SCH0489,Sharma Traders,Rice,33.9,KG,784.0,Cleared
MDM007026,2025-07-07,SCH0180,singh agro,Lentils,33.9,KG,3645.0,Paid
MDM000658,2025-10-23,SCH0554,kumar & co.,Rice,33.9,KG,1988.0,Pending
MDM003302,2026-01-25,SCH0406,singh agro,Pulses,33.9,KG,1701.0,Pending
MDM008566,2025-12-15,SCH0305,kumar & co.,Wheat,33.9,KG,921.0,Paid
MDM002846,2025-06-26,SCH0139,Kumar General Store,cooking oil,33.9,KG,4536.0,Cleared
MDM004067,2025-10-17,SCH0254,Kumar General Store,Lentils,33.9,KG,1794.0,Cleared
MDM010873,2025-10-23,SCH0594,Kumar General Store,mustard oil,33.9,KG,1794.0,Paid
MDM009678,2025-11-09,SCH0545,Sharma Traders,Wheat,33.9,KG,1794.0,Due
MDM005245,2025-11-28,SCH0233,Sharma Traders,Rice,25.9,KG,1794.0,Cleared
MDM001002,2026-01-13,SCH0315,Goyal Rice Mill,Rice,33.9,KG,2176.0,Due
MDM004199,2026-02-01,SCH0118,goyal enterprises,Lentils,33.9,KG,3761.0,Due
MDM002419,2025-11-26,SCH0267,s. agro works,Wheat,33.9,KG,1794.0,Pending
MDM000876,2025-04-06,SCH0340,sharma & sons,Rice,33.9,KG,1794.0,Paid
MDM009865,2025-09-01,SCH0295,s. agro works,Rice,33.9,KG,2388.0,Paid
MDM006727,2025-07-31,SCH0384,Singh Brothers,Rice,51.8,KG,1794.0,Pending
MDM003848,2025-06-12,SCH0280,goyal enterprises,Wheat,33.9,KG,1638.0,Pending
MDM000962,2026-01-22,SCH0035,kumar & co.,Pulses,33.9,KG,2655.0,Due
MDM001581,2025-09-25,SCH0325,Kumar Supplies,Pulses,33.9,KG,1794.0,Pending
MDM011388,2025-11-21,SCH0041,sharma & sons,Wheat,33.9,KG,600.0,Cleared
MDM007763,2026-01-30,SCH0061,Kumar Supplies,Wheat,33.9,KG,1545.0,Paid
MDM002207,2025-06-28,SCH0193,Kumar General Store,Lentils,33.9,KG,1794.0,Paid
MDM004267,2025-08-11,SCH0455,s. agro works,Lentils,33.9,KG,1794.0,Paid
MDM008626,2025-04-13,SCH0590,goyal mill,cooking oil,33.9,KG,1794.0,Paid
MDM004232,2025-04-29,SCH0584,kumar & co.,oil,33.9,KG,3780.0,Pending
MDM000758,2025-01-06,SCH0277,Sharma Traders,Lentils,33.9,KG,1794.0,Due
MDM004867,2026-03-18,SCH0543,Singh Brothers,sarson tel,33.9,KG,5436.0,Pending
MDM005407,2025-10-23,SCH0561,Singh Brothers,sarson tel,52.0,KG,1794.0,Pending
MDM005314,2025-04-20,SCH0062,Singh Brothers,sarson tel,41.4,KG,4968.0,Due
MDM002285,2025-06-12,SCH0010,kumar & co.,Lentils,33.9,KG,1794.0,Due
MDM009639,2026-01-31,SCH0406,goyal enterprises,oil,33.9,KG,1794.0,Paid
MDM007002,2025-09-18,SCH0542,Kumar Supplies,Pulses,33.9,KG,4905.0,Paid
MDM007298,2026-03-24,SCH0064,Sharma Traders,Lentils,33.9,KG,1794.0,Pending
MDM005508,2025-12-09,SCH0019,Singh Brothers,Lentils,33.9,KG,1794.0,Paid
MDM005310,2025-09-15,SCH0584,Sharma Traders,Lentils,33.9,KG,1404.0,Due
MDM009573,2025-10-08,SCH0251,Goyal Rice Mill,atta,33.9,KG,738.0,Paid
MDM004828,2025-05-21,SCH0531,Singh Brothers,Rice,53.8,KG,2152.0,Pending
MDM008810,2025-07-22,SCH0245,kumar & co.,Lentils,33.9,KG,1794.0,Pending
MDM007747,2026-01-10,SCH0325,Kumar General Store,Pulses,33.9,KG,2970.0,Paid
MDM000808,2025-04-27,SCH0398,s. agro works,Rice,33.9,KG,1064.0,Paid
MDM003908,2025-06-12,SCH0489,singh agro,Wheat,33.9,KG,1794.0,Due
MDM006142,2025-07-23,SCH0564,goyal mill,Lentils,54.9,KG,1794.0,Due
MDM010423,2025-06-11,SCH0584,Sharma Traders,Rice,33.9,KG,656.0,Paid
MDM009819,2025-04-27,SCH0304,Kumar General Store,Wheat,33.9,KG,843.0,Paid
MDM007024,2025-12-01,SCH0263,sharma & sons,sarson tel,33.9,KG,3228.0,Paid
MDM001957,2025-11-03,SCH0356,s. agro works,Lentils,33.9,KG,1794.0,Pending
MDM002446,2025-07-07,SCH0395,Kumar Supplies,Lentils,33.9,KG,1794.0,Pending
MDM008597,2025-04-10,SCH0415,Sharma Traders,cooking oil,33.9,KG,3372.0,Paid
MDM006970,2025-06-17,SCH0094,goyal mill,Rice,52.4,KG,1794.0,Paid
MDM010084,2026-02-27,SCH0283,goyal enterprises,Rice,33.9,KG,1544.0,Paid
MDM008769,2025-07-23,SCH0385,Sharma Traders,Pulses,33.9,KG,4617.0,Pending
MDM010080,2025-06-01,SCH0404,sharma & sons,oil,33.9,KG,1794.0,Pending
MDM002403,2025-04-27,SCH0134,Singh Brothers,mustard oil,21.2,KG,2544.0,Due
MDM008904,2025-05-03,SCH0502,Sharma Traders,Lentils,33.9,KG,963.0,Due
MDM001074,2025-05-08,SCH0002,Goyal Rice Mill,Rice,33.9,KG,1794.0,Cleared
MDM010674,2025-09-02,SCH0043,Sharma Traders,Rice,33.9,KG,1794.0,Pending
MDM003399,2025-09-19,SCH0498,Kumar Supplies,mustard oil,33.9,KG,1794.0,Pending
MDM004241,2025-07-24,SCH0032,singh agro,Rice,33.9,KG,904.0,Paid
MDM006525,2025-11-13,SCH0174,Kumar General Store,mustard oil,33.9,KG,5304.0,Paid
MDM005437,2025-08-31,SCH0478,Sharma Traders,Pulses,33.9,KG,5058.0,Pending
MDM009177,2025-09-20,SCH0244,sharma & sons,Rice,33.9,KG,1794.0,Paid
MDM010506,2026-01-31,SCH0367,Sharma Traders,sarson tel,33.9,KG,1794.0,Paid
MDM002092,2025-06-18,SCH0283,goyal mill,oil,33.9,KG,1794.0,Paid
MDM004528,2025-08-12,SCH0508,s. agro works,mustard oil,33.9,KG,3480.0,Paid
MDM010610,2026-02-08,SCH0245,singh agro,Lentils,33.9,KG,1794.0,Cleared
MDM001699,2025-10-16,SCH0114,sharma & sons,Rice,33.9,KG,1536.0,Paid
MDM009898,2025-05-18,SCH0041,goyal enterprises,Wheat,33.9,KG,1794.0,Cleared
MDM010360,2026-03-26,SCH0238,goyal mill,cooking oil,29.1,KG,3492.0,Due
MDM009626,2025-07-08,SCH0486,Sharma Traders,Wheat,33.9,KG,1293.0,Paid
MDM007253,2025-10-21,SCH0049,goyal enterprises,Wheat,33.9,KG,936.0,Due
MDM009256,2025-10-06,SCH0535,goyal mill,cooking oil,36.6,KG,1794.0,Pending
MDM001004,2025-08-15,SCH0399,Sharma Traders,Wheat,33.9,KG,1305.0,Paid
MDM010220,2025-05-28,SCH0137,Kumar General Store,Rice,33.9,KG,1236.0,Cleared
MDM011232,2026-02-24,SCH0214,goyal mill,Rice,33.9,KG,952.0,Paid
MDM010281,2025-12-29,SCH0597,kumar & co.,Lentils,33.9,KG,1794.0,Cleared
MDM008157,2025-12-05,SCH0368,sharma & sons,Lentils,33.9,KG,1794.0,Cleared
MDM004652,2025-11-19,SCH0342,kumar & co.,Lentils,33.9,KG,3699.0,Pending
MDM010329,2025-10-18,SCH0242,goyal enterprises,Wheat,33.9,KG,1365.0,Paid
MDM008167,2025-10-23,SCH0424,sharma & sons,Lentils,23.5,KG,1794.0,Pending
MDM006157,2026-02-01,SCH0142,kumar & co.,Lentils,33.9,KG,3249.0,Cleared
MDM001486,2025-08-07,SCH0397,Singh Brothers,oil,33.9,KG,7128.0,Pending
MDM011399,2025-07-28,SCH0283,Singh Brothers,mustard oil,33.9,KG,1794.0,Paid
MDM005369,2025-11-13,SCH0075,goyal mill,Lentils,42.4,KG,3816.0,Pending
MDM009984,2026-01-29,SCH0262,Kumar Supplies,Rice,20.3,KG,812.0,Paid
MDM001412,2026-01-05,SCH0324,Sharma Traders,Pulses,33.9,KG,3591.0,Paid
MDM006290,2025-02-09,SCH0433,Goyal Rice Mill,mustard oil,33.9,KG,1794.0,Pending
MDM011655,2025-06-10,SCH0243,Kumar General Store,Rice,33.9,KG,1794.0,Paid
MDM011215,2025-08-19,SCH0555,Sharma Traders,oil,33.9,KG,1794.0,Paid
MDM008224,2025-06-01,SCH0481,Sharma Traders,Rice,33.9,KG,1056.0,Paid
MDM000710,2026-03-18,SCH0377,Kumar Supplies,Wheat,33.9,KG,1794.0,Cleared
MDM009762,2025-11-30,SCH0483,Kumar General Store,cooking oil,33.9,KG,6324.0,Paid
MDM003604,2025-09-09,SCH0432,singh agro,Wheat,33.9,KG,1176.0,Paid
MDM000986,2025-08-30,SCH0275,s. agro works,Lentils,14.4,KG,1794.0,Due
MDM003077,2025-06-09,SCH0579,sharma & sons,Lentils,33.9,KG,1794.0,Pending
MDM006170,2026-03-26,SCH0215,Kumar General Store,oil,33.9,KG,7068.0,Pending
MDM008621,2025-06-24,SCH0294,kumar & co.,cooking oil,33.9,KG,1248.0,Paid
MDM006714,2025-06-22,SCH0495,Goyal Rice Mill,sarson tel,33.9,KG,2304.0,Pending
MDM005078,2026-03-13,SCH0314,Singh Brothers,Wheat,33.9,KG,1098.0,Due
MDM004102,2025-04-19,SCH0115,kumar & co.,Rice,33.9,KG,1440.0,Cleared
MDM008529,2025-10-19,SCH0096,Kumar Supplies,Rice,33.9,KG,1716.0,Due
MDM002723,2025-12-22,SCH0359,Kumar Supplies,Pulses,33.9,KG,3483.0,Pending
MDM011566,2025-07-17,SCH0346,sharma & sons,Lentils,33.9,KG,2430.0,Paid
MDM001269,2025-10-20,SCH0229,kumar & co.,sarson tel,33.9,KG,4680.0,Pending
MDM002463,2025-05-19,SCH0216,Kumar General Store,Wheat,33.9,KG,1794.0,Paid
MDM008291,2026-02-21,SCH0265,singh agro,oil,33.9,KG,5520.0,Pending
MDM000269,2025-04-07,SCH0164,goyal enterprises,sarson tel,33.9,KG,1794.0,Pending
MDM003581,2025-07-24,SCH0204,s. agro works,Wheat,33.9,KG,918.0,Due
MDM004751,2026-02-02,SCH0200,Goyal Rice Mill,Rice,33.9,KG,1868.0,Paid
MDM009305,2025-12-28,SCH0140,singh agro,Lentils,33.9,KG,1794.0,Pending
MDM011247,2025-05-23,SCH0077,singh agro,Rice,33.9,KG,568.0,Paid
MDM007921,2025-10-07,SCH0186,Goyal Rice Mill,Lentils,33.9,KG,4995.0,Due
MDM007896,2025-10-12,SCH0415,Sharma Traders,Rice,35.0,KG,1794.0,Cleared
MDM011295,2025-08-02,SCH0583,goyal enterprises,Rice,57.6,KG,1794.0,Pending
MDM002822,2025-12-20,SCH0319,Kumar Supplies,Rice,33.9,KG,796.0,Due
MDM011072,2025-11-05,SCH0182,goyal mill,Rice,31.9,KG,1794.0,Paid
MDM000590,2025-04-24,SCH0119,Kumar Supplies,cooking oil,33.9,KG,7116.0,Paid
MDM008650,2026-02-14,SCH0053,Kumar General Store,Lentils,33.9,KG,1935.0,Paid
MDM011093,2025-04-23,SCH0097,Sharma Traders,mustard oil,33.9,KG,4656.0,Pending
MDM008075,2026-01-07,SCH0016,Sharma Traders,Lentils,33.9,KG,4851.0,Pending
MDM000657,2025-05-02,SCH0023,s. agro works,Rice,33.9,KG,2240.0,Pending
MDM010023,2026-07-02,SCH0585,Singh Brothers,Pulses,33.9,KG,1794.0,Pending
MDM009776,2025-10-20,SCH0082,Kumar General Store,Lentils,33.9,KG,4968.0,Paid
MDM002038,2026-02-21,SCH0322,goyal mill,sarson tel,33.9,KG,2004.0,Paid
MDM009607,2025-06-19,SCH0406,sharma & sons,Lentils,33.9,KG,1017.0,Paid
MDM010918,2025-08-10,SCH0586,s. agro works,Rice,25.6,KG,1024.0,Pending
MDM003759,2025-06-11,SCH0322,Kumar Supplies,Lentils,33.9,KG,1794.0,Paid
MDM006846,2025-06-14,SCH0276,Kumar General Store,Wheat,12.0,KG,1794.0,Paid
MDM006152,2025-12-28,SCH0201,kumar & co.,sarson tel,20.3,KG,1794.0,Paid
MDM008531,2026-02-18,SCH0565,Sharma Traders,Lentils,33.9,KG,1935.0,Paid
MDM002029,2025-06-08,SCH0287,goyal enterprises,oil,33.9,KG,1794.0,Paid
MDM009240,2026-01-14,SCH0429,Singh Brothers,Rice,33.9,KG,1384.0,Pending
MDM000678,2026-02-24,SCH0283,Kumar General Store,Wheat,33.9,KG,1794.0,Due
MDM008655,2025-05-30,SCH0186,Goyal Rice Mill,cooking oil,33.9,KG,2364.0,Paid
MDM001233,2026-03-03,SCH0409,kumar & co.,Rice,33.9,KG,1704.0,Pending
MDM005455,2025-09-08,SCH0163,goyal enterprises,Rice,32.4,KG,1296.0,Paid
MDM008141,2025-09-12,SCH0456,Singh Brothers,Lentils,33.9,KG,1386.0,Paid
MDM009637,2025-08-01,SCH0087,Singh Brothers,Lentils,33.9,KG,1794.0,Paid
MDM011355,2025-07-09,SCH0409,singh agro,Wheat,33.9,KG,1794.0,Pending
MDM007720,2025-07-18,SCH0588,goyal mill,sarson tel,26.8,KG,1794.0,Due
MDM004857,2025-09-21,SCH0565,Kumar Supplies,cooking oil,33.9,KG,5100.0,Pending
MDM008282,2025-05-06,SCH0057,kumar & co.,atta,33.9,KG,1689.0,Paid
MDM002433,2025-11-08,SCH0538,s. agro works,Rice,33.9,KG,1892.0,Paid
MDM008884,2025-04-20,SCH0025,Kumar General Store,Wheat,33.9,KG,453.0,Paid
MDM009882,2025-10-22,SCH0269,Singh Brothers,Pulses,33.9,KG,1602.0,Pending
MDM004648,2025-12-13,SCH0137,Sharma Traders,Rice,33.9,KG,520.0,Paid
MDM008833,2025-12-12,SCH0161,goyal enterprises,Wheat,33.9,KG,750.0,Paid
MDM007750,2025-05-13,SCH0342,Kumar General Store,Lentils,33.9,KG,2646.0,Paid
MDM000897,2025-04-17,SCH0027,Sharma Traders,cooking oil,33.9,KG,1794.0,Pending
MDM001612,2025-08-15,SCH0545,Singh Brothers,Rice,33.9,KG,1776.0,Paid
MDM010172,2025-09-20,SCH0151,singh agro,Rice,25.0,KG,1794.0,Pending
MDM001588,2026-02-04,SCH0210,singh agro,Lentils,33.9,KG,5049.0,Due
MDM006687,2025-08-03,SCH0115,Sharma Traders,Wheat,33.9,KG,1794.0,Due
MDM007508,2025-10-02,SCH0576,singh agro,oil,33.9,KG,4440.0,Due
MDM008586,2026-03-05,SCH0538,singh agro,oil,33.9,KG,2124.0,Paid
MDM001720,2025-06-10,SCH0515,s. agro works,Pulses,33.9,KG,1794.0,Due
MDM008482,2025-10-28,SCH0119,kumar & co.,Pulses,33.9,KG,3645.0,Paid
MDM010666,2025-04-03,SCH0135,goyal mill,mustard oil,33.9,KG,3396.0,Paid
MDM003807,2025-11-13,SCH0546,goyal mill,Lentils,33.9,KG,1431.0,Cleared
MDM008691,2025-07-09,SCH0036,sharma & sons,cooking oil,33.9,KG,3408.0,Due
MDM010376,2025-06-07,SCH0026,Kumar General Store,Wheat,33.9,KG,1794.0,Pending
MDM004702,2025-06-13,SCH0279,sharma & sons,Lentils,34.5,KG,1794.0,Paid
MDM003962,2025-04-21,SCH0001,goyal enterprises,oil,33.9,KG,1794.0,Due
MDM000732,2025-06-10,SCH0481,Sharma Traders,Rice,33.9,KG,544.0,Pending
MDM005558,2025-04-28,SCH0393,Singh Brothers,Wheat,33.9,KG,1794.0,Paid
MDM008142,2026-03-26,SCH0567,Singh Brothers,Rice,33.9,KG,1794.0,Paid
MDM005565,2025-12-18,SCH0341,goyal enterprises,Rice,33.9,KG,1980.0,Paid
MDM009590,2025-10-30,SCH0429,kumar & co.,Rice,33.9,KG,1136.0,Pending
MDM010450,2025-07-06,SCH0556,goyal mill,Lentils,33.9,KG,1794.0,Paid
MDM006088,2025-12-28,SCH0113,singh agro,Lentils,22.5,KG,2025.0,Pending
MDM000891,2025-10-31,SCH0163,Kumar Supplies,Lentils,33.9,KG,4518.0,Pending
MDM007665,2025-11-26,SCH0490,Sharma Traders,Lentils,33.9,KG,2340.0,Paid
MDM011117,2025-07-27,SCH0101,Singh Brothers,cooking oil,33.9,KG,5988.0,Pending
MDM004007,2025-07-18,SCH0523,kumar & co.,Lentils,33.9,KG,1953.0,Pending
MDM004940,2025-01-12,SCH0538,goyal enterprises,mustard oil,23.2,KG,1794.0,Paid
MDM009802,2025-09-15,SCH0413,Kumar General Store,mustard oil,38.4,KG,1794.0,Paid
MDM007820,2025-08-23,SCH0562,Singh Brothers,Wheat,33.9,KG,324.0,Pending
MDM005899,2026-03-15,SCH0323,Sharma Traders,atta,33.9,KG,1341.0,Pending
MDM006174,2026-01-14,SCH0421,Goyal Rice Mill,Rice,33.9,KG,1794.0,Pending
MDM009316,2026-01-10,SCH0290,kumar & co.,Pulses,33.9,KG,1794.0,Due
MDM005820,2025-05-21,SCH0597,kumar & co.,oil,33.9,KG,4656.0,Pending
MDM009226,2025-04-21,SCH0275,Singh Brothers,Wheat,33.9,KG,708.0,Cleared
MDM008501,2026-01-31,SCH0156,Goyal Rice Mill,Wheat,33.9,KG,1626.0,Paid
MDM002800,2025-08-30,SCH0263,singh agro,Wheat,33.9,KG,1539.0,Pending
MDM008831,2025-12-28,SCH0583,sharma & sons,oil,33.9,KG,3624.0,Cleared
MDM000585,2025-09-28,SCH0103,Singh Brothers,Wheat,33.9,KG,1794.0,Pending
MDM003269,2025-07-15,SCH0399,singh agro,sarson tel,33.9,KG,1794.0,Paid
MDM003933,2025-12-31,SCH0514,sharma & sons,Lentils,33.9,KG,5292.0,Pending
MDM004966,2025-05-15,SCH0323,Sharma Traders,cooking oil,33.9,KG,1794.0,Cleared
MDM001261,2026-03-18,SCH0288,s. agro works,Rice,33.9,KG,2048.0,Due
MDM008640,2026-03-29,SCH0393,goyal mill,Lentils,33.9,KG,1794.0,Paid
MDM006200,2026-02-07,SCH0439,Singh Brothers,Lentils,33.9,KG,1794.0,Pending
MDM006693,2026-02-26,SCH0064,sharma & sons,Rice,33.9,KG,1328.0,Cleared
MDM000311,2025-06-29,SCH0263,s. agro works,atta,33.9,KG,678.0,Paid
MDM001717,2025-08-22,SCH0526,kumar & co.,cooking oil,33.9,KG,1656.0,Paid
MDM007583,2025-05-11,SCH0584,sharma & sons,Wheat,33.9,KG,1794.0,Paid
MDM006010,2026-03-04,SCH0087,Goyal Rice Mill,atta,33.9,KG,1275.0,Pending
MDM002053,2025-11-24,SCH0126,Singh Brothers,Wheat,33.9,KG,1773.0,Cleared
MDM010481,2025-06-12,SCH0024,Singh Brothers,Lentils,33.9,KG,1794.0,Paid
MDM004669,2025-07-30,SCH0425,Kumar Supplies,Lentils,33.9,KG,1794.0,Cleared
MDM004299,2025-04-07,SCH0213,Singh Brothers,Rice,33.9,KG,1392.0,Paid
MDM006647,2025-10-16,SCH0121,Kumar Supplies,Wheat,33.9,KG,1065.0,Due
MDM003784,2025-10-13,SCH0443,Sharma Traders,Wheat,33.9,KG,1794.0,Pending
MDM001009,2026-03-13,SCH0335,Sharma Traders,Rice,33.9,KG,1008.0,Paid
MDM007609,2025-11-08,SCH0551,Goyal Rice Mill,cooking oil,33.9,KG,3768.0,Paid
MDM010305,2026-01-24,SCH0042,sharma & sons,Lentils,33.9,KG,4842.0,Paid
MDM002186,2025-12-23,SCH0154,Goyal Rice Mill,Rice,33.9,KG,604.0,Paid
MDM003624,2025-05-11,SCH0544,Singh Brothers,Rice,33.9,KG,1794.0,Paid
MDM007551,2025-12-05,SCH0375,Goyal Rice Mill,Wheat,33.9,KG,1080.0,Paid
MDM011957,2025-08-27,SCH0078,goyal enterprises,Wheat,40.1,KG,1794.0,Pending
MDM008748,2026-01-11,SCH0214,kumar & co.,cooking oil,16.0,KG,1920.0,Pending
MDM008344,2026-01-18,SCH0130,Sharma Traders,Wheat,33.9,KG,1794.0,Pending
MDM004835,2025-10-23,SCH0104,Sharma Traders,Wheat,33.9,KG,1794.0,Pending
MDM004060,2025-04-27,SCH0431,s. agro works,oil,26.9,KG,3228.0,Due
MDM004757,2025-12-03,SCH0348,goyal mill,Wheat,33.9,KG,1323.0,Pending
MDM007786,2026-01-26,SCH0530,s. agro works,Rice,33.9,KG,1794.0,Due
MDM000091,2025-04-02,SCH0111,s. agro works,Rice,36.6,KG,1464.0,Paid
MDM001988,2025-07-03,SCH0351,singh agro,mustard oil,33.9,KG,4428.0,Paid
MDM000471,2025-05-21,SCH0387,Sharma Traders,Rice,33.9,KG,2380.0,Cleared
MDM001327,2025-10-22,SCH0539,goyal enterprises,Rice,33.9,KG,1794.0,Due
MDM007280,2025-04-30,SCH0114,Kumar Supplies,Wheat,33.9,KG,411.0,Due
MDM008385,2025-08-11,SCH0228,singh agro,Rice,33.9,KG,1104.0,Paid
MDM009929,2025-11-18,SCH0431,Sharma Traders,Wheat,33.9,KG,1794.0,Cleared
MDM002118,2025-05-06,SCH0386,goyal mill,Pulses,33.9,KG,3663.0,Cleared
MDM002938,2025-09-01,SCH0578,Goyal Rice Mill,cooking oil,32.8,KG,3936.0,Paid
MDM000889,2025-01-06,SCH0571,kumar & co.,Rice,33.9,KG,1596.0,Pending
MDM000984,2026-02-11,SCH0309,Kumar General Store,Wheat,55.5,KG,1794.0,Pending
MDM006933,2026-03-26,SCH0110,Sharma Traders,Lentils,33.9,KG,5157.0,Due
MDM011724,2026-02-13,SCH0175,kumar & co.,Lentils,33.9,KG,4428.0,Paid
MDM009333,2026-03-02,SCH0167,Kumar General Store,Lentils,33.9,KG,5148.0,Paid
MDM008162,2025-08-03,SCH0325,Sharma Traders,Rice,33.9,KG,1794.0,Paid
MDM010626,2026-03-19,SCH0203,Kumar General Store,Rice,33.9,KG,1900.0,Pending
MDM002926,2026-02-05,SCH0221,Kumar Supplies,Lentils,33.9,KG,4995.0,Paid
MDM009327,2025-06-27,SCH0020,goyal enterprises,atta,33.9,KG,1296.0,Paid
MDM003215,2025-11-25,SCH0174,sharma & sons,cooking oil,33.9,KG,4308.0,Paid
MDM005885,2025-05-05,SCH0478,sharma & sons,Rice,33.9,KG,1794.0,Pending
MDM002342,2026-03-17,SCH0380,goyal mill,sarson tel,33.9,KG,1794.0,Cleared
MDM008880,2025-11-08,SCH0125,goyal mill,mustard oil,33.9,KG,3948.0,Pending
MDM008314,2025-05-29,SCH0486,Sharma Traders,atta,33.9,KG,1794.0,Due
MDM009380,2025-10-19,SCH0102,kumar & co.,sarson tel,15.5,KG,1860.0,Cleared
MDM008798,2025-09-06,SCH0508,sharma & sons,Wheat,33.9,KG,387.0,Pending
MDM009750,2025-07-20,SCH0406,Kumar Supplies,atta,33.9,KG,1386.0,Cleared
MDM008487,2025-07-12,SCH0387,Goyal Rice Mill,Rice,33.9,KG,1244.0,Due
MDM000628,2026-01-11,SCH0417,goyal mill,Lentils,33.9,KG,4545.0,Cleared
MDM008301,2026-02-06,SCH0375,singh agro,sarson tel,33.9,KG,2196.0,Paid
MDM004948,2025-09-25,SCH0202,Sharma Traders,Rice,33.9,KG,2068.0,Cleared
MDM005081,2026-06-01,SCH0540,Singh Brothers,atta,13.9,KG,417.0,Due
MDM004245,2026-03-23,SCH0341,Sharma Traders,Lentils,33.9,KG,1794.0,Paid
MDM011188,2025-12-07,SCH0236,Sharma Traders,Pulses,33.9,KG,1794.0,Cleared
MDM004766,2025-09-22,SCH0328,goyal enterprises,Rice,33.9,KG,1794.0,Paid
MDM001602,2025-12-05,SCH0100,Kumar General Store,Wheat,33.9,KG,669.0,Cleared
MDM011866,2026-01-03,SCH0366,Sharma Traders,oil,33.9,KG,6180.0,Pending
MDM001270,2025-08-09,SCH0513,goyal enterprises,Lentils,33.9,KG,1794.0,Cleared
MDM000129,2025-09-20,SCH0187,Singh Brothers,Pulses,33.9,KG,2457.0,Due
MDM009877,2026-01-04,SCH0518,s. agro works,Wheat,33.9,KG,1206.0,Paid
MDM008603,2026-01-27,SCH0054,s. agro works,Rice,33.9,KG,1794.0,Cleared
MDM001712,2025-09-23,SCH0104,Singh Brothers,Wheat,33.9,KG,1794.0,Due
MDM004183,2025-12-18,SCH0034,Goyal Rice Mill,Lentils,33.9,KG,3105.0,Pending
MDM007300,2025-05-26,SCH0582,singh agro,Wheat,33.9,KG,1794.0,Pending
MDM008984,2025-11-23,SCH0482,Singh Brothers,cooking oil,33.9,KG,1794.0,Paid
MDM004236,2025-10-08,SCH0059,goyal mill,Rice,33.9,KG,2252.0,Pending
MDM006996,2025-04-17,SCH0589,sharma & sons,sarson tel,33.9,KG,6384.0,Due
MDM007973,2025-10-06,SCH0516,sharma & sons,Rice,33.9,KG,1804.0,Paid
MDM002399,2025-05-22,SCH0254,Sharma Traders,Rice,31.2,KG,1248.0,Cleared
MDM011051,2025-10-30,SCH0435,Kumar Supplies,Rice,33.9,KG,1816.0,Pending
MDM010622,2025-05-25,SCH0042,Singh Brothers,oil,33.9,KG,1476.0,Pending
MDM008270,2025-11-16,SCH0453,Kumar Supplies,Lentils,50.1,KG,4509.0,Paid
MDM008770,2025-08-17,SCH0380,Kumar General Store,oil,33.9,KG,1908.0,Due
MDM011096,2025-10-26,SCH0288,goyal mill,Lentils,33.9,KG,1794.0,Paid
MDM001187,2025-11-07,SCH0216,Kumar Supplies,Lentils,33.9,KG,4680.0,Pending
MDM008689,2025-11-08,SCH0434,Kumar General Store,Wheat,33.9,KG,1179.0,Paid
MDM001978,2025-06-26,SCH0091,Kumar General Store,Rice,33.9,KG,1794.0,Paid
MDM005315,2025-07-05,SCH0015,goyal enterprises,Lentils,33.9,KG,2763.0,Due
MDM004248,2026-02-05,SCH0118,goyal mill,Pulses,33.9,KG,4329.0,Paid
MDM011264,2025-10-03,SCH0465,kumar & co.,Pulses,33.9,KG,3654.0,Paid
MDM000916,2026-01-05,SCH0113,Kumar General Store,Pulses,33.9,KG,3960.0,Pending
MDM001306,2025-06-21,SCH0464,sharma & sons,Rice,33.9,KG,1388.0,Due
MDM001097,2026-02-21,SCH0074,Goyal Rice Mill,Rice,33.9,KG,1924.0,Cleared
MDM003050,2025-05-27,SCH0344,goyal enterprises,sarson tel,33.9,KG,1728.0,Paid
MDM008279,2025-06-08,SCH0386,goyal mill,Wheat,33.9,KG,1794.0,Paid
MDM006654,2025-05-20,SCH0122,Singh Brothers,Rice,33.9,KG,2172.0,Paid
MDM011764,2026-02-25,SCH0290,sharma & sons,atta,33.9,KG,1791.0,Pending
MDM001274,2025-07-31,SCH0212,Kumar Supplies,Rice,33.9,KG,1794.0,Paid
MDM005699,2025-04-26,SCH0124,goyal mill,oil,39.4,KG,4728.0,Paid
MDM006946,2026-03-20,SCH0518,s. agro works,Wheat,33.9,KG,1413.0,Paid
MDM010018,2025-09-06,SCH0226,goyal mill,Rice,33.9,KG,1794.0,Paid
MDM002797,2025-08-09,SCH0202,goyal mill,Pulses,33.9,KG,2412.0,Pending
MDM006798,2025-06-21,SCH0072,Singh Brothers,Lentils,33.9,KG,3006.0,Paid
MDM001399,2025-05-15,SCH0566,s. agro works,Wheat,33.9,KG,378.0,Paid
MDM006616,2025-05-17,SCH0276,Kumar Supplies,Lentils,33.9,KG,3843.0,Pending
MDM003359,2026-03-24,SCH0051,goyal mill,Rice,33.9,KG,1794.0,Cleared
MDM000184,2025-04-26,SCH0235,kumar & co.,sarson tel,33.9,KG,1812.0,Paid
MDM007751,2025-06-23,SCH0494,Singh Brothers,Rice,33.9,KG,1208.0,Paid
MDM004463,2025-04-29,SCH0001,kumar & co.,Rice,33.9,KG,1794.0,Cleared
MDM008960,2026-01-15,SCH0182,Sharma Traders,Rice,33.9,KG,1500.0,Paid
MDM008169,2025-09-25,SCH0540,s. agro works,Lentils,33.9,KG,1794.0,Due
MDM003564,2025-05-11,SCH0271,s. agro works,Wheat,33.9,KG,609.0,Pending
MDM011727,2025-04-17,SCH0162,Sharma Traders,oil,33.9,KG,6480.0,Paid
MDM011475,2025-12-04,SCH0345,s. agro works,cooking oil,33.9,KG,5088.0,Pending
MDM006514,2026-03-08,SCH0199,goyal mill,Rice,33.9,KG,1192.0,Paid
MDM004568,2025-11-12,SCH0491,goyal mill,atta,33.9,KG,561.0,Paid
MDM009465,2026-01-09,SCH0560,Sharma Traders,Lentils,33.9,KG,1794.0,Paid
MDM006604,2025-07-12,SCH0513,Kumar General Store,Rice,51.9,KG,2076.0,Pending
MDM010009,2025-08-06,SCH0464,singh agro,cooking oil,33.9,KG,3864.0,Paid
MDM002657,2025-12-20,SCH0096,Singh Brothers,mustard oil,33.9,KG,1248.0,Paid
MDM010250,2025-12-11,SCH0550,Kumar General Store,Wheat,55.7,KG,1671.0,Pending
MDM004306,2026-01-26,SCH0156,sharma & sons,Wheat,33.9,KG,1794.0,Pending
MDM001962,2025-11-25,SCH0233,s. agro works,sarson tel,33.9,KG,1794.0,Paid
MDM004993,2025-12-31,SCH0485,goyal mill,cooking oil,33.9,KG,1794.0,Paid
MDM004892,2025-05-14,SCH0240,Kumar General Store,Pulses,33.9,KG,3951.0,Paid
MDM006139,2025-04-30,SCH0116,s. agro works,mustard oil,33.9,KG,1608.0,Pending
MDM005816,2025-08-06,SCH0258,Kumar General Store,Rice,33.9,KG,2268.0,Due
MDM005870,2025-06-23,SCH0266,Kumar Supplies,Rice,33.9,KG,1392.0,Paid
MDM008932,2026-01-24,SCH0042,sharma & sons,Rice,33.9,KG,2112.0,Paid
MDM006396,2025-08-29,SCH0305,singh agro,Rice,33.9,KG,728.0,Due
MDM011712,2026-01-07,SCH0585,Sharma Traders,Lentils,33.9,KG,1794.0,Paid
MDM006227,2026-01-21,SCH0322,sharma & sons,atta,33.9,KG,666.0,Cleared
MDM009310,2026-02-21,SCH0304,Kumar General Store,Rice,33.9,KG,888.0,Due
MDM010332,2025-05-24,SCH0458,Sharma Traders,Wheat,33.9,KG,1161.0,Due
MDM011924,2025-11-01,SCH0568,Kumar Supplies,Rice,33.9,KG,1794.0,Paid
MDM001252,2025-04-28,SCH0107,Sharma Traders,Wheat,24.1,KG,1794.0,Due
MDM003177,2025-10-18,SCH0111,Goyal Rice Mill,Lentils,23.2,KG,1794.0,Paid
MDM005073,2025-05-08,SCH0064,sharma & sons,Rice,33.9,KG,1794.0,Due
MDM003360,2025-11-06,SCH0055,s. agro works,Rice,33.9,KG,1372.0,Pending
MDM007683,2025-10-14,SCH0534,goyal enterprises,Lentils,33.9,KG,3060.0,Paid
MDM008295,2026-01-18,SCH0120,Kumar Supplies,Rice,33.9,KG,1794.0,Pending
MDM010441,2025-10-06,SCH0272,Goyal Rice Mill,Rice,33.9,KG,1794.0,Paid
MDM009045,2025-12-16,SCH0148,singh agro,Wheat,23.5,KG,705.0,Pending
MDM007467,2025-07-27,SCH0325,Sharma Traders,Rice,33.9,KG,1794.0,Paid
MDM011100,2025-11-04,SCH0006,sharma & sons,Lentils,33.9,KG,936.0,Paid
MDM003290,2025-04-25,SCH0282,Kumar Supplies,Rice,15.4,KG,1794.0,Paid
MDM011143,2025-10-20,SCH0429,kumar & co.,Lentils,33.9,KG,4662.0,Pending
MDM007412,2025-09-07,SCH0297,Goyal Rice Mill,cooking oil,33.9,KG,1788.0,Pending
MDM011172,2025-08-24,SCH0502,goyal mill,Lentils,33.9,KG,4842.0,Paid
MDM003191,2025-11-26,SCH0175,Kumar General Store,Rice,33.9,KG,1700.0,Paid
MDM001574,2026-01-22,SCH0597,singh agro,oil,33.9,KG,1794.0,Pending
MDM009287,2026-02-10,SCH0167,s. agro works,Rice,33.9,KG,1924.0,Paid
MDM001052,2026-02-08,SCH0500,sharma & sons,Wheat,33.9,KG,342.0,Paid
MDM004070,2025-10-18,SCH0573,Kumar Supplies,Rice,49.8,KG,1992.0,Due
MDM007792,2025-10-14,SCH0430,Goyal Rice Mill,Wheat,33.9,KG,1788.0,Paid
MDM003219,2025-04-04,SCH0422,Kumar Supplies,Lentils,33.9,KG,2844.0,Pending
MDM000273,2025-07-30,SCH0323,Goyal Rice Mill,cooking oil,33.9,KG,6540.0,Cleared
MDM002043,2025-10-01,SCH0171,Kumar Supplies,oil,33.9,KG,1794.0,Pending
MDM004764,2026-03-19,SCH0546,sharma & sons,Rice,33.9,KG,2104.0,Cleared
MDM007991,2025-08-27,SCH0470,Sharma Traders,Wheat,33.9,KG,1794.0,Paid
MDM008684,2025-06-08,SCH0432,Kumar General Store,oil,33.9,KG,1794.0,Paid
MDM001087,2025-09-06,SCH0018,goyal mill,sarson tel,33.9,KG,1794.0,Paid
MDM001474,2025-12-26,SCH0213,Singh Brothers,Rice,25.1,KG,1004.0,Paid
MDM007283,2026-03-12,SCH0366,goyal mill,Rice,33.9,KG,1048.0,Pending
MDM009911,2025-07-03,SCH0299,goyal enterprises,Wheat,33.9,KG,1032.0,Paid
MDM009426,2026-03-18,SCH0202,Sharma Traders,sarson tel,33.9,KG,3252.0,Paid
MDM002187,2025-10-09,SCH0132,Sharma Traders,Wheat,41.1,KG,1233.0,Due
MDM004323,2026-01-23,SCH0023,Singh Brothers,Rice,13.0,KG,1794.0,Paid
MDM009731,2025-07-04,SCH0422,singh agro,Rice,33.9,KG,1772.0,Paid
MDM011290,2025-09-19,SCH0281,kumar & co.,Rice,33.9,KG,1794.0,Paid
MDM005832,2026-03-24,SCH0579,goyal mill,Lentils,33.9,KG,3321.0,Paid
MDM010029,2026-03-31,SCH0386,singh agro,Rice,33.9,KG,1152.0,Paid
MDM000499,2025-04-28,SCH0237,Kumar General Store,Wheat,33.9,KG,1302.0,Due
MDM009382,2025-06-02,SCH0197,Sharma Traders,Lentils,50.2,KG,4518.0,Paid
MDM008791,2025-10-12,SCH0392,Kumar General Store,Lentils,48.2,KG,4338.0,Paid
MDM004710,2026-01-24,SCH0015,Sharma Traders,mustard oil,33.9,KG,3372.0,Paid
MDM010028,2026-01-24,SCH0575,Singh Brothers,sarson tel,58.8,KG,7056.0,Due
MDM010306,2025-05-24,SCH0228,sharma & sons,Lentils,33.9,KG,1794.0,Pending
MDM004486,2026-03-12,SCH0165,Goyal Rice Mill,Rice,33.9,KG,1794.0,Paid
MDM011585,2025-04-04,SCH0156,Goyal Rice Mill,atta,33.9,KG,1425.0,Paid
MDM003479,2025-10-16,SCH0260,s. agro works,Rice,33.9,KG,1612.0,Cleared
MDM009427,2025-07-08,SCH0005,Kumar General Store,Wheat,33.9,KG,1707.0,Cleared
MDM003925,2025-11-25,SCH0075,Goyal Rice Mill,Lentils,33.9,KG,1794.0,Cleared
MDM001749,2025-04-14,SCH0238,Sharma Traders,Pulses,33.9,KG,3438.0,Pending
MDM000733,2025-07-27,SCH0435,Kumar Supplies,Pulses,33.9,KG,2457.0,Paid
MDM002554,2025-06-02,SCH0165,goyal mill,sarson tel,33.9,KG,6576.0,Paid
MDM002464,2025-12-07,SCH0337,Sharma Traders,sarson tel,33.9,KG,3420.0,Cleared
MDM007584,2025-10-08,SCH0223,goyal mill,Rice,33.9,KG,1794.0,Pending
MDM009144,2025-11-07,SCH0092,Sharma Traders,cooking oil,33.9,KG,4140.0,Paid
MDM008822,2025-08-31,SCH0183,singh agro,mustard oil,33.9,KG,1296.0,Due
MDM002663,2025-08-28,SCH0182,Kumar General Store,Pulses,33.9,KG,1794.0,Paid
MDM008271,2025-12-28,SCH0164,sharma & sons,cooking oil,33.9,KG,1452.0,Paid
MDM008560,2025-06-01,SCH0505,kumar & co.,Rice,19.8,KG,792.0,Due
MDM003114,2025-08-04,SCH0559,kumar & co.,Rice,33.9,KG,1794.0,Pending
MDM003304,2026-02-21,SCH0308,goyal mill,Wheat,33.9,KG,1794.0,Paid
MDM006251,2025-11-18,SCH0457,kumar & co.,Lentils,33.9,KG,1794.0,Due
MDM001345,2025-05-13,SCH0057,kumar & co.,cooking oil,33.9,KG,1794.0,Pending
MDM010869,2026-02-14,SCH0331,Kumar General Store,cooking oil,33.9,KG,5148.0,Cleared
MDM007817,2025-04-05,SCH0416,goyal enterprises,Pulses,18.4,KG,1794.0,Paid
MDM001691,2025-11-04,SCH0248,singh agro,Wheat,33.9,KG,1794.0,Paid
MDM007701,2025-06-04,SCH0241,Sharma Traders,Rice,33.9,KG,816.0,Due
MDM009016,2025-04-30,SCH0143,Singh Brothers,oil,33.9,KG,5892.0,Paid
MDM005049,2026-03-29,SCH0401,Kumar General Store,Lentils,33.9,KG,5076.0,Cleared
MDM007734,2025-12-02,SCH0317,Sharma Traders,Pulses,33.9,KG,3591.0,Due
MDM008329,2025-05-29,SCH0030,singh agro,Wheat,33.9,KG,1629.0,Pending
MDM003309,2025-11-01,SCH0303,Goyal Rice Mill,Wheat,33.9,KG,1749.0,Due
MDM001505,2025-08-02,SCH0114,Singh Brothers,Pulses,41.6,KG,3744.0,Pending
MDM011305,2026-03-18,SCH0012,Sharma Traders,Rice,33.9,KG,1424.0,Paid
MDM001807,2025-10-27,SCH0213,Sharma Traders,Rice,33.9,KG,1884.0,Due
MDM003872,2026-03-27,SCH0595,Kumar General Store,oil,33.9,KG,5268.0,Due
MDM001289,2026-01-27,SCH0392,Singh Brothers,Wheat,33.9,KG,894.0,Paid
MDM003792,2025-08-11,SCH0184,Kumar Supplies,Wheat,33.9,KG,702.0,Paid
MDM005218,2025-04-04,SCH0134,singh agro,Lentils,33.9,KG,3060.0,Paid
MDM010066,2025-08-12,SCH0476,Singh Brothers,Lentils,33.9,KG,1710.0,Due
MDM011763,2025-04-13,SCH0440,Kumar General Store,Rice,46.0,KG,1794.0,Paid
MDM001068,2025-04-08,SCH0594,kumar & co.,Lentils,33.9,KG,2475.0,Cleared
MDM008622,2025-09-27,SCH0379,kumar & co.,atta,33.9,KG,1794.0,Pending
MDM011730,2025-10-30,SCH0221,Sharma Traders,sarson tel,33.9,KG,3156.0,Paid
MDM001718,2025-05-13,SCH0562,Singh Brothers,Rice,28.2,KG,1128.0,Paid
MDM002697,2025-07-12,SCH0586,goyal enterprises,Wheat,33.9,KG,1284.0,Pending
MDM006452,2025-08-07,SCH0507,Singh Brothers,Wheat,33.9,KG,1665.0,Paid
MDM001849,2025-12-02,SCH0197,Sharma Traders,Rice,46.9,KG,1876.0,Pending
MDM004513,2026-01-24,SCH0443,s. agro works,mustard oil,20.7,KG,2484.0,Paid
MDM009198,2025-07-30,SCH0028,Sharma Traders,cooking oil,33.9,KG,3024.0,Cleared
MDM011409,2025-06-08,SCH0487,Goyal Rice Mill,Pulses,33.9,KG,1251.0,Paid
MDM002432,2025-04-17,SCH0325,singh agro,sarson tel,33.9,KG,2604.0,Paid
MDM011238,2025-11-25,SCH0462,goyal mill,cooking oil,33.9,KG,3708.0,Cleared
MDM004661,2025-12-23,SCH0565,goyal enterprises,Rice,40.7,KG,1628.0,Cleared
MDM006623,2025-12-05,SCH0461,Goyal Rice Mill,cooking oil,33.9,KG,5940.0,Pending
MDM003436,2026-03-17,SCH0448,Singh Brothers,sarson tel,33.9,KG,4404.0,Paid
MDM008374,2025-08-31,SCH0453,Goyal Rice Mill,mustard oil,33.9,KG,1524.0,Paid
MDM007348,2025-12-30,SCH0155,Singh Brothers,Rice,33.9,KG,1794.0,Paid
MDM011588,2025-11-04,SCH0542,Sharma Traders,mustard oil,33.9,KG,3192.0,Cleared
MDM000143,2025-06-17,SCH0030,Sharma Traders,Rice,33.9,KG,1794.0,Paid
MDM008680,2025-04-06,SCH0043,s. agro works,Rice,33.9,KG,1794.0,Paid
MDM005587,2025-09-08,SCH0441,Kumar Supplies,Lentils,33.9,KG,1794.0,Pending
MDM010831,2025-09-27,SCH0114,Kumar General Store,Wheat,33.9,KG,1614.0,Paid
MDM006993,2026-03-29,SCH0149,singh agro,atta,33.9,KG,609.0,Paid
MDM008009,2026-01-20,SCH0089,s. agro works,Lentils,33.9,KG,2115.0,Pending
MDM008340,2025-11-21,SCH0530,singh agro,sarson tel,22.7,KG,1794.0,Pending
MDM006805,2025-08-06,SCH0003,kumar & co.,mustard oil,33.9,KG,4620.0,Paid
MDM006750,2025-08-28,SCH0440,goyal mill,Rice,49.3,KG,1972.0,Paid
MDM006101,2025-12-30,SCH0025,sharma & sons,atta,33.9,KG,1794.0,Paid
MDM005291,2025-10-20,SCH0484,goyal mill,Rice,33.9,KG,1794.0,Pending
MDM008091,2026-02-13,SCH0470,singh agro,Wheat,33.9,KG,1401.0,Due
MDM003410,2025-04-08,SCH0010,Kumar General Store,Rice,33.9,KG,1384.0,Paid
MDM001118,2026-01-26,SCH0551,Kumar General Store,Lentils,33.9,KG,4239.0,Paid
MDM007810,2025-04-20,SCH0376,Goyal Rice Mill,Rice,59.6,KG,2384.0,Pending
MDM001757,2025-09-28,SCH0007,Sharma Traders,Lentils,33.9,KG,1512.0,Cleared
MDM000498,2025-09-16,SCH0237,Singh Brothers,Rice,33.9,KG,2100.0,Cleared
MDM007946,2025-09-08,SCH0239,goyal enterprises,oil,10.3,KG,1794.0,Paid
MDM007955,2025-07-15,SCH0161,Kumar General Store,cooking oil,33.9,KG,2532.0,Paid
MDM000871,2025-08-24,SCH0545,Kumar General Store,Rice,33.9,KG,2364.0,Paid
MDM003358,2025-04-15,SCH0229,Sharma Traders,Lentils,33.9,KG,1989.0,Paid
MDM000913,2025-04-08,SCH0301,Singh Brothers,Wheat,49.6,KG,1794.0,Pending
MDM000722,2025-06-09,SCH0321,s. agro works,Lentils,33.9,KG,3564.0,Paid
MDM002806,2025-08-17,SCH0590,kumar & co.,Wheat,33.9,KG,1794.0,Cleared
MDM000887,2025-06-24,SCH0499,Sharma Traders,mustard oil,33.9,KG,4788.0,Cleared
MDM011864,2025-12-28,SCH0403,Kumar General Store,Rice,33.9,KG,472.0,Cleared
MDM009081,2026-01-25,SCH0143,singh agro,Rice,33.9,KG,2340.0,Paid
MDM010261,2025-05-12,SCH0263,Goyal Rice Mill,oil,33.9,KG,4620.0,Due
MDM009471,2025-01-08,SCH0369,Sharma Traders,Pulses,44.3,KG,3987.0,Due
MDM001521,2025-09-10,SCH0102,Singh Brothers,Rice,33.7,KG,1348.0,Pending
MDM007397,2026-03-25,SCH0480,Kumar General Store,cooking oil,33.9,KG,6420.0,Pending
MDM010740,2025-07-20,SCH0302,kumar & co.,Wheat,33.9,KG,645.0,Pending
MDM002747,2025-11-10,SCH0498,s. agro works,mustard oil,33.9,KG,1794.0,Paid
MDM008441,2026-02-17,SCH0546,goyal mill,Rice,33.9,KG,1794.0,Paid
MDM003546,2025-09-24,SCH0051,Singh Brothers,atta,33.9,KG,450.0,Paid
MDM000315,2025-12-19,SCH0355,goyal mill,Lentils,33.9,KG,1197.0,Pending
MDM001800,2025-05-14,SCH0544,Sharma Traders,atta,33.9,KG,1794.0,Paid
MDM000328,2025-12-22,SCH0249,Sharma Traders,Lentils,33.9,KG,1794.0,Due
MDM003758,2026-01-30,SCH0464,goyal enterprises,Rice,33.9,KG,592.0,Due
MDM009247,2025-10-15,SCH0415,goyal mill,atta,33.9,KG,972.0,Paid
MDM004205,2025-06-11,SCH0313,Sharma Traders,Wheat,56.0,KG,1680.0,Pending
MDM005851,2025-11-03,SCH0066,singh agro,Rice,33.9,KG,1088.0,Pending
MDM006130,2025-11-23,SCH0049,Kumar Supplies,Rice,33.9,KG,964.0,Cleared
MDM005448,2025-08-22,SCH0437,singh agro,mustard oil,33.9,KG,2208.0,Due
MDM003130,2025-07-18,SCH0578,Singh Brothers,Rice,44.9,KG,1796.0,Paid
MDM007441,2026-09-03,SCH0531,Sharma Traders,Rice,19.4,KG,776.0,Due
MDM001997,2025-11-27,SCH0190,goyal mill,Wheat,33.9,KG,732.0,Paid
MDM009186,2025-07-31,SCH0522,goyal enterprises,Lentils,33.9,KG,3924.0,Paid
MDM003969,2025-06-13,SCH0253,singh agro,Lentils,33.9,KG,4743.0,Due
MDM010074,2026-03-23,SCH0446,Kumar Supplies,Wheat,33.9,KG,1794.0,Cleared
MDM010167,2026-01-21,SCH0293,sharma & sons,cooking oil,33.9,KG,7032.0,Paid
MDM001974,2025-12-26,SCH0508,sharma & sons,oil,33.9,KG,1794.0,Cleared
MDM000337,2026-01-19,SCH0036,goyal mill,Lentils,37.1,KG,3339.0,Due
MDM002765,2025-04-17,SCH0550,Kumar General Store,Lentils,17.8,KG,1602.0,Cleared
MDM010120,2026-01-10,SCH0556,s. agro works,Pulses,33.9,KG,1794.0,Paid
MDM000276,2026-02-23,SCH0357,s. agro works,Rice,33.9,KG,1794.0,Paid
MDM002986,2025-12-23,SCH0476,goyal enterprises,Pulses,16.4,KG,1794.0,Due
MDM002687,2025-11-25,SCH0426,goyal mill,cooking oil,33.9,KG,2316.0,Paid
MDM004621,2026-02-22,SCH0310,goyal enterprises,Rice,33.9,KG,1492.0,Paid
MDM006532,2025-11-17,SCH0205,singh agro,Wheat,33.9,KG,1794.0,Cleared
MDM003478,2025-07-11,SCH0299,Sharma Traders,Lentils,33.9,KG,3690.0,Paid
MDM008049,2025-06-06,SCH0508,Sharma Traders,Rice,33.9,KG,1794.0,Cleared
MDM003559,2025-08-31,SCH0390,Singh Brothers,atta,33.9,KG,534.0,Pending
MDM005716,2025-08-04,SCH0282,goyal enterprises,Rice,48.9,KG,1794.0,Cleared
MDM002810,2025-11-30,SCH0092,singh agro,Lentils,33.9,KG,1794.0,Paid
MDM011251,2025-10-28,SCH0040,Sharma Traders,cooking oil,33.9,KG,5076.0,Cleared
MDM004862,2025-04-11,SCH0283,Goyal Rice Mill,Wheat,55.8,KG,1794.0,Paid
MDM002335,2025-08-31,SCH0358,Singh Brothers,sarson tel,33.9,KG,2376.0,Paid
MDM008970,2025-04-28,SCH0507,goyal mill,atta,33.9,KG,1794.0,Pending
MDM005247,2025-06-19,SCH0394,s. agro works,cooking oil,33.9,KG,1680.0,Pending
MDM003417,2025-09-25,SCH0118,goyal enterprises,sarson tel,38.4,KG,1794.0,Cleared
MDM000308,2025-05-19,SCH0126,Kumar General Store,Wheat,33.9,KG,1656.0,Cleared
MDM003909,2025-04-23,SCH0593,Singh Brothers,Wheat,33.9,KG,1794.0,Paid
MDM009393,2025-12-16,SCH0483,sharma & sons,Rice,33.9,KG,1268.0,Paid
MDM000349,2025-08-02,SCH0260,goyal enterprises,Rice,33.9,KG,1880.0,Pending
MDM005919,2026-03-20,SCH0322,Kumar General Store,Lentils,33.9,KG,1197.0,Pending
MDM000827,2025-09-20,SCH0171,Sharma Traders,Rice,33.9,KG,1794.0,Pending
MDM005297,2025-09-25,SCH0120,Kumar Supplies,mustard oil,33.9,KG,1794.0,Due
MDM007244,2025-07-08,SCH0347,Kumar General Store,oil,33.9,KG,1794.0,Paid
MDM011742,2025-08-18,SCH0409,goyal mill,Rice,33.9,KG,1794.0,Paid
MDM009940,2025-11-02,SCH0031,Goyal Rice Mill,cooking oil,33.9,KG,1794.0,Pending
MDM004483,2025-09-13,SCH0051,Sharma Traders,Wheat,33.9,KG,1350.0,Pending
MDM009071,2025-11-16,SCH0057,Kumar Supplies,atta,33.9,KG,747.0,Pending
MDM003683,2025-12-16,SCH0040,goyal mill,Rice,33.9,KG,1072.0,Paid
MDM010057,2025-10-24,SCH0047,sharma & sons,cooking oil,33.9,KG,2472.0,Cleared
MDM010348,2025-07-13,SCH0554,Sharma Traders,Wheat,25.7,KG,771.0,Pending
MDM002054,2026-02-17,SCH0045,Kumar General Store,Wheat,33.9,KG,387.0,Cleared
MDM008261,2025-04-02,SCH0380,kumar & co.,Pulses,42.4,KG,1794.0,Pending
MDM011879,2025-12-19,SCH0423,goyal enterprises,Lentils,33.9,KG,3339.0,Paid
MDM000072,2025-04-08,SCH0514,Sharma Traders,Lentils,33.9,KG,3456.0,Paid
MDM008324,2025-09-12,SCH0113,goyal enterprises,Wheat,33.9,KG,1794.0,Pending
MDM006856,2025-08-05,SCH0325,Kumar Supplies,Lentils,33.9,KG,2358.0,Pending
MDM011235,2025-10-23,SCH0439,goyal mill,Wheat,33.9,KG,1794.0,Paid
MDM011770,2026-03-14,SCH0210,kumar & co.,Wheat,33.9,KG,1782.0,Pending
MDM006752,2025-04-19,SCH0055,Goyal Rice Mill,Lentils,33.9,KG,1794.0,Paid
MDM009366,2025-07-03,SCH0548,Goyal Rice Mill,Wheat,33.9,KG,798.0,Paid
MDM008858,2025-06-07,SCH0111,kumar & co.,Wheat,33.9,KG,1794.0,Paid
MDM010076,2025-12-26,SCH0354,Kumar Supplies,Wheat,33.9,KG,798.0,Due
MDM008306,2026-02-02,SCH0231,kumar & co.,Lentils,22.3,KG,2007.0,Due
MDM005357,2025-04-19,SCH0401,goyal mill,atta,33.9,KG,1413.0,Pending
MDM001667,2025-11-09,SCH0199,Sharma Traders,cooking oil,33.9,KG,3816.0,Pending
MDM007580,2026-03-26,SCH0029,Sharma Traders,Wheat,33.9,KG,1062.0,Paid
MDM005571,2025-12-12,SCH0279,s. agro works,Rice,33.9,KG,1752.0,Due
MDM008795,2025-09-25,SCH0298,s. agro works,Rice,16.9,KG,1794.0,Paid
MDM000053,2026-02-25,SCH0474,Goyal Rice Mill,Lentils,33.9,KG,3096.0,Paid
MDM000220,2025-02-10,SCH0316,singh agro,sarson tel,33.9,KG,5472.0,Paid
MDM006264,2025-08-04,SCH0442,singh agro,atta,29.2,KG,876.0,Due
MDM001446,2025-07-19,SCH0196,goyal enterprises,Wheat,33.9,KG,1794.0,Due
MDM009538,2025-07-27,SCH0050,goyal mill,Lentils,33.9,KG,5247.0,Pending
MDM008402,2026-03-29,SCH0151,Kumar General Store,Lentils,33.9,KG,1656.0,Due
MDM001696,2025-08-29,SCH0564,kumar & co.,Wheat,33.9,KG,984.0,Paid
MDM002893,2025-07-16,SCH0238,s. agro works,sarson tel,33.9,KG,7068.0,Pending
MDM001575,2025-06-10,SCH0280,Kumar Supplies,Rice,33.9,KG,612.0,Pending
MDM009174,2025-12-20,SCH0589,goyal enterprises,Lentils,33.9,KG,1794.0,Paid
MDM003204,2025-09-24,SCH0279,kumar & co.,Wheat,33.9,KG,1794.0,Paid
MDM004406,2025-05-18,SCH0085,Sharma Traders,Lentils,33.1,KG,2979.0,Due
MDM001631,2026-03-21,SCH0097,Kumar General Store,Rice,33.9,KG,832.0,Cleared
MDM010389,2025-11-22,SCH0321,kumar & co.,Rice,33.9,KG,1794.0,Pending
MDM001882,2025-11-29,SCH0452,Kumar Supplies,Pulses,33.9,KG,1794.0,Pending
MDM005113,2025-12-09,SCH0086,singh agro,Rice,33.9,KG,1794.0,Cleared
MDM005709,2026-03-08,SCH0519,Sharma Traders,Wheat,33.9,KG,699.0,Pending
MDM005075,2026-03-02,SCH0222,Sharma Traders,Wheat,33.9,KG,1794.0,Due
MDM005510,2025-10-09,SCH0476,Sharma Traders,Wheat,33.9,KG,456.0,Paid
MDM010899,2025-06-23,SCH0543,kumar & co.,oil,33.9,KG,2352.0,Paid
MDM008375,2026-02-04,SCH0259,Goyal Rice Mill,Lentils,29.2,KG,2628.0,Pending
MDM000849,2025-06-12,SCH0041,Sharma Traders,atta,33.9,KG,1794.0,Paid
MDM002925,2025-11-09,SCH0347,singh agro,oil,33.9,KG,5568.0,Cleared
MDM011582,2025-08-07,SCH0320,kumar & co.,Pulses,33.9,KG,1794.0,Paid
MDM008920,2025-08-21,SCH0403,Singh Brothers,Pulses,33.9,KG,4356.0,Paid
MDM002878,2025-07-06,SCH0192,Sharma Traders,mustard oil,33.9,KG,1794.0,Paid
MDM006368,2025-09-06,SCH0084,kumar & co.,cooking oil,33.9,KG,6300.0,Paid
MDM010001,2026-03-30,SCH0396,goyal enterprises,oil,33.9,KG,1794.0,Due
MDM000187,2025-11-01,SCH0275,sharma & sons,Wheat,33.9,KG,1050.0,Cleared
MDM003780,2025-10-01,SCH0002,Kumar Supplies,atta,33.9,KG,738.0,Pending
MDM001831,2025-06-01,SCH0348,goyal enterprises,Wheat,33.9,KG,1794.0,Pending
MDM007795,2026-01-14,SCH0096,Kumar Supplies,atta,33.9,KG,1575.0,Cleared
MDM002960,2026-01-28,SCH0449,Singh Brothers,Pulses,54.5,KG,4905.0,Pending
MDM007186,2025-04-30,SCH0300,Singh Brothers,Rice,33.9,KG,1808.0,Paid
MDM011414,2025-12-23,SCH0453,s. agro works,Lentils,33.9,KG,3222.0,Paid
MDM009506,2025-08-16,SCH0100,goyal enterprises,Pulses,22.3,KG,1794.0,Cleared
MDM006905,2025-07-21,SCH0152,kumar & co.,sarson tel,33.9,KG,1794.0,Cleared
MDM005447,2025-06-14,SCH0102,Sharma Traders,atta,33.9,KG,1794.0,Cleared
MDM006588,2025-07-23,SCH0097,sharma & sons,Lentils,33.9,KG,1794.0,Paid
MDM001235,2025-11-05,SCH0402,s. agro works,Lentils,33.9,KG,1794.0,Paid
MDM011323,2025-05-18,SCH0455,goyal mill,mustard oil,33.9,KG,5412.0,Paid
MDM010331,2025-12-16,SCH0251,Sharma Traders,atta,33.9,KG,1794.0,Paid
MDM003916,2025-05-07,SCH0003,Kumar General Store,mustard oil,33.9,KG,4584.0,Paid
MDM000447,2025-06-12,SCH0383,singh agro,Wheat,33.9,KG,1794.0,Paid
MDM009490,2025-08-26,SCH0370,Sharma Traders,Rice,33.9,KG,1794.0,Cleared
MDM005840,2025-04-25,SCH0218,goyal mill,atta,33.9,KG,1047.0,Pending
MDM000845,2025-06-16,SCH0100,Goyal Rice Mill,Rice,33.9,KG,1794.0,Due
MDM005202,2025-12-01,SCH0450,Singh Brothers,atta,33.9,KG,438.0,Cleared
MDM010860,2025-05-27,SCH0165,Singh Brothers,Rice,33.9,KG,1794.0,Paid
MDM009775,2026-02-25,SCH0303,Kumar General Store,Rice,46.1,KG,1844.0,Paid
MDM009539,2025-12-21,SCH0431,Sharma Traders,cooking oil,33.9,KG,2808.0,Pending
MDM002441,2025-11-14,SCH0058,sharma & sons,Lentils,33.9,KG,3510.0,Pending
MDM003104,2025-04-05,SCH0173,Sharma Traders,Lentils,33.9,KG,3321.0,Paid
MDM010603,2025-11-12,SCH0160,Sharma Traders,Rice,33.9,KG,2308.0,Due
MDM004775,2025-04-28,SCH0309,goyal mill,Rice,33.9,KG,1748.0,Pending
MDM008423,2025-05-08,SCH0546,Kumar Supplies,Lentils,33.9,KG,1794.0,Due
MDM006975,2025-08-03,SCH0571,goyal enterprises,Lentils,33.9,KG,1152.0,Cleared
MDM006095,2026-01-05,SCH0182,sharma & sons,Lentils,33.9,KG,1794.0,Paid
MDM001295,2026-02-18,SCH0040,singh agro,Wheat,33.9,KG,1794.0,Paid
MDM007794,2025-08-14,SCH0515,singh agro,Wheat,33.9,KG,1011.0,Paid
MDM005519,2025-08-02,SCH0129,goyal enterprises,oil,33.9,KG,2808.0,Cleared
MDM011154,2025-11-11,SCH0004,kumar & co.,sarson tel,33.9,KG,1368.0,Cleared
MDM005068,2025-09-04,SCH0259,goyal enterprises,atta,45.1,KG,1353.0,Paid
MDM003443,2026-01-04,SCH0398,Kumar General Store,Rice,33.9,KG,1794.0,Pending
MDM010425,2025-04-27,SCH0470,goyal mill,Lentils,48.7,KG,1794.0,Pending
MDM009533,2025-11-27,SCH0056,Kumar General Store,Lentils,44.4,KG,3996.0,Due
MDM010291,2025-02-11,SCH0118,Kumar General Store,Wheat,33.9,KG,1794.0,Pending
MDM002838,2025-04-29,SCH0240,Kumar General Store,Wheat,33.9,KG,1794.0,Due
MDM000777,2025-05-08,SCH0493,goyal mill,Wheat,33.9,KG,1752.0,Paid
MDM011473,2025-09-09,SCH0229,Goyal Rice Mill,atta,33.9,KG,1443.0,Paid
MDM006325,2026-03-26,SCH0436,sharma & sons,cooking oil,33.9,KG,3072.0,Paid
MDM002154,2025-07-30,SCH0495,Kumar Supplies,Wheat,26.9,KG,1794.0,Paid
MDM005559,2026-01-26,SCH0016,Kumar General Store,oil,24.0,KG,2880.0,Pending
MDM004921,2025-12-13,SCH0102,s. agro works,Lentils,33.9,KG,1233.0,Paid
MDM010747,2025-11-06,SCH0474,Sharma Traders,Lentils,33.9,KG,1629.0,Pending
MDM008218,2025-07-08,SCH0373,goyal enterprises,Wheat,33.9,KG,1497.0,Paid
MDM011732,2025-11-20,SCH0302,Sharma Traders,Rice,33.9,KG,764.0,Paid
MDM008736,2025-07-27,SCH0171,Goyal Rice Mill,Lentils,33.9,KG,2799.0,Paid
MDM003137,2025-11-23,SCH0590,singh agro,Rice,33.9,KG,1794.0,Pending
MDM010404,2026-02-16,SCH0084,goyal mill,Rice,33.9,KG,1794.0,Pending
MDM005463,2025-07-10,SCH0373,Sharma Traders,Wheat,33.9,KG,1182.0,Due
MDM011595,2026-08-03,SCH0171,Goyal Rice Mill,atta,42.0,KG,1794.0,Paid
MDM010010,2025-06-24,SCH0454,kumar & co.,sarson tel,33.9,KG,4740.0,Pending
MDM003184,2025-11-02,SCH0109,Kumar Supplies,mustard oil,33.9,KG,4188.0,Paid
MDM011969,2025-10-09,SCH0512,goyal mill,Rice,33.9,KG,1696.0,Pending
MDM007523,2025-09-28,SCH0395,Kumar Supplies,Rice,33.9,KG,2252.0,Paid
MDM001944,2025-12-14,SCH0390,sharma & sons,mustard oil,33.9,KG,2124.0,Paid
MDM009827,2025-06-20,SCH0545,kumar & co.,Lentils,33.9,KG,1794.0,Cleared
MDM003200,2025-10-14,SCH0182,Singh Brothers,Lentils,52.4,KG,4716.0,Paid
MDM009371,2026-02-27,SCH0553,Singh Brothers,mustard oil,33.9,KG,6456.0,Pending
MDM001290,2025-09-14,SCH0488,Sharma Traders,Wheat,33.9,KG,1575.0,Pending
MDM004582,2025-07-28,SCH0047,singh agro,Lentils,33.9,KG,1794.0,Due
MDM006336,2025-08-29,SCH0128,Kumar General Store,Lentils,33.9,KG,1794.0,Cleared
MDM002501,2025-08-24,SCH0380,Singh Brothers,Lentils,33.9,KG,1794.0,Due
MDM011754,2025-11-14,SCH0235,sharma & sons,Lentils,33.9,KG,3168.0,Paid
MDM011031,2025-11-14,SCH0196,Sharma Traders,Lentils,33.9,KG,3042.0,Pending
MDM011795,2025-06-26,SCH0419,kumar & co.,Lentils,33.9,KG,1794.0,Pending
MDM009210,2025-11-28,SCH0164,Kumar Supplies,Rice,53.0,KG,2120.0,Cleared
MDM004107,2025-08-27,SCH0205,kumar & co.,Wheat,49.4,KG,1482.0,Paid
MDM007543,2026-01-21,SCH0166,sharma & sons,atta,33.9,KG,1065.0,Paid
MDM004127,2025-12-30,SCH0196,singh agro,Wheat,33.9,KG,1800.0,Pending
MDM010127,2025-06-26,SCH0295,s. agro works,cooking oil,33.9,KG,1680.0,Paid
MDM006934,2025-09-05,SCH0139,Sharma Traders,Wheat,33.9,KG,1317.0,Pending
MDM009958,2025-05-02,SCH0455,sharma & sons,Lentils,33.9,KG,3753.0,Pending
MDM011774,2025-12-19,SCH0143,Sharma Traders,sarson tel,33.9,KG,1794.0,Cleared
MDM003967,2025-11-15,SCH0443,Singh Brothers,oil,33.9,KG,4536.0,Pending
MDM001880,2025-04-19,SCH0190,Goyal Rice Mill,cooking oil,33.9,KG,1794.0,Cleared
MDM011859,2026-02-16,SCH0161,goyal enterprises,Rice,33.9,KG,1696.0,Paid
MDM011486,2025-11-24,SCH0081,s. agro works,Rice,45.1,KG,1804.0,Due
MDM008251,2025-11-07,SCH0083,Goyal Rice Mill,Lentils,33.9,KG,5148.0,Cleared
MDM005458,2025-07-04,SCH0161,goyal mill,Lentils,19.0,KG,1710.0,Pending
MDM007904,2025-07-07,SCH0071,sharma & sons,sarson tel,33.9,KG,1794.0,Pending
MDM003588,2025-04-07,SCH0342,goyal mill,sarson tel,22.2,KG,1794.0,Paid
MDM010859,2026-02-04,SCH0403,Goyal Rice Mill,Lentils,33.9,KG,1989.0,Paid
MDM003866,2026-01-03,SCH0198,goyal enterprises,Rice,24.8,KG,992.0,Paid
MDM002149,2026-03-14,SCH0210,s. agro works,Wheat,33.9,KG,1728.0,Paid
MDM004132,2025-10-03,SCH0227,singh agro,Wheat,34.5,KG,1035.0,Paid
MDM001037,2025-06-21,SCH0423,singh agro,sarson tel,33.9,KG,1794.0,Due
MDM000637,2026-03-28,SCH0502,Sharma Traders,sarson tel,14.1,KG,1794.0,Pending
MDM007217,2025-07-13,SCH0281,Kumar Supplies,cooking oil,33.9,KG,6852.0,Pending
MDM003612,2025-08-15,SCH0423,goyal mill,atta,33.9,KG,990.0,Due
MDM004135,2025-05-01,SCH0560,goyal mill,mustard oil,33.9,KG,6720.0,Paid
MDM000650,2025-08-15,SCH0280,Kumar General Store,Lentils,33.9,KG,5094.0,Pending
MDM001084,2025-12-07,SCH0414,Goyal Rice Mill,Lentils,33.9,KG,1794.0,Paid
MDM006712,2025-05-22,SCH0077,goyal mill,Lentils,33.9,KG,2457.0,Paid
MDM000862,2025-05-28,SCH0086,sharma & sons,Lentils,33.9,KG,4806.0,Cleared
MDM005213,2026-02-17,SCH0538,Singh Brothers,mustard oil,33.9,KG,6816.0,Pending
MDM000904,2026-02-19,SCH0289,Sharma Traders,Pulses,33.9,KG,1404.0,Paid
MDM000192,2025-10-28,SCH0381,Singh Brothers,Wheat,33.9,KG,330.0,Pending
MDM000110,2025-08-24,SCH0510,singh agro,Rice,33.9,KG,1096.0,Paid
MDM006027,2025-12-23,SCH0564,Sharma Traders,Lentils,33.9,KG,3357.0,Cleared
MDM004456,2025-05-15,SCH0335,s. agro works,Wheat,33.9,KG,1041.0,Cleared
MDM001943,2025-11-29,SCH0099,singh agro,Wheat,33.9,KG,1740.0,Paid
MDM004332,2025-11-19,SCH0106,goyal enterprises,mustard oil,57.0,KG,6840.0,Paid
MDM010935,2025-02-12,SCH0205,Kumar Supplies,atta,33.9,KG,1269.0,Paid
MDM010550,2026-01-04,SCH0310,goyal enterprises,Wheat,33.9,KG,453.0,Paid
MDM005928,2025-05-06,SCH0429,kumar & co.,Rice,33.9,KG,956.0,Cleared
MDM002041,2025-10-19,SCH0471,s. agro works,mustard oil,33.9,KG,1794.0,Pending
MDM011869,2025-08-18,SCH0477,singh agro,Rice,34.9,KG,1794.0,Paid
MDM009574,2025-08-03,SCH0132,Kumar Supplies,Rice,33.9,KG,1096.0,Pending
MDM009470,2025-09-15,SCH0266,Kumar Supplies,Rice,33.9,KG,1936.0,Cleared
MDM009183,2025-08-16,SCH0294,Sharma Traders,Wheat,33.9,KG,1701.0,Due
MDM004879,2025-11-09,SCH0394,Singh Brothers,Lentils,33.9,KG,1794.0,Paid
MDM004660,2026-01-14,SCH0581,Goyal Rice Mill,Wheat,33.9,KG,1794.0,Pending
MDM008642,2025-07-27,SCH0143,goyal enterprises,Wheat,33.9,KG,1488.0,Pending
MDM005002,2026-02-14,SCH0153,Kumar Supplies,Wheat,33.9,KG,1533.0,Paid
MDM002776,2025-12-22,SCH0195,Goyal Rice Mill,Lentils,33.9,KG,2015.0,Paid
MDM007526,2025-12-06,SCH0059,kumar & co.,Lentils,33.9,KG,3303.0,Pending
MDM004146,2026-02-11,SCH0132,Kumar Supplies,Pulses,34.8,KG,3132.0,Paid
MDM002324,2026-03-27,SCH0562,goyal enterprises,Lentils,33.9,KG,2853.0,Pending
MDM000763,2025-04-17,SCH0587,Sharma Traders,Rice,33.9,KG,1760.0,Paid
MDM005922,2025-07-28,SCH0427,sharma & sons,cooking oil,33.9,KG,6744.0,Paid
MDM002618,2026-03-07,SCH0200,goyal mill,Rice,33.9,KG,1794.0,Pending
MDM002412,2025-11-06,SCH0228,Singh Brothers,oil,33.9,KG,6036.0,Paid
MDM001095,2025-07-12,SCH0466,Sharma Traders,atta,32.8,KG,1794.0,Pending
MDM006066,2026-03-31,SCH0192,Singh Brothers,oil,33.9,KG,3120.0,Paid
MDM007266,2025-04-27,SCH0001,singh agro,Rice,33.9,KG,1076.0,Cleared
MDM001547,2025-09-29,SCH0150,kumar & co.,Rice,37.8,KG,1512.0,Due
MDM004590,2025-05-17,SCH0020,Kumar Supplies,Lentils,33.9,KG,1794.0,Paid
MDM006035,2025-07-03,SCH0369,Kumar Supplies,Wheat,33.9,KG,1794.0,Paid
MDM011583,2025-04-03,SCH0254,sharma & sons,Rice,33.9,KG,2324.0,Paid
MDM007518,2025-12-26,SCH0063,goyal enterprises,Lentils,33.9,KG,4932.0,Pending
MDM006954,2025-06-20,SCH0553,Sharma Traders,Pulses,33.9,KG,4590.0,Pending
MDM003136,2025-07-09,SCH0554,Goyal Rice Mill,sarson tel,33.9,KG,6348.0,Pending
MDM003857,2025-05-15,SCH0511,sharma & sons,Rice,33.9,KG,1794.0,Due
MDM005041,2026-03-06,SCH0351,Sharma Traders,sarson tel,33.9,KG,6804.0,Cleared
MDM007436,2026-01-28,SCH0122,goyal enterprises,Wheat,13.1,KG,393.0,Pending
MDM011382,2025-12-28,SCH0142,Goyal Rice Mill,Rice,40.7,KG,1794.0,Pending
MDM005429,2026-02-14,SCH0234,Kumar Supplies,atta,33.9,KG,1251.0,Cleared
MDM006524,2026-02-06,SCH0124,Sharma Traders,Rice,33.9,KG,1884.0,Paid
MDM006420,2025-10-15,SCH0056,kumar & co.,Lentils,33.9,KG,2898.0,Cleared
MDM009528,2025-12-05,SCH0456,Goyal Rice Mill,Wheat,33.9,KG,1794.0,Cleared
MDM003806,2025-04-18,SCH0203,Sharma Traders,Lentils,33.9,KG,1794.0,Paid
MDM000885,2026-01-23,SCH0449,Sharma Traders,mustard oil,33.9,KG,5508.0,Paid
MDM002655,2025-10-22,SCH0504,s. agro works,Lentils,33.9,KG,1794.0,Pending
MDM008551,2025-07-09,SCH0064,s. agro works,Rice,33.9,KG,2172.0,Paid
MDM008116,2025-07-05,SCH0375,Goyal Rice Mill,Rice,33.9,KG,2276.0,Paid
MDM008345,2025-07-20,SCH0493,Sharma Traders,Lentils,33.9,KG,2817.0,Paid
MDM006775,2025-10-13,SCH0070,Sharma Traders,Wheat,33.9,KG,1794.0,Paid
MDM010848,2025-11-04,SCH0292,Sharma Traders,Rice,33.9,KG,1794.0,Paid
MDM011392,2025-06-16,SCH0208,s. agro works,Lentils,33.9,KG,3933.0,Pending
MDM000465,2025-10-14,SCH0301,kumar & co.,Rice,33.9,KG,568.0,Due
MDM001258,2025-12-19,SCH0328,kumar & co.,Wheat,33.9,KG,393.0,Paid
MDM009752,2025-05-15,SCH0453,Kumar General Store,Rice,33.9,KG,1260.0,Due
MDM002260,2025-07-06,SCH0178,goyal mill,Lentils,33.9,KG,4401.0,Paid
MDM004275,2025-12-23,SCH0188,Goyal Rice Mill,Rice,33.9,KG,1656.0,Cleared
MDM007075,2025-08-10,SCH0290,Sharma Traders,oil,33.9,KG,1794.0,Pending
MDM005193,2025-12-31,SCH0023,Kumar Supplies,Wheat,33.9,KG,1794.0,Cleared
MDM005631,2025-12-24,SCH0211,Singh Brothers,Wheat,33.9,KG,1794.0,Pending
MDM011972,2025-06-20,SCH0080,singh agro,Wheat,33.9,KG,1224.0,Pending
MDM006232,2025-06-07,SCH0377,Kumar Supplies,oil,33.9,KG,1794.0,Paid
MDM007383,2025-08-24,SCH0367,Goyal Rice Mill,Lentils,33.9,KG,1794.0,Due
MDM005301,2025-11-28,SCH0215,Sharma Traders,atta,33.9,KG,1794.0,Paid
MDM002203,2025-10-30,SCH0448,Goyal Rice Mill,Rice,33.9,KG,1276.0,Pending
MDM011021,2025-04-18,SCH0117,Kumar Supplies,atta,33.9,KG,1515.0,Paid
MDM010203,2025-04-09,SCH0070,goyal mill,sarson tel,33.9,KG,3132.0,Pending
MDM001263,2025-09-12,SCH0163,Kumar General Store,Rice,33.9,KG,1384.0,Paid
MDM010771,2025-10-10,SCH0166,singh agro,Wheat,33.9,KG,1794.0,Pending
MDM007213,2026-02-02,SCH0057,Sharma Traders,sarson tel,33.9,KG,1794.0,Pending
MDM000976,2025-09-29,SCH0368,Sharma Traders,Rice,33.9,KG,1260.0,Paid
MDM008862,2025-08-17,SCH0536,singh agro,Rice,33.9,KG,1794.0,Paid
MDM005867,2026-03-21,SCH0460,goyal mill,Pulses,33.9,KG,900.0,Cleared
MDM004926,2025-12-31,SCH0006,singh agro,cooking oil,33.9,KG,1794.0,Pending
MDM000942,2025-12-28,SCH0219,Singh Brothers,Rice,33.9,KG,1796.0,Pending
MDM005264,2026-02-20,SCH0186,Singh Brothers,oil,33.9,KG,1794.0,Paid
MDM006583,2025-09-22,SCH0397,goyal enterprises,Rice,33.9,KG,1840.0,Paid
MDM004724,2025-07-11,SCH0512,goyal mill,Rice,33.9,KG,1912.0,Paid
MDM002388,2025-10-28,SCH0061,goyal mill,atta,33.9,KG,1794.0,Cleared
MDM009825,2025-09-19,SCH0064,Kumar General Store,oil,33.9,KG,1794.0,Pending
MDM005022,2025-04-19,SCH0496,goyal enterprises,atta,33.9,KG,1794.0,Due
MDM007130,2025-05-30,SCH0139,Goyal Rice Mill,Rice,33.9,KG,796.0,Pending
MDM004392,2025-12-04,SCH0059,Sharma Traders,Lentils,33.9,KG,1794.0,Pending
MDM005149,2026-01-29,SCH0375,singh agro,Lentils,33.9,KG,3321.0,Paid
MDM010324,2025-12-28,SCH0339,kumar & co.,Wheat,33.9,KG,972.0,Cleared
MDM006804,2025-08-02,SCH0254,Sharma Traders,Rice,33.9,KG,1124.0,Paid
MDM003222,2025-05-14,SCH0589,singh agro,Pulses,33.9,KG,1794.0,Paid
MDM003883,2025-08-09,SCH0260,kumar & co.,cooking oil,53.6,KG,6432.0,Cleared
MDM006056,2026-02-14,SCH0141,sharma & sons,Rice,33.9,KG,2352.0,Cleared
MDM011663,2025-07-07,SCH0135,Sharma Traders,Rice,33.9,KG,1794.0,Paid
MDM001611,2025-05-31,SCH0455,singh agro,Pulses,33.9,KG,1926.0,Cleared
MDM010310,2025-04-20,SCH0394,Singh Brothers,Wheat,33.9,KG,1521.0,Pending
MDM008815,2025-10-16,SCH0435,goyal mill,Lentils,33.9,KG,2205.0,Paid
MDM003876,2025-12-11,SCH0119,singh agro,cooking oil,42.7,KG,5124.0,Paid
MDM005954,2025-12-20,SCH0014,Goyal Rice Mill,Lentils,33.9,KG,1116.0,Pending
MDM002790,2025-06-21,SCH0508,Kumar Supplies,sarson tel,25.6,KG,3072.0,Paid
MDM000945,2025-04-28,SCH0190,kumar & co.,Rice,33.9,KG,1812.0,Pending
MDM011000,2025-07-17,SCH0248,goyal enterprises,oil,33.9,KG,3576.0,Paid
MDM001858,2025-09-14,SCH0378,singh agro,Rice,33.9,KG,1794.0,Pending
MDM010711,2025-08-27,SCH0475,Singh Brothers,Wheat,33.9,KG,1794.0,Due
MDM004109,2025-11-15,SCH0237,singh agro,Lentils,33.9,KG,4140.0,Due
MDM005214,2025-10-12,SCH0524,goyal mill,Pulses,33.9,KG,3582.0,Pending
MDM010513,2025-09-01,SCH0338,singh agro,cooking oil,33.9,KG,1740.0,Paid
MDM003256,2026-02-14,SCH0486,Kumar General Store,cooking oil,33.9,KG,6720.0,Pending
MDM007324,2025-12-18,SCH0456,Singh Brothers,atta,33.9,KG,786.0,Paid
MDM002691,2025-07-20,SCH0019,Singh Brothers,Wheat,33.9,KG,1794.0,Pending
MDM008499,2025-08-12,SCH0021,goyal mill,Rice,33.9,KG,1972.0,Cleared
MDM007390,2025-06-19,SCH0592,Kumar Supplies,oil,33.9,KG,5724.0,Pending
MDM004628,2025-12-09,SCH0156,Sharma Traders,Rice,33.9,KG,1508.0,Paid
MDM009225,2025-10-14,SCH0384,Kumar General Store,Lentils,33.9,KG,4293.0,Paid
MDM001320,2025-07-06,SCH0412,Singh Brothers,Lentils,29.5,KG,1794.0,Cleared
MDM011670,2025-05-14,SCH0357,singh agro,Lentils,33.9,KG,1794.0,Due
MDM005163,2026-01-22,SCH0593,Kumar General Store,sarson tel,33.9,KG,6132.0,Due
MDM010034,2026-02-24,SCH0542,Kumar General Store,Lentils,33.9,KG,1794.0,Pending
MDM010415,2025-09-24,SCH0201,sharma & sons,Rice,15.5,KG,620.0,Paid
MDM009223,2025-10-25,SCH0130,Singh Brothers,Lentils,33.9,KG,1683.0,Paid
MDM001136,2026-01-19,SCH0170,goyal enterprises,Rice,33.9,KG,1794.0,Cleared
MDM004530,2025-11-23,SCH0140,Singh Brothers,Lentils,33.9,KG,1269.0,Paid
MDM003476,2025-10-07,SCH0559,Kumar General Store,sarson tel,33.9,KG,1794.0,Pending
MDM003506,2026-03-12,SCH0555,s. agro works,Pulses,42.5,KG,3825.0,Cleared
MDM004750,2025-10-17,SCH0332,Kumar Supplies,sarson tel,33.9,KG,1794.0,Due
MDM002478,2026-01-29,SCH0073,Sharma Traders,Rice,32.8,KG,1312.0,Paid
MDM008304,2025-11-23,SCH0099,Sharma Traders,Rice,57.2,KG,1794.0,Due
MDM008412,2025-07-17,SCH0520,Kumar General Store,Lentils,33.9,KG,3789.0,Cleared
MDM007087,2025-12-28,SCH0005,sharma & sons,mustard oil,33.9,KG,1794.0,Cleared
MDM009105,2025-07-19,SCH0011,Goyal Rice Mill,Wheat,33.9,KG,1794.0,Paid
MDM004502,2026-02-06,SCH0461,Goyal Rice Mill,Lentils,33.9,KG,1794.0,Due
MDM008206,2025-05-02,SCH0242,Kumar Supplies,sarson tel,33.9,KG,1794.0,Pending
MDM006337,2025-04-17,SCH0405,Sharma Traders,Lentils,33.9,KG,1143.0,Cleared
MDM009041,2025-04-05,SCH0313,kumar & co.,oil,37.4,KG,4488.0,Paid
MDM006983,2025-10-11,SCH0137,Kumar Supplies,mustard oil,33.9,KG,4812.0,Due
MDM007232,2025-09-21,SCH0473,singh agro,mustard oil,33.9,KG,3300.0,Paid
MDM009216,2025-12-29,SCH0577,goyal enterprises,Wheat,33.9,KG,1197.0,Paid
MDM001875,2025-04-12,SCH0109,goyal mill,Rice,33.9,KG,2316.0,Pending
MDM011344,2025-06-17,SCH0347,singh agro,Rice,33.9,KG,2132.0,Paid
MDM008100,2025-10-11,SCH0593,Kumar Supplies,Wheat,33.9,KG,1242.0,Pending
MDM011662,2025-06-21,SCH0133,goyal enterprises,cooking oil,33.9,KG,4452.0,Paid
MDM005097,2025-09-13,SCH0461,Singh Brothers,Lentils,33.9,KG,1794.0,Paid
MDM002905,2025-12-26,SCH0372,Singh Brothers,Rice,33.9,KG,1794.0,Paid
MDM007679,2025-12-31,SCH0231,Singh Brothers,oil,33.9,KG,1428.0,Cleared
MDM000571,2025-04-19,SCH0416,Sharma Traders,oil,33.9,KG,1212.0,Paid
MDM001449,2026-03-14,SCH0383,s. agro works,Lentils,33.9,KG,1026.0,Cleared
MDM003415,2025-10-27,SCH0123,singh agro,Wheat,33.9,KG,825.0,Pending
MDM009966,2025-09-05,SCH0283,Kumar Supplies,Lentils,33.9,KG,1794.0,Cleared
MDM000940,2025-12-22,SCH0299,Sharma Traders,Rice,33.9,KG,508.0,Cleared
MDM011617,2025-12-06,SCH0226,kumar & co.,sarson tel,33.9,KG,5340.0,Paid
MDM009037,2025-06-08,SCH0553,s. agro works,Wheat,19.5,KG,585.0,Pending
MDM008819,2026-03-20,SCH0429,kumar & co.,Lentils,33.9,KG,1458.0,Paid
MDM009838,2025-04-10,SCH0360,Kumar General Store,mustard oil,33.9,KG,1794.0,Pending
MDM005842,2026-03-20,SCH0333,kumar & co.,mustard oil,33.9,KG,1260.0,Pending
MDM006838,2026-01-13,SCH0506,Goyal Rice Mill,sarson tel,33.9,KG,1308.0,Paid
MDM009979,2025-12-15,SCH0365,sharma & sons,Wheat,57.6,KG,1794.0,Paid
MDM003227,2025-06-18,SCH0333,Kumar Supplies,Rice,33.9,KG,708.0,Paid
MDM006333,2025-07-14,SCH0274,Kumar Supplies,Lentils,33.9,KG,5058.0,Cleared
MDM003979,2025-09-26,SCH0397,Singh Brothers,Rice,33.9,KG,1656.0,Pending
MDM004384,2025-12-25,SCH0043,Sharma Traders,Wheat,33.9,KG,1455.0,Due
MDM005835,2025-09-27,SCH0505,Singh Brothers,Rice,33.9,KG,1864.0,Paid
MDM009773,2025-07-02,SCH0589,Kumar General Store,Lentils,27.9,KG,2511.0,Paid
MDM009459,2025-07-04,SCH0246,singh agro,Wheat,33.9,KG,567.0,Cleared
MDM007846,2025-09-29,SCH0229,sharma & sons,Rice,33.9,KG,1124.0,Paid
MDM003540,2025-04-08,SCH0569,sharma & sons,atta,33.9,KG,1578.0,Paid
MDM008749,2025-12-18,SCH0115,sharma & sons,Lentils,33.9,KG,2565.0,Cleared
MDM011062,2026-02-12,SCH0510,Singh Brothers,Wheat,24.6,KG,738.0,Paid
MDM010980,2025-08-29,SCH0377,Kumar Supplies,Pulses,33.9,KG,4383.0,Due
MDM005682,2025-10-04,SCH0316,goyal mill,Lentils,33.9,KG,1503.0,Cleared
MDM002828,2025-07-12,SCH0161,kumar & co.,Wheat,33.9,KG,1794.0,Pending
MDM005781,2025-04-22,SCH0318,goyal mill,mustard oil,33.9,KG,1644.0,Pending
MDM003635,2025-04-03,SCH0198,goyal mill,Rice,33.9,KG,1794.0,Paid
MDM004997,2026-01-14,SCH0553,Sharma Traders,atta,33.9,KG,1794.0,Due
MDM001339,2025-04-30,SCH0482,kumar & co.,Wheat,58.9,KG,1767.0,Pending
MDM003263,2025-09-27,SCH0428,singh agro,Pulses,33.9,KG,2997.0,Paid
MDM007877,2025-07-10,SCH0412,Kumar Supplies,Rice,33.9,KG,2132.0,Pending
MDM008934,2025-05-26,SCH0309,kumar & co.,Rice,33.9,KG,936.0,Paid
MDM006839,2025-11-15,SCH0064,singh agro,Lentils,33.9,KG,1794.0,Paid
MDM005090,2025-12-22,SCH0600,Kumar General Store,Wheat,33.9,KG,1158.0,Paid
MDM005742,2025-10-15,SCH0537,sharma & sons,Wheat,43.3,KG,1794.0,Due
MDM000651,2025-12-31,SCH0282,s. agro works,atta,21.7,KG,651.0,Due
MDM006040,2025-07-05,SCH0323,Sharma Traders,Wheat,33.9,KG,1794.0,Paid
MDM002903,2025-06-29,SCH0268,Sharma Traders,Rice,37.0,KG,1480.0,Paid
MDM002259,2025-12-10,SCH0078,goyal enterprises,Lentils,33.9,KG,3213.0,Cleared
MDM005396,2026-03-20,SCH0416,Kumar General Store,Lentils,33.9,KG,1794.0,Due
MDM010789,2025-04-28,SCH0387,kumar & co.,Rice,25.2,KG,1008.0,Paid
MDM007083,2025-10-22,SCH0525,goyal mill,cooking oil,33.9,KG,1794.0,Paid
MDM009613,2026-01-14,SCH0099,singh agro,Lentils,58.2,KG,1794.0,Paid
MDM008757,2026-02-13,SCH0491,sharma & sons,Lentils,33.9,KG,1179.0,Paid
MDM003522,2025-12-17,SCH0475,Goyal Rice Mill,Rice,33.9,KG,1688.0,Pending
MDM002731,2025-07-26,SCH0212,Kumar Supplies,Pulses,33.9,KG,1794.0,Cleared
MDM008380,2025-06-17,SCH0074,Goyal Rice Mill,Wheat,33.9,KG,1617.0,Cleared
MDM004479,2025-10-26,SCH0483,s. agro works,mustard oil,34.6,KG,4152.0,Paid
MDM005661,2025-06-08,SCH0403,Singh Brothers,Lentils,33.9,KG,1794.0,Paid
MDM001597,2025-09-12,SCH0098,sharma & sons,Rice,33.9,KG,1794.0,Paid
MDM000068,2025-05-18,SCH0178,Kumar Supplies,Wheat,33.9,KG,1446.0,Cleared
MDM002585,2025-05-07,SCH0574,Kumar Supplies,Rice,33.9,KG,1440.0,Pending
MDM008696,2025-07-03,SCH0478,Kumar General Store,Wheat,57.0,KG,1794.0,Paid
MDM006282,2026-03-11,SCH0315,Sharma Traders,Wheat,33.9,KG,588.0,Paid
MDM003197,2025-09-29,SCH0591,kumar & co.,cooking oil,33.9,KG,1794.0,Pending
MDM008021,2025-07-25,SCH0473,Sharma Traders,Lentils,33.9,KG,1665.0,Pending
MDM011575,2025-06-05,SCH0002,s. agro works,Lentils,33.9,KG,1794.0,Paid
MDM005328,2026-01-16,SCH0452,goyal enterprises,cooking oil,17.5,KG,1794.0,Due
MDM009791,2025-10-12,SCH0059,singh agro,Rice,45.9,KG,1794.0,Pending
MDM009036,2025-06-05,SCH0056,kumar & co.,sarson tel,33.9,KG,1764.0,Pending
MDM007610,2026-02-15,SCH0259,singh agro,Wheat,33.9,KG,1794.0,Paid
MDM001259,2025-10-29,SCH0159,Kumar Supplies,Rice,33.9,KG,1344.0,Paid
MDM008112,2025-05-28,SCH0120,goyal mill,Wheat,33.9,KG,1794.0,Paid
MDM006351,2025-09-13,SCH0033,Goyal Rice Mill,atta,33.9,KG,1794.0,Pending
MDM007863,2025-10-22,SCH0231,goyal enterprises,atta,33.9,KG,1119.0,Paid
MDM010524,2026-03-11,SCH0347,sharma & sons,Lentils,33.9,KG,1431.0,Paid
MDM007524,2025-12-31,SCH0438,Sharma Traders,Pulses,33.9,KG,2295.0,Pending
MDM000992,2025-11-19,SCH0065,s. agro works,Lentils,33.9,KG,2385.0,Due
MDM003505,2025-06-11,SCH0443,Sharma Traders,Lentils,43.9,KG,3951.0,Paid
MDM000114,2025-09-28,SCH0543,singh agro,Rice,33.9,KG,2096.0,Paid
MDM000920,2025-05-29,SCH0121,kumar & co.,Lentils,33.9,KG,2106.0,Paid
MDM002510,2026-03-01,SCH0468,Sharma Traders,Rice,33.9,KG,1794.0,Paid
MDM011619,2025-04-10,SCH0398,goyal mill,Rice,33.9,KG,1076.0,Paid
MDM000166,2025-09-17,SCH0522,Sharma Traders,sarson tel,54.7,KG,1794.0,Paid
MDM006742,2025-12-17,SCH0528,s. agro works,Rice,33.9,KG,1516.0,Paid
MDM008886,2025-02-08,SCH0333,goyal enterprises,Wheat,33.9,KG,1794.0,Due
MDM010554,2026-01-10,SCH0527,singh agro,Rice,33.9,KG,1794.0,Pending
MDM008935,2025-11-01,SCH0334,singh agro,sarson tel,33.9,KG,1794.0,Paid
MDM004604,2025-11-20,SCH0544,kumar & co.,Rice,14.1,KG,564.0,Due
MDM009098,2025-10-20,SCH0406,Singh Brothers,Wheat,33.9,KG,1794.0,Pending
MDM010505,2025-04-20,SCH0099,s. agro works,Lentils,33.9,KG,4076.0,Paid
MDM000950,2025-09-06,SCH0165,Kumar Supplies,Rice,33.9,KG,1794.0,Pending
MDM004595,2025-08-29,SCH0533,s. agro works,cooking oil,33.9,KG,1794.0,Paid
MDM010021,2025-12-26,SCH0466,goyal enterprises,Rice,33.9,KG,1794.0,Due
MDM003771,2026-02-05,SCH0442,goyal enterprises,Rice,33.9,KG,1100.0,Paid
MDM002507,2025-10-19,SCH0232,Sharma Traders,sarson tel,33.9,KG,1794.0,Pending
MDM005108,2025-10-28,SCH0079,Sharma Traders,oil,33.9,KG,5208.0,Cleared
MDM002851,2026-03-29,SCH0558,Sharma Traders,oil,29.6,KG,3552.0,Paid
MDM006001,2025-06-01,SCH0541,Goyal Rice Mill,Pulses,52.3,KG,4707.0,Due
MDM009004,2026-01-10,SCH0258,Sharma Traders,mustard oil,33.9,KG,4068.0,Paid
MDM009705,2025-12-29,SCH0431,kumar & co.,mustard oil,33.9,KG,1794.0,Paid
MDM010267,2025-06-02,SCH0094,goyal mill,atta,33.9,KG,597.0,Paid
MDM004447,2025-08-20,SCH0503,Kumar Supplies,Lentils,33.9,KG,4680.0,Due
MDM005795,2025-09-30,SCH0270,goyal enterprises,Lentils,33.9,KG,4698.0,Pending
MDM011509,2025-06-28,SCH0541,Sharma Traders,Rice,13.1,KG,1794.0,Cleared
MDM004461,2025-11-17,SCH0081,goyal enterprises,Rice,33.9,KG,1794.0,Due
MDM009233,2025-10-11,SCH0390,Sharma Traders,Wheat,33.9,KG,1794.0,Cleared
MDM002506,2026-01-20,SCH0116,goyal mill,mustard oil,33.9,KG,1794.0,Paid
MDM011707,2025-05-29,SCH0191,sharma & sons,Rice,33.9,KG,980.0,Due
MDM006624,2025-07-04,SCH0206,goyal mill,sarson tel,33.9,KG,1794.0,Cleared
MDM001115,2025-07-08,SCH0434,Kumar General Store,Wheat,33.9,KG,1794.0,Cleared
MDM006943,2026-02-03,SCH0132,Sharma Traders,Rice,33.9,KG,1794.0,Pending
MDM010361,2026-03-26,SCH0018,Kumar Supplies,atta,33.9,KG,1794.0,Pending
MDM000299,2026-01-19,SCH0490,singh agro,Lentils,33.9,KG,1794.0,Pending
MDM001676,2025-06-30,SCH0149,singh agro,atta,33.9,KG,1794.0,Cleared
MDM003348,2025-05-23,SCH0246,goyal enterprises,Rice,33.9,KG,812.0,Paid
MDM006171,2025-09-24,SCH0456,Kumar Supplies,Rice,33.9,KG,1794.0,Paid
MDM002736,2025-04-11,SCH0547,Kumar Supplies,cooking oil,33.9,KG,3204.0,Due
MDM005670,2025-07-18,SCH0442,Singh Brothers,Lentils,33.9,KG,1794.0,Paid
MDM010216,2025-10-11,SCH0474,singh agro,Rice,33.9,KG,1180.0,Cleared
MDM004989,2025-10-04,SCH0519,goyal enterprises,Lentils,33.9,KG,2907.0,Paid
MDM011194,2025-10-02,SCH0122,Kumar General Store,oil,33.9,KG,1668.0,Paid
MDM002379,2025-11-14,SCH0575,kumar & co.,oil,33.9,KG,3228.0,Paid
MDM007432,2025-08-26,SCH0141,Kumar General Store,cooking oil,33.9,KG,1584.0,Due
MDM007426,2025-07-01,SCH0037,s. agro works,Lentils,36.8,KG,3312.0,Cleared
MDM008595,2025-07-31,SCH0393,kumar & co.,Pulses,33.9,KG,1794.0,Paid
MDM004326,2025-08-18,SCH0111,Sharma Traders,Wheat,33.9,KG,1794.0,Paid
MDM004173,2025-05-26,SCH0173,Kumar General Store,Rice,33.9,KG,1794.0,Due
MDM008627,2026-03-10,SCH0075,s. agro works,Lentils,33.9,KG,1794.0,Pending
MDM004551,2026-03-31,SCH0531,Sharma Traders,Lentils,33.9,KG,4644.0,Cleared
MDM008093,2026-02-14,SCH0220,goyal mill,Rice,41.3,KG,1652.0,Paid
MDM007935,2025-09-29,SCH0436,Goyal Rice Mill,Lentils,33.9,KG,5040.0,Paid
MDM007912,2025-12-14,SCH0179,Kumar General Store,Lentils,33.9,KG,5193.0,Paid
MDM003576,2025-04-29,SCH0226,s. agro works,Lentils,33.9,KG,1794.0,Paid
MDM008870,2025-06-13,SCH0461,Kumar Supplies,Lentils,33.9,KG,5022.0,Due
MDM009887,2025-07-06,SCH0105,kumar & co.,oil,13.7,KG,1644.0,Due
MDM002104,2025-06-30,SCH0236,Sharma Traders,Wheat,33.9,KG,1794.0,Paid
MDM005337,2026-01-22,SCH0394,Kumar General Store,Lentils,33.9,KG,1794.0,Pending
MDM008545,2026-02-17,SCH0264,Kumar General Store,Rice,33.9,KG,1672.0,Paid
MDM003760,2025-09-10,SCH0599,Kumar General Store,mustard oil,33.9,KG,1668.0,Paid
MDM010620,2025-04-15,SCH0425,kumar & co.,Lentils,33.9,KG,1794.0,Paid
MDM001838,2025-04-14,SCH0285,s. agro works,Wheat,33.9,KG,1794.0,Due
MDM011128,2025-08-23,SCH0325,Kumar Supplies,Rice,33.9,KG,900.0,Due
MDM010262,2025-08-19,SCH0402,kumar & co.,cooking oil,33.9,KG,7176.0,Paid
MDM011684,2025-05-31,SCH0060,Sharma Traders,Rice,33.9,KG,2324.0,Pending
MDM005711,2025-04-14,SCH0217,Kumar General Store,oil,33.9,KG,1794.0,Paid
MDM010043,2025-08-24,SCH0555,Kumar General Store,Rice,33.9,KG,1794.0,Cleared
MDM000608,2025-09-02,SCH0416,Sharma Traders,Pulses,33.9,KG,1746.0,Cleared
MDM004501,2025-06-25,SCH0297,Sharma Traders,oil,33.9,KG,3024.0,Pending
MDM007037,2025-12-31,SCH0367,kumar & co.,sarson tel,33.9,KG,4284.0,Due
MDM001094,2025-08-29,SCH0173,Sharma Traders,Rice,33.9,KG,1772.0,Due
MDM008264,2025-08-01,SCH0590,Goyal Rice Mill,Wheat,33.9,KG,1794.0,Cleared
MDM006719,2026-03-07,SCH0368,Sharma Traders,Lentils,33.9,KG,5355.0,Paid
MDM011066,2025-06-17,SCH0104,goyal mill,atta,33.9,KG,1452.0,Cleared
MDM004488,2025-07-28,SCH0087,Sharma Traders,Lentils,33.9,KG,1908.0,Paid
MDM007708,2025-08-28,SCH0115,s. agro works,Wheat,33.9,KG,990.0,Paid
MDM000161,2025-11-27,SCH0044,sharma & sons,Wheat,33.9,KG,1794.0,Paid
MDM000204,2025-08-10,SCH0028,Kumar General Store,Lentils,24.4,KG,1794.0,Cleared
MDM006484,2025-06-24,SCH0147,Sharma Traders,oil,33.9,KG,1794.0,Pending
MDM003941,2025-09-25,SCH0599,Goyal Rice Mill,Pulses,33.9,KG,3321.0,Paid
MDM011111,2026-01-20,SCH0148,Sharma Traders,atta,40.8,KG,1224.0,Paid
MDM006104,2026-05-02,SCH0295,singh agro,Wheat,33.9,KG,1470.0,Pending
MDM004934,2025-07-09,SCH0587,goyal enterprises,oil,33.9,KG,5640.0,Cleared
MDM002935,2025-08-30,SCH0110,singh agro,cooking oil,33.9,KG,2724.0,Paid
MDM001815,2025-10-07,SCH0190,Sharma Traders,Wheat,58.0,KG,1740.0,Paid
MDM007648,2026-01-09,SCH0263,Kumar General Store,Rice,20.4,KG,816.0,Paid
MDM002436,2026-01-15,SCH0348,Sharma Traders,Rice,33.9,KG,1784.0,Paid
MDM001231,2026-03-20,SCH0095,Kumar General Store,oil,33.9,KG,6372.0,Paid
MDM010719,2026-03-24,SCH0447,kumar & co.,cooking oil,33.9,KG,6852.0,Cleared
MDM009771,2025-09-11,SCH0252,s. agro works,Wheat,33.9,KG,1794.0,Paid
MDM003047,2025-10-05,SCH0436,Kumar General Store,Lentils,33.9,KG,1794.0,Paid
MDM005706,2025-11-06,SCH0098,Sharma Traders,Rice,33.9,KG,1794.0,Pending
MDM007958,2025-12-30,SCH0534,Kumar Supplies,Lentils,33.9,KG,1794.0,Cleared
MDM011935,2026-03-22,SCH0469,goyal enterprises,Wheat,33.9,KG,1794.0,Due
MDM002916,2025-09-03,SCH0190,s. agro works,cooking oil,33.9,KG,3252.0,Cleared
MDM011207,2025-04-14,SCH0475,Sharma Traders,oil,33.9,KG,6672.0,Cleared
MDM007949,2025-05-26,SCH0468,Kumar Supplies,Rice,33.9,KG,2076.0,Pending
MDM009396,2025-10-25,SCH0559,Singh Brothers,mustard oil,33.9,KG,5988.0,Pending
MDM007546,2026-03-22,SCH0386,Kumar General Store,Lentils,33.9,KG,2106.0,Paid
MDM003989,2026-03-03,SCH0569,Sharma Traders,oil,33.9,KG,1794.0,Pending
MDM004252,2025-08-28,SCH0213,goyal mill,Wheat,33.9,KG,399.0,Pending
MDM006112,2025-09-29,SCH0198,kumar & co.,Rice,33.9,KG,1794.0,Paid
MDM006829,2025-06-19,SCH0434,sharma & sons,Wheat,33.9,KG,903.0,Paid
MDM009529,2025-04-19,SCH0290,Kumar General Store,mustard oil,33.9,KG,1860.0,Paid
MDM009524,2025-06-04,SCH0377,kumar & co.,Wheat,33.9,KG,1521.0,Paid
MDM006205,2026-01-07,SCH0275,s. agro works,Rice,33.9,KG,2276.0,Due
MDM003294,2025-07-03,SCH0095,Kumar General Store,mustard oil,33.9,KG,6648.0,Due
MDM004035,2025-02-05,SCH0399,Kumar General Store,cooking oil,33.9,KG,1794.0,Due
MDM002726,2026-03-15,SCH0048,Sharma Traders,Lentils,33.9,KG,1116.0,Pending
MDM004291,2025-10-07,SCH0367,singh agro,Pulses,33.9,KG,1794.0,Due
MDM004335,2026-01-02,SCH0229,Kumar Supplies,sarson tel,33.9,KG,1794.0,Paid
MDM002553,2025-04-09,SCH0226,s. agro works,Rice,33.9,KG,1794.0,Paid
MDM003878,2026-03-02,SCH0091,Kumar Supplies,Rice,33.9,KG,1260.0,Paid
MDM006206,2025-04-14,SCH0316,Kumar Supplies,Rice,33.9,KG,2340.0,Due
MDM000384,2025-08-08,SCH0315,sharma & sons,Rice,33.9,KG,2084.0,Pending
MDM008407,2025-07-23,SCH0181,s. agro works,cooking oil,33.9,KG,1794.0,Paid
MDM006880,2026-02-05,SCH0212,Singh Brothers,Pulses,33.9,KG,3753.0,Cleared
MDM007486,2025-04-12,SCH0383,Kumar General Store,Lentils,33.9,KG,4950.0,Paid
MDM004754,2025-07-03,SCH0022,Singh Brothers,Lentils,33.9,KG,1794.0,Due
MDM004887,2026-02-15,SCH0487,Kumar Supplies,Lentils,33.9,KG,3267.0,Paid
MDM000858,2026-03-05,SCH0548,Kumar Supplies,cooking oil,33.9,KG,3804.0,Paid
MDM000371,2026-01-19,SCH0525,Kumar General Store,Lentils,33.9,KG,2664.0,Pending
MDM006540,2025-06-14,SCH0506,goyal enterprises,oil,33.9,KG,3912.0,Pending
MDM002562,2025-09-22,SCH0147,Kumar Supplies,Pulses,33.9,KG,2538.0,Cleared
MDM003802,2026-02-02,SCH0246,goyal enterprises,sarson tel,33.9,KG,1584.0,Paid
MDM005456,2025-11-11,SCH0151,goyal enterprises,oil,12.5,KG,1794.0,Paid
MDM008383,2026-03-20,SCH0019,Kumar General Store,Rice,33.9,KG,2316.0,Cleared
MDM006860,2025-10-30,SCH0103,Kumar Supplies,Pulses,33.9,KG,4383.0,Paid
MDM008424,2026-03-04,SCH0509,Kumar General Store,Wheat,33.9,KG,669.0,Paid
MDM010722,2025-05-28,SCH0121,Sharma Traders,Lentils,35.4,KG,3186.0,Paid
MDM011865,2026-03-15,SCH0028,Kumar General Store,Rice,37.0,KG,1794.0,Paid
MDM005945,2025-10-09,SCH0376,Sharma Traders,Wheat,33.9,KG,1071.0,Paid
MDM000616,2025-07-03,SCH0544,Kumar Supplies,cooking oil,49.8,KG,5976.0,Due
MDM002576,2025-08-22,SCH0509,goyal enterprises,Wheat,33.9,KG,759.0,Due
MDM000054,2025-07-26,SCH0121,s. agro works,Lentils,33.9,KG,1044.0,Due
MDM008827,2025-08-10,SCH0221,Kumar Supplies,mustard oil,33.9,KG,1788.0,Pending
MDM003341,2025-11-18,SCH0232,Singh Brothers,Wheat,33.9,KG,843.0,Paid
MDM009378,2026-01-25,SCH0152,goyal enterprises,Wheat,33.9,KG,1149.0,Pending
MDM011184,2025-06-12,SCH0246,kumar & co.,Wheat,33.9,KG,1794.0,Cleared
MDM009974,2025-06-20,SCH0315,Singh Brothers,sarson tel,33.9,KG,1794.0,Cleared
MDM008290,2025-06-26,SCH0040,Sharma Traders,Wheat,33.9,KG,1788.0,Paid
MDM005877,2025-09-10,SCH0130,Singh Brothers,Wheat,33.9,KG,1434.0,Paid
MDM008413,2025-10-28,SCH0071,goyal mill,Wheat,33.9,KG,1776.0,Paid
MDM001813,2025-11-20,SCH0166,goyal mill,Lentils,33.9,KG,3051.0,Paid
MDM000991,2026-03-24,SCH0471,Kumar Supplies,Wheat,33.9,KG,594.0,Due
MDM008583,2026-03-01,SCH0287,Sharma Traders,Lentils,33.9,KG,1794.0,Pending
MDM010364,2026-01-23,SCH0475,Sharma Traders,Wheat,43.7,KG,1311.0,Due
MDM002943,2026-01-04,SCH0211,singh agro,Rice,33.9,KG,1794.0,Due
MDM003164,2026-03-26,SCH0263,Singh Brothers,Pulses,33.9,KG,1368.0,Pending
MDM004679,2025-11-15,SCH0002,Singh Brothers,Pulses,33.9,KG,1692.0,Pending
MDM002619,2026-03-03,SCH0565,kumar & co.,oil,33.9,KG,3528.0,Paid
MDM003613,2026-01-09,SCH0099,Kumar Supplies,sarson tel,33.9,KG,2412.0,Paid
MDM007872,2026-02-26,SCH0064,goyal enterprises,Pulses,33.9,KG,3303.0,Paid
MDM009884,2025-10-15,SCH0351,Kumar Supplies,cooking oil,33.9,KG,4176.0,Pending
MDM003793,2025-06-23,SCH0361,Sharma Traders,Wheat,33.9,KG,1518.0,Pending
MDM011025,2026-12-02,SCH0269,Sharma Traders,mustard oil,33.9,KG,5040.0,Due
MDM003440,2025-05-17,SCH0516,Goyal Rice Mill,Wheat,33.9,KG,1794.0,Paid
MDM001893,2025-04-20,SCH0479,Goyal Rice Mill,Wheat,33.9,KG,1794.0,Cleared
MDM011913,2025-08-30,SCH0175,goyal enterprises,Rice,33.9,KG,1794.0,Due
MDM011521,2026-06-02,SCH0130,sharma & sons,oil,33.9,KG,5124.0,Pending
MDM005256,2025-06-25,SCH0079,goyal enterprises,Wheat,33.9,KG,921.0,Due
MDM005168,2026-02-02,SCH0485,kumar & co.,Wheat,33.9,KG,1794.0,Pending
MDM006461,2026-01-29,SCH0184,singh agro,Rice,33.9,KG,532.0,Paid
MDM001506,2025-06-07,SCH0334,goyal enterprises,Pulses,52.2,KG,4698.0,Due
MDM011675,2025-09-18,SCH0592,goyal enterprises,Wheat,33.9,KG,870.0,Paid
MDM000671,2025-11-23,SCH0238,Kumar General Store,Lentils,33.9,KG,3915.0,Pending
MDM000898,2025-08-31,SCH0341,kumar & co.,Pulses,33.9,KG,4176.0,Paid
MDM003307,2025-04-22,SCH0592,kumar & co.,Lentils,33.9,KG,1206.0,Pending
MDM008027,2025-09-20,SCH0134,Singh Brothers,Rice,33.9,KG,2096.0,Cleared
MDM006240,2025-04-04,SCH0320,Singh Brothers,oil,33.9,KG,2460.0,Cleared
MDM002891,2025-12-24,SCH0190,kumar & co.,Rice,33.9,KG,1732.0,Cleared
MDM006004,2025-12-04,SCH0423,goyal enterprises,Wheat,33.9,KG,1470.0,Due
MDM007740,2025-09-12,SCH0302,Sharma Traders,Wheat,33.9,KG,1794.0,Paid
MDM009430,2026-01-04,SCH0195,Singh Brothers,Lentils,33.9,KG,1683.0,Paid
MDM011018,2026-01-01,SCH0595,Singh Brothers,Rice,24.9,KG,996.0,Pending
MDM000003,2025-04-10,SCH0326,Goyal Rice Mill,Lentils,33.9,KG,1794.0,Paid
MDM010502,2025-08-21,SCH0173,goyal mill,Rice,33.9,KG,1452.0,Paid
MDM006080,2025-11-12,SCH0030,Goyal Rice Mill,Lentils,38.9,KG,1794.0,Paid
MDM000532,2026-01-16,SCH0545,singh agro,oil,33.9,KG,7200.0,Cleared
MDM010651,2026-03-19,SCH0111,Goyal Rice Mill,Lentils,54.6,KG,4914.0,Paid
MDM008182,2025-07-25,SCH0149,Singh Brothers,oil,33.9,KG,5304.0,Paid
MDM010687,2026-02-07,SCH0290,kumar & co.,Wheat,33.9,KG,1794.0,Paid
MDM006477,2025-01-11,SCH0071,goyal mill,Wheat,33.9,KG,1794.0,Pending
MDM011011,2025-06-11,SCH0465,kumar & co.,Rice,33.9,KG,1204.0,Cleared
MDM010466,2025-10-18,SCH0469,sharma & sons,Wheat,33.9,KG,1794.0,Paid
MDM003407,2025-07-04,SCH0036,Sharma Traders,Rice,33.9,KG,1476.0,Due
MDM005992,2025-12-07,SCH0468,sharma & sons,Rice,33.9,KG,2004.0,Pending
MDM006329,2025-06-07,SCH0553,Singh Brothers,Rice,33.9,KG,2068.0,Pending
MDM008569,2025-08-10,SCH0355,kumar & co.,mustard oil,33.9,KG,1794.0,Pending
MDM002566,2025-10-17,SCH0366,sharma & sons,Rice,51.0,KG,1794.0,Pending
MDM002582,2025-05-24,SCH0292,Kumar General Store,Lentils,33.9,KG,1794.0,Paid
MDM010097,2025-07-30,SCH0518,sharma & sons,Rice,33.9,KG,2112.0,Paid
MDM002608,2026-02-27,SCH0153,Kumar Supplies,mustard oil,33.9,KG,6108.0,Paid
MDM011701,2025-10-09,SCH0526,Singh Brothers,cooking oil,33.9,KG,3732.0,Pending
MDM002105,2026-02-24,SCH0378,Sharma Traders,Lentils,33.9,KG,1116.0,Pending
MDM011482,2025-06-13,SCH0418,goyal enterprises,Rice,33.9,KG,704.0,Paid
MDM008825,2025-07-01,SCH0520,Sharma Traders,mustard oil,33.9,KG,1794.0,Paid
MDM011299,2025-07-15,SCH0136,Kumar Supplies,Wheat,33.9,KG,411.0,Paid
MDM004995,2025-09-24,SCH0175,singh agro,sarson tel,33.9,KG,5652.0,Paid
MDM009257,2026-03-14,SCH0033,goyal mill,Lentils,33.9,KG,3654.0,Paid
MDM005058,2025-07-23,SCH0276,Goyal Rice Mill,sarson tel,33.9,KG,3996.0,Paid
MDM000659,2025-12-12,SCH0118,Sharma Traders,atta,33.9,KG,426.0,Due
MDM004435,2025-05-30,SCH0064,Goyal Rice Mill,Pulses,33.9,KG,3915.0,Paid
MDM011733,2025-06-02,SCH0287,goyal mill,Wheat,33.9,KG,918.0,Due
MDM003817,2025-06-01,SCH0445,Sharma Traders,oil,47.8,KG,1794.0,Paid
MDM006774,2025-08-22,SCH0052,s. agro works,oil,49.4,KG,5928.0,Pending
MDM011643,2025-07-14,SCH0350,Sharma Traders,Wheat,33.9,KG,573.0,Paid
MDM007261,2025-07-24,SCH0330,singh agro,Wheat,13.9,KG,417.0,Paid
MDM003905,2025-04-13,SCH0044,goyal enterprises,Wheat,33.9,KG,588.0,Paid
MDM010993,2026-03-03,SCH0309,singh agro,Wheat,33.9,KG,1794.0,Pending
MDM006812,2025-08-14,SCH0288,Kumar General Store,Lentils,33.9,KG,1794.0,Cleared
MDM008917,2025-10-12,SCH0186,Sharma Traders,Pulses,33.9,KG,2160.0,Paid
MDM003701,2025-08-28,SCH0018,sharma & sons,Wheat,33.9,KG,1029.0,Cleared
MDM009446,2025-05-25,SCH0196,Goyal Rice Mill,Wheat,33.9,KG,1092.0,Pending
MDM001789,2025-07-25,SCH0523,Sharma Traders,Wheat,33.9,KG,1794.0,Paid
MDM006315,2025-12-15,SCH0287,Kumar Supplies,sarson tel,33.9,KG,6360.0,Cleared
MDM003646,2026-01-14,SCH0359,goyal mill,mustard oil,33.9,KG,3384.0,Paid
MDM001777,2025-04-08,SCH0415,Kumar General Store,Wheat,41.8,KG,1794.0,Cleared
MDM000193,2025-09-25,SCH0010,Sharma Traders,Lentils,33.9,KG,1794.0,Paid
MDM008471,2025-04-20,SCH0582,Kumar Supplies,Wheat,33.9,KG,1029.0,Paid
MDM010624,2025-08-10,SCH0079,Singh Brothers,Lentils,33.9,KG,1794.0,Paid
MDM005389,2025-07-26,SCH0280,sharma & sons,Wheat,33.9,KG,1320.0,Pending
MDM008510,2025-07-03,SCH0339,singh agro,Wheat,33.9,KG,1794.0,Paid
MDM004952,2026-01-01,SCH0365,Singh Brothers,Lentils,41.9,KG,3771.0,Pending
MDM002688,2025-09-04,SCH0203,Kumar General Store,Wheat,33.9,KG,405.0,Paid
MDM004391,2025-11-21,SCH0041,goyal enterprises,Wheat,15.0,KG,450.0,Paid
MDM004928,2026-01-30,SCH0279,Kumar Supplies,Rice,33.9,KG,1794.0,Paid
MDM005553,2026-03-30,SCH0364,goyal mill,mustard oil,48.6,KG,5832.0,Paid
MDM010773,2025-07-06,SCH0058,singh agro,Rice,26.4,KG,1056.0,Paid
MDM000239,2025-07-01,SCH0543,sharma & sons,cooking oil,33.9,KG,3504.0,Paid
MDM011443,2025-09-10,SCH0457,Kumar Supplies,cooking oil,33.9,KG,4092.0,Cleared
MDM008467,2025-07-07,SCH0437,sharma & sons,Rice,33.9,KG,1794.0,Cleared
MDM006902,2025-11-30,SCH0582,singh agro,Rice,29.0,KG,1160.0,Pending
MDM009051,2025-11-18,SCH0442,Singh Brothers,Pulses,25.6,KG,2304.0,Paid
MDM008951,2026-01-30,SCH0573,Sharma Traders,sarson tel,33.9,KG,1794.0,Pending
MDM005098,2025-08-23,SCH0178,goyal enterprises,cooking oil,35.6,KG,1794.0,Paid
MDM008949,2026-03-21,SCH0298,Kumar Supplies,Rice,33.9,KG,1872.0,Paid
MDM009232,2025-04-16,SCH0112,s. agro works,Rice,33.9,KG,880.0,Pending
MDM008662,2025-11-06,SCH0600,sharma & sons,sarson tel,33.9,KG,3660.0,Paid
MDM003553,2025-04-27,SCH0171,Singh Brothers,Rice,33.9,KG,972.0,Paid
MDM003361,2026-02-12,SCH0293,goyal mill,Rice,45.3,KG,1794.0,Paid
MDM005629,2026-01-17,SCH0120,s. agro works,sarson tel,33.9,KG,3240.0,Paid
MDM007752,2025-04-16,SCH0031,Kumar Supplies,Rice,33.9,KG,576.0,Pending
MDM005784,2026-03-08,SCH0108,Sharma Traders,Wheat,33.9,KG,1794.0,Paid
MDM004508,2025-10-12,SCH0397,singh agro,Rice,33.9,KG,1504.0,Paid
MDM010440,2025-12-20,SCH0574,Sharma Traders,Rice,33.9,KG,1220.0,Pending
MDM000147,2025-09-18,SCH0120,kumar & co.,Rice,33.9,KG,1794.0,Paid
MDM010845,2025-04-03,SCH0382,kumar & co.,Rice,33.9,KG,1676.0,Due
MDM002295,2025-10-13,SCH0038,singh agro,Rice,33.9,KG,1252.0,Paid
MDM007179,2025-09-03,SCH0029,Goyal Rice Mill,Lentils,33.9,KG,3384.0,Cleared
MDM011784,2025-04-25,SCH0081,kumar & co.,Wheat,23.8,KG,1794.0,Paid
MDM008898,2026-01-30,SCH0388,Goyal Rice Mill,Rice,55.7,KG,1794.0,Pending
MDM011708,2026-02-26,SCH0100,Goyal Rice Mill,oil,33.9,KG,1404.0,Paid
MDM010256,2026-03-15,SCH0186,Sharma Traders,Lentils,46.6,KG,4194.0,Paid
MDM007082,2025-10-02,SCH0104,goyal mill,oil,28.6,KG,1794.0,Paid
MDM004734,2026-01-15,SCH0186,Kumar General Store,oil,33.9,KG,1794.0,Due
MDM004385,2026-02-08,SCH0247,Sharma Traders,mustard oil,33.9,KG,4032.0,Pending
MDM008479,2025-12-28,SCH0565,s. agro works,Wheat,33.9,KG,945.0,Pending
MDM004546,2025-07-01,SCH0012,Singh Brothers,Lentils,33.9,KG,1404.0,Paid
MDM000597,2025-10-26,SCH0395,kumar & co.,Wheat,33.9,KG,1761.0,Cleared
MDM011467,2026-01-05,SCH0504,Singh Brothers,Rice,58.7,KG,1794.0,Paid
MDM008710,2026-02-15,SCH0226,Kumar Supplies,atta,33.9,KG,1794.0,Paid
MDM005165,2025-05-12,SCH0002,goyal enterprises,Rice,33.9,KG,1794.0,Pending
MDM011291,2025-06-07,SCH0390,Kumar General Store,Rice,33.9,KG,1794.0,Paid
MDM001648,2025-05-29,SCH0290,goyal enterprises,Lentils,33.9,KG,1794.0,Pending
MDM006816,2025-07-29,SCH0526,Goyal Rice Mill,Wheat,33.9,KG,600.0,Paid
MDM002701,2025-12-18,SCH0577,goyal enterprises,atta,49.8,KG,1494.0,Pending
MDM001701,2026-03-19,SCH0147,Singh Brothers,oil,33.9,KG,1296.0,Paid
MDM002774,2025-11-26,SCH0182,goyal enterprises,Rice,33.9,KG,2248.0,Pending
MDM006969,2025-10-20,SCH0074,s. agro works,Rice,33.9,KG,1794.0,Cleared
MDM008144,2025-07-05,SCH0038,Kumar Supplies,Wheat,33.9,KG,519.0,Paid
MDM006220,2025-07-28,SCH0105,Singh Brothers,cooking oil,33.9,KG,5160.0,Cleared
MDM000087,2026-02-16,SCH0066,Kumar Supplies,Rice,13.6,KG,544.0,Pending
MDM010131,2026-01-16,SCH0159,kumar & co.,sarson tel,33.9,KG,4080.0,Pending
MDM010133,2025-07-24,SCH0162,Kumar Supplies,Lentils,33.9,KG,1794.0,Due
MDM010812,2025-12-07,SCH0571,Kumar General Store,Wheat,33.9,KG,1731.0,Pending
MDM002595,2025-04-10,SCH0354,goyal mill,atta,33.9,KG,1173.0,Cleared
MDM001030,2026-04-02,SCH0176,Kumar Supplies,Pulses,53.7,KG,1794.0,Cleared
MDM000137,2025-04-16,SCH0136,Kumar Supplies,cooking oil,33.9,KG,1794.0,Paid
MDM006973,2025-10-27,SCH0156,s. agro works,Wheat,33.9,KG,1008.0,Pending
MDM007025,2025-10-31,SCH0445,goyal enterprises,atta,33.9,KG,1794.0,Paid
MDM002855,2025-08-24,SCH0471,kumar & co.,Rice,32.0,KG,1280.0,Pending
MDM001201,2026-03-28,SCH0142,sharma & sons,Lentils,33.3,KG,1794.0,Paid
MDM006122,2025-05-31,SCH0491,kumar & co.,Lentils,33.9,KG,5121.0,Cleared
MDM009526,2025-01-07,SCH0504,Sharma Traders,atta,33.9,KG,939.0,Paid
MDM006297,2026-03-05,SCH0135,kumar & co.,Rice,10.2,KG,408.0,Paid
MDM003928,2025-07-29,SCH0213,goyal enterprises,Wheat,33.9,KG,1794.0,Pending
MDM010904,2025-08-12,SCH0454,singh agro,Wheat,33.9,KG,858.0,Paid
MDM003607,2025-09-30,SCH0078,Goyal Rice Mill,cooking oil,33.9,KG,4068.0,Pending
MDM011005,2025-04-28,SCH0564,Sharma Traders,atta,33.9,KG,1626.0,Due
MDM002331,2025-05-17,SCH0399,kumar & co.,atta,33.9,KG,1752.0,Cleared
MDM002188,2026-02-03,SCH0352,Kumar General Store,sarson tel,33.9,KG,4260.0,Cleared
MDM000196,2026-02-22,SCH0273,s. agro works,atta,19.8,KG,594.0,Paid
MDM005060,2026-02-04,SCH0360,kumar & co.,Rice,33.9,KG,1656.0,Paid
MDM000803,2026-03-02,SCH0044,Kumar Supplies,oil,33.9,KG,1794.0,Cleared
MDM002669,2025-06-18,SCH0061,sharma & sons,Lentils,33.9,KG,1791.0,Paid
MDM000242,2025-05-09,SCH0572,goyal enterprises,Lentils,33.9,KG,4365.0,Pending
MDM002069,2026-01-11,SCH0404,Sharma Traders,Rice,33.9,KG,1652.0,Due
MDM008516,2025-10-21,SCH0393,goyal enterprises,Rice,46.8,KG,1872.0,Due
MDM010810,2025-10-29,SCH0210,Goyal Rice Mill,Rice,33.9,KG,1388.0,Paid
MDM000645,2025-10-12,SCH0574,Kumar General Store,Rice,33.9,KG,1608.0,Pending
MDM005104,2025-08-19,SCH0225,s. agro works,atta,33.9,KG,1794.0,Cleared
MDM001638,2025-06-29,SCH0431,singh agro,Lentils,33.9,KG,2529.0,Pending
MDM007553,2026-01-21,SCH0110,s. agro works,Wheat,33.9,KG,330.0,Pending
MDM008313,2026-03-22,SCH0100,kumar & co.,Wheat,33.9,KG,1452.0,Paid
MDM003075,2025-05-03,SCH0592,s. agro works,Rice,27.4,KG,1096.0,Due
MDM007297,2026-03-05,SCH0283,goyal enterprises,Wheat,33.9,KG,1794.0,Pending
MDM003279,2025-06-16,SCH0357,goyal enterprises,Lentils,33.9,KG,1794.0,Pending
MDM008004,2026-02-24,SCH0260,goyal enterprises,Lentils,33.9,KG,1449.0,Paid
MDM004971,2025-07-10,SCH0200,singh agro,Rice,33.9,KG,1794.0,Cleared
MDM008803,2026-03-26,SCH0002,Sharma Traders,Wheat,33.9,KG,1050.0,Pending
MDM008327,2025-12-23,SCH0397,Goyal Rice Mill,Pulses,33.9,KG,4032.0,Cleared
MDM006916,2025-05-15,SCH0520,kumar & co.,Lentils,33.9,KG,1794.0,Pending
MDM008651,2026-01-04,SCH0324,Sharma Traders,Lentils,57.0,KG,5130.0,Pending
MDM007830,2026-01-26,SCH0253,Sharma Traders,Wheat,33.9,KG,840.0,Pending
MDM000063,2025-07-05,SCH0217,s. agro works,mustard oil,33.9,KG,4584.0,Due
MDM011160,2026-01-27,SCH0239,Kumar Supplies,Rice,33.9,KG,1794.0,Cleared
MDM009052,2025-05-10,SCH0256,sharma & sons,Lentils,33.9,KG,1794.0,Paid
MDM008961,2025-10-31,SCH0554,Goyal Rice Mill,Wheat,33.9,KG,1515.0,Pending
MDM000680,2025-05-09,SCH0238,Goyal Rice Mill,mustard oil,33.9,KG,6600.0,Pending
MDM002042,2025-11-18,SCH0424,Kumar Supplies,Pulses,33.9,KG,3960.0,Cleared
MDM005308,2025-09-01,SCH0072,sharma & sons,Lentils,33.9,KG,2304.0,Paid
MDM009190,2025-05-23,SCH0179,Singh Brothers,Rice,33.9,KG,472.0,Paid
MDM003642,2025-08-31,SCH0002,Goyal Rice Mill,Lentils,33.9,KG,1794.0,Paid
MDM010068,2025-09-01,SCH0110,s. agro works,Wheat,33.9,KG,1794.0,Pending
MDM003259,2025-11-09,SCH0357,singh agro,cooking oil,33.9,KG,1794.0,Paid
MDM001874,2025-10-22,SCH0304,kumar & co.,Pulses,33.9,KG,2907.0,Pending
MDM004745,2025-09-26,SCH0273,s. agro works,Pulses,33.9,KG,1794.0,Paid
MDM002913,2026-02-24,SCH0528,singh agro,Rice,33.9,KG,2108.0,Paid
MDM004028,2025-08-10,SCH0341,Kumar Supplies,mustard oil,33.9,KG,1236.0,Due
MDM005489,2026-02-01,SCH0460,Goyal Rice Mill,atta,33.9,KG,498.0,Pending
MDM010665,2025-04-01,SCH0558,Kumar General Store,oil,33.9,KG,4500.0,Paid
MDM008025,2025-06-04,SCH0379,Singh Brothers,Wheat,33.9,KG,1095.0,Paid
MDM007787,2025-09-30,SCH0205,Singh Brothers,Wheat,33.9,KG,1446.0,Pending
MDM011423,2025-08-18,SCH0439,goyal mill,cooking oil,33.9,KG,4536.0,Due
MDM006865,2025-04-24,SCH0185,Kumar Supplies,Lentils,33.9,KG,1794.0,Pending
MDM000490,2025-08-26,SCH0269,Sharma Traders,atta,33.9,KG,1794.0,Pending
MDM000691,2025-04-02,SCH0494,singh agro,Pulses,33.9,KG,4761.0,Paid
MDM000603,2025-04-20,SCH0249,singh agro,Wheat,12.7,KG,1794.0,Pending
MDM001015,2025-09-22,SCH0200,Sharma Traders,oil,33.9,KG,5520.0,Paid
MDM000870,2025-12-13,SCH0468,Sharma Traders,Wheat,33.9,KG,1794.0,Cleared
MDM001994,2025-06-25,SCH0524,Kumar General Store,oil,33.9,KG,1794.0,Paid
MDM007611,2025-12-04,SCH0367,Sharma Traders,atta,33.9,KG,579.0,Paid
MDM005284,2025-04-13,SCH0327,goyal mill,sarson tel,33.9,KG,4620.0,Paid
MDM004371,2025-10-26,SCH0228,singh agro,Wheat,33.9,KG,1794.0,Paid
MDM001362,2025-11-15,SCH0155,kumar & co.,Rice,33.9,KG,724.0,Pending
MDM001527,2025-09-23,SCH0228,singh agro,mustard oil,33.9,KG,1794.0,Paid
MDM001630,2025-10-25,SCH0240,Goyal Rice Mill,Rice,33.9,KG,1392.0,Paid
MDM001552,2025-08-07,SCH0378,Singh Brothers,Rice,33.9,KG,2220.0,Cleared
MDM009135,2026-01-27,SCH0084,Goyal Rice Mill,Wheat,33.9,KG,1794.0,Due
MDM011973,2025-08-19,SCH0214,singh agro,sarson tel,33.9,KG,2388.0,Paid
MDM001338,2025-06-17,SCH0212,goyal mill,Wheat,33.9,KG,1794.0,Paid
MDM003902,2025-07-30,SCH0451,Singh Brothers,Wheat,33.9,KG,1794.0,Pending
MDM005042,2025-09-03,SCH0211,Kumar General Store,Rice,33.9,KG,1488.0,Paid
MDM008253,2025-05-23,SCH0479,goyal mill,Lentils,33.9,KG,2997.0,Pending
MDM010649,2025-04-25,SCH0180,Sharma Traders,Lentils,33.9,KG,1794.0,Due
MDM005040,2025-04-12,SCH0559,kumar & co.,mustard oil,33.9,KG,1794.0,Paid
MDM002347,2026-03-18,SCH0377,s. agro works,sarson tel,33.9,KG,3156.0,Paid
MDM011466,2025-08-28,SCH0140,kumar & co.,Lentils,32.3,KG,1794.0,Cleared
MDM005486,2025-09-30,SCH0015,goyal mill,Lentils,33.9,KG,1503.0,Pending
MDM010953,2025-11-07,SCH0475,goyal mill,Wheat,33.9,KG,1050.0,Cleared
MDM005695,2025-11-02,SCH0413,sharma & sons,Wheat,33.9,KG,1551.0,Paid
MDM005120,2026-03-21,SCH0584,Kumar General Store,Lentils,18.1,KG,1629.0,Paid
MDM005167,2025-11-30,SCH0415,goyal mill,atta,33.9,KG,810.0,Paid
MDM001135,2026-02-20,SCH0581,s. agro works,oil,33.9,KG,1794.0,Paid
MDM008343,2025-08-11,SCH0315,Kumar Supplies,atta,33.9,KG,1755.0,Paid
MDM004018,2026-02-16,SCH0489,Sharma Traders,Wheat,33.9,KG,1794.0,Paid
MDM002425,2025-05-20,SCH0114,Singh Brothers,Wheat,33.9,KG,1005.0,Paid
MDM004139,2025-12-06,SCH0229,Kumar Supplies,Lentils,33.9,KG,1794.0,Cleared
MDM000860,2026-02-01,SCH0473,Sharma Traders,Rice,33.9,KG,1492.0,Pending
MDM002963,2025-10-12,SCH0236,s. agro works,sarson tel,33.9,KG,5004.0,Paid
MDM008090,2026-09-02,SCH0225,Singh Brothers,Rice,33.9,KG,1336.0,Pending
MDM009566,2025-12-25,SCH0307,Kumar Supplies,Wheat,33.9,KG,1167.0,Paid
MDM010578,2025-09-10,SCH0582,sharma & sons,Wheat,19.0,KG,570.0,Pending
MDM010478,2025-05-19,SCH0006,sharma & sons,Wheat,33.9,KG,330.0,Due
MDM001365,2025-07-22,SCH0565,goyal enterprises,Rice,33.9,KG,1794.0,Cleared
MDM010915,2025-09-29,SCH0406,kumar & co.,mustard oil,33.9,KG,1794.0,Cleared
MDM001780,2026-03-31,SCH0158,singh agro,Rice,33.9,KG,672.0,Due
MDM008590,2025-09-25,SCH0346,Sharma Traders,oil,33.9,KG,6864.0,Cleared
MDM002102,2025-04-29,SCH0564,singh agro,Rice,16.8,KG,1794.0,Pending
MDM001819,2025-08-31,SCH0431,goyal enterprises,Wheat,15.0,KG,450.0,Cleared
MDM000370,2026-02-12,SCH0081,goyal enterprises,Rice,33.9,KG,2072.0,Pending
MDM004938,2026-01-28,SCH0454,Kumar General Store,atta,48.9,KG,1794.0,Cleared
MDM005286,2026-02-15,SCH0114,Goyal Rice Mill,Lentils,33.9,KG,1794.0,Cleared
MDM008368,2026-01-08,SCH0137,goyal mill,mustard oil,33.9,KG,5004.0,Pending
MDM010015,2025-12-07,SCH0359,goyal enterprises,Wheat,33.9,KG,1794.0,Pending
MDM007072,2026-02-17,SCH0540,s. agro works,sarson tel,33.9,KG,1794.0,Pending
MDM002094,2025-06-14,SCH0444,kumar & co.,Wheat,33.9,KG,1215.0,Paid
MDM007818,2025-05-14,SCH0075,Kumar General Store,Rice,33.9,KG,2044.0,Cleared
MDM001921,2025-04-07,SCH0302,goyal enterprises,Lentils,33.9,KG,5094.0,Paid
MDM000083,2025-08-16,SCH0255,Sharma Traders,Lentils,33.9,KG,1794.0,Paid
MDM007332,2025-11-07,SCH0099,goyal enterprises,Lentils,33.9,KG,1794.0,Paid
MDM007305,2025-04-18,SCH0348,Kumar General Store,Rice,33.9,KG,1988.0,Pending
MDM000817,2025-12-03,SCH0083,s. agro works,Rice,33.9,KG,1794.0,Pending
MDM004397,2025-11-30,SCH0294,Kumar Supplies,mustard oil,33.9,KG,1794.0,Pending
MDM006125,2025-09-26,SCH0266,goyal enterprises,cooking oil,33.9,KG,1794.0,Paid
MDM004121,2025-10-21,SCH0192,sharma & sons,Lentils,33.9,KG,1794.0,Pending
MDM009841,2026-03-29,SCH0593,Goyal Rice Mill,atta,33.9,KG,1710.0,Cleared
MDM001814,2025-12-23,SCH0015,kumar & co.,Rice,33.9,KG,1794.0,Paid
MDM001272,2026-03-28,SCH0315,kumar & co.,cooking oil,33.9,KG,6456.0,Cleared
MDM002995,2026-03-30,SCH0224,Sharma Traders,Lentils,33.9,KG,2979.0,Pending
MDM009423,2025-10-25,SCH0149,Kumar General Store,Lentils,33.9,KG,4365.0,Pending
MDM006410,2025-06-14,SCH0178,goyal mill,oil,33.9,KG,4536.0,Paid
MDM002643,2025-07-15,SCH0155,kumar & co.,oil,33.9,KG,5124.0,Pending
MDM010442,2025-04-12,SCH0573,kumar & co.,mustard oil,32.4,KG,3888.0,Paid
MDM002306,2025-09-17,SCH0399,Goyal Rice Mill,Wheat,33.9,KG,678.0,Pending
MDM010679,2025-07-30,SCH0303,Kumar General Store,cooking oil,33.9,KG,3408.0,Pending
MDM011363,2025-06-26,SCH0097,sharma & sons,Lentils,38.5,KG,3465.0,Paid
MDM004196,2025-11-07,SCH0492,goyal mill,Lentils,33.9,KG,1794.0,Paid
MDM010317,2026-01-01,SCH0543,goyal enterprises,Wheat,33.9,KG,1791.0,Paid
MDM003850,2026-01-29,SCH0493,Sharma Traders,mustard oil,33.9,KG,6252.0,Due
MDM010365,2025-09-12,SCH0482,singh agro,sarson tel,33.9,KG,1794.0,Due
MDM011833,2025-05-05,SCH0496,goyal enterprises,Lentils,33.9,KG,1794.0,Cleared
MDM003555,2025-12-16,SCH0503,goyal mill,Lentils,33.9,KG,1224.0,Paid
MDM002196,2026-01-27,SCH0132,goyal enterprises,Lentils,33.9,KG,999.0,Pending
MDM002601,2026-03-22,SCH0101,s. agro works,atta,33.9,KG,405.0,Cleared
MDM006164,2026-01-14,SCH0541,Kumar Supplies,Pulses,33.9,KG,927.0,Paid
MDM001519,2025-08-21,SCH0455,Sharma Traders,cooking oil,33.9,KG,3672.0,Paid
MDM009851,2026-02-17,SCH0486,Singh Brothers,Wheat,33.9,KG,1494.0,Paid
MDM010765,2025-10-28,SCH0495,s. agro works,Lentils,24.4,KG,2196.0,Pending
MDM006310,2025-09-21,SCH0544,Sharma Traders,oil,33.9,KG,1794.0,Paid
MDM005756,2025-06-18,SCH0375,singh agro,Lentils,33.9,KG,1794.0,Pending
MDM005634,2025-09-27,SCH0279,s. agro works,Wheat,11.3,KG,339.0,Cleared
MDM008400,2026-02-14,SCH0251,Goyal Rice Mill,Wheat,33.9,KG,1794.0,Pending
MDM011693,2025-06-24,SCH0003,Goyal Rice Mill,Rice,33.9,KG,1608.0,Paid
MDM007163,2025-10-09,SCH0277,sharma & sons,oil,33.9,KG,1764.0,Pending
MDM009337,2025-12-12,SCH0254,s. agro works,Lentils,33.9,KG,4509.0,Paid
MDM009268,2026-02-27,SCH0198,Singh Brothers,Wheat,33.9,KG,1551.0,Pending
MDM001989,2025-12-20,SCH0356,sharma & sons,Rice,33.9,KG,1794.0,Pending
MDM007738,2025-05-14,SCH0510,goyal enterprises,Wheat,33.9,KG,1794.0,Paid
MDM000518,2025-06-04,SCH0591,Kumar Supplies,Wheat,45.4,KG,1794.0,Pending
MDM006161,2025-11-17,SCH0408,Kumar General Store,sarson tel,33.9,KG,1794.0,Paid
MDM009271,2025-04-10,SCH0107,goyal mill,Lentils,33.9,KG,2871.0,Pending
MDM011605,2026-03-18,SCH0177,singh agro,Rice,33.9,KG,608.0,Pending
MDM009972,2025-11-05,SCH0289,s. agro works,cooking oil,33.9,KG,1794.0,Pending
MDM008952,2025-04-05,SCH0410,Singh Brothers,Wheat,30.6,KG,1794.0,Cleared
MDM004457,2026-02-07,SCH0548,Kumar Supplies,Rice,33.9,KG,1794.0,Pending
MDM002762,2025-06-25,SCH0111,Singh Brothers,sarson tel,33.9,KG,1320.0,Paid
MDM006482,2025-12-15,SCH0183,sharma & sons,cooking oil,33.9,KG,1794.0,Pending
MDM005912,2025-05-29,SCH0238,singh agro,Rice,33.9,KG,1794.0,Pending
MDM011145,2025-06-29,SCH0517,goyal mill,Pulses,33.9,KG,1794.0,Paid
MDM006548,2026-02-25,SCH0502,singh agro,Wheat,33.9,KG,1794.0,Paid
MDM004856,2025-10-08,SCH0237,Kumar General Store,Lentils,32.8,KG,2952.0,Pending
MDM007645,2025-07-04,SCH0007,Sharma Traders,Lentils,33.9,KG,3267.0,Cleared
MDM010943,2026-03-23,SCH0416,Singh Brothers,sarson tel,33.9,KG,6300.0,Pending
MDM006359,2025-07-29,SCH0002,Goyal Rice Mill,cooking oil,33.9,KG,3132.0,Pending
MDM002439,2026-01-23,SCH0107,goyal mill,Rice,33.9,KG,468.0,Paid
MDM003766,2025-07-26,SCH0510,Sharma Traders,cooking oil,33.9,KG,6648.0,Cleared
MDM006433,2025-10-28,SCH0525,kumar & co.,Wheat,15.7,KG,471.0,Paid
MDM007847,2025-04-25,SCH0224,Sharma Traders,Wheat,33.9,KG,1191.0,Paid
MDM008814,2025-07-28,SCH0321,goyal mill,Pulses,33.9,KG,2664.0,Pending
MDM011078,2025-06-17,SCH0180,sharma & sons,Wheat,33.9,KG,1794.0,Pending
MDM006341,2025-04-24,SCH0137,goyal enterprises,Lentils,33.9,KG,2691.0,Due
MDM004822,2025-07-15,SCH0364,Sharma Traders,Wheat,25.7,KG,771.0,Cleared
MDM000019,2025-06-30,SCH0235,goyal mill,Rice,33.9,KG,1794.0,Cleared
MDM003561,2026-02-22,SCH0266,goyal mill,oil,33.9,KG,3972.0,Paid
MDM003952,2025-05-31,SCH0558,goyal enterprises,Wheat,33.9,KG,1488.0,Due
MDM000050,2026-03-07,SCH0013,Kumar General Store,Rice,33.9,KG,1528.0,Paid
MDM000888,2026-11-02,SCH0088,sharma & sons,cooking oil,28.3,KG,3396.0,Pending
MDM006262,2025-07-18,SCH0325,Sharma Traders,mustard oil,33.9,KG,2064.0,Due
MDM007237,2026-01-29,SCH0226,goyal enterprises,Lentils,47.5,KG,1794.0,Pending
MDM006990,2025-09-22,SCH0055,goyal enterprises,cooking oil,33.9,KG,5340.0,Due
MDM006044,2025-10-15,SCH0564,Kumar Supplies,atta,33.9,KG,1599.0,Paid
MDM003169,2025-04-30,SCH0393,singh agro,Rice,33.9,KG,1376.0,Paid
MDM002950,2025-05-21,SCH0222,Goyal Rice Mill,Lentils,33.9,KG,2709.0,Cleared
MDM001425,2025-09-12,SCH0247,Goyal Rice Mill,atta,33.9,KG,750.0,Pending
MDM000140,2025-07-05,SCH0284,Kumar General Store,cooking oil,33.9,KG,5808.0,Pending
MDM003198,2026-06-03,SCH0064,sharma & sons,Rice,33.9,KG,1484.0,Pending
MDM005132,2026-06-03,SCH0177,sharma & sons,Rice,33.9,KG,2056.0,Paid
MDM000113,2026-01-16,SCH0378,Goyal Rice Mill,Lentils,33.9,KG,1794.0,Pending
MDM008161,2025-07-07,SCH0010,Kumar General Store,atta,33.9,KG,669.0,Due
MDM010720,2026-03-06,SCH0419,Sharma Traders,Lentils,20.5,KG,1845.0,Paid
MDM004560,2025-05-12,SCH0377,Kumar Supplies,Wheat,33.9,KG,450.0,Cleared
MDM004596,2025-01-08,SCH0201,s. agro works,Rice,33.9,KG,728.0,Paid
MDM004691,2025-08-02,SCH0553,s. agro works,cooking oil,33.9,KG,2736.0,Paid
MDM007952,2025-11-12,SCH0005,goyal mill,cooking oil,33.9,KG,1794.0,Due
MDM003278,2025-10-07,SCH0140,singh agro,Lentils,33.9,KG,1224.0,Pending
MDM004069,2025-04-19,SCH0230,goyal enterprises,atta,33.9,KG,498.0,Pending
MDM004409,2025-09-01,SCH0424,Kumar Supplies,Rice,33.9,KG,2240.0,Pending
MDM008778,2025-06-23,SCH0368,Kumar Supplies,sarson tel,33.9,KG,1794.0,Paid
MDM010606,2025-12-23,SCH0389,goyal mill,Lentils,33.9,KG,1794.0,Paid
MDM000452,2025-08-30,SCH0319,Goyal Rice Mill,Lentils,15.4,KG,1386.0,Due
MDM007263,2025-09-06,SCH0059,kumar & co.,mustard oil,33.9,KG,1794.0,Cleared
MDM003732,2026-03-30,SCH0505,Singh Brothers,Rice,33.9,KG,1420.0,Paid
MDM007257,2025-08-11,SCH0434,sharma & sons,sarson tel,41.9,KG,5028.0,Pending
MDM011053,2026-01-21,SCH0241,sharma & sons,cooking oil,21.6,KG,1794.0,Paid
MDM004987,2025-11-16,SCH0098,goyal enterprises,Rice,14.0,KG,560.0,Paid
MDM003664,2026-02-07,SCH0198,kumar & co.,Wheat,33.9,KG,1794.0,Paid
MDM002764,2025-09-03,SCH0131,singh agro,cooking oil,33.9,KG,3060.0,Paid
MDM001856,2025-12-30,SCH0378,Goyal Rice Mill,Wheat,33.9,KG,1794.0,Paid
MDM001000,2025-04-19,SCH0013,Sharma Traders,atta,33.9,KG,1794.0,Paid
MDM000390,2025-08-28,SCH0071,kumar & co.,atta,33.9,KG,1794.0,Pending
MDM006427,2026-01-13,SCH0492,goyal mill,Rice,33.9,KG,1794.0,Pending
MDM001477,2025-06-04,SCH0490,Sharma Traders,Rice,33.9,KG,976.0,Paid
MDM002241,2025-06-09,SCH0430,singh agro,Rice,33.9,KG,1794.0,Paid
MDM011286,2026-03-05,SCH0411,Goyal Rice Mill,Rice,33.9,KG,2088.0,Due
MDM008113,2026-03-21,SCH0180,Sharma Traders,Rice,33.9,KG,1840.0,Paid
MDM000993,2025-10-15,SCH0536,kumar & co.,Rice,23.9,KG,956.0,Pending
MDM007033,2025-04-06,SCH0418,Goyal Rice Mill,mustard oil,33.9,KG,4896.0,Pending
MDM004998,2026-01-14,SCH0372,Kumar General Store,Rice,33.9,KG,1616.0,Paid
MDM003923,2025-05-24,SCH0149,singh agro,Lentils,33.9,KG,1794.0,Paid
MDM002973,2026-02-28,SCH0320,Singh Brothers,Rice,33.9,KG,976.0,Paid
MDM006872,2025-06-11,SCH0311,goyal enterprises,Rice,33.9,KG,1794.0,Due
MDM009335,2025-04-20,SCH0236,Singh Brothers,sarson tel,33.9,KG,4860.0,Pending
MDM004770,2025-07-26,SCH0254,kumar & co.,oil,33.9,KG,6360.0,Paid
MDM001294,2025-02-07,SCH0598,Kumar General Store,Pulses,33.9,KG,2151.0,Pending
MDM004174,2025-04-06,SCH0056,Goyal Rice Mill,mustard oil,33.9,KG,6996.0,Paid
MDM002536,2025-09-19,SCH0599,Singh Brothers,Rice,33.9,KG,784.0,Due
MDM011276,2025-10-09,SCH0368,sharma & sons,Lentils,33.9,KG,1794.0,Pending
MDM001908,2026-03-14,SCH0230,kumar & co.,Lentils,33.9,KG,1794.0,Due
MDM010243,2025-06-12,SCH0119,Kumar Supplies,Lentils,33.9,KG,3672.0,Paid
MDM011731,2025-07-16,SCH0416,s. agro works,Rice,33.9,KG,1794.0,Paid
MDM008561,2025-04-16,SCH0358,Singh Brothers,Rice,33.9,KG,1272.0,Pending
MDM006034,2025-10-26,SCH0403,sharma & sons,Pulses,33.9,KG,1794.0,Pending
MDM007620,2025-12-11,SCH0394,Singh Brothers,cooking oil,33.9,KG,1794.0,Pending
MDM001152,2026-01-01,SCH0419,Singh Brothers,oil,33.9,KG,4296.0,Paid
MDM001568,2025-07-12,SCH0290,singh agro,atta,33.9,KG,621.0,Paid
MDM003172,2025-12-31,SCH0215,Singh Brothers,Rice,18.2,KG,728.0,Pending
MDM007107,2025-09-06,SCH0358,s. agro works,mustard oil,33.9,KG,1794.0,Paid
MDM004161,2025-12-13,SCH0405,Kumar Supplies,Lentils,33.9,KG,3420.0,Pending
MDM004288,2025-10-12,SCH0266,goyal mill,oil,55.2,KG,6624.0,Paid
MDM002231,2025-08-19,SCH0562,kumar & co.,Rice,33.9,KG,2356.0,Paid
MDM000175,2025-08-25,SCH0293,Kumar Supplies,cooking oil,33.9,KG,5040.0,Paid
MDM001904,2025-10-19,SCH0230,sharma & sons,sarson tel,33.9,KG,2964.0,Paid
MDM009086,2026-01-22,SCH0082,Kumar General Store,Wheat,33.9,KG,477.0,Paid
MDM003409,2025-10-04,SCH0092,Kumar General Store,Wheat,33.9,KG,1794.0,Paid
MDM001539,2025-10-14,SCH0239,Goyal Rice Mill,cooking oil,53.4,KG,1794.0,Cleared
MDM002293,2026-03-31,SCH0505,Goyal Rice Mill,Wheat,33.9,KG,1794.0,Paid
MDM001364,2025-11-14,SCH0486,Sharma Traders,Rice,33.9,KG,1794.0,Pending
MDM004358,2025-06-04,SCH0509,Sharma Traders,Wheat,33.9,KG,732.0,Due
MDM005261,2026-01-13,SCH0137,goyal enterprises,Rice,33.9,KG,2208.0,Cleared
MDM009237,2025-07-13,SCH0546,Kumar General Store,Wheat,33.9,KG,1758.0,Pending
MDM009390,2025-12-03,SCH0113,Goyal Rice Mill,Rice,33.9,KG,1180.0,Paid
MDM000681,2025-07-03,SCH0156,singh agro,Lentils,33.9,KG,1794.0,Pending
MDM010969,2025-11-18,SCH0216,kumar & co.,oil,33.9,KG,3936.0,Paid
MDM003665,2025-06-26,SCH0515,Singh Brothers,Lentils,33.9,KG,2106.0,Cleared
MDM001662,2025-08-26,SCH0225,kumar & co.,Rice,33.9,KG,1788.0,Paid
MDM000509,2026-03-14,SCH0418,goyal enterprises,Rice,33.9,KG,504.0,Cleared
MDM000167,2026-01-20,SCH0190,kumar & co.,Wheat,33.9,KG,579.0,Cleared
MDM010237,2025-11-05,SCH0465,s. agro works,mustard oil,58.6,KG,7032.0,Paid
MDM010303,2025-11-13,SCH0262,Kumar Supplies,Rice,33.9,KG,2236.0,Paid
MDM007366,2025-04-16,SCH0166,Kumar Supplies,cooking oil,33.9,KG,1794.0,Paid
MDM001915,2025-05-09,SCH0426,Singh Brothers,oil,33.9,KG,3444.0,Cleared
MDM007264,2025-04-19,SCH0107,Sharma Traders,Rice,33.9,KG,1794.0,Pending
MDM011909,2025-09-17,SCH0038,goyal enterprises,sarson tel,33.9,KG,1794.0,Due
MDM007362,2026-03-01,SCH0172,kumar & co.,Lentils,33.9,KG,3303.0,Due
MDM001105,2026-01-01,SCH0471,Sharma Traders,atta,33.9,KG,1098.0,Pending
MDM011071,2025-06-07,SCH0537,Kumar Supplies,sarson tel,33.9,KG,4980.0,Due
MDM005311,2026-03-20,SCH0528,singh agro,oil,33.9,KG,1272.0,Cleared
MDM009342,2025-11-12,SCH0391,Kumar General Store,Wheat,33.9,KG,1497.0,Pending
MDM005755,2025-10-05,SCH0461,Kumar General Store,Lentils,33.9,KG,1377.0,Pending
MDM000153,2025-06-01,SCH0523,goyal enterprises,Rice,33.9,KG,1794.0,Pending
MDM011787,2025-05-22,SCH0236,Goyal Rice Mill,Wheat,33.9,KG,1794.0,Pending
MDM005680,2025-08-08,SCH0328,sharma & sons,Lentils,15.3,KG,1377.0,Cleared
MDM011281,2025-04-26,SCH0185,goyal mill,Lentils,39.1,KG,3519.0,Paid
MDM003552,2025-10-11,SCH0133,Kumar Supplies,Wheat,33.9,KG,1155.0,Paid
MDM003723,2025-06-28,SCH0033,goyal mill,Rice,33.9,KG,2216.0,Paid
MDM004539,2025-05-23,SCH0513,Kumar General Store,oil,33.9,KG,6660.0,Paid
MDM009213,2026-02-05,SCH0123,kumar & co.,mustard oil,52.3,KG,6276.0,Paid
MDM008464,2025-08-10,SCH0315,goyal enterprises,Lentils,33.9,KG,1794.0,Pending
MDM001992,2025-07-11,SCH0083,Sharma Traders,Wheat,33.9,KG,1794.0,Pending
MDM010877,2025-08-30,SCH0284,Kumar General Store,atta,33.9,KG,1611.0,Due
MDM008502,2025-06-16,SCH0112,kumar & co.,oil,33.9,KG,1794.0,Cleared
MDM005142,2025-04-26,SCH0276,goyal mill,Rice,33.9,KG,1794.0,Due
MDM003812,2025-07-25,SCH0211,Goyal Rice Mill,Wheat,33.9,KG,1794.0,Paid
MDM010753,2025-10-14,SCH0281,goyal enterprises,Lentils,38.0,KG,3420.0,Cleared
MDM003451,2026-02-08,SCH0008,Kumar Supplies,mustard oil,33.9,KG,3336.0,Pending
MDM004592,2025-07-23,SCH0133,s. agro works,sarson tel,22.8,KG,2736.0,Pending
MDM007353,2025-06-20,SCH0016,sharma & sons,mustard oil,33.9,KG,3252.0,Pending
MDM000206,2026-02-22,SCH0246,Sharma Traders,Wheat,33.9,KG,687.0,Paid
MDM006681,2026-03-19,SCH0574,Sharma Traders,Rice,33.9,KG,1712.0,Due
MDM002750,2026-10-01,SCH0047,goyal enterprises,Rice,24.7,KG,988.0,Paid
MDM008498,2025-10-03,SCH0595,Goyal Rice Mill,oil,33.9,KG,5568.0,Cleared
MDM001850,2026-03-15,SCH0241,goyal mill,Lentils,33.9,KG,3897.0,Pending
MDM003241,2025-10-14,SCH0174,kumar & co.,Lentils,33.9,KG,4572.0,Paid
MDM009815,2025-10-22,SCH0359,singh agro,Wheat,33.9,KG,375.0,Paid
MDM003110,2025-11-10,SCH0384,goyal enterprises,Lentils,33.9,KG,1998.0,Pending
MDM005935,2025-08-13,SCH0004,sharma & sons,Rice,33.9,KG,1564.0,Cleared
MDM010115,2025-06-14,SCH0414,Kumar General Store,Rice,33.9,KG,1794.0,Cleared
MDM005811,2025-09-13,SCH0523,singh agro,Rice,40.6,KG,1794.0,Pending
MDM008576,2025-05-20,SCH0399,sharma & sons,Rice,33.9,KG,484.0,Paid
MDM005635,2026-01-30,SCH0549,singh agro,oil,39.2,KG,4704.0,Pending
MDM004308,2025-05-31,SCH0538,Kumar General Store,Lentils,33.9,KG,3465.0,Due
MDM003157,2026-02-04,SCH0233,Kumar General Store,Pulses,33.9,KG,3267.0,Paid
MDM006535,2025-05-04,SCH0195,Goyal Rice Mill,oil,33.9,KG,1794.0,Pending
MDM010733,2025-06-05,SCH0217,singh agro,atta,31.3,KG,939.0,Due
MDM010241,2025-06-04,SCH0445,goyal enterprises,Wheat,54.8,KG,1644.0,Paid
MDM003833,2025-04-27,SCH0590,Kumar General Store,Lentils,33.9,KG,5184.0,Pending
MDM010761,2025-11-17,SCH0290,Sharma Traders,Lentils,33.9,KG,1794.0,Paid
MDM004777,2025-12-03,SCH0365,Sharma Traders,Rice,33.9,KG,2012.0,Due
MDM007998,2025-04-05,SCH0240,sharma & sons,cooking oil,33.9,KG,2460.0,Cleared
MDM004277,2025-10-07,SCH0498,Kumar General Store,sarson tel,33.9,KG,4296.0,Pending
MDM009429,2025-09-25,SCH0532,Kumar General Store,Lentils,33.9,KG,1794.0,Paid
MDM011861,2025-06-20,SCH0125,goyal mill,Rice,33.9,KG,1794.0,Due
MDM000279,2025-11-26,SCH0141,singh agro,cooking oil,33.9,KG,1794.0,Paid
MDM006772,2025-04-02,SCH0382,goyal mill,Wheat,33.9,KG,1122.0,Paid
MDM007416,2026-01-31,SCH0079,goyal enterprises,Wheat,13.8,KG,414.0,Pending
MDM003253,2025-09-10,SCH0128,s. agro works,Lentils,33.9,KG,4959.0,Due
MDM011612,2025-11-16,SCH0314,Kumar General Store,Pulses,33.9,KG,3879.0,Pending
MDM000290,2025-12-10,SCH0214,s. agro works,Lentils,33.9,KG,2691.0,Pending
MDM003076,2025-05-13,SCH0321,sharma & sons,Lentils,33.9,KG,3285.0,Cleared
MDM011793,2026-03-31,SCH0017,sharma & sons,Rice,33.9,KG,1392.0,Pending
MDM008758,2025-10-06,SCH0412,Kumar General Store,Lentils,33.9,KG,2970.0,Pending
MDM000271,2025-09-20,SCH0233,Singh Brothers,Lentils,33.9,KG,1773.0,Pending
MDM004571,2025-06-18,SCH0429,kumar & co.,Rice,33.9,KG,1156.0,Paid
MDM010840,2025-06-30,SCH0149,Sharma Traders,Lentils,33.9,KG,3699.0,Paid
MDM006697,2026-02-06,SCH0220,singh agro,Rice,33.9,KG,2272.0,Cleared
MDM004317,2025-06-29,SCH0368,goyal mill,atta,33.9,KG,1794.0,Paid
MDM003181,2025-12-12,SCH0163,singh agro,Rice,33.9,KG,1712.0,Paid
MDM001423,2025-08-22,SCH0331,Singh Brothers,Rice,33.9,KG,1612.0,Cleared
MDM008276,2025-04-01,SCH0472,goyal mill,Wheat,33.9,KG,930.0,Paid
MDM004558,2025-10-29,SCH0312,kumar & co.,Wheat,18.4,KG,552.0,Paid
MDM007813,2025-05-28,SCH0197,Sharma Traders,Pulses,33.9,KG,1794.0,Pending
MDM006298,2026-02-17,SCH0187,goyal enterprises,atta,33.9,KG,1287.0,Due
MDM009061,2025-10-08,SCH0018,goyal mill,Rice,33.9,KG,928.0,Due
MDM011981,2025-08-11,SCH0008,s. agro works,Rice,33.9,KG,1794.0,Pending
MDM001133,2025-12-18,SCH0160,Goyal Rice Mill,atta,33.9,KG,1794.0,Paid
MDM006243,2025-05-24,SCH0308,goyal enterprises,Rice,33.9,KG,1088.0,Pending
MDM009384,2025-08-30,SCH0448,Kumar Supplies,Rice,33.9,KG,1836.0,Due
MDM011571,2025-07-11,SCH0319,goyal enterprises,Rice,33.9,KG,820.0,Pending
MDM007424,2026-03-08,SCH0380,s. agro works,Wheat,33.9,KG,1557.0,Due
MDM009010,2025-04-01,SCH0035,sharma & sons,sarson tel,33.9,KG,4764.0,Paid
MDM008914,2025-09-12,SCH0368,goyal mill,Rice,33.9,KG,812.0,Cleared
MDM005521,2026-01-08,SCH0429,Sharma Traders,Rice,33.9,KG,1708.0,Pending
MDM010750,2025-09-09,SCH0217,s. agro works,Rice,33.9,KG,1794.0,Paid
MDM009272,2025-09-08,SCH0329,Sharma Traders,Rice,33.9,KG,1794.0,Paid
MDM003787,2025-11-04,SCH0518,Sharma Traders,sarson tel,33.9,KG,2412.0,Due
MDM009203,2025-05-18,SCH0081,Sharma Traders,Lentils,33.9,KG,1224.0,Pending
MDM008346,2025-08-11,SCH0302,s. agro works,Lentils,33.9,KG,1794.0,Paid
MDM002162,2025-12-14,SCH0217,Sharma Traders,Wheat,33.9,KG,1794.0,Pending
MDM003009,2025-07-02,SCH0352,Singh Brothers,Wheat,39.7,KG,1191.0,Paid
MDM001106,2025-10-05,SCH0424,sharma & sons,Lentils,33.9,KG,1794.0,Pending
MDM010776,2025-07-05,SCH0522,goyal mill,cooking oil,33.9,KG,1794.0,Cleared
MDM000693,2026-01-08,SCH0539,singh agro,Wheat,33.9,KG,375.0,Paid
MDM004957,2025-08-29,SCH0188,kumar & co.,Lentils,33.9,KG,1565.0,Pending
MDM008308,2025-09-12,SCH0120,Kumar General Store,oil,42.6,KG,5112.0,Due
MDM004370,2025-04-24,SCH0044,Goyal Rice Mill,Rice,33.9,KG,788.0,Due
MDM002766,2025-08-24,SCH0405,Sharma Traders,Wheat,33.9,KG,1650.0,Pending
MDM003930,2025-09-12,SCH0342,sharma & sons,Lentils,33.9,KG,1575.0,Paid
MDM010816,2025-04-09,SCH0274,singh agro,Lentils,33.9,KG,4599.0,Paid
MDM007779,2025-12-26,SCH0252,Sharma Traders,mustard oil,56.8,KG,1794.0,Pending
MDM000629,2025-07-15,SCH0443,Kumar Supplies,Rice,33.9,KG,1794.0,Paid
MDM002452,2025-11-21,SCH0575,Goyal Rice Mill,Pulses,33.9,KG,2610.0,Cleared
MDM003825,2025-08-20,SCH0227,goyal mill,cooking oil,33.9,KG,1794.0,Cleared
MDM011084,2025-04-23,SCH0473,goyal enterprises,Lentils,33.9,KG,2448.0,Paid
MDM003744,2025-11-24,SCH0549,goyal mill,Lentils,33.9,KG,4068.0,Cleared
MDM002177,2025-11-03,SCH0019,s. agro works,Lentils,33.9,KG,4545.0,Cleared
MDM006690,2026-01-19,SCH0076,sharma & sons,Rice,33.9,KG,1100.0,Paid
MDM003319,2025-09-19,SCH0029,kumar & co.,oil,57.4,KG,1794.0,Paid
MDM008979,2025-05-29,SCH0079,kumar & co.,Rice,33.9,KG,2024.0,Due
MDM007433,2025-08-16,SCH0024,Kumar Supplies,Rice,33.9,KG,1794.0,Paid
MDM002788,2025-07-27,SCH0297,goyal mill,Rice,33.9,KG,1794.0,Pending
MDM001197,2026-02-20,SCH0281,Kumar General Store,Rice,33.9,KG,1220.0,Paid
MDM001677,2026-03-21,SCH0129,Sharma Traders,sarson tel,33.9,KG,5412.0,Paid
MDM003948,2026-03-17,SCH0305,Kumar Supplies,Pulses,27.9,KG,2511.0,Pending
MDM007619,2026-03-19,SCH0196,s. agro works,mustard oil,33.9,KG,1794.0,Due
MDM004445,2025-10-26,SCH0584,Sharma Traders,Wheat,33.9,KG,1794.0,Pending
MDM005723,2025-12-04,SCH0428,Kumar Supplies,Wheat,33.9,KG,1794.0,Pending
MDM010469,2025-05-20,SCH0316,Sharma Traders,Rice,33.9,KG,1794.0,Cleared
MDM002370,2026-01-26,SCH0277,Singh Brothers,Lentils,33.9,KG,1485.0,Paid
MDM004968,2026-03-19,SCH0114,singh agro,Lentils,33.9,KG,972.0,Pending
MDM002218,2025-05-23,SCH0339,Singh Brothers,sarson tel,46.6,KG,1794.0,Due
MDM008149,2025-08-12,SCH0054,goyal enterprises,oil,33.9,KG,2364.0,Due
MDM003327,2025-05-22,SCH0402,Singh Brothers,cooking oil,33.9,KG,1794.0,Paid
MDM011898,2026-02-06,SCH0127,goyal mill,Rice,45.1,KG,1804.0,Cleared
MDM003584,2025-10-07,SCH0528,singh agro,Lentils,33.9,KG,3771.0,Cleared
MDM003620,2025-07-01,SCH0371,singh agro,Wheat,33.9,KG,1794.0,Pending
MDM006218,2026-02-20,SCH0225,Kumar Supplies,oil,33.9,KG,4296.0,Pending
MDM002469,2026-01-07,SCH0219,s. agro works,atta,33.9,KG,1794.0,Paid
MDM008278,2026-01-05,SCH0325,s. agro works,Rice,33.9,KG,808.0,Due
MDM010451,2025-10-11,SCH0506,Kumar General Store,Wheat,33.9,KG,1794.0,Paid
MDM005974,2025-04-07,SCH0355,goyal mill,oil,33.9,KG,2376.0,Paid
MDM003668,2025-06-14,SCH0088,Kumar General Store,Lentils,33.9,KG,1737.0,Due
MDM005159,2026-03-23,SCH0569,Sharma Traders,Rice,33.9,KG,1200.0,Paid
MDM007595,2025-05-31,SCH0293,singh agro,Lentils,33.9,KG,1584.0,Paid
MDM006977,2025-09-19,SCH0238,goyal enterprises,Wheat,33.9,KG,1443.0,Paid
MDM003424,2025-12-17,SCH0283,Kumar Supplies,Lentils,33.9,KG,4797.0,Pending
MDM008200,2026-02-26,SCH0100,Kumar Supplies,Rice,33.9,KG,1794.0,Paid
MDM002410,2025-11-05,SCH0458,Sharma Traders,Wheat,33.9,KG,612.0,Paid
MDM003213,2025-08-03,SCH0139,Sharma Traders,oil,56.7,KG,1794.0,Pending
MDM010576,2025-06-15,SCH0494,Sharma Traders,Wheat,33.9,KG,1794.0,Due
MDM005367,2026-01-23,SCH0057,kumar & co.,Pulses,33.9,KG,4131.0,Paid
MDM009570,2025-07-18,SCH0391,Kumar Supplies,Wheat,55.4,KG,1662.0,Paid
MDM006594,2025-11-06,SCH0468,singh agro,Lentils,33.9,KG,909.0,Cleared
MDM002896,2025-08-31,SCH0106,Sharma Traders,Wheat,33.9,KG,1131.0,Paid
MDM011717,2025-04-14,SCH0531,Sharma Traders,Rice,33.9,KG,1552.0,Pending
MDM011377,2025-10-27,SCH0259,goyal mill,Wheat,33.9,KG,1488.0,Cleared
MDM003643,2025-09-06,SCH0445,sharma & sons,Pulses,33.9,KG,3896.0,Paid
MDM009119,2025-10-04,SCH0507,Kumar General Store,mustard oil,33.9,KG,1794.0,Paid
MDM010363,2025-12-03,SCH0427,Goyal Rice Mill,Lentils,33.9,KG,2619.0,Due
MDM011974,2026-02-14,SCH0308,Singh Brothers,Rice,33.9,KG,1794.0,Due
MDM011068,2025-11-27,SCH0237,singh agro,Rice,33.9,KG,544.0,Paid
MDM008549,2026-02-04,SCH0353,Singh Brothers,atta,33.9,KG,1794.0,Paid
MDM005452,2025-07-20,SCH0340,s. agro works,Lentils,34.0,KG,3060.0,Paid
MDM007161,2026-02-20,SCH0445,kumar & co.,Wheat,33.9,KG,1515.0,Pending
MDM007867,2025-12-07,SCH0428,sharma & sons,Wheat,33.9,KG,489.0,Pending
MDM002744,2025-07-22,SCH0024,s. agro works,Wheat,55.7,KG,1794.0,Paid
MDM004959,2025-07-30,SCH0304,Goyal Rice Mill,Lentils,33.9,KG,4032.0,Paid
MDM006475,2026-02-20,SCH0308,s. agro works,Wheat,33.9,KG,1794.0,Pending
MDM007889,2025-04-09,SCH0474,Singh Brothers,Lentils,33.9,KG,4419.0,Cleared
MDM000493,2025-08-04,SCH0381,goyal enterprises,Rice,33.9,KG,2364.0,Paid
MDM001117,2025-07-21,SCH0084,s. agro works,Rice,33.9,KG,1794.0,Due
MDM005638,2025-04-23,SCH0020,Goyal Rice Mill,Rice,33.9,KG,1794.0,Paid
MDM010847,2025-07-14,SCH0210,Kumar Supplies,Pulses,43.9,KG,1794.0,Pending
MDM009163,2025-08-07,SCH0474,goyal mill,Lentils,33.9,KG,4356.0,Paid
MDM010635,2025-12-26,SCH0395,Singh Brothers,cooking oil,33.9,KG,2076.0,Paid
MDM006590,2025-08-16,SCH0010,Singh Brothers,Pulses,33.9,KG,1794.0,Cleared
MDM011198,2025-07-27,SCH0321,goyal mill,Wheat,33.9,KG,438.0,Due
MDM007558,2025-09-28,SCH0374,Sharma Traders,cooking oil,54.8,KG,6576.0,Pending
MDM009888,2025-06-22,SCH0522,Goyal Rice Mill,Rice,33.9,KG,1794.0,Due
MDM005242,2025-11-19,SCH0573,Singh Brothers,Rice,33.9,KG,1696.0,Paid
MDM011413,2025-06-08,SCH0392,s. agro works,Lentils,33.9,KG,1467.0,Paid
MDM002784,2025-08-13,SCH0529,kumar & co.,cooking oil,33.9,KG,1794.0,Due
MDM009108,2026-02-28,SCH0546,Sharma Traders,Rice,33.9,KG,1794.0,Paid
MDM001697,2026-01-08,SCH0480,goyal mill,Rice,33.9,KG,1088.0,Cleared
MDM005686,2025-09-22,SCH0277,Singh Brothers,Lentils,35.4,KG,1794.0,Paid
MDM002296,2025-12-18,SCH0244,Sharma Traders,Wheat,33.9,KG,1794.0,Pending
MDM005940,2026-03-20,SCH0412,Goyal Rice Mill,Pulses,17.8,KG,1794.0,Pending
MDM007764,2025-10-29,SCH0034,Sharma Traders,Lentils,33.9,KG,5319.0,Paid
MDM003314,2026-03-05,SCH0060,singh agro,Pulses,33.9,KG,5013.0,Paid
MDM004782,2025-12-20,SCH0456,Kumar General Store,Wheat,33.9,KG,774.0,Paid
MDM008351,2025-06-11,SCH0144,Sharma Traders,Rice,33.9,KG,2212.0,Due
MDM009215,2025-08-10,SCH0290,Kumar Supplies,Rice,39.2,KG,1568.0,Pending
MDM007606,2025-07-24,SCH0596,Sharma Traders,sarson tel,33.9,KG,6240.0,Paid
MDM000216,2025-09-21,SCH0156,Kumar General Store,Lentils,33.9,KG,1794.0,Paid
MDM006708,2025-09-14,SCH0345,Sharma Traders,Wheat,33.9,KG,585.0,Pending
MDM010181,2025-04-15,SCH0376,goyal mill,Lentils,33.0,KG,2970.0,Paid
MDM008683,2025-08-17,SCH0026,goyal enterprises,Wheat,33.9,KG,855.0,Cleared
MDM011279,2025-08-19,SCH0210,Kumar Supplies,Wheat,33.9,KG,540.0,Pending
MDM003484,2025-10-13,SCH0152,kumar & co.,atta,33.9,KG,1794.0,Paid
MDM007007,2026-03-31,SCH0014,s. agro works,sarson tel,33.9,KG,1794.0,Paid
MDM005103,2025-08-14,SCH0124,goyal enterprises,cooking oil,33.9,KG,5760.0,Paid
MDM006600,2026-01-26,SCH0269,goyal mill,cooking oil,33.9,KG,2952.0,Paid
MDM003765,2025-08-20,SCH0103,s. agro works,Rice,33.9,KG,1936.0,Paid
MDM009813,2026-03-24,SCH0331,Singh Brothers,Lentils,28.3,KG,2547.0,Cleared
MDM006411,2026-01-02,SCH0172,Goyal Rice Mill,Lentils,33.9,KG,5130.0,Paid
MDM009373,2025-05-31,SCH0396,goyal mill,Rice,33.9,KG,1080.0,Due
MDM000026,2026-01-28,SCH0267,goyal enterprises,cooking oil,37.5,KG,4500.0,Paid
MDM007660,2025-04-22,SCH0245,Singh Brothers,Pulses,33.9,KG,4725.0,Pending
MDM010768,2025-10-10,SCH0248,Goyal Rice Mill,Wheat,33.9,KG,1794.0,Due
MDM011366,2025-10-23,SCH0213,Sharma Traders,Pulses,33.9,KG,1794.0,Pending
MDM010647,2025-04-01,SCH0245,goyal enterprises,Pulses,33.9,KG,4221.0,Pending
MDM006684,2025-08-24,SCH0409,goyal mill,Wheat,33.9,KG,1794.0,Paid
MDM010163,2025-10-03,SCH0117,Goyal Rice Mill,cooking oil,33.9,KG,1794.0,Due
MDM008585,2025-11-17,SCH0474,goyal mill,sarson tel,33.9,KG,6144.0,Paid
MDM010725,2025-04-18,SCH0387,Kumar General Store,Wheat,33.9,KG,1587.0,Due
MDM010618,2025-09-14,SCH0074,singh agro,Wheat,33.9,KG,579.0,Paid
MDM011925,2026-03-22,SCH0458,Sharma Traders,oil,33.9,KG,1794.0,Pending
MDM010403,2026-01-10,SCH0383,goyal mill,cooking oil,33.9,KG,1794.0,Pending
MDM001103,2025-12-04,SCH0159,singh agro,cooking oil,33.9,KG,2556.0,Paid
MDM003277,2025-07-29,SCH0177,s. agro works,Lentils,59.5,KG,1794.0,Paid
MDM005346,2025-08-07,SCH0089,goyal mill,Wheat,33.9,KG,1794.0,Paid
MDM011205,2025-06-16,SCH0506,kumar & co.,Wheat,33.9,KG,1794.0,Pending
MDM010867,2025-06-03,SCH0441,singh agro,Lentils,38.2,KG,1794.0,Paid
MDM008387,2025-07-14,SCH0514,goyal enterprises,sarson tel,33.9,KG,3156.0,Paid
MDM008836,2025-07-25,SCH0536,kumar & co.,Rice,33.9,KG,2156.0,Cleared
MDM008983,2026-01-28,SCH0274,Sharma Traders,Rice,41.5,KG,1660.0,Pending
MDM002208,2025-08-06,SCH0278,Sharma Traders,atta,33.9,KG,1110.0,Due
MDM004553,2026-02-06,SCH0121,sharma & sons,Wheat,33.9,KG,1794.0,Due
MDM004403,2025-09-11,SCH0054,Kumar Supplies,Lentils,33.9,KG,1794.0,Pending
MDM007396,2025-12-06,SCH0434,goyal mill,Rice,33.9,KG,2012.0,Cleared
MDM003719,2025-05-05,SCH0224,sharma & sons,Rice,33.9,KG,1794.0,Pending
MDM000973,2025-07-23,SCH0335,Sharma Traders,Wheat,33.9,KG,1794.0,Pending
MDM004580,2025-04-10,SCH0472,s. agro works,Rice,33.9,KG,1794.0,Paid
MDM006517,2025-12-05,SCH0457,kumar & co.,oil,33.9,KG,6204.0,Pending
MDM000720,2026-02-19,SCH0026,Singh Brothers,Rice,33.9,KG,1316.0,Paid
MDM006156,2025-09-05,SCH0504,singh agro,Lentils,33.9,KG,5022.0,Paid
MDM011653,2025-07-10,SCH0477,Singh Brothers,Wheat,33.9,KG,1107.0,Pending
MDM002804,2025-12-07,SCH0454,kumar & co.,Lentils,33.9,KG,1794.0,Pending
MDM002567,2025-07-31,SCH0320,Kumar Supplies,Rice,33.9,KG,1016.0,Due
MDM004026,2025-10-01,SCH0146,s. agro works,cooking oil,33.9,KG,7176.0,Due
MDM006199,2026-01-05,SCH0113,goyal mill,mustard oil,33.9,KG,6792.0,Pending
MDM008225,2025-06-21,SCH0267,Goyal Rice Mill,Wheat,33.9,KG,1059.0,Paid
MDM010910,2025-11-11,SCH0411,goyal mill,Rice,33.9,KG,800.0,Due
MDM004064,2025-09-12,SCH0099,sharma & sons,Rice,33.9,KG,1116.0,Paid
MDM002793,2025-05-14,SCH0027,singh agro,Lentils,33.9,KG,2556.0,Pending
MDM002223,2025-11-04,SCH0264,Sharma Traders,Wheat,33.9,KG,1794.0,Due
MDM005819,2026-03-30,SCH0506,Sharma Traders,Lentils,15.0,KG,1350.0,Due
MDM003867,2025-05-14,SCH0025,Sharma Traders,Lentils,33.9,KG,1794.0,Paid
MDM008954,2025-04-17,SCH0058,kumar & co.,Wheat,33.9,KG,1794.0,Pending
MDM010702,2025-04-26,SCH0543,Sharma Traders,Wheat,33.9,KG,1380.0,Due
MDM003228,2025-08-10,SCH0364,kumar & co.,Rice,33.9,KG,624.0,Due
MDM004215,2025-09-09,SCH0095,Goyal Rice Mill,Wheat,33.9,KG,1128.0,Paid
MDM003924,2025-12-16,SCH0005,Kumar Supplies,mustard oil,33.9,KG,1620.0,Paid
MDM009235,2025-09-19,SCH0136,Kumar General Store,sarson tel,33.9,KG,1794.0,Cleared
MDM001402,2026-03-31,SCH0517,Kumar General Store,Rice,33.9,KG,1280.0,Cleared
MDM007704,2026-02-07,SCH0424,Kumar General Store,Rice,33.9,KG,1794.0,Paid
MDM004980,2025-11-06,SCH0156,Singh Brothers,Rice,33.9,KG,1256.0,Paid
MDM003254,2025-05-26,SCH0470,singh agro,Rice,33.9,KG,1236.0,Paid
MDM010660,2025-06-04,SCH0553,kumar & co.,Wheat,33.9,KG,1368.0,Pending
MDM002662,2025-10-05,SCH0136,goyal enterprises,cooking oil,33.9,KG,7056.0,Paid
MDM002159,2025-08-22,SCH0570,Sharma Traders,cooking oil,33.9,KG,1794.0,Due
MDM008579,2025-06-25,SCH0009,Sharma Traders,cooking oil,33.9,KG,1794.0,Paid
MDM008089,2025-08-16,SCH0351,Sharma Traders,Lentils,33.9,KG,4347.0,Pending
MDM000675,2026-03-31,SCH0186,Singh Brothers,Rice,33.9,KG,512.0,Pending
MDM011685,2026-01-25,SCH0391,goyal enterprises,mustard oil,33.9,KG,6468.0,Pending
MDM007012,2026-02-08,SCH0560,kumar & co.,oil,33.9,KG,2352.0,Cleared
MDM009089,2025-05-27,SCH0594,kumar & co.,cooking oil,33.9,KG,1794.0,Pending
MDM003842,2025-04-29,SCH0447,Kumar Supplies,Lentils,33.9,KG,5229.0,Due
MDM001816,2025-07-09,SCH0568,kumar & co.,cooking oil,33.9,KG,3492.0,Paid
MDM010284,2026-03-12,SCH0025,sharma & sons,sarson tel,33.9,KG,1794.0,Pending
MDM002101,2025-05-09,SCH0496,s. agro works,Wheat,33.9,KG,1794.0,Pending
MDM006709,2026-02-22,SCH0249,Goyal Rice Mill,Wheat,33.9,KG,684.0,Pending
MDM001674,2026-09-02,SCH0320,Goyal Rice Mill,Lentils,33.9,KG,1794.0,Paid
MDM004214,2026-01-16,SCH0147,goyal mill,Wheat,33.9,KG,1794.0,Pending
MDM009001,2025-05-18,SCH0193,kumar & co.,Wheat,45.3,KG,1359.0,Pending
MDM001549,2025-11-11,SCH0328,goyal enterprises,Lentils,33.9,KG,1794.0,Pending
MDM010452,2025-12-08,SCH0439,sharma & sons,sarson tel,33.9,KG,6060.0,Paid
MDM008548,2026-02-15,SCH0577,Kumar Supplies,Rice,33.9,KG,1794.0,Pending
MDM005185,2026-02-10,SCH0487,Sharma Traders,atta,33.9,KG,1794.0,Paid
MDM001462,2026-03-15,SCH0538,Goyal Rice Mill,oil,38.7,KG,4644.0,Paid
MDM011596,2025-06-19,SCH0052,s. agro works,Lentils,33.9,KG,1794.0,Paid
MDM003221,2025-11-21,SCH0359,Kumar Supplies,Rice,33.9,KG,1794.0,Pending
MDM011848,2025-05-30,SCH0412,kumar & co.,sarson tel,33.9,KG,1716.0,Paid
MDM007171,2025-07-20,SCH0071,goyal enterprises,oil,33.9,KG,1794.0,Pending
MDM007431,2026-03-18,SCH0179,kumar & co.,Pulses,33.9,KG,999.0,Pending
MDM001752,2025-11-12,SCH0247,goyal mill,Wheat,33.9,KG,1794.0,Paid
MDM003977,2026-02-02,SCH0557,Singh Brothers,cooking oil,33.9,KG,2496.0,Pending
MDM008354,2025-07-27,SCH0223,Sharma Traders,Lentils,33.9,KG,2889.0,Pending
MDM001773,2025-09-06,SCH0266,Kumar General Store,Wheat,33.9,KG,960.0,Cleared
MDM002017,2025-09-10,SCH0193,Goyal Rice Mill,Wheat,33.9,KG,1794.0,Paid
MDM002006,2025-12-30,SCH0307,Kumar Supplies,Lentils,16.6,KG,1494.0,Cleared
MDM003894,2025-05-26,SCH0540,sharma & sons,cooking oil,52.2,KG,1794.0,Paid
MDM003238,2025-10-09,SCH0290,Kumar Supplies,atta,33.9,KG,1794.0,Cleared
MDM004425,2025-09-15,SCH0298,singh agro,mustard oil,33.9,KG,6708.0,Due
MDM008589,2025-09-20,SCH0013,goyal enterprises,Wheat,33.9,KG,1794.0,Pending
MDM002258,2025-09-28,SCH0479,goyal mill,oil,33.9,KG,1794.0,Cleared
MDM004073,2026-02-14,SCH0315,Goyal Rice Mill,cooking oil,41.2,KG,4944.0,Due
MDM005575,2026-11-03,SCH0151,kumar & co.,Lentils,33.9,KG,4158.0,Cleared
MDM011748,2025-05-05,SCH0073,Singh Brothers,Rice,33.9,KG,2000.0,Pending
MDM005356,2026-02-11,SCH0450,Sharma Traders,Rice,33.9,KG,1794.0,Due
MDM008419,2025-06-22,SCH0056,s. agro works,Lentils,33.9,KG,2610.0,Paid
MDM006094,2025-12-18,SCH0468,Sharma Traders,Rice,33.9,KG,2400.0,Pending
MDM007936,2025-05-23,SCH0057,Singh Brothers,Rice,33.9,KG,2104.0,Cleared
MDM011734,2025-07-29,SCH0333,Kumar Supplies,mustard oil,33.9,KG,1794.0,Pending
MDM001520,2026-03-17,SCH0099,kumar & co.,Lentils,33.9,KG,1794.0,Paid
MDM010105,2025-11-09,SCH0084,Kumar Supplies,sarson tel,52.4,KG,6288.0,Due
MDM001379,2025-11-27,SCH0038,Goyal Rice Mill,Rice,33.9,KG,1794.0,Pending
MDM005673,2025-11-19,SCH0036,Goyal Rice Mill,atta,56.0,KG,1680.0,Pending
MDM002588,2025-09-05,SCH0042,Kumar General Store,oil,38.1,KG,4572.0,Paid
MDM005622,2025-07-20,SCH0458,Sharma Traders,Rice,41.5,KG,1794.0,Paid
MDM010179,2025-05-07,SCH0203,Singh Brothers,Rice,33.9,KG,1100.0,Due
MDM005843,2025-10-15,SCH0547,singh agro,Lentils,33.9,KG,2160.0,Cleared
MDM007123,2025-10-29,SCH0007,Sharma Traders,Rice,54.8,KG,1794.0,Cleared
MDM005833,2025-07-06,SCH0491,Sharma Traders,cooking oil,33.9,KG,1794.0,Paid
MDM004889,2025-05-26,SCH0330,Singh Brothers,Lentils,33.9,KG,4923.0,Paid
MDM005905,2025-05-25,SCH0100,sharma & sons,Rice,33.9,KG,1794.0,Paid
MDM000523,2025-08-15,SCH0030,Goyal Rice Mill,Lentils,33.9,KG,1794.0,Paid
MDM008044,2025-06-02,SCH0188,sharma & sons,Wheat,33.9,KG,432.0,Pending
MDM003608,2025-12-15,SCH0508,Kumar General Store,Wheat,33.9,KG,741.0,Paid
MDM000235,2026-01-14,SCH0585,goyal enterprises,Rice,33.9,KG,1794.0,Cleared
MDM003797,2025-07-08,SCH0309,singh agro,Pulses,33.9,KG,4383.0,Paid
MDM006319,2025-12-20,SCH0065,Sharma Traders,Lentils,33.9,KG,1215.0,Due
MDM007095,2025-08-30,SCH0224,kumar & co.,Rice,33.9,KG,2224.0,Paid
MDM001949,2025-08-22,SCH0370,goyal mill,Rice,33.9,KG,1794.0,Due
MDM006362,2025-06-18,SCH0108,s. agro works,sarson tel,33.9,KG,2736.0,Paid
MDM011613,2026-01-25,SCH0044,Kumar Supplies,Rice,33.9,KG,1744.0,Paid
MDM006092,2026-03-06,SCH0252,Goyal Rice Mill,Rice,33.9,KG,2148.0,Paid
MDM011220,2025-07-24,SCH0083,Goyal Rice Mill,Lentils,33.9,KG,1098.0,Paid
MDM002225,2025-09-03,SCH0381,Sharma Traders,Rice,33.9,KG,2080.0,Pending
MDM005572,2025-09-13,SCH0444,Goyal Rice Mill,atta,38.7,KG,1794.0,Paid
MDM004524,2025-09-16,SCH0422,Sharma Traders,Rice,33.9,KG,752.0,Paid
MDM005794,2025-05-06,SCH0233,s. agro works,Rice,33.9,KG,1828.0,Paid
MDM010854,2026-03-15,SCH0028,Kumar General Store,Pulses,33.9,KG,1794.0,Cleared
MDM005739,2026-01-18,SCH0305,goyal enterprises,Lentils,44.1,KG,3969.0,Due
MDM002625,2025-04-18,SCH0508,goyal enterprises,Wheat,33.9,KG,1740.0,Paid
MDM004729,2025-08-28,SCH0511,Sharma Traders,Rice,33.9,KG,1048.0,Due
MDM007819,2025-05-27,SCH0578,Kumar General Store,Rice,33.9,KG,1794.0,Due
MDM008860,2025-06-26,SCH0224,goyal enterprises,Rice,13.9,KG,556.0,Pending
MDM011259,2025-05-30,SCH0379,Sharma Traders,Pulses,12.0,KG,1080.0,Paid
MDM011874,2025-12-25,SCH0017,goyal enterprises,sarson tel,33.9,KG,3036.0,Paid
MDM002438,2026-03-06,SCH0425,goyal mill,Lentils,33.9,KG,3807.0,Paid
MDM006057,2025-09-05,SCH0241,sharma & sons,atta,23.1,KG,693.0,Cleared
MDM006353,2026-01-10,SCH0402,Kumar General Store,sarson tel,33.9,KG,1794.0,Pending
MDM003168,2026-01-11,SCH0334,Sharma Traders,Lentils,33.9,KG,2241.0,Pending
MDM001810,2025-12-22,SCH0108,sharma & sons,Lentils,33.9,KG,3762.0,Due
MDM010007,2026-03-22,SCH0330,kumar & co.,Wheat,33.9,KG,1794.0,Pending
MDM007162,2025-09-18,SCH0351,Sharma Traders,Pulses,33.9,KG,1794.0,Cleared
MDM005087,2026-03-23,SCH0290,singh agro,Wheat,33.9,KG,1794.0,Pending
MDM009960,2025-07-18,SCH0265,Goyal Rice Mill,Lentils,33.9,KG,1794.0,Paid
MDM007017,2025-08-01,SCH0035,sharma & sons,Rice,34.6,KG,1794.0,Paid
MDM009642,2025-04-05,SCH0203,Kumar Supplies,sarson tel,33.9,KG,1320.0,Pending
MDM004946,2025-04-11,SCH0224,s. agro works,Wheat,33.9,KG,1023.0,Paid
MDM006047,2025-05-21,SCH0079,sharma & sons,sarson tel,33.9,KG,1596.0,Pending
MDM011435,2025-04-28,SCH0262,Sharma Traders,Lentils,33.9,KG,1794.0,Pending
MDM006920,2026-02-25,SCH0073,Sharma Traders,Rice,33.9,KG,780.0,Due
MDM005591,2026-01-18,SCH0239,goyal enterprises,Rice,33.9,KG,2352.0,Paid
MDM007227,2025-06-30,SCH0213,Sharma Traders,Lentils,33.9,KG,2124.0,Pending
MDM001229,2025-06-12,SCH0249,Kumar Supplies,Lentils,33.9,KG,1794.0,Paid
MDM009530,2026-01-01,SCH0289,Kumar Supplies,Lentils,13.2,KG,1188.0,Paid
MDM006847,2025-05-03,SCH0023,s. agro works,Wheat,42.9,KG,1287.0,Cleared
MDM008245,2025-07-13,SCH0238,s. agro works,Lentils,33.9,KG,4104.0,Paid
MDM006556,2026-03-30,SCH0566,goyal mill,Pulses,33.9,KG,1794.0,Cleared
MDM000160,2025-07-08,SCH0060,goyal enterprises,mustard oil,33.9,KG,2340.0,Pending
MDM008852,2025-11-27,SCH0244,goyal mill,cooking oil,33.9,KG,1794.0,Paid
MDM001590,2026-02-27,SCH0370,s. agro works,atta,33.9,KG,1794.0,Pending
MDM011721,2025-07-01,SCH0050,Kumar Supplies,Lentils,33.9,KG,4581.0,Pending
MDM011698,2025-08-24,SCH0062,goyal enterprises,Wheat,33.9,KG,999.0,Paid
MDM011529,2025-11-15,SCH0125,sharma & sons,Lentils,33.9,KG,4401.0,Paid
MDM006688,2025-06-10,SCH0427,kumar & co.,Rice,33.9,KG,1860.0,Paid
MDM011542,2025-07-27,SCH0452,Singh Brothers,Rice,33.9,KG,1794.0,Paid
MDM009315,2025-05-18,SCH0520,sharma & sons,Wheat,33.9,KG,1794.0,Paid
MDM007481,2025-12-27,SCH0053,s. agro works,Wheat,33.9,KG,1563.0,Paid
MDM011438,2025-11-24,SCH0042,sharma & sons,atta,33.9,KG,1794.0,Due
MDM001557,2026-03-10,SCH0272,Kumar General Store,atta,33.9,KG,1794.0,Paid
MDM002829,2026-02-01,SCH0185,Kumar General Store,Rice,33.9,KG,1794.0,Pending
MDM000437,2025-08-03,SCH0180,Sharma Traders,Wheat,33.9,KG,1794.0,Due
MDM005790,2026-03-27,SCH0081,goyal mill,Wheat,26.0,KG,780.0,Pending
MDM010087,2025-07-17,SCH0024,Kumar Supplies,Rice,33.9,KG,1794.0,Pending
MDM001589,2025-06-07,SCH0105,Singh Brothers,mustard oil,33.9,KG,4848.0,Due
MDM007399,2026-01-01,SCH0153,s. agro works,Wheat,33.9,KG,1614.0,Pending
MDM002781,2025-04-05,SCH0422,goyal enterprises,sarson tel,22.9,KG,2748.0,Paid
MDM011790,2025-07-20,SCH0119,sharma & sons,atta,57.0,KG,1794.0,Paid
MDM005687,2025-08-11,SCH0188,Goyal Rice Mill,Rice,33.9,KG,936.0,Paid
MDM003966,2025-11-28,SCH0099,sharma & sons,Wheat,32.7,KG,981.0,Due
MDM004728,2025-08-13,SCH0134,kumar & co.,Rice,33.9,KG,1176.0,Due
MDM001239,2026-01-30,SCH0485,Kumar Supplies,Lentils,33.9,KG,1794.0,Pending
MDM002952,2025-12-04,SCH0194,goyal mill,Lentils,33.9,KG,1737.0,Due
MDM009433,2025-12-05,SCH0137,Goyal Rice Mill,Lentils,33.9,KG,3744.0,Pending
MDM009559,2026-02-23,SCH0486,Sharma Traders,Lentils,33.9,KG,3924.0,Paid
MDM001498,2025-11-20,SCH0117,Sharma Traders,Rice,13.4,KG,1794.0,Paid
MDM006466,2025-10-12,SCH0234,kumar & co.,atta,33.9,KG,1794.0,Pending
MDM007356,2025-08-09,SCH0495,kumar & co.,sarson tel,33.9,KG,1860.0,Paid
MDM007824,2026-01-08,SCH0437,kumar & co.,atta,33.9,KG,1173.0,Due
MDM007548,2025-08-17,SCH0144,Sharma Traders,Wheat,16.1,KG,1794.0,Pending
MDM007914,2025-09-23,SCH0174,s. agro works,Lentils,33.9,KG,1794.0,Pending
MDM011680,2025-05-23,SCH0515,Sharma Traders,Rice,33.9,KG,1794.0,Paid
MDM005186,2026-03-02,SCH0450,Kumar Supplies,atta,33.9,KG,855.0,Paid
MDM005648,2025-09-04,SCH0575,Goyal Rice Mill,Lentils,33.9,KG,1794.0,Paid
MDM011606,2026-02-22,SCH0038,Goyal Rice Mill,Lentils,33.9,KG,3888.0,Paid
MDM005243,2026-03-04,SCH0101,goyal enterprises,Wheat,33.9,KG,1047.0,Paid
MDM002131,2025-09-25,SCH0431,goyal mill,Lentils,33.9,KG,1794.0,Paid
MDM002093,2025-05-04,SCH0144,Sharma Traders,Lentils,33.9,KG,1794.0,Due
MDM005410,2025-12-08,SCH0406,singh agro,Rice,33.9,KG,1794.0,Cleared
MDM000188,2025-07-22,SCH0096,Sharma Traders,cooking oil,33.9,KG,1794.0,Pending
MDM007939,2025-08-21,SCH0587,singh agro,Rice,17.5,KG,1794.0,Pending
MDM003656,2026-02-22,SCH0109,Kumar General Store,sarson tel,33.9,KG,4896.0,Pending
MDM003427,2026-02-09,SCH0342,Sharma Traders,Rice,33.9,KG,1124.0,Paid
MDM009486,2025-05-24,SCH0022,Sharma Traders,Wheat,33.9,KG,876.0,Paid
MDM001382,2025-12-19,SCH0373,goyal mill,Wheat,33.9,KG,1080.0,Paid
MDM009658,2025-06-29,SCH0163,Sharma Traders,atta,33.9,KG,1380.0,Paid
MDM008606,2025-05-16,SCH0342,s. agro works,Lentils,58.5,KG,5265.0,Paid
MDM007428,2025-07-15,SCH0495,Singh Brothers,Wheat,33.9,KG,1794.0,Paid
MDM005038,2025-06-05,SCH0154,Sharma Traders,Lentils,33.9,KG,1557.0,Pending
MDM004898,2025-04-18,SCH0312,s. agro works,oil,42.9,KG,1794.0,Due
MDM003176,2025-07-16,SCH0455,Kumar Supplies,Rice,33.9,KG,600.0,Cleared
MDM009860,2025-05-19,SCH0476,goyal mill,Lentils,12.4,KG,1116.0,Pending
MDM008449,2025-04-22,SCH0362,sharma & sons,Wheat,33.9,KG,321.0,Due
MDM009800,2026-02-04,SCH0051,Kumar General Store,Lentils,33.9,KG,1485.0,Pending
MDM002236,2026-03-17,SCH0198,Singh Brothers,Lentils,33.9,KG,1794.0,Paid
MDM008069,2025-10-17,SCH0367,Kumar Supplies,Pulses,33.9,KG,1794.0,Paid
MDM004237,2025-09-10,SCH0358,goyal enterprises,Wheat,33.9,KG,1794.0,Cleared
MDM010729,2025-08-06,SCH0147,Kumar General Store,sarson tel,33.9,KG,6336.0,Cleared
MDM010433,2025-10-11,SCH0461,Goyal Rice Mill,Lentils,33.9,KG,1794.0,Pending
MDM000025,2025-06-11,SCH0150,goyal mill,sarson tel,33.9,KG,2028.0,Paid
MDM003364,2026-02-08,SCH0001,Sharma Traders,Lentils,33.9,KG,1794.0,Pending
MDM001089,2025-11-21,SCH0297,Singh Brothers,atta,33.9,KG,1557.0,Paid
MDM008734,2025-04-23,SCH0348,Kumar General Store,Wheat,52.3,KG,1794.0,Paid
MDM011306,2025-09-11,SCH0139,Sharma Traders,Pulses,33.9,KG,1377.0,Paid
MDM002842,2026-01-18,SCH0288,goyal enterprises,Wheat,33.9,KG,1794.0,Due
MDM007538,2025-05-29,SCH0033,kumar & co.,Pulses,50.4,KG,4536.0,Pending
MDM007471,2025-08-06,SCH0361,kumar & co.,Wheat,33.9,KG,1710.0,Pending
MDM011511,2025-10-01,SCH0096,Goyal Rice Mill,sarson tel,33.9,KG,1794.0,Pending
MDM004153,2025-11-03,SCH0531,singh agro,Wheat,33.9,KG,1419.0,Paid
MDM000696,2025-08-26,SCH0163,goyal mill,Lentils,33.9,KG,4950.0,Paid
MDM011335,2025-05-12,SCH0093,Sharma Traders,Wheat,33.9,KG,936.0,Pending
MDM006338,2025-10-17,SCH0077,Goyal Rice Mill,Wheat,24.2,KG,726.0,Paid
MDM001228,2025-12-02,SCH0488,Goyal Rice Mill,Pulses,33.9,KG,1098.0,Paid
MDM002000,2026-01-02,SCH0529,goyal mill,Wheat,42.0,KG,1260.0,Paid
MDM000277,2025-11-16,SCH0468,Singh Brothers,Wheat,33.9,KG,657.0,Due
MDM005930,2025-05-13,SCH0379,Goyal Rice Mill,mustard oil,43.5,KG,5220.0,Paid
MDM002954,2025-07-04,SCH0144,kumar & co.,sarson tel,33.9,KG,6096.0,Due
MDM003638,2026-01-10,SCH0249,goyal enterprises,oil,33.9,KG,1476.0,Paid
MDM003907,2025-05-02,SCH0220,Goyal Rice Mill,Rice,33.9,KG,1036.0,Pending
MDM004779,2025-12-17,SCH0286,goyal mill,oil,33.9,KG,1794.0,Pending
MDM005846,2026-02-01,SCH0318,kumar & co.,cooking oil,33.9,KG,2736.0,Paid
MDM011985,2025-04-04,SCH0291,sharma & sons,cooking oil,33.9,KG,3516.0,Paid
MDM004118,2025-04-21,SCH0494,s. agro works,mustard oil,33.9,KG,5628.0,Pending
MDM001138,2026-03-07,SCH0483,sharma & sons,Wheat,33.9,KG,1338.0,Cleared
MDM002768,2025-05-14,SCH0532,Kumar Supplies,oil,33.9,KG,4164.0,Due
MDM008183,2025-07-02,SCH0364,Kumar General Store,Rice,33.9,KG,1794.0,Paid
MDM009811,2025-07-11,SCH0034,Singh Brothers,Rice,33.9,KG,1794.0,Pending
MDM007662,2025-12-07,SCH0142,Singh Brothers,sarson tel,33.9,KG,1794.0,Cleared
MDM009199,2025-11-20,SCH0517,s. agro works,Rice,33.9,KG,1794.0,Due
MDM002491,2025-07-17,SCH0516,Sharma Traders,Rice,33.9,KG,432.0,Paid
MDM011964,2026-02-19,SCH0223,singh agro,Wheat,33.9,KG,1794.0,Paid
MDM007743,2025-04-13,SCH0216,Sharma Traders,Rice,33.9,KG,1794.0,Paid
MDM003936,2025-04-04,SCH0536,sharma & sons,sarson tel,33.9,KG,2916.0,Paid
MDM002385,2025-09-29,SCH0597,Goyal Rice Mill,atta,33.9,KG,615.0,Cleared
MDM008017,2026-02-12,SCH0080,Sharma Traders,atta,33.9,KG,1167.0,Pending
MDM007085,2026-01-21,SCH0385,kumar & co.,Pulses,33.9,KG,1287.0,Cleared
MDM000116,2025-04-16,SCH0462,Singh Brothers,cooking oil,33.9,KG,1794.0,Paid
MDM001864,2026-01-21,SCH0012,kumar & co.,atta,33.9,KG,999.0,Pending
MDM003120,2025-08-12,SCH0204,kumar & co.,Lentils,29.3,KG,2637.0,Pending
MDM004259,2025-06-30,SCH0006,Sharma Traders,Rice,33.9,KG,576.0,Paid
MDM011401,2025-06-02,SCH0558,Kumar Supplies,Lentils,30.0,KG,1794.0,Due
MDM010448,2025-11-17,SCH0543,goyal enterprises,oil,53.3,KG,1794.0,Due
MDM002820,2026-01-03,SCH0348,Singh Brothers,Rice,33.9,KG,2088.0,Cleared
MDM009431,2026-03-23,SCH0548,Singh Brothers,Rice,33.9,KG,1794.0,Due
MDM009290,2026-01-11,SCH0569,Sharma Traders,sarson tel,33.9,KG,3264.0,Due
MDM011221,2025-05-10,SCH0068,sharma & sons,Rice,33.9,KG,1794.0,Due
MDM004700,2026-02-26,SCH0337,Kumar General Store,mustard oil,33.9,KG,2640.0,Pending
MDM003803,2026-01-18,SCH0440,goyal enterprises,sarson tel,33.9,KG,4356.0,Paid
MDM006069,2026-02-26,SCH0556,Sharma Traders,Lentils,26.4,KG,2376.0,Due
MDM003537,2026-02-10,SCH0507,Kumar Supplies,oil,33.9,KG,3324.0,Pending
MDM003826,2025-12-05,SCH0196,Kumar General Store,sarson tel,40.7,KG,4884.0,Cleared
MDM006643,2025-05-17,SCH0077,Kumar General Store,Wheat,33.9,KG,1794.0,Due
MDM001947,2025-04-14,SCH0256,s. agro works,Rice,33.9,KG,1794.0,Paid
MDM010784,2026-03-29,SCH0539,Kumar Supplies,Wheat,33.9,KG,780.0,Due
MDM009441,2026-01-02,SCH0329,goyal mill,sarson tel,33.9,KG,1668.0,Paid
MDM010300,2025-06-06,SCH0134,goyal mill,cooking oil,37.3,KG,4476.0,Pending
MDM007270,2025-02-11,SCH0090,sharma & sons,cooking oil,33.9,KG,4200.0,Paid
MDM009932,2025-07-04,SCH0133,s. agro works,Rice,33.9,KG,1794.0,Paid
MDM007930,2026-02-16,SCH0161,sharma & sons,Lentils,33.9,KG,2961.0,Due
MDM007167,2026-03-09,SCH0150,Sharma Traders,Lentils,11.0,KG,990.0,Paid
MDM006964,2025-12-24,SCH0315,s. agro works,cooking oil,33.9,KG,3696.0,Pending
MDM005868,2025-05-08,SCH0275,singh agro,sarson tel,33.9,KG,5256.0,Paid
MDM004762,2025-12-13,SCH0055,goyal enterprises,Wheat,33.9,KG,1206.0,Pending
MDM000883,2026-03-29,SCH0600,Sharma Traders,sarson tel,33.9,KG,5856.0,Paid
MDM000558,2025-04-17,SCH0256,Singh Brothers,Pulses,33.9,KG,5013.0,Paid
MDM010026,2025-04-13,SCH0219,Sharma Traders,mustard oil,33.9,KG,1794.0,Paid
MDM001208,2025-01-07,SCH0457,Sharma Traders,oil,33.9,KG,1794.0,Pending
MDM007685,2025-11-11,SCH0306,s. agro works,Rice,33.9,KG,1572.0,Paid
MDM009667,2025-07-27,SCH0294,kumar & co.,Rice,33.9,KG,1888.0,Paid
MDM006539,2025-08-10,SCH0107,Kumar General Store,Lentils,44.8,KG,4032.0,Cleared
MDM003212,2025-08-03,SCH0155,Kumar General Store,Rice,59.8,KG,1794.0,Paid
MDM003631,2026-03-30,SCH0003,Sharma Traders,Rice,33.9,KG,1928.0,Pending
MDM001709,2025-09-28,SCH0449,Kumar Supplies,Rice,33.9,KG,2056.0,Pending
MDM008459,2025-07-29,SCH0021,Kumar Supplies,Wheat,33.9,KG,1425.0,Due
MDM001141,2025-08-24,SCH0568,goyal mill,cooking oil,33.9,KG,6840.0,Paid
MDM003163,2025-04-13,SCH0459,Singh Brothers,Wheat,33.9,KG,828.0,Paid
MDM006208,2025-09-12,SCH0264,goyal mill,Lentils,18.5,KG,1665.0,Due
MDM003731,2026-03-17,SCH0368,Kumar Supplies,Lentils,33.9,KG,1899.0,Due
MDM002661,2025-06-01,SCH0414,Goyal Rice Mill,Wheat,33.9,KG,1794.0,Pending
MDM008849,2025-06-27,SCH0125,kumar & co.,sarson tel,51.4,KG,6168.0,Pending
MDM001308,2026-03-16,SCH0549,Kumar Supplies,Wheat,33.9,KG,369.0,Due
MDM002568,2025-05-07,SCH0216,Singh Brothers,Wheat,33.9,KG,381.0,Pending
MDM002835,2025-05-04,SCH0379,kumar & co.,Lentils,33.9,KG,1794.0,Due
MDM011830,2025-08-19,SCH0349,singh agro,mustard oil,33.9,KG,1794.0,Pending
MDM002152,2026-01-27,SCH0112,kumar & co.,Lentils,33.9,KG,2232.0,Paid
MDM003836,2025-10-19,SCH0417,goyal enterprises,mustard oil,28.1,KG,1794.0,Due
MDM011982,2025-06-20,SCH0268,s. agro works,oil,33.9,KG,5520.0,Paid
MDM009482,2026-01-28,SCH0598,Singh Brothers,Wheat,27.2,KG,816.0,Pending
MDM005005,2025-09-16,SCH0082,Kumar Supplies,cooking oil,33.9,KG,1794.0,Paid
MDM006627,2025-04-11,SCH0421,singh agro,Lentils,33.9,KG,3726.0,Cleared
MDM001628,2025-08-18,SCH0544,Singh Brothers,cooking oil,33.9,KG,1794.0,Pending
MDM009895,2026-01-03,SCH0063,kumar & co.,oil,33.9,KG,1794.0,Pending
MDM000359,2026-03-09,SCH0287,Kumar Supplies,Wheat,33.9,KG,1794.0,Pending
MDM000139,2025-07-24,SCH0037,s. agro works,Rice,32.0,KG,1794.0,Pending
MDM008492,2025-05-29,SCH0459,goyal enterprises,Wheat,33.9,KG,1335.0,Paid
MDM000383,2025-05-27,SCH0421,goyal enterprises,Rice,42.8,KG,1712.0,Due
MDM004858,2025-07-21,SCH0507,kumar & co.,Lentils,33.9,KG,1794.0,Pending
MDM011479,2025-04-07,SCH0566,Goyal Rice Mill,Wheat,33.9,KG,1794.0,Paid
MDM001440,2025-09-07,SCH0357,s. agro works,Wheat,33.9,KG,1485.0,Paid
MDM000947,2025-04-09,SCH0208,s. agro works,atta,33.9,KG,1476.0,Pending
MDM005499,2025-11-09,SCH0342,Kumar Supplies,Rice,33.9,KG,496.0,Due
MDM004917,2025-09-04,SCH0275,Singh Brothers,oil,46.8,KG,1794.0,Pending
MDM008557,2025-05-22,SCH0581,Kumar General Store,Wheat,33.9,KG,537.0,Paid
MDM001933,2025-05-22,SCH0274,Sharma Traders,oil,33.9,KG,4092.0,Due
MDM002353,2025-06-23,SCH0134,sharma & sons,Pulses,33.9,KG,1620.0,Paid
MDM003237,2025-10-20,SCH0253,kumar & co.,Wheat,33.9,KG,1752.0,Due
MDM010224,2025-11-15,SCH0558,Kumar General Store,Lentils,33.9,KG,3105.0,Due
MDM003808,2026-01-05,SCH0569,Sharma Traders,Lentils,33.9,KG,1794.0,Paid
MDM001937,2025-08-03,SCH0102,kumar & co.,Rice,22.3,KG,892.0,Due
MDM010996,2025-05-31,SCH0418,Sharma Traders,Rice,17.4,KG,696.0,Paid
MDM004155,2025-08-18,SCH0345,goyal mill,Lentils,33.9,KG,1323.0,Paid
MDM008989,2026-03-28,SCH0041,singh agro,Rice,33.9,KG,1740.0,Pending
MDM002417,2026-01-21,SCH0526,goyal mill,oil,33.9,KG,1224.0,Cleared
MDM006140,2026-02-17,SCH0426,Kumar General Store,oil,33.9,KG,1794.0,Pending
MDM000786,2025-05-11,SCH0159,Sharma Traders,Lentils,33.9,KG,4311.0,Pending
MDM006790,2025-12-30,SCH0357,sharma & sons,Wheat,33.9,KG,1794.0,Pending
MDM008037,2025-07-22,SCH0542,goyal enterprises,Lentils,33.9,KG,2745.0,Pending
MDM008316,2025-09-28,SCH0164,kumar & co.,Wheat,33.9,KG,369.0,Paid
MDM011689,2026-01-05,SCH0295,Kumar Supplies,Lentils,33.9,KG,1794.0,Pending
MDM005669,2025-05-15,SCH0062,kumar & co.,mustard oil,33.9,KG,1794.0,Paid
MDM002173,2026-02-15,SCH0375,Kumar General Store,Rice,33.9,KG,1368.0,Paid
MDM002170,2025-10-19,SCH0457,Kumar Supplies,sarson tel,20.5,KG,1794.0,Paid
MDM006629,2025-11-11,SCH0286,goyal mill,Rice,59.9,KG,2396.0,Cleared
MDM004010,2025-06-24,SCH0141,s. agro works,atta,33.9,KG,1212.0,Pending
MDM004341,2025-06-28,SCH0554,goyal enterprises,Wheat,33.9,KG,1452.0,Cleared
MDM000911,2025-10-30,SCH0253,Sharma Traders,Lentils,33.9,KG,1485.0,Cleared
MDM006269,2025-10-18,SCH0160,singh agro,Wheat,33.9,KG,582.0,Pending
MDM002310,2026-02-03,SCH0228,sharma & sons,Wheat,33.9,KG,603.0,Pending
MDM006592,2025-10-05,SCH0147,Goyal Rice Mill,Rice,25.7,KG,1028.0,Paid
MDM004459,2026-01-29,SCH0584,Kumar Supplies,oil,33.9,KG,5544.0,Pending
MDM007598,2025-05-15,SCH0128,goyal mill,Pulses,33.9,KG,1908.0,Cleared
MDM009508,2025-09-22,SCH0543,kumar & co.,Rice,33.9,KG,1728.0,Pending
MDM011530,2026-01-22,SCH0022,Kumar General Store,cooking oil,56.5,KG,6780.0,Cleared
MDM004653,2025-08-30,SCH0131,Sharma Traders,Lentils,33.9,KG,1794.0,Pending
MDM006219,2025-06-30,SCH0402,kumar & co.,Wheat,43.5,KG,1305.0,Paid
MDM000443,2025-08-08,SCH0344,s. agro works,Wheat,33.9,KG,1116.0,Cleared
MDM003416,2025-06-08,SCH0071,s. agro works,Rice,33.9,KG,1794.0,Paid
MDM010802,2025-10-31,SCH0460,Sharma Traders,atta,33.9,KG,1794.0,Paid
MDM009481,2025-04-25,SCH0520,Kumar General Store,atta,33.9,KG,1794.0,Paid
MDM009694,2025-07-15,SCH0310,Kumar General Store,mustard oil,30.8,KG,3696.0,Paid
MDM005745,2025-10-28,SCH0174,Sharma Traders,atta,21.4,KG,642.0,Cleared
MDM001055,2025-08-14,SCH0064,Kumar General Store,Wheat,33.9,KG,1122.0,Pending
MDM003700,2026-03-17,SCH0282,Sharma Traders,Rice,33.9,KG,1794.0,Paid
MDM000930,2025-04-24,SCH0060,goyal mill,Lentils,33.9,KG,1794.0,Due
MDM006469,2026-01-01,SCH0187,Goyal Rice Mill,oil,33.9,KG,1794.0,Paid
MDM008768,2025-06-29,SCH0253,Kumar Supplies,Rice,15.4,KG,1794.0,Paid
MDM001830,2025-11-22,SCH0069,Sharma Traders,Rice,33.9,KG,2208.0,Cleared
MDM009565,2025-05-11,SCH0070,singh agro,cooking oil,32.3,KG,1794.0,Pending
MDM010058,2026-01-01,SCH0031,Sharma Traders,mustard oil,33.9,KG,1794.0,Paid
MDM002012,2025-12-27,SCH0221,Kumar General Store,Wheat,25.9,KG,1794.0,Pending
MDM000914,2025-11-06,SCH0470,Singh Brothers,Rice,33.9,KG,1908.0,Pending
MDM007612,2025-06-12,SCH0193,Singh Brothers,Pulses,33.9,KG,4653.0,Pending
MDM010173,2026-02-25,SCH0457,goyal mill,Lentils,41.9,KG,3771.0,Pending
MDM009527,2026-02-09,SCH0299,s. agro works,Lentils,55.2,KG,4968.0,Cleared
MDM002607,2026-02-03,SCH0151,Goyal Rice Mill,Wheat,33.9,KG,1794.0,Pending
MDM004929,2025-11-13,SCH0533,Sharma Traders,Wheat,33.9,KG,594.0,Pending
MDM006565,2025-04-29,SCH0331,Kumar General Store,Pulses,33.9,KG,1794.0,Paid
MDM010106,2025-11-15,SCH0316,Kumar General Store,Rice,46.6,KG,1864.0,Due
MDM000007,2026-01-09,SCH0547,s. agro works,Rice,33.9,KG,720.0,Due
MDM007836,2025-07-10,SCH0155,Sharma Traders,Pulses,33.9,KG,5049.0,Paid
MDM006584,2025-06-21,SCH0340,Kumar Supplies,Lentils,33.9,KG,2439.0,Pending
MDM003362,2026-03-13,SCH0478,goyal enterprises,Wheat,33.9,KG,654.0,Paid
MDM009645,2026-01-20,SCH0153,singh agro,Rice,33.9,KG,1528.0,Pending
MDM001636,2025-07-08,SCH0024,sharma & sons,Wheat,33.9,KG,1794.0,Pending
MDM001142,2025-08-07,SCH0350,Kumar General Store,Lentils,33.9,KG,2241.0,Cleared
MDM000360,2025-08-20,SCH0169,Kumar General Store,cooking oil,33.9,KG,5244.0,Due
MDM002071,2025-10-08,SCH0257,sharma & sons,Wheat,33.9,KG,489.0,Pending
MDM003135,2025-05-25,SCH0413,goyal mill,Rice,33.9,KG,2224.0,Pending
MDM005161,2025-06-17,SCH0217,Kumar General Store,atta,47.6,KG,1428.0,Cleared
MDM006991,2025-12-04,SCH0210,sharma & sons,Rice,33.9,KG,636.0,Paid
MDM003244,2025-04-30,SCH0258,Singh Brothers,mustard oil,33.9,KG,4632.0,Paid
MDM002243,2026-01-07,SCH0223,Goyal Rice Mill,oil,33.9,KG,1794.0,Paid
MDM001475,2026-01-25,SCH0124,sharma & sons,Rice,33.9,KG,1794.0,Cleared
MDM010608,2026-02-09,SCH0123,Kumar Supplies,atta,33.9,KG,1794.0,Paid
MDM003260,2025-11-11,SCH0157,Goyal Rice Mill,oil,22.8,KG,2736.0,Cleared
MDM004021,2025-09-24,SCH0316,Goyal Rice Mill,Lentils,33.9,KG,1350.0,Paid
MDM010909,2025-05-29,SCH0226,Kumar General Store,oil,33.9,KG,3888.0,Paid
MDM008567,2025-04-14,SCH0561,sharma & sons,cooking oil,33.9,KG,1794.0,Cleared
MDM003501,2026-01-15,SCH0074,sharma & sons,oil,33.9,KG,6228.0,Due
MDM002659,2026-03-01,SCH0531,goyal enterprises,Rice,48.3,KG,1794.0,Pending
MDM010515,2026-01-28,SCH0410,sharma & sons,Wheat,33.9,KG,1176.0,Pending
MDM001131,2025-11-11,SCH0446,sharma & sons,Wheat,33.9,KG,1794.0,Pending
MDM001820,2026-03-03,SCH0397,Goyal Rice Mill,Lentils,33.9,KG,3041.0,Paid
MDM007462,2025-04-17,SCH0349,Goyal Rice Mill,Lentils,23.2,KG,2088.0,Paid
MDM009703,2025-06-02,SCH0115,kumar & co.,Lentils,33.9,KG,1794.0,Cleared
MDM009670,2026-03-24,SCH0463,Goyal Rice Mill,Pulses,33.9,KG,1794.0,Paid
MDM010093,2025-04-12,SCH0401,Sharma Traders,Lentils,33.9,KG,5256.0,Cleared
MDM007065,2025-07-07,SCH0277,goyal enterprises,Lentils,33.9,KG,3672.0,Cleared
MDM004319,2026-03-18,SCH0013,goyal mill,Rice,49.0,KG,1960.0,Paid
MDM004670,2025-06-23,SCH0323,Singh Brothers,Rice,33.9,KG,1794.0,Due
MDM005477,2025-09-25,SCH0523,sharma & sons,Lentils,33.9,KG,3042.0,Paid
MDM010833,2026-02-03,SCH0577,Kumar Supplies,oil,33.9,KG,6876.0,Due
MDM001857,2025-10-25,SCH0483,goyal mill,sarson tel,35.2,KG,4224.0,Due
MDM002283,2025-05-07,SCH0297,Kumar Supplies,Wheat,33.9,KG,897.0,Pending
MDM011988,2025-06-04,SCH0300,Kumar General Store,Lentils,33.9,KG,1794.0,Paid
MDM004009,2025-09-25,SCH0023,Goyal Rice Mill,Rice,29.3,KG,1172.0,Due
MDM006402,2025-08-20,SCH0482,Kumar General Store,mustard oil,33.9,KG,1794.0,Cleared
MDM011452,2025-09-07,SCH0565,s. agro works,Lentils,33.9,KG,4437.0,Paid
MDM000387,2025-08-17,SCH0550,Kumar Supplies,Lentils,33.9,KG,1794.0,Paid
MDM001629,2025-08-11,SCH0003,goyal mill,Rice,33.9,KG,1794.0,Pending
MDM011661,2026-02-27,SCH0287,s. agro works,Wheat,33.9,KG,450.0,Pending
MDM011518,2025-05-23,SCH0315,Singh Brothers,sarson tel,33.9,KG,2256.0,Cleared
MDM007719,2025-08-10,SCH0391,kumar & co.,Rice,33.9,KG,1794.0,Due
MDM009503,2026-03-13,SCH0141,Kumar Supplies,atta,33.9,KG,1794.0,Cleared
MDM009102,2025-07-29,SCH0371,Sharma Traders,Rice,33.9,KG,1794.0,Paid
MDM001843,2026-01-11,SCH0443,kumar & co.,Wheat,33.9,KG,1017.0,Paid
MDM002498,2025-11-21,SCH0415,singh agro,Wheat,31.8,KG,1794.0,Cleared
MDM000202,2025-06-10,SCH0061,goyal mill,Lentils,33.9,KG,1026.0,Paid
MDM009928,2026-02-17,SCH0152,Kumar Supplies,Rice,33.9,KG,664.0,Pending
MDM003869,2026-03-19,SCH0081,singh agro,Lentils,33.9,KG,1794.0,Paid
MDM005055,2025-12-06,SCH0501,goyal enterprises,Rice,33.9,KG,1794.0,Paid
MDM005890,2026-03-17,SCH0103,Singh Brothers,Lentils,33.9,KG,4266.0,Pending
MDM002703,2025-04-13,SCH0401,Singh Brothers,Rice,33.9,KG,1696.0,Paid
MDM007923,2025-10-09,SCH0428,Singh Brothers,Pulses,33.9,KG,4995.0,Pending
MDM000332,2026-02-21,SCH0023,kumar & co.,oil,33.9,KG,1794.0,Paid
MDM003809,2025-06-13,SCH0097,Singh Brothers,mustard oil,33.9,KG,4824.0,Paid
MDM000936,2026-02-07,SCH0146,sharma & sons,Rice,33.9,KG,1416.0,Due
MDM001775,2025-12-20,SCH0052,sharma & sons,Lentils,33.9,KG,3834.0,Cleared
MDM009736,2025-08-05,SCH0363,goyal mill,oil,33.9,KG,1794.0,Due
MDM008612,2025-04-05,SCH0441,Sharma Traders,Lentils,33.9,KG,2295.0,Pending
MDM011296,2025-10-05,SCH0328,s. agro works,Rice,33.9,KG,716.0,Pending
MDM000990,2025-09-11,SCH0102,sharma & sons,Lentils,33.9,KG,3357.0,Paid
MDM005444,2026-02-05,SCH0426,Kumar Supplies,sarson tel,33.9,KG,2928.0,Pending
MDM010298,2026-02-13,SCH0471,Singh Brothers,Rice,33.9,KG,1794.0,Pending
MDM006994,2025-06-18,SCH0402,Sharma Traders,Rice,33.9,KG,1794.0,Due
MDM010561,2025-09-18,SCH0127,Sharma Traders,oil,33.9,KG,5028.0,Paid
MDM005807,2025-06-07,SCH0032,Sharma Traders,mustard oil,33.9,KG,1794.0,Cleared
MDM010797,2025-08-12,SCH0007,s. agro works,Rice,33.9,KG,1794.0,Pending
MDM010752,2025-10-09,SCH0486,kumar & co.,Lentils,27.0,KG,1794.0,Paid
MDM006575,2025-12-11,SCH0309,Kumar Supplies,Lentils,33.9,KG,1655.0,Due
MDM003053,2025-09-28,SCH0305,sharma & sons,Lentils,33.9,KG,1794.0,Pending
MDM010673,2025-04-29,SCH0406,Sharma Traders,Rice,33.9,KG,1276.0,Pending
MDM008366,2025-08-14,SCH0054,Sharma Traders,Wheat,33.9,KG,1794.0,Paid
MDM004616,2026-02-20,SCH0103,Kumar General Store,oil,13.9,KG,1794.0,Paid
MDM003322,2026-01-10,SCH0452,Kumar Supplies,Lentils,33.9,KG,2259.0,Paid
MDM011136,2026-01-24,SCH0171,Kumar General Store,sarson tel,33.9,KG,1794.0,Paid
MDM006247,2025-11-14,SCH0168,s. agro works,Rice,33.9,KG,504.0,Paid
MDM006049,2025-04-21,SCH0480,Singh Brothers,Wheat,33.9,KG,996.0,Pending
MDM003312,2026-03-22,SCH0333,Singh Brothers,Lentils,33.9,KG,1197.0,Due
MDM009623,2026-02-24,SCH0382,Singh Brothers,Lentils,33.9,KG,1794.0,Pending
MDM011587,2025-07-31,SCH0274,singh agro,Lentils,33.9,KG,1539.0,Pending
MDM008211,2025-07-03,SCH0476,goyal enterprises,Lentils,33.9,KG,1794.0,Cleared
MDM003629,2025-12-15,SCH0082,s. agro works,Lentils,33.9,KG,1794.0,Pending
MDM010946,2025-05-10,SCH0260,Sharma Traders,Pulses,33.9,KG,3609.0,Paid
MDM001357,2025-10-20,SCH0287,Kumar General Store,Rice,33.9,KG,1794.0,Cleared
MDM005003,2025-09-26,SCH0477,singh agro,Wheat,33.9,KG,1794.0,Paid
MDM009605,2026-01-15,SCH0049,Kumar Supplies,Wheat,33.9,KG,1794.0,Due
MDM005824,2026-03-14,SCH0150,Sharma Traders,Rice,33.9,KG,1794.0,Paid
MDM011743,2025-10-28,SCH0327,Sharma Traders,Lentils,33.9,KG,5283.0,Paid
MDM005671,2025-12-15,SCH0241,goyal mill,Wheat,40.5,KG,1215.0,Pending
MDM003113,2025-09-13,SCH0583,singh agro,oil,33.9,KG,3576.0,Pending
MDM000183,2025-09-14,SCH0350,s. agro works,Wheat,33.9,KG,987.0,Paid
MDM010941,2025-04-11,SCH0097,kumar & co.,Wheat,33.9,KG,1794.0,Paid
MDM000856,2025-10-15,SCH0412,Goyal Rice Mill,sarson tel,33.9,KG,3372.0,Cleared
MDM010414,2026-02-07,SCH0165,Singh Brothers,cooking oil,33.9,KG,4356.0,Pending
MDM004913,2026-02-25,SCH0409,Singh Brothers,Wheat,33.9,KG,1794.0,Paid
MDM010551,2025-12-01,SCH0524,s. agro works,atta,33.9,KG,1764.0,Paid
MDM001801,2025-11-30,SCH0585,Singh Brothers,Rice,33.9,KG,1520.0,Pending
MDM011430,2025-06-01,SCH0517,s. agro works,atta,17.3,KG,519.0,Due
MDM005483,2025-06-17,SCH0340,Singh Brothers,Rice,33.9,KG,704.0,Pending
MDM010296,2025-08-04,SCH0469,Kumar General Store,mustard oil,33.9,KG,1794.0,Paid
MDM001969,2026-01-13,SCH0463,Kumar Supplies,Rice,30.5,KG,1220.0,Pending
MDM010289,2025-05-05,SCH0488,goyal mill,mustard oil,33.9,KG,6216.0,Paid
MDM010069,2026-02-27,SCH0309,goyal enterprises,Rice,33.9,KG,1794.0,Due
MDM004698,2026-02-09,SCH0198,Goyal Rice Mill,Rice,33.9,KG,708.0,Due
MDM004988,2025-10-30,SCH0209,Singh Brothers,sarson tel,33.9,KG,1794.0,Paid
MDM004651,2025-10-31,SCH0222,Kumar General Store,Rice,54.8,KG,2192.0,Paid
MDM001160,2026-03-21,SCH0384,Goyal Rice Mill,Lentils,33.9,KG,4608.0,Pending
MDM011648,2025-09-29,SCH0045,kumar & co.,Rice,33.9,KG,724.0,Paid
MDM001326,2025-04-10,SCH0005,goyal enterprises,Rice,33.9,KG,860.0,Paid
MDM009728,2025-05-13,SCH0407,Goyal Rice Mill,Wheat,33.9,KG,1794.0,Pending
MDM004797,2025-05-20,SCH0437,s. agro works,mustard oil,33.9,KG,6972.0,Pending
MDM006797,2025-07-18,SCH0378,s. agro works,oil,33.9,KG,1794.0,Paid
MDM005809,2025-04-15,SCH0273,Singh Brothers,Wheat,33.9,KG,534.0,Paid
MDM001456,2025-09-20,SCH0231,goyal enterprises,Wheat,33.9,KG,1794.0,Due
MDM005411,2025-06-15,SCH0474,sharma & sons,Rice,33.9,KG,1794.0,Paid
MDM008334,2026-03-05,SCH0587,Kumar General Store,oil,33.9,KG,5124.0,Paid
MDM002801,2025-11-01,SCH0245,Sharma Traders,oil,53.7,KG,6444.0,Paid
MDM007617,2025-05-04,SCH0145,kumar & co.,Rice,33.9,KG,2232.0,Paid
MDM011050,2026-03-03,SCH0118,goyal mill,cooking oil,11.0,KG,1794.0,Pending
MDM007816,2025-07-29,SCH0354,s. agro works,Rice,33.9,KG,1072.0,Pending
MDM004379,2026-03-05,SCH0391,s. agro works,Wheat,33.9,KG,1794.0,Paid
MDM008922,2025-11-14,SCH0077,Singh Brothers,Lentils,33.9,KG,1794.0,Pending
MDM009834,2026-02-24,SCH0497,Sharma Traders,oil,36.5,KG,4380.0,Pending
MDM006717,2025-11-30,SCH0421,Singh Brothers,Rice,33.9,KG,1794.0,Pending
MDM003737,2026-02-01,SCH0472,goyal enterprises,Rice,54.2,KG,1794.0,Paid
MDM002262,2026-03-01,SCH0312,goyal enterprises,Pulses,33.9,KG,1794.0,Paid
MDM007430,2025-04-11,SCH0300,sharma & sons,Lentils,33.9,KG,1989.0,Due
MDM004006,2025-08-26,SCH0530,Sharma Traders,Rice,33.9,KG,1588.0,Pending
MDM009303,2025-03-12,SCH0034,Goyal Rice Mill,oil,33.9,KG,1794.0,Paid
MDM002395,2026-03-24,SCH0123,Sharma Traders,mustard oil,33.9,KG,1794.0,Pending
MDM001186,2025-04-23,SCH0306,goyal enterprises,Lentils,33.9,KG,963.0,Due
MDM002008,2025-08-13,SCH0521,Sharma Traders,cooking oil,33.9,KG,3180.0,Paid
MDM000194,2025-07-25,SCH0599,sharma & sons,Rice,33.9,KG,960.0,Due
MDM008771,2025-06-03,SCH0228,Singh Brothers,Rice,33.9,KG,1456.0,Paid
MDM005526,2026-01-16,SCH0421,singh agro,sarson tel,33.9,KG,4344.0,Due
MDM000772,2026-03-09,SCH0508,Kumar Supplies,cooking oil,33.9,KG,3120.0,Paid
MDM001479,2026-01-10,SCH0247,Goyal Rice Mill,sarson tel,33.9,KG,2148.0,Pending
MDM001847,2025-10-05,SCH0431,Singh Brothers,Rice,24.8,KG,992.0,Cleared
MDM003741,2025-05-07,SCH0217,Sharma Traders,sarson tel,33.9,KG,1794.0,Paid
MDM007987,2026-03-15,SCH0466,Sharma Traders,mustard oil,33.9,KG,2544.0,Due
MDM000406,2025-12-19,SCH0221,Singh Brothers,mustard oil,33.9,KG,6312.0,Cleared
MDM011788,2025-09-15,SCH0209,sharma & sons,Rice,33.9,KG,624.0,Paid
MDM010564,2025-04-15,SCH0521,singh agro,Rice,33.9,KG,796.0,Paid
MDM006318,2025-04-26,SCH0050,Kumar General Store,sarson tel,33.9,KG,1794.0,Pending
MDM006582,2025-07-13,SCH0452,sharma & sons,Wheat,33.9,KG,1212.0,Due
MDM001448,2025-11-09,SCH0341,Kumar Supplies,Pulses,33.9,KG,3735.0,Pending
MDM000343,2025-04-12,SCH0072,singh agro,sarson tel,33.9,KG,4488.0,Pending
MDM007469,2025-08-11,SCH0194,Kumar Supplies,Rice,19.0,KG,1794.0,Paid
MDM000728,2026-03-17,SCH0556,Kumar General Store,Wheat,15.4,KG,462.0,Paid
MDM004578,2025-10-18,SCH0407,Singh Brothers,Wheat,33.9,KG,789.0,Pending
MDM009169,2026-03-20,SCH0128,Kumar Supplies,Lentils,33.9,KG,1413.0,Due
MDM009251,2025-09-17,SCH0018,Singh Brothers,Lentils,33.9,KG,3951.0,Due
MDM003517,2025-04-04,SCH0455,Singh Brothers,Wheat,33.9,KG,1794.0,Paid
MDM010981,2025-06-09,SCH0347,Sharma Traders,oil,33.9,KG,2448.0,Cleared
MDM009970,2025-07-19,SCH0083,sharma & sons,Rice,33.9,KG,2112.0,Cleared
MDM007157,2026-01-02,SCH0447,goyal enterprises,cooking oil,33.9,KG,1596.0,Pending
MDM007852,2025-05-01,SCH0046,sharma & sons,Lentils,33.9,KG,1170.0,Paid
MDM001349,2025-07-13,SCH0130,Kumar General Store,Rice,33.9,KG,948.0,Paid
MDM000661,2026-01-01,SCH0161,goyal mill,Rice,33.9,KG,1794.0,Pending
MDM001493,2025-05-31,SCH0542,Sharma Traders,Rice,33.9,KG,1836.0,Paid
MDM010535,2025-07-15,SCH0303,goyal enterprises,Rice,33.9,KG,1794.0,Due
MDM005155,2025-04-25,SCH0451,sharma & sons,Rice,33.9,KG,1794.0,Pending
MDM011842,2025-05-26,SCH0197,Goyal Rice Mill,Wheat,18.1,KG,543.0,Pending
MDM009278,2025-09-13,SCH0567,Singh Brothers,oil,19.4,KG,1794.0,Pending
MDM002525,2026-01-11,SCH0334,singh agro,Rice,33.9,KG,1794.0,Paid
MDM011125,2025-07-11,SCH0240,Kumar Supplies,mustard oil,33.9,KG,1794.0,Pending
MDM010497,2025-07-04,SCH0536,kumar & co.,Lentils,33.9,KG,1728.0,Paid
MDM005375,2025-07-15,SCH0092,Kumar Supplies,atta,33.9,KG,1137.0,Cleared
MDM003199,2025-06-18,SCH0447,goyal enterprises,mustard oil,33.9,KG,4452.0,Paid
MDM005718,2025-04-08,SCH0312,Singh Brothers,Pulses,33.9,KG,1794.0,Pending
MDM009419,2026-02-23,SCH0047,Kumar Supplies,oil,33.9,KG,6456.0,Paid
MDM011236,2025-06-30,SCH0562,Sharma Traders,Wheat,33.9,KG,657.0,Paid
MDM010160,2025-04-15,SCH0461,Sharma Traders,Pulses,33.9,KG,4806.0,Cleared
MDM008260,2025-10-04,SCH0357,Sharma Traders,Rice,33.9,KG,1992.0,Cleared
MDM009938,2025-09-06,SCH0550,Singh Brothers,mustard oil,33.9,KG,4332.0,Paid
MDM000041,2026-03-05,SCH0302,kumar & co.,cooking oil,33.9,KG,3216.0,Due
MDM011539,2025-06-15,SCH0093,Singh Brothers,Wheat,33.9,KG,1794.0,Pending
MDM006817,2026-01-12,SCH0264,goyal mill,Rice,33.9,KG,1794.0,Cleared
MDM011347,2025-04-12,SCH0494,singh agro,Rice,33.9,KG,592.0,Pending
MDM010086,2025-05-02,SCH0394,goyal enterprises,Lentils,33.9,KG,1737.0,Paid
MDM002724,2026-01-19,SCH0491,Goyal Rice Mill,atta,33.9,KG,1794.0,Cleared
MDM011346,2025-07-18,SCH0527,Goyal Rice Mill,Lentils,21.6,KG,1944.0,Pending
MDM010595,2025-12-02,SCH0136,goyal mill,sarson tel,33.9,KG,3372.0,Paid
MDM009336,2025-06-30,SCH0326,goyal mill,Rice,33.9,KG,1936.0,Due
MDM007156,2026-02-25,SCH0097,goyal enterprises,oil,33.9,KG,5724.0,Paid
MDM009501,2025-05-19,SCH0505,s. agro works,Rice,33.9,KG,508.0,Paid
MDM011391,2025-04-22,SCH0472,goyal mill,Lentils,33.9,KG,2421.0,Paid
MDM007231,2026-03-09,SCH0309,singh agro,oil,33.9,KG,1788.0,Due
MDM005076,2025-07-13,SCH0215,Kumar Supplies,Wheat,33.9,KG,1794.0,Paid
MDM007881,2025-08-13,SCH0499,goyal enterprises,Lentils,33.9,KG,1332.0,Due
MDM005395,2025-05-19,SCH0083,s. agro works,Rice,33.9,KG,2168.0,Due
MDM010566,2025-12-23,SCH0318,goyal enterprises,atta,33.9,KG,819.0,Pending
MDM007790,2025-12-05,SCH0045,goyal mill,atta,33.9,KG,1437.0,Pending
MDM011537,2025-10-31,SCH0109,Sharma Traders,atta,33.9,KG,1794.0,Pending
MDM004089,2026-03-30,SCH0284,sharma & sons,Lentils,33.9,KG,4059.0,Paid
MDM001968,2026-03-17,SCH0461,Sharma Traders,Wheat,33.9,KG,1794.0,Paid
MDM011098,2025-04-27,SCH0176,Sharma Traders,Wheat,33.9,KG,1794.0,Paid
MDM010876,2025-08-02,SCH0466,Sharma Traders,Wheat,33.9,KG,1209.0,Due
MDM011856,2025-08-31,SCH0034,Kumar General Store,mustard oil,13.9,KG,1668.0,Pending
MDM007000,2025-09-06,SCH0399,Kumar Supplies,Wheat,33.9,KG,408.0,Paid
MDM000424,2025-04-14,SCH0068,Kumar Supplies,Wheat,57.6,KG,1728.0,Paid
MDM011447,2025-08-04,SCH0091,Kumar General Store,Pulses,33.9,KG,4626.0,Due
MDM011746,2026-02-19,SCH0544,Sharma Traders,Rice,33.9,KG,1928.0,Pending
MDM010597,2025-09-13,SCH0220,Goyal Rice Mill,mustard oil,14.9,KG,1788.0,Due
MDM006143,2025-09-03,SCH0247,Singh Brothers,Wheat,33.9,KG,1794.0,Due
MDM005662,2026-02-04,SCH0081,Sharma Traders,cooking oil,33.9,KG,2112.0,Pending
MDM009032,2026-01-07,SCH0394,goyal enterprises,mustard oil,33.9,KG,1794.0,Pending
MDM004597,2025-07-29,SCH0571,Kumar Supplies,sarson tel,33.9,KG,6684.0,Paid
MDM002660,2025-11-13,SCH0578,Sharma Traders,oil,33.9,KG,6936.0,Paid
MDM000142,2025-05-03,SCH0138,Kumar Supplies,oil,33.9,KG,4812.0,Pending
MDM002598,2026-01-12,SCH0415,Goyal Rice Mill,atta,33.9,KG,1794.0,Cleared
MDM006702,2026-07-01,SCH0351,goyal mill,sarson tel,33.9,KG,6180.0,Paid
MDM001378,2025-07-29,SCH0085,kumar & co.,cooking oil,14.8,KG,1776.0,Paid
MDM003675,2025-04-06,SCH0231,kumar & co.,Lentils,33.9,KG,1794.0,Paid
MDM006363,2025-04-06,SCH0506,s. agro works,Lentils,33.9,KG,972.0,Pending
MDM011568,2025-11-25,SCH0449,Kumar Supplies,Rice,33.9,KG,1992.0,Paid
MDM004742,2025-09-07,SCH0359,kumar & co.,atta,33.9,KG,1356.0,Paid
MDM001139,2025-09-04,SCH0368,goyal mill,Lentils,33.9,KG,3132.0,Paid
MDM007375,2025-06-15,SCH0357,sharma & sons,Rice,33.9,KG,1072.0,Pending
MDM001788,2026-03-09,SCH0355,Goyal Rice Mill,oil,33.9,KG,2040.0,Paid
MDM009925,2026-01-31,SCH0377,goyal mill,Lentils,33.9,KG,2259.0,Paid
MDM004647,2025-07-09,SCH0254,Sharma Traders,Rice,33.9,KG,1932.0,Cleared
MDM007569,2025-05-06,SCH0370,Kumar Supplies,sarson tel,33.9,KG,6264.0,Pending
MDM000460,2026-01-20,SCH0580,sharma & sons,Rice,33.9,KG,1794.0,Pending
MDM006116,2025-05-24,SCH0150,s. agro works,Lentils,33.9,KG,1794.0,Pending
MDM008180,2026-03-27,SCH0383,Sharma Traders,oil,33.9,KG,1794.0,Cleared
MDM000949,2025-08-12,SCH0090,Sharma Traders,Wheat,33.9,KG,1794.0,Paid
MDM006371,2026-02-13,SCH0481,sharma & sons,mustard oil,33.9,KG,3924.0,Paid
MDM004629,2025-04-14,SCH0132,s. agro works,Rice,33.9,KG,1794.0,Paid
MDM007359,2026-01-25,SCH0043,Goyal Rice Mill,Rice,33.9,KG,1794.0,Paid
MDM005926,2025-05-28,SCH0163,Goyal Rice Mill,cooking oil,33.9,KG,5784.0,Pending
MDM006041,2026-02-08,SCH0358,singh agro,Rice,33.9,KG,1148.0,Paid
MDM000442,2025-05-21,SCH0428,goyal mill,Rice,33.9,KG,2364.0,Pending
MDM006660,2025-11-13,SCH0410,goyal enterprises,Rice,33.9,KG,776.0,Paid
MDM008832,2026-01-03,SCH0330,s. agro works,sarson tel,33.9,KG,4728.0,Pending
MDM009047,2026-01-14,SCH0223,goyal enterprises,Wheat,33.9,KG,1794.0,Paid
MDM003831,2025-07-26,SCH0188,Singh Brothers,Wheat,33.9,KG,1191.0,Paid
MDM011607,2025-06-11,SCH0178,goyal mill,sarson tel,33.9,KG,5532.0,Paid
MDM006145,2025-05-21,SCH0419,s. agro works,Lentils,48.3,KG,4347.0,Paid
MDM011174,2026-02-09,SCH0519,Sharma Traders,atta,33.9,KG,1776.0,Due
MDM006345,2025-06-13,SCH0261,Goyal Rice Mill,Wheat,26.4,KG,792.0,Cleared
MDM001959,2025-10-08,SCH0341,goyal mill,Rice,33.9,KG,1794.0,Cleared
MDM009263,2026-02-08,SCH0230,sharma & sons,mustard oil,33.9,KG,1284.0,Due
MDM000156,2025-09-18,SCH0286,Sharma Traders,Rice,33.9,KG,1676.0,Paid
MDM009849,2025-05-18,SCH0021,goyal enterprises,oil,33.9,KG,4500.0,Pending
MDM004579,2025-12-06,SCH0121,goyal enterprises,Wheat,33.9,KG,330.0,Paid
MDM001090,2025-08-28,SCH0007,sharma & sons,Pulses,27.8,KG,2502.0,Paid
MDM006050,2026-01-21,SCH0364,singh agro,Wheat,44.2,KG,1794.0,Pending
MDM011308,2025-05-14,SCH0459,Sharma Traders,Rice,33.9,KG,992.0,Due
MDM009123,2025-08-09,SCH0487,Goyal Rice Mill,Wheat,49.1,KG,1794.0,Cleared
MDM007951,2025-10-24,SCH0583,Sharma Traders,cooking oil,33.9,KG,1944.0,Pending
MDM001675,2025-06-11,SCH0366,Sharma Traders,Lentils,33.9,KG,4230.0,Pending
MDM006764,2025-12-23,SCH0265,Singh Brothers,Wheat,33.9,KG,1794.0,Paid
MDM010350,2025-10-24,SCH0176,kumar & co.,Pulses,33.9,KG,1794.0,Paid
MDM006417,2025-10-10,SCH0162,Sharma Traders,Pulses,33.9,KG,4716.0,Pending
MDM011819,2026-02-05,SCH0055,goyal mill,Pulses,33.9,KG,1794.0,Paid
MDM002327,2026-12-02,SCH0566,sharma & sons,mustard oil,33.9,KG,1794.0,Due
MDM007097,2026-01-29,SCH0348,singh agro,Rice,33.9,KG,1794.0,Pending
MDM009729,2025-11-16,SCH0122,goyal enterprises,oil,33.9,KG,2220.0,Pending
MDM006451,2026-01-13,SCH0123,sharma & sons,Lentils,33.9,KG,3924.0,Due
MDM001716,2025-06-13,SCH0504,Singh Brothers,Wheat,33.9,KG,1413.0,Pending
MDM009173,2025-04-21,SCH0074,Kumar General Store,sarson tel,55.0,KG,6600.0,Due
MDM008382,2025-08-12,SCH0361,kumar & co.,Wheat,33.9,KG,1794.0,Paid
MDM009434,2025-06-18,SCH0083,Sharma Traders,Wheat,33.9,KG,672.0,Pending
MDM003832,2026-02-26,SCH0411,Kumar General Store,oil,33.9,KG,3720.0,Paid
MDM006300,2026-01-21,SCH0259,Goyal Rice Mill,sarson tel,33.9,KG,2952.0,Paid
MDM003349,2025-06-27,SCH0120,Kumar General Store,Lentils,33.9,KG,2601.0,Due
MDM011761,2025-06-24,SCH0429,Kumar General Store,Lentils,33.9,KG,1794.0,Pending
MDM009178,2025-11-29,SCH0560,sharma & sons,Rice,33.9,KG,1304.0,Paid
MDM000588,2026-01-26,SCH0561,kumar & co.,Wheat,33.9,KG,1794.0,Pending
MDM009347,2025-07-23,SCH0556,goyal enterprises,Rice,33.9,KG,1794.0,Paid
MDM011765,2025-05-02,SCH0297,goyal enterprises,Pulses,33.9,KG,2889.0,Cleared
MDM002991,2025-06-13,SCH0380,singh agro,cooking oil,33.9,KG,6660.0,Pending
MDM011463,2025-10-23,SCH0521,sharma & sons,sarson tel,51.7,KG,6204.0,Due
MDM010146,2025-04-30,SCH0134,singh agro,Wheat,20.2,KG,606.0,Paid
MDM010956,2025-10-31,SCH0598,kumar & co.,Wheat,33.9,KG,336.0,Paid
MDM000265,2025-07-30,SCH0397,sharma & sons,oil,33.9,KG,1794.0,Paid
MDM009754,2025-10-18,SCH0500,s. agro works,atta,33.9,KG,1422.0,Due
MDM006789,2026-02-19,SCH0448,goyal enterprises,Wheat,33.9,KG,1794.0,Paid
MDM010518,2025-07-12,SCH0028,goyal enterprises,Rice,12.2,KG,488.0,Pending
MDM003865,2026-01-26,SCH0598,Sharma Traders,Wheat,33.9,KG,1794.0,Cleared
MDM006275,2026-01-01,SCH0576,kumar & co.,Wheat,33.9,KG,1758.0,Pending
MDM003712,2025-08-25,SCH0591,sharma & sons,atta,33.9,KG,600.0,Pending
MDM008439,2026-03-14,SCH0582,Sharma Traders,Wheat,33.9,KG,375.0,Cleared
MDM001530,2025-06-10,SCH0413,Goyal Rice Mill,sarson tel,33.9,KG,4896.0,Pending
MDM000924,2025-03-10,SCH0063,Goyal Rice Mill,Rice,33.9,KG,1848.0,Paid
MDM009713,2025-05-03,SCH0463,Goyal Rice Mill,Lentils,33.9,KG,1794.0,Cleared
MDM007330,2026-02-15,SCH0232,goyal enterprises,Lentils,33.9,KG,4527.0,Pending
MDM004365,2025-12-12,SCH0344,sharma & sons,Rice,33.9,KG,1764.0,Paid
MDM000670,2025-09-16,SCH0475,Sharma Traders,Rice,33.9,KG,860.0,Pending
MDM003605,2025-04-20,SCH0148,singh agro,Wheat,33.9,KG,561.0,Paid
MDM005109,2026-02-03,SCH0574,goyal enterprises,Rice,33.9,KG,1392.0,Due
MDM011119,2025-04-29,SCH0323,s. agro works,Rice,33.9,KG,1432.0,Cleared
MDM005249,2025-11-11,SCH0044,goyal mill,Rice,33.9,KG,1756.0,Paid
MDM007184,2025-04-17,SCH0167,Kumar Supplies,Lentils,33.9,KG,1794.0,Paid
MDM002592,2025-05-24,SCH0283,Goyal Rice Mill,Wheat,33.9,KG,1677.0,Pending
MDM005907,2026-02-12,SCH0084,goyal enterprises,sarson tel,33.9,KG,4608.0,Due
MDM006510,2025-10-21,SCH0491,Kumar General Store,Rice,33.9,KG,1794.0,Paid
MDM007134,2026-02-06,SCH0348,goyal enterprises,Lentils,26.7,KG,2403.0,Due
MDM002308,2025-10-23,SCH0426,sharma & sons,Wheat,33.9,KG,1545.0,Paid
MDM008805,2025-05-21,SCH0490,kumar & co.,Pulses,33.9,KG,1794.0,Due
MDM003691,2025-10-26,SCH0573,Goyal Rice Mill,Lentils,57.9,KG,5211.0,Pending
MDM000688,2025-12-13,SCH0118,Sharma Traders,Rice,33.9,KG,1794.0,Paid
MDM000613,2025-11-14,SCH0123,goyal enterprises,oil,33.9,KG,1794.0,Paid
MDM007168,2025-03-09,SCH0542,singh agro,Lentils,33.9,KG,3636.0,Pending
MDM009765,2026-03-28,SCH0288,Sharma Traders,Lentils,33.9,KG,1794.0,Due
MDM003201,2026-01-15,SCH0588,Sharma Traders,Wheat,33.9,KG,693.0,Cleared
MDM006630,2025-08-19,SCH0346,goyal enterprises,Lentils,33.9,KG,4545.0,Cleared
MDM004136,2026-03-02,SCH0335,Sharma Traders,Wheat,44.9,KG,1347.0,Paid
MDM001899,2025-10-18,SCH0342,sharma & sons,Lentils,33.9,KG,1368.0,Paid
MDM000283,2025-04-23,SCH0570,sharma & sons,Rice,41.7,KG,1668.0,Pending
MDM000259,2026-01-19,SCH0287,sharma & sons,Wheat,28.7,KG,861.0,Due
MDM011645,2025-07-07,SCH0553,singh agro,oil,33.9,KG,1872.0,Cleared
MDM004944,2025-12-31,SCH0061,goyal enterprises,sarson tel,31.6,KG,3792.0,Paid
MDM002823,2025-09-26,SCH0281,Kumar Supplies,Rice,33.9,KG,844.0,Pending
MDM003526,2025-10-07,SCH0448,kumar & co.,Lentils,20.1,KG,1809.0,Paid
MDM011937,2025-05-01,SCH0582,Singh Brothers,Rice,45.2,KG,1808.0,Cleared
MDM005224,2026-01-04,SCH0486,Kumar General Store,Rice,33.9,KG,1496.0,Pending
MDM002286,2026-03-11,SCH0571,Sharma Traders,Lentils,33.9,KG,1794.0,Cleared
MDM006064,2025-08-20,SCH0024,singh agro,Pulses,33.9,KG,1794.0,Due
MDM008079,2025-09-13,SCH0312,kumar & co.,atta,33.9,KG,603.0,Pending
MDM004655,2025-05-09,SCH0255,singh agro,oil,33.9,KG,1794.0,Cleared
MDM005001,2026-02-04,SCH0218,kumar & co.,mustard oil,33.9,KG,1794.0,Pending
MDM006711,2026-02-02,SCH0583,Kumar Supplies,oil,33.9,KG,4020.0,Pending
MDM011523,2025-07-17,SCH0023,Goyal Rice Mill,Wheat,33.9,KG,798.0,Paid
MDM008677,2026-01-26,SCH0439,Singh Brothers,oil,49.8,KG,1794.0,Paid
MDM005417,2025-07-20,SCH0038,Kumar General Store,oil,20.0,KG,2400.0,Paid
MDM000476,2025-10-10,SCH0591,goyal mill,cooking oil,25.0,KG,1794.0,Paid
MDM002556,2026-03-14,SCH0353,Goyal Rice Mill,Rice,33.9,KG,1794.0,Paid
MDM008088,2025-12-13,SCH0054,Kumar Supplies,Lentils,33.9,KG,1794.0,Cleared
MDM000008,2025-09-02,SCH0392,Kumar Supplies,Wheat,33.9,KG,1566.0,Cleared
MDM006412,2026-03-13,SCH0008,Singh Brothers,Rice,33.9,KG,764.0,Pending
MDM011317,2026-03-30,SCH0374,sharma & sons,oil,33.9,KG,1794.0,Paid
MDM011008,2025-08-12,SCH0134,goyal enterprises,Rice,33.9,KG,1260.0,Pending
MDM005547,2025-12-13,SCH0421,Sharma Traders,Lentils,33.9,KG,1794.0,Pending
MDM002427,2026-01-05,SCH0151,Singh Brothers,Lentils,33.9,KG,2889.0,Paid
MDM006745,2026-01-16,SCH0594,kumar & co.,Wheat,33.9,KG,1794.0,Paid
MDM011900,2026-02-01,SCH0590,s. agro works,Lentils,17.9,KG,1611.0,Due
MDM002275,2025-11-08,SCH0012,Goyal Rice Mill,Lentils,33.9,KG,4662.0,Paid
MDM009204,2026-02-18,SCH0497,Singh Brothers,Rice,33.9,KG,2148.0,Pending
MDM001578,2025-12-30,SCH0486,sharma & sons,Rice,20.1,KG,804.0,Cleared
MDM007265,2025-04-30,SCH0064,Singh Brothers,Wheat,33.9,KG,1794.0,Cleared
MDM009260,2026-01-14,SCH0534,Goyal Rice Mill,Wheat,33.9,KG,312.0,Paid
MDM003971,2025-10-03,SCH0501,s. agro works,Lentils,33.9,KG,962.0,Due
MDM005880,2025-09-22,SCH0552,goyal enterprises,Lentils,51.1,KG,4599.0,Paid
MDM010401,2025-04-21,SCH0007,Singh Brothers,Wheat,33.9,KG,1491.0,Paid
MDM011527,2025-10-27,SCH0593,kumar & co.,cooking oil,33.9,KG,1794.0,Pending
MDM007194,2025-04-09,SCH0119,Kumar Supplies,Wheat,33.9,KG,822.0,Due
MDM003868,2025-09-04,SCH0499,Goyal Rice Mill,sarson tel,33.9,KG,1794.0,Due
MDM011634,2025-06-24,SCH0472,Goyal Rice Mill,Rice,33.9,KG,1794.0,Paid
MDM006824,2025-07-28,SCH0254,Sharma Traders,Lentils,44.4,KG,1794.0,Pending
MDM007549,2026-03-13,SCH0245,s. agro works,Lentils,33.9,KG,5193.0,Pending
MDM000782,2025-06-04,SCH0344,Kumar General Store,Rice,33.9,KG,1794.0,Pending
MDM001750,2025-10-03,SCH0404,Kumar General Store,Lentils,33.9,KG,2988.0,Due
MDM006520,2025-09-10,SCH0555,Kumar Supplies,Rice,33.9,KG,1108.0,Pending
MDM005775,2025-06-05,SCH0389,singh agro,Rice,33.9,KG,1794.0,Pending
MDM009284,2025-07-17,SCH0380,Kumar Supplies,Rice,33.9,KG,1794.0,Paid
MDM009370,2026-01-30,SCH0412,s. agro works,Pulses,33.9,KG,954.0,Cleared
MDM002325,2025-11-12,SCH0493,Kumar Supplies,Rice,58.2,KG,2328.0,Paid
MDM005056,2025-08-20,SCH0090,Goyal Rice Mill,Wheat,33.9,KG,570.0,Pending
MDM011132,2026-02-06,SCH0341,singh agro,Wheat,33.9,KG,420.0,Pending
MDM001728,2025-10-20,SCH0185,goyal mill,Rice,33.9,KG,1794.0,Paid
MDM000611,2025-12-05,SCH0526,s. agro works,sarson tel,33.9,KG,1236.0,Cleared
MDM004667,2025-08-19,SCH0360,Sharma Traders,Wheat,33.9,KG,1500.0,Paid
MDM005414,2025-05-24,SCH0073,Kumar General Store,Pulses,33.9,KG,1674.0,Paid
MDM008104,2026-01-15,SCH0217,Kumar General Store,mustard oil,33.9,KG,1794.0,Paid
MDM008175,2025-12-02,SCH0461,Kumar General Store,Lentils,38.2,KG,1794.0,Cleared
MDM008536,2025-07-05,SCH0430,Singh Brothers,Rice,33.9,KG,1794.0,Due
MDM003751,2026-01-13,SCH0125,kumar & co.,Rice,14.8,KG,1794.0,Pending
MDM000098,2025-07-05,SCH0105,Sharma Traders,Wheat,33.9,KG,717.0,Due
MDM006986,2025-12-20,SCH0259,Kumar Supplies,atta,33.9,KG,612.0,Pending
MDM003138,2025-09-08,SCH0137,Singh Brothers,Rice,33.9,KG,1794.0,Pending
MDM001538,2025-11-24,SCH0164,kumar & co.,cooking oil,33.9,KG,1794.0,Pending
MDM003649,2025-12-07,SCH0274,Kumar Supplies,Wheat,33.9,KG,813.0,Paid
MDM001518,2025-10-13,SCH0552,singh agro,Pulses,33.9,KG,2601.0,Cleared
MDM011554,2025-04-21,SCH0159,sharma & sons,Rice,10.2,KG,408.0,Cleared
MDM004625,2025-05-05,SCH0291,goyal mill,Lentils,33.9,KG,1989.0,Pending
MDM006567,2025-11-19,SCH0209,goyal mill,atta,33.9,KG,672.0,Due
MDM002091,2025-09-22,SCH0574,Kumar General Store,sarson tel,33.9,KG,3552.0,Paid
MDM007098,2025-06-20,SCH0053,singh agro,Wheat,33.9,KG,1638.0,Cleared
MDM006172,2025-05-17,SCH0436,goyal mill,oil,33.9,KG,1794.0,Paid
MDM007522,2026-02-22,SCH0148,goyal enterprises,Rice,13.2,KG,528.0,Paid
MDM000573,2025-05-02,SCH0560,goyal mill,mustard oil,33.9,KG,1794.0,Pending
MDM011201,2025-12-20,SCH0152,goyal enterprises,atta,33.9,KG,1794.0,Paid
MDM003063,2025-10-12,SCH0172,goyal mill,Lentils,34.9,KG,3141.0,Cleared
MDM000598,2025-07-04,SCH0382,Kumar Supplies,Rice,33.9,KG,1794.0,Paid
MDM006634,2025-10-04,SCH0210,sharma & sons,Rice,33.9,KG,1256.0,Paid
MDM011649,2025-05-05,SCH0485,sharma & sons,mustard oil,33.9,KG,5880.0,Pending
MDM007876,2025-04-13,SCH0285,Singh Brothers,cooking oil,33.9,KG,1794.0,Due
MDM007346,2025-08-27,SCH0035,sharma & sons,Pulses,59.0,KG,1794.0,Due
MDM006305,2025-11-14,SCH0491,Sharma Traders,Rice,33.9,KG,784.0,Due
MDM009924,2025-06-23,SCH0438,Kumar Supplies,Rice,33.9,KG,1888.0,Paid
MDM011664,2025-07-04,SCH0254,Singh Brothers,Wheat,33.9,KG,1794.0,Pending
MDM005977,2025-05-29,SCH0127,goyal mill,Lentils,33.9,KG,1794.0,Due
MDM008563,2026-01-16,SCH0044,Singh Brothers,Lentils,33.9,KG,963.0,Paid
MDM001939,2025-11-10,SCH0438,kumar & co.,Rice,33.9,KG,620.0,Paid
MDM008101,2025-12-03,SCH0600,s. agro works,sarson tel,33.9,KG,6408.0,Pending
MDM001754,2026-01-28,SCH0598,goyal enterprises,Lentils,33.9,KG,1692.0,Cleared
MDM003671,2025-10-17,SCH0516,Singh Brothers,oil,33.9,KG,1794.0,Paid
MDM009930,2025-07-21,SCH0415,sharma & sons,sarson tel,33.9,KG,6252.0,Pending
MDM002362,2025-12-15,SCH0265,Sharma Traders,Pulses,24.9,KG,2241.0,Paid
MDM004261,2025-09-13,SCH0277,s. agro works,cooking oil,33.9,KG,2676.0,Paid
MDM005433,2026-01-02,SCH0576,sharma & sons,oil,33.9,KG,1794.0,Due
MDM006286,2025-07-23,SCH0218,sharma & sons,Lentils,33.9,KG,3249.0,Cleared
MDM009738,2025-07-13,SCH0334,Kumar General Store,Lentils,33.9,KG,1794.0,Paid
MDM011696,2025-10-03,SCH0331,Kumar Supplies,atta,33.9,KG,867.0,Cleared
MDM009691,2025-07-25,SCH0079,s. agro works,atta,33.9,KG,1287.0,Paid
MDM010572,2025-04-16,SCH0494,Singh Brothers,Lentils,33.9,KG,3204.0,Cleared
MDM010242,2025-09-12,SCH0442,Sharma Traders,Lentils,33.9,KG,1794.0,Cleared
MDM005592,2025-09-20,SCH0191,Kumar Supplies,sarson tel,33.9,KG,2040.0,Paid
MDM001172,2025-10-10,SCH0009,Kumar General Store,Rice,33.9,KG,1794.0,Paid
MDM007928,2025-11-25,SCH0536,goyal enterprises,Wheat,33.9,KG,1152.0,Paid
MDM009948,2026-01-23,SCH0498,goyal enterprises,oil,33.9,KG,4332.0,Paid
MDM009615,2025-10-10,SCH0183,Goyal Rice Mill,Rice,33.9,KG,916.0,Paid
MDM011555,2026-03-10,SCH0456,Sharma Traders,Rice,33.9,KG,1794.0,Paid
MDM011246,2025-07-27,SCH0448,singh agro,Rice,33.9,KG,1708.0,Due
MDM011316,2026-02-02,SCH0037,Singh Brothers,Wheat,33.9,KG,1125.0,Paid
MDM000875,2025-05-16,SCH0234,Kumar General Store,Wheat,33.9,KG,636.0,Paid
MDM002298,2025-11-10,SCH0104,goyal mill,cooking oil,35.6,KG,1794.0,Paid
MDM011493,2025-05-09,SCH0041,goyal enterprises,Wheat,33.9,KG,1794.0,Paid
MDM002644,2025-07-12,SCH0462,Sharma Traders,Rice,33.9,KG,1052.0,Pending
MDM005348,2025-11-16,SCH0013,Sharma Traders,Rice,33.9,KG,1794.0,Paid
MDM009033,2025-12-08,SCH0132,goyal enterprises,Wheat,33.9,KG,1794.0,Paid
MDM000582,2025-06-09,SCH0445,Singh Brothers,Rice,33.9,KG,1794.0,Cleared
MDM000205,2025-04-01,SCH0303,sharma & sons,Wheat,45.0,KG,1794.0,Due
MDM007897,2025-12-01,SCH0109,singh agro,Wheat,33.9,KG,1794.0,Pending
MDM002015,2025-06-08,SCH0223,Kumar General Store,cooking oil,33.9,KG,1794.0,Due
MDM000906,2025-07-11,SCH0598,Sharma Traders,Pulses,33.9,KG,1794.0,Cleared
MDM000632,2025-06-04,SCH0140,Goyal Rice Mill,Lentils,33.9,KG,1794.0,Cleared
MDM008462,2025-08-30,SCH0229,s. agro works,Rice,33.9,KG,1456.0,Due
MDM010299,2025-11-17,SCH0148,Singh Brothers,Wheat,33.9,KG,1644.0,Pending
MDM001975,2025-08-05,SCH0244,Sharma Traders,Rice,33.9,KG,1616.0,Paid
MDM000163,2025-10-11,SCH0137,sharma & sons,Pulses,33.9,KG,1953.0,Due
MDM004999,2025-07-22,SCH0072,goyal mill,cooking oil,33.9,KG,5160.0,Cleared
MDM010698,2026-02-28,SCH0152,goyal enterprises,oil,33.9,KG,5496.0,Paid
MDM009558,2025-06-27,SCH0435,Singh Brothers,atta,50.8,KG,1524.0,Paid
MDM004714,2026-03-15,SCH0028,Singh Brothers,Wheat,33.9,KG,864.0,Due
MDM009068,2025-09-03,SCH0501,goyal enterprises,Rice,49.7,KG,1988.0,Paid
MDM001432,2026-03-30,SCH0013,Sharma Traders,sarson tel,33.9,KG,5184.0,Due
MDM006869,2025-08-23,SCH0011,goyal enterprises,Pulses,33.9,KG,1794.0,Cleared
MDM007711,2026-01-01,SCH0533,Goyal Rice Mill,Rice,33.9,KG,2036.0,Paid
MDM007737,2025-08-06,SCH0328,Kumar Supplies,mustard oil,27.2,KG,3264.0,Due
MDM004284,2025-04-29,SCH0201,Sharma Traders,cooking oil,33.9,KG,2988.0,Pending
MDM007532,2025-06-08,SCH0074,singh agro,Lentils,33.9,KG,2772.0,Paid
MDM009840,2025-11-26,SCH0044,goyal enterprises,Rice,33.9,KG,548.0,Paid
MDM003385,2026-01-12,SCH0419,sharma & sons,sarson tel,33.9,KG,1776.0,Cleared
MDM011822,2025-04-24,SCH0195,Kumar Supplies,Rice,33.9,KG,1860.0,Paid
MDM010039,2025-11-14,SCH0251,goyal enterprises,atta,33.9,KG,339.0,Pending
MDM010297,2025-05-29,SCH0024,Kumar General Store,cooking oil,33.9,KG,2280.0,Paid
MDM007463,2025-09-25,SCH0069,kumar & co.,Wheat,33.9,KG,1557.0,Due
MDM003332,2025-03-10,SCH0494,goyal enterprises,oil,33.9,KG,1794.0,Pending
MDM006405,2025-12-05,SCH0386,Kumar General Store,Lentils,33.9,KG,4959.0,Due
MDM008896,2025-12-15,SCH0217,goyal mill,atta,33.9,KG,1785.0,Pending
MDM002097,2025-07-31,SCH0249,Sharma Traders,Wheat,33.9,KG,819.0,Cleared
MDM010373,2026-02-28,SCH0129,sharma & sons,Wheat,33.9,KG,1794.0,Pending
MDM008000,2026-02-23,SCH0333,kumar & co.,Rice,20.4,KG,1794.0,Due
MDM005018,2025-07-31,SCH0353,goyal enterprises,Lentils,33.9,KG,1794.0,Cleared
MDM008739,2025-07-10,SCH0020,sharma & sons,Rice,33.9,KG,2116.0,Cleared
MDM001450,2025-07-23,SCH0550,sharma & sons,Wheat,31.9,KG,957.0,Cleared
MDM006901,2025-09-12,SCH0551,Singh Brothers,Lentils,33.9,KG,4986.0,Pending
MDM002611,2025-08-12,SCH0435,s. agro works,Rice,33.9,KG,1984.0,Due
MDM001901,2025-04-19,SCH0318,singh agro,Lentils,33.9,KG,945.0,Due
MDM008187,2025-07-06,SCH0509,Singh Brothers,mustard oil,33.9,KG,2532.0,Cleared
MDM003921,2025-01-06,SCH0278,singh agro,cooking oil,33.9,KG,2160.0,Due
MDM002758,2025-08-28,SCH0482,Sharma Traders,Rice,33.9,KG,524.0,Due
MDM006398,2025-04-01,SCH0248,kumar & co.,Wheat,33.9,KG,798.0,Paid
MDM010708,2025-10-11,SCH0371,s. agro works,Lentils,19.2,KG,1728.0,Due
MDM002098,2026-02-20,SCH0388,goyal mill,cooking oil,33.9,KG,5904.0,Due
MDM008330,2025-07-28,SCH0251,Goyal Rice Mill,oil,33.9,KG,1794.0,Due
MDM011676,2025-12-14,SCH0238,Sharma Traders,mustard oil,33.9,KG,6996.0,Due
MDM005625,2025-04-29,SCH0332,Kumar General Store,oil,17.2,KG,2064.0,Cleared
MDM009029,2025-09-09,SCH0092,sharma & sons,Rice,33.9,KG,1172.0,Paid
MDM003472,2025-11-08,SCH0229,goyal enterprises,Rice,33.9,KG,1794.0,Paid
MDM008267,2026-02-08,SCH0379,Kumar Supplies,Lentils,33.9,KG,3591.0,Paid
MDM002172,2025-04-10,SCH0520,sharma & sons,cooking oil,33.9,KG,1794.0,Cleared
MDM011402,2026-03-22,SCH0181,Sharma Traders,Lentils,33.9,KG,3420.0,Paid
MDM011343,2026-02-14,SCH0214,Singh Brothers,Wheat,33.9,KG,987.0,Pending
MDM008591,2025-04-03,SCH0091,sharma & sons,Rice,33.9,KG,2296.0,Paid
MDM002011,2025-08-27,SCH0297,Sharma Traders,mustard oil,33.9,KG,1794.0,Pending
MDM001284,2025-08-29,SCH0159,singh agro,atta,33.9,KG,1794.0,Paid
MDM011884,2025-12-19,SCH0338,s. agro works,atta,33.9,KG,693.0,Cleared
MDM001020,2025-12-04,SCH0124,goyal enterprises,Rice,55.0,KG,2200.0,Paid
MDM009519,2025-06-21,SCH0562,goyal mill,Rice,33.9,KG,1794.0,Pending
MDM008668,2026-03-01,SCH0026,kumar & co.,Lentils,31.0,KG,2790.0,Cleared
MDM002811,2025-07-10,SCH0306,singh agro,Wheat,17.4,KG,1794.0,Paid
MDM010661,2025-11-04,SCH0349,Sharma Traders,Wheat,33.9,KG,1218.0,Pending
MDM001652,2025-04-07,SCH0245,Singh Brothers,oil,33.9,KG,1794.0,Paid
MDM011885,2025-09-09,SCH0482,Goyal Rice Mill,Rice,33.9,KG,1794.0,Paid
MDM001170,2025-07-30,SCH0463,singh agro,Wheat,33.9,KG,1695.0,Cleared
MDM009399,2025-11-06,SCH0048,Kumar General Store,mustard oil,33.9,KG,1794.0,Pending
MDM006257,2025-07-19,SCH0072,sharma & sons,Wheat,33.9,KG,1794.0,Paid
MDM005470,2025-04-08,SCH0481,Singh Brothers,mustard oil,33.9,KG,1794.0,Pending
MDM011328,2025-04-23,SCH0337,s. agro works,Lentils,33.9,KG,1404.0,Pending
MDM000868,2026-03-18,SCH0262,sharma & sons,Wheat,33.9,KG,1794.0,Pending
MDM005094,2025-09-23,SCH0164,Sharma Traders,sarson tel,11.9,KG,1428.0,Paid
MDM005434,2025-08-21,SCH0216,kumar & co.,Pulses,33.9,KG,972.0,Pending
MDM000542,2025-06-07,SCH0458,goyal enterprises,Wheat,33.9,KG,1794.0,Paid
MDM009325,2026-01-19,SCH0115,singh agro,mustard oil,33.9,KG,4080.0,Due
MDM006355,2025-12-15,SCH0080,kumar & co.,cooking oil,33.9,KG,4332.0,Paid
MDM011534,2026-01-13,SCH0556,sharma & sons,sarson tel,33.9,KG,1794.0,Paid
MDM003391,2025-08-26,SCH0550,Singh Brothers,atta,33.9,KG,1794.0,Due
MDM009935,2025-04-21,SCH0241,goyal enterprises,Lentils,33.9,KG,927.0,Paid
MDM003960,2026-02-22,SCH0218,goyal enterprises,oil,33.9,KG,4380.0,Pending
MDM006644,2025-08-30,SCH0060,singh agro,Lentils,33.9,KG,1773.0,Pending
MDM006842,2025-09-02,SCH0178,singh agro,Lentils,49.8,KG,4482.0,Due
MDM010235,2025-05-23,SCH0171,goyal enterprises,Wheat,33.9,KG,504.0,Pending
MDM003587,2025-04-04,SCH0565,Sharma Traders,sarson tel,33.9,KG,5160.0,Paid
MDM009980,2026-02-14,SCH0577,singh agro,oil,17.5,KG,2100.0,Pending
MDM002564,2025-11-27,SCH0013,Sharma Traders,Pulses,33.9,KG,1449.0,Paid
MDM005037,2025-12-17,SCH0061,Goyal Rice Mill,sarson tel,33.9,KG,2352.0,Pending
MDM001081,2025-11-07,SCH0376,kumar & co.,Pulses,33.9,KG,1794.0,Pending
MDM005892,2026-02-24,SCH0436,singh agro,Wheat,33.9,KG,1794.0,Paid
MDM004967,2025-06-21,SCH0025,Kumar General Store,sarson tel,33.9,KG,3708.0,Cleared
MDM002024,2025-04-15,SCH0524,Kumar General Store,atta,33.9,KG,420.0,Pending
MDM011095,2025-05-15,SCH0250,singh agro,atta,33.9,KG,1296.0,Paid
MDM007910,2025-09-25,SCH0444,kumar & co.,Lentils,33.9,KG,3087.0,Paid
MDM010778,2026-01-02,SCH0255,Sharma Traders,cooking oil,33.9,KG,1794.0,Due
MDM007322,2025-06-05,SCH0513,Goyal Rice Mill,Rice,33.9,KG,1794.0,Due
MDM000227,2026-11-02,SCH0073,s. agro works,Lentils,33.9,KG,1593.0,Cleared
MDM001014,2025-06-25,SCH0589,Singh Brothers,Rice,23.6,KG,944.0,Paid
MDM001930,2026-02-25,SCH0114,goyal mill,Lentils,33.9,KG,3123.0,Pending
MDM010356,2025-05-24,SCH0082,Kumar Supplies,Lentils,33.9,KG,1794.0,Due
MDM005252,2025-12-01,SCH0374,Sharma Traders,mustard oil,33.9,KG,6144.0,Paid
MDM009597,2026-03-09,SCH0070,kumar & co.,Rice,33.9,KG,1794.0,Cleared
MDM002180,2025-06-01,SCH0351,goyal mill,Lentils,57.2,KG,5148.0,Paid
MDM000698,2026-02-20,SCH0197,Goyal Rice Mill,Lentils,33.9,KG,1794.0,Due
MDM001125,2025-07-01,SCH0269,Kumar Supplies,cooking oil,33.9,KG,1944.0,Due
MDM007379,2025-10-23,SCH0281,Sharma Traders,Pulses,33.9,KG,3015.0,Pending
MDM010132,2025-07-25,SCH0492,goyal enterprises,Lentils,29.3,KG,1794.0,Pending
MDM005111,2025-07-10,SCH0449,goyal mill,Wheat,38.0,KG,1140.0,Cleared
MDM007903,2025-12-31,SCH0570,Kumar General Store,mustard oil,32.9,KG,3948.0,Paid
MDM001779,2025-10-23,SCH0081,sharma & sons,Lentils,33.9,KG,1683.0,Paid
MDM010184,2025-08-13,SCH0325,Sharma Traders,Lentils,33.9,KG,2808.0,Pending
MDM002635,2025-09-17,SCH0363,Sharma Traders,Rice,26.6,KG,1794.0,Pending
MDM007545,2025-04-18,SCH0596,singh agro,Rice,33.9,KG,1056.0,Cleared
MDM007605,2025-12-07,SCH0503,Kumar Supplies,oil,33.9,KG,6456.0,Pending
MDM003490,2025-05-01,SCH0340,Sharma Traders,Wheat,33.9,KG,1356.0,Paid
MDM001038,2025-10-02,SCH0139,Singh Brothers,cooking oil,33.9,KG,6564.0,Cleared
MDM010098,2025-11-08,SCH0430,goyal mill,oil,16.3,KG,1956.0,Paid
MDM008506,2025-08-06,SCH0125,Sharma Traders,Rice,33.9,KG,1140.0,Pending
MDM002650,2026-10-01,SCH0354,Singh Brothers,Wheat,34.5,KG,1035.0,Pending
MDM002980,2026-03-25,SCH0038,Singh Brothers,Pulses,33.9,KG,1794.0,Paid
MDM002548,2025-07-13,SCH0222,goyal enterprises,Lentils,33.9,KG,1794.0,Paid
MDM005133,2025-11-22,SCH0563,kumar & co.,Rice,33.9,KG,1794.0,Cleared
MDM002160,2025-08-30,SCH0223,Kumar Supplies,Rice,33.9,KG,1316.0,Pending
MDM009115,2026-02-14,SCH0163,kumar & co.,Lentils,33.9,KG,1794.0,Pending
MDM006446,2026-02-28,SCH0435,Goyal Rice Mill,Rice,33.9,KG,1794.0,Cleared
MDM003968,2025-07-04,SCH0049,goyal mill,Lentils,33.9,KG,1728.0,Paid
MDM001429,2025-07-09,SCH0144,Goyal Rice Mill,Rice,33.9,KG,2300.0,Paid
MDM010391,2025-06-11,SCH0367,Singh Brothers,Wheat,33.9,KG,1563.0,Due
MDM002521,2025-07-18,SCH0050,goyal enterprises,Wheat,33.9,KG,1497.0,Pending
MDM008034,2025-11-28,SCH0127,sharma & sons,Wheat,33.9,KG,1794.0,Paid
MDM010663,2025-06-14,SCH0467,goyal enterprises,Rice,35.5,KG,1420.0,Cleared
MDM000449,2025-08-13,SCH0167,s. agro works,Rice,33.9,KG,1794.0,Paid
MDM011417,2026-03-10,SCH0009,goyal enterprises,mustard oil,31.1,KG,3732.0,Paid
MDM009477,2026-03-03,SCH0238,singh agro,sarson tel,33.9,KG,1794.0,Due
MDM005996,2025-07-28,SCH0163,kumar & co.,cooking oil,33.9,KG,4800.0,Paid
MDM009923,2026-02-02,SCH0150,kumar & co.,Rice,39.2,KG,1794.0,Pending
MDM003728,2025-10-11,SCH0008,Singh Brothers,Wheat,33.9,KG,1155.0,Paid
MDM007354,2025-12-28,SCH0571,goyal mill,Wheat,14.5,KG,435.0,Paid
MDM008554,2025-08-13,SCH0085,Sharma Traders,cooking oil,33.9,KG,1794.0,Pending
MDM006280,2026-03-22,SCH0417,Sharma Traders,oil,33.9,KG,1794.0,Paid
MDM011038,2025-01-08,SCH0233,goyal mill,Rice,33.9,KG,1792.0,Paid
MDM007296,2025-04-29,SCH0339,Singh Brothers,Rice,33.9,KG,1794.0,Paid
MDM009497,2025-10-09,SCH0102,Kumar General Store,sarson tel,33.9,KG,1794.0,Cleared
MDM006252,2025-06-21,SCH0197,Sharma Traders,Rice,33.9,KG,1296.0,Due
MDM005927,2025-12-12,SCH0320,goyal enterprises,Rice,33.9,KG,2376.0,Paid
MDM002461,2025-11-23,SCH0494,goyal mill,Wheat,28.2,KG,846.0,Paid
MDM000023,2025-06-25,SCH0216,singh agro,sarson tel,33.9,KG,5148.0,Paid
MDM002067,2026-03-17,SCH0439,Kumar Supplies,Wheat,33.9,KG,1758.0,Pending
MDM001654,2025-06-21,SCH0078,Goyal Rice Mill,Wheat,33.9,KG,504.0,Pending
MDM008895,2025-07-13,SCH0085,Singh Brothers,cooking oil,33.9,KG,3372.0,Paid
MDM008707,2025-07-29,SCH0284,singh agro,Lentils,33.9,KG,1794.0,Due
MDM001377,2026-03-19,SCH0524,singh agro,Wheat,33.9,KG,690.0,Due
MDM001725,2025-12-22,SCH0192,Singh Brothers,Wheat,33.9,KG,612.0,Due
MDM003755,2025-12-08,SCH0301,Singh Brothers,Lentils,33.9,KG,1548.0,Pending
MDM008653,2025-04-23,SCH0301,Kumar General Store,sarson tel,32.1,KG,1794.0,Pending
MDM004184,2025-12-18,SCH0007,s. agro works,Rice,33.9,KG,1948.0,Due
MDM004083,2026-01-26,SCH0460,Sharma Traders,Rice,33.9,KG,480.0,Due
MDM009679,2025-08-22,SCH0376,kumar & co.,Wheat,33.9,KG,804.0,Paid
MDM008475,2025-08-29,SCH0086,goyal mill,mustard oil,33.9,KG,4992.0,Paid
MDM006580,2025-04-28,SCH0057,Sharma Traders,Lentils,33.9,KG,1794.0,Pending
MDM004559,2025-08-24,SCH0389,Kumar Supplies,Wheat,33.9,KG,522.0,Due
MDM003538,2025-09-17,SCH0144,s. agro works,oil,33.9,KG,1794.0,Due
MDM007004,2025-09-21,SCH0315,Sharma Traders,sarson tel,33.9,KG,2376.0,Paid
MDM009561,2025-09-23,SCH0327,Sharma Traders,cooking oil,33.9,KG,1794.0,Pending
MDM011703,2025-04-20,SCH0171,Kumar General Store,Wheat,37.0,KG,1794.0,Cleared
MDM011271,2025-06-02,SCH0129,sharma & sons,Rice,26.7,KG,1068.0,Due
MDM008790,2025-04-06,SCH0234,Kumar General Store,Rice,33.9,KG,1604.0,Due
MDM000647,2025-04-27,SCH0157,Singh Brothers,sarson tel,33.9,KG,3324.0,Paid
MDM006382,2026-02-18,SCH0104,kumar & co.,mustard oil,44.7,KG,1794.0,Paid
MDM007528,2025-11-20,SCH0220,Kumar General Store,Wheat,33.9,KG,1092.0,Paid
MDM007166,2026-03-13,SCH0588,Kumar Supplies,Rice,33.9,KG,2212.0,Cleared
MDM011545,2025-10-09,SCH0091,Singh Brothers,mustard oil,33.9,KG,5112.0,Due
MDM007698,2025-04-03,SCH0093,kumar & co.,Wheat,33.9,KG,1026.0,Paid
MDM011622,2026-03-14,SCH0140,kumar & co.,oil,33.9,KG,2076.0,Paid
MDM004876,2025-09-09,SCH0334,goyal mill,Lentils,33.9,KG,1053.0,Due
MDM010615,2025-12-11,SCH0278,Sharma Traders,Rice,33.9,KG,928.0,Paid
MDM005342,2026-06-03,SCH0067,kumar & co.,Wheat,33.9,KG,351.0,Pending
MDM011168,2025-04-30,SCH0224,Goyal Rice Mill,cooking oil,33.9,KG,1794.0,Paid
MDM007032,2025-08-27,SCH0363,Kumar Supplies,Lentils,33.9,KG,1665.0,Paid
MDM002161,2026-05-03,SCH0308,kumar & co.,Rice,33.9,KG,1794.0,Paid
MDM000686,2025-11-22,SCH0122,kumar & co.,Wheat,33.9,KG,1794.0,Paid
MDM002462,2025-09-24,SCH0451,Singh Brothers,Lentils,24.2,KG,1794.0,Pending
MDM007129,2025-07-27,SCH0284,Singh Brothers,Wheat,33.9,KG,1794.0,Paid
MDM006268,2025-06-15,SCH0263,Sharma Traders,Rice,33.9,KG,1220.0,Cleared
MDM004942,2025-06-08,SCH0353,Sharma Traders,Rice,33.9,KG,1020.0,Paid
MDM005947,2025-04-30,SCH0068,Sharma Traders,Rice,33.9,KG,2248.0,Paid
MDM004584,2025-06-05,SCH0414,goyal enterprises,atta,33.9,KG,420.0,Paid
MDM005785,2025-07-16,SCH0537,Sharma Traders,Rice,33.9,KG,1794.0,Cleared
MDM007570,2025-06-27,SCH0083,Sharma Traders,Lentils,41.2,KG,3708.0,Pending
MDM011073,2025-10-02,SCH0292,singh agro,mustard oil,33.9,KG,6684.0,Due
MDM000522,2026-01-08,SCH0088,singh agro,Rice,33.9,KG,848.0,Paid
MDM008715,2025-04-22,SCH0337,Singh Brothers,Rice,33.9,KG,1608.0,Pending
MDM011029,2025-11-05,SCH0083,Kumar Supplies,Wheat,33.9,KG,1794.0,Cleared
MDM003984,2025-08-23,SCH0434,Kumar Supplies,Lentils,33.9,KG,4689.0,Due
MDM011818,2025-10-19,SCH0302,goyal enterprises,Wheat,33.9,KG,1794.0,Pending
MDM000781,2025-10-29,SCH0071,Sharma Traders,cooking oil,33.9,KG,5580.0,Paid
MDM010149,2025-11-19,SCH0500,goyal mill,Rice,33.9,KG,2196.0,Paid
MDM005608,2026-03-01,SCH0371,s. agro works,Rice,51.2,KG,2048.0,Pending
MDM005979,2026-01-20,SCH0484,Sharma Traders,Rice,33.9,KG,1060.0,Paid
MDM008844,2025-05-07,SCH0258,Kumar General Store,Rice,33.9,KG,1794.0,Paid
MDM003748,2026-03-14,SCH0419,Sharma Traders,Lentils,33.9,KG,1794.0,Pending
MDM002197,2025-12-13,SCH0513,goyal mill,Wheat,33.9,KG,1794.0,Pending
MDM008562,2025-07-25,SCH0125,Kumar Supplies,sarson tel,33.9,KG,1794.0,Paid
MDM004286,2025-08-12,SCH0497,Sharma Traders,mustard oil,33.9,KG,1794.0,Pending
MDM008570,2025-12-22,SCH0101,sharma & sons,mustard oil,33.9,KG,3684.0,Cleared
MDM009833,2025-07-01,SCH0134,goyal enterprises,Pulses,23.5,KG,1794.0,Paid
MDM009806,2025-08-12,SCH0259,Sharma Traders,Rice,33.9,KG,1456.0,Cleared
MDM006980,2025-12-27,SCH0206,goyal mill,oil,33.9,KG,1794.0,Paid
MDM001828,2026-02-06,SCH0205,sharma & sons,Wheat,33.9,KG,528.0,Paid
MDM009155,2025-04-02,SCH0240,Singh Brothers,Lentils,43.4,KG,1794.0,Pending
MDM011956,2025-07-26,SCH0338,Kumar General Store,Rice,33.9,KG,1794.0,Paid
MDM002377,2025-07-31,SCH0520,Sharma Traders,cooking oil,33.9,KG,1794.0,Paid
MDM008552,2025-10-08,SCH0498,sharma & sons,Rice,33.9,KG,1794.0,Paid
MDM003840,2025-12-30,SCH0015,goyal enterprises,Lentils,33.9,KG,1794.0,Paid
MDM001247,2025-09-09,SCH0462,sharma & sons,Rice,33.9,KG,1612.0,Pending
MDM007505,2026-03-31,SCH0593,Singh Brothers,Rice,33.9,KG,1808.0,Cleared
MDM006512,2025-08-19,SCH0509,kumar & co.,Wheat,33.9,KG,393.0,Cleared
MDM011302,2025-10-26,SCH0301,Kumar Supplies,Rice,33.9,KG,2324.0,Paid
MDM005440,2026-05-03,SCH0382,sharma & sons,Lentils,33.9,KG,1794.0,Due
MDM011416,2026-02-24,SCH0228,kumar & co.,Wheat,33.9,KG,375.0,Paid
MDM008965,2026-01-17,SCH0539,kumar & co.,mustard oil,33.9,KG,1794.0,Due
MDM005511,2026-03-10,SCH0481,goyal enterprises,Lentils,33.9,KG,4149.0,Pending
MDM005331,2025-05-30,SCH0183,Kumar General Store,Pulses,33.9,KG,3996.0,Pending
MDM004532,2025-11-14,SCH0013,Kumar Supplies,Pulses,33.9,KG,2232.0,Cleared
MDM009867,2025-12-19,SCH0281,goyal enterprises,sarson tel,33.9,KG,4692.0,Paid
MDM000366,2025-06-08,SCH0506,goyal mill,mustard oil,33.9,KG,1452.0,Cleared
MDM000148,2025-11-25,SCH0386,Sharma Traders,mustard oil,15.0,KG,1794.0,Due
MDM001669,2025-11-29,SCH0141,s. agro works,oil,33.9,KG,1794.0,Paid
MDM010925,2025-09-01,SCH0276,Kumar General Store,Lentils,33.9,KG,5157.0,Paid
MDM007651,2026-01-12,SCH0485,Singh Brothers,Wheat,25.0,KG,750.0,Paid
MDM008600,2025-06-20,SCH0266,Kumar Supplies,Lentils,33.9,KG,3852.0,Due
MDM007789,2025-09-03,SCH0022,singh agro,Lentils,33.9,KG,1794.0,Paid
MDM003457,2025-12-15,SCH0307,goyal enterprises,Rice,33.9,KG,1400.0,Pending
MDM003272,2025-04-16,SCH0114,goyal enterprises,Wheat,11.7,KG,351.0,Due
MDM004941,2025-07-31,SCH0229,singh agro,Pulses,33.9,KG,1794.0,Paid
MDM009224,2025-04-18,SCH0330,singh agro,Rice,33.9,KG,1212.0,Due
MDM006231,2025-04-24,SCH0109,goyal mill,Rice,33.9,KG,1794.0,Paid
MDM010998,2025-06-17,SCH0415,sharma & sons,Wheat,33.9,KG,378.0,Paid
MDM011565,2025-05-02,SCH0472,s. agro works,cooking oil,33.9,KG,2256.0,Paid
MDM009048,2025-07-12,SCH0315,Kumar Supplies,Lentils,33.9,KG,1794.0,Paid
MDM003927,2025-04-25,SCH0580,Sharma Traders,oil,33.9,KG,4596.0,Paid
MDM008081,2026-03-02,SCH0123,s. agro works,Rice,33.9,KG,1740.0,Cleared
MDM000079,2025-08-07,SCH0067,Goyal Rice Mill,oil,33.9,KG,3204.0,Paid
MDM007089,2026-03-31,SCH0295,goyal enterprises,Wheat,33.9,KG,1794.0,Pending
MDM002248,2026-01-06,SCH0044,Sharma Traders,cooking oil,18.1,KG,2172.0,Pending
MDM010190,2025-09-14,SCH0102,goyal enterprises,sarson tel,33.9,KG,4920.0,Cleared
MDM010230,2025-12-11,SCH0445,Sharma Traders,sarson tel,33.9,KG,5544.0,Pending
MDM007452,2025-05-22,SCH0495,sharma & sons,cooking oil,33.9,KG,2004.0,Paid
MDM008981,2025-12-31,SCH0387,singh agro,oil,33.9,KG,1416.0,Pending
MDM002280,2025-08-23,SCH0154,sharma & sons,Rice,33.9,KG,2332.0,Cleared
MDM008124,2026-01-21,SCH0368,Sharma Traders,Rice,33.9,KG,1088.0,Pending
MDM003898,2025-12-14,SCH0200,Sharma Traders,Rice,33.9,KG,1794.0,Pending
MDM009952,2025-05-24,SCH0415,Sharma Traders,Pulses,33.9,KG,1794.0,Pending
MDM007178,2025-11-04,SCH0250,Singh Brothers,mustard oil,33.9,KG,1794.0,Paid
MDM009313,2025-05-02,SCH0014,Kumar General Store,Rice,33.9,KG,1292.0,Paid
MDM011683,2026-01-29,SCH0220,Sharma Traders,Rice,33.9,KG,1794.0,Cleared
MDM003632,2025-11-29,SCH0394,Kumar Supplies,Wheat,33.9,KG,816.0,Paid
MDM010652,2026-03-07,SCH0372,s. agro works,Pulses,33.9,KG,1794.0,Paid
MDM006273,2025-04-17,SCH0319,singh agro,Lentils,33.9,KG,1794.0,Paid
MDM008617,2025-05-14,SCH0508,sharma & sons,sarson tel,33.9,KG,5568.0,Due
MDM000393,2025-10-01,SCH0054,Goyal Rice Mill,cooking oil,52.6,KG,6312.0,Cleared
MDM003192,2026-01-20,SCH0156,Kumar Supplies,Rice,33.9,KG,1794.0,Cleared
MDM000017,2026-03-03,SCH0544,Singh Brothers,Rice,30.9,KG,1794.0,Paid
MDM004201,2025-11-14,SCH0363,sharma & sons,sarson tel,40.4,KG,1794.0,Pending
MDM002673,2025-11-24,SCH0422,Kumar General Store,Lentils,33.9,KG,1794.0,Paid
MDM006165,2025-06-03,SCH0498,s. agro works,Rice,33.9,KG,1064.0,Due
MDM003494,2025-12-11,SCH0574,Goyal Rice Mill,Wheat,33.9,KG,738.0,Paid
MDM009652,2025-11-18,SCH0390,Sharma Traders,Pulses,33.9,KG,3348.0,Paid
MDM007395,2025-05-07,SCH0507,Singh Brothers,Pulses,33.9,KG,1794.0,Cleared
MDM004840,2026-01-20,SCH0205,Goyal Rice Mill,Wheat,33.9,KG,1794.0,Paid
MDM000594,2025-06-23,SCH0304,sharma & sons,oil,33.9,KG,2604.0,Paid
MDM008738,2026-03-18,SCH0205,Sharma Traders,Rice,33.9,KG,1680.0,Pending
MDM005828,2026-03-05,SCH0222,sharma & sons,Lentils,55.5,KG,4995.0,Pending
MDM007962,2025-05-03,SCH0151,sharma & sons,oil,33.9,KG,3192.0,Pending
MDM005888,2025-08-15,SCH0364,Goyal Rice Mill,Lentils,33.9,KG,4680.0,Pending
MDM002356,2025-10-06,SCH0435,Goyal Rice Mill,Rice,33.9,KG,1656.0,Pending
MDM006037,2025-12-09,SCH0210,goyal mill,cooking oil,33.9,KG,2784.0,Paid
MDM004799,2025-11-18,SCH0561,goyal mill,Wheat,33.9,KG,1632.0,Due
MDM010682,2025-04-01,SCH0594,singh agro,Wheat,33.9,KG,1794.0,Cleared
MDM004593,2025-06-11,SCH0511,kumar & co.,Rice,33.9,KG,464.0,Due
MDM008657,2025-07-09,SCH0187,s. agro works,Rice,19.8,KG,792.0,Paid
MDM000164,2026-01-19,SCH0309,Sharma Traders,cooking oil,42.2,KG,5064.0,Paid
MDM011442,2025-06-27,SCH0519,kumar & co.,Rice,12.2,KG,488.0,Cleared
MDM011657,2026-01-28,SCH0056,Sharma Traders,Pulses,33.9,KG,2475.0,Due
MDM007381,2026-01-10,SCH0576,s. agro works,Wheat,33.1,KG,993.0,Due
MDM006357,2025-06-05,SCH0021,sharma & sons,Lentils,33.9,KG,3015.0,Paid
MDM009093,2025-11-23,SCH0177,Sharma Traders,Wheat,33.9,KG,459.0,Due
MDM005543,2025-04-13,SCH0321,s. agro works,Rice,22.7,KG,908.0,Cleared
MDM006008,2026-01-08,SCH0090,singh agro,Rice,33.9,KG,1794.0,Paid
MDM007994,2025-09-13,SCH0119,goyal enterprises,Rice,33.9,KG,1684.0,Pending
MDM007639,2025-04-03,SCH0108,sharma & sons,sarson tel,33.9,KG,1794.0,Pending
MDM006794,2025-07-31,SCH0179,Singh Brothers,Rice,33.9,KG,1794.0,Due
MDM007759,2025-07-15,SCH0257,Sharma Traders,Rice,33.9,KG,1720.0,Pending
MDM004838,2025-10-21,SCH0260,Sharma Traders,Rice,33.9,KG,1794.0,Cleared
MDM002294,2025-05-28,SCH0526,sharma & sons,Lentils,33.9,KG,1773.0,Cleared
MDM006549,2025-06-19,SCH0259,Sharma Traders,cooking oil,33.9,KG,1212.0,Paid
MDM007899,2025-07-08,SCH0486,s. agro works,Wheat,33.9,KG,1794.0,Pending
MDM004482,2025-12-30,SCH0222,singh agro,Rice,33.9,KG,1172.0,Paid
MDM003717,2025-11-06,SCH0257,Goyal Rice Mill,cooking oil,33.9,KG,1794.0,Cleared
MDM006141,2025-10-28,SCH0541,Kumar General Store,Wheat,33.9,KG,309.0,Due
MDM009957,2025-07-24,SCH0552,singh agro,oil,33.9,KG,4140.0,Cleared
MDM001550,2026-04-01,SCH0325,s. agro works,mustard oil,33.9,KG,6072.0,Pending
MDM002045,2025-08-11,SCH0122,Singh Brothers,Wheat,55.9,KG,1677.0,Paid
MDM000768,2026-01-13,SCH0233,Kumar Supplies,Lentils,33.9,KG,4563.0,Due
MDM005694,2026-03-02,SCH0522,s. agro works,Rice,33.9,KG,884.0,Cleared
MDM007871,2025-11-18,SCH0153,Kumar General Store,Wheat,33.9,KG,1224.0,Pending
MDM009701,2025-04-05,SCH0210,sharma & sons,Rice,33.9,KG,784.0,Due
MDM007858,2025-08-24,SCH0344,Singh Brothers,atta,33.9,KG,1794.0,Cleared
MDM003303,2025-07-31,SCH0587,Sharma Traders,Pulses,33.9,KG,4464.0,Paid
MDM004518,2026-02-25,SCH0263,s. agro works,Lentils,33.9,KG,1863.0,Paid
MDM011206,2026-03-29,SCH0302,goyal enterprises,Wheat,33.9,KG,1554.0,Pending
MDM009981,2025-07-26,SCH0131,Sharma Traders,Lentils,53.4,KG,1794.0,Due
MDM003293,2026-02-21,SCH0116,Sharma Traders,sarson tel,33.9,KG,4548.0,Pending
MDM009012,2025-07-01,SCH0561,singh agro,Rice,33.9,KG,872.0,Paid
MDM001404,2025-07-29,SCH0329,kumar & co.,Wheat,33.9,KG,1746.0,Paid
MDM001383,2025-08-20,SCH0121,Sharma Traders,cooking oil,33.9,KG,1794.0,Cleared
MDM006929,2025-07-12,SCH0166,Singh Brothers,Pulses,33.9,KG,3501.0,Pending
MDM005672,2025-09-18,SCH0055,Kumar General Store,Lentils,33.9,KG,1794.0,Paid
MDM001639,2025-10-27,SCH0459,Kumar Supplies,Lentils,33.9,KG,5274.0,Pending
MDM006908,2025-11-15,SCH0085,goyal enterprises,Rice,33.9,KG,1794.0,Due
MDM008592,2026-01-21,SCH0577,goyal enterprises,Lentils,33.9,KG,2403.0,Paid
MDM006407,2025-11-07,SCH0425,goyal enterprises,atta,33.9,KG,657.0,Paid
MDM009075,2026-01-27,SCH0067,Kumar Supplies,atta,33.9,KG,465.0,Pending
MDM001180,2026-02-09,SCH0378,Sharma Traders,atta,33.9,KG,1794.0,Cleared
MDM005449,2025-08-24,SCH0347,sharma & sons,sarson tel,33.9,KG,7176.0,Due
MDM005079,2025-07-30,SCH0370,singh agro,Rice,33.9,KG,1794.0,Paid
MDM008649,2025-05-05,SCH0031,goyal mill,sarson tel,33.9,KG,5352.0,Paid
MDM005176,2025-05-22,SCH0557,Kumar Supplies,Rice,33.9,KG,1794.0,Pending
MDM000690,2025-10-18,SCH0408,singh agro,Lentils,33.9,KG,3510.0,Pending
MDM010936,2025-08-21,SCH0148,Sharma Traders,Lentils,33.9,KG,5148.0,Paid
MDM006526,2025-10-10,SCH0276,goyal mill,cooking oil,33.9,KG,6972.0,Paid
MDM006489,2025-05-12,SCH0458,Kumar Supplies,Lentils,33.9,KG,1794.0,Pending
MDM007155,2026-02-19,SCH0182,Kumar General Store,Rice,33.9,KG,2312.0,Paid
MDM010393,2025-07-06,SCH0386,s. agro works,oil,33.9,KG,1740.0,Paid
MDM006611,2025-07-20,SCH0340,sharma & sons,cooking oil,33.9,KG,3576.0,Paid
MDM010582,2026-01-03,SCH0356,sharma & sons,Wheat,33.9,KG,354.0,Paid
MDM004350,2025-04-19,SCH0490,Kumar General Store,Wheat,33.9,KG,1794.0,Paid
MDM001885,2025-06-25,SCH0005,Singh Brothers,Wheat,33.9,KG,759.0,Paid
MDM011489,2026-02-24,SCH0467,Goyal Rice Mill,Wheat,33.9,KG,1797.0,Pending
MDM002495,2025-09-17,SCH0379,singh agro,Rice,33.9,KG,2236.0,Pending
MDM005948,2026-01-22,SCH0496,kumar & co.,Lentils,33.9,KG,4959.0,Due
MDM003037,2026-01-28,SCH0227,Sharma Traders,mustard oil,33.9,KG,1794.0,Paid
MDM005778,2026-03-25,SCH0140,Singh Brothers,cooking oil,33.9,KG,1794.0,Due
MDM000846,2025-06-10,SCH0348,Goyal Rice Mill,oil,33.9,KG,1794.0,Paid
MDM008735,2025-04-22,SCH0539,goyal enterprises,atta,33.9,KG,1020.0,Paid
MDM007968,2025-12-14,SCH0265,singh agro,Rice,33.9,KG,1296.0,Pending
MDM010474,2026-01-10,SCH0125,Sharma Traders,Lentils,33.9,KG,1794.0,Paid
MDM007341,2025-09-24,SCH0372,goyal enterprises,oil,33.9,KG,1788.0,Pending
MDM011118,2025-06-25,SCH0127,goyal enterprises,Wheat,22.8,KG,684.0,Pending
MDM010225,2026-01-01,SCH0562,goyal mill,Pulses,39.9,KG,3591.0,Paid
MDM007138,2026-02-01,SCH0313,singh agro,Lentils,33.9,KG,4995.0,Paid
MDM002965,2025-10-15,SCH0050,Kumar Supplies,Rice,33.9,KG,1794.0,Paid
MDM002530,2026-02-16,SCH0522,kumar & co.,oil,33.9,KG,1794.0,Due
MDM005773,2025-05-07,SCH0067,Sharma Traders,sarson tel,33.9,KG,1794.0,Due
MDM001049,2026-02-12,SCH0533,Sharma Traders,cooking oil,33.9,KG,5448.0,Paid
MDM007046,2025-04-28,SCH0447,Sharma Traders,oil,33.9,KG,5412.0,Paid
MDM001961,2026-02-12,SCH0138,Sharma Traders,Rice,35.2,KG,1408.0,Paid
MDM002531,2025-06-13,SCH0425,Kumar General Store,sarson tel,33.9,KG,5592.0,Due
MDM008430,2026-02-10,SCH0212,Kumar General Store,mustard oil,33.9,KG,1794.0,Cleared
MDM004918,2025-08-31,SCH0493,s. agro works,Rice,33.9,KG,1928.0,Due
MDM009326,2025-04-21,SCH0337,goyal enterprises,Wheat,33.9,KG,1608.0,Pending
MDM005902,2025-07-18,SCH0121,singh agro,Wheat,33.9,KG,1794.0,Cleared
MDM008287,2025-08-23,SCH0557,Sharma Traders,Lentils,33.9,KG,1440.0,Pending
MDM004260,2026-02-13,SCH0334,Sharma Traders,Rice,33.9,KG,572.0,Paid
MDM011336,2025-04-16,SCH0175,singh agro,Wheat,33.9,KG,1071.0,Paid
MDM005657,2025-11-30,SCH0291,Singh Brothers,Lentils,33.9,KG,3033.0,Pending
MDM006098,2025-05-01,SCH0534,singh agro,Rice,21.3,KG,852.0,Due
MDM005908,2025-10-22,SCH0110,s. agro works,oil,33.9,KG,5076.0,Due
MDM007374,2025-09-22,SCH0296,Singh Brothers,Rice,33.9,KG,1794.0,Cleared
MDM002979,2025-08-06,SCH0337,kumar & co.,Rice,33.9,KG,744.0,Due
MDM010945,2025-07-28,SCH0024,Goyal Rice Mill,mustard oil,33.9,KG,2688.0,Pending
MDM011490,2025-12-30,SCH0515,Singh Brothers,Lentils,33.9,KG,1794.0,Paid
MDM006722,2025-06-26,SCH0137,Kumar General Store,Wheat,33.9,KG,1209.0,Due
MDM007843,2025-05-28,SCH0546,goyal mill,Rice,33.9,KG,1820.0,Due
MDM008265,2025-06-12,SCH0197,goyal enterprises,Wheat,33.9,KG,708.0,Paid
MDM010838,2026-03-24,SCH0076,goyal enterprises,Lentils,33.9,KG,1053.0,Paid
MDM003139,2025-01-04,SCH0381,Kumar General Store,oil,33.9,KG,3024.0,Paid
MDM008326,2025-10-20,SCH0360,Kumar General Store,Rice,33.9,KG,1794.0,Paid
MDM001827,2025-12-25,SCH0495,kumar & co.,Lentils,33.9,KG,1794.0,Pending
MDM005549,2025-07-25,SCH0037,goyal enterprises,Lentils,33.9,KG,3618.0,Paid
MDM008786,2025-10-29,SCH0377,kumar & co.,Rice,33.9,KG,1794.0,Due
MDM000561,2025-05-04,SCH0378,singh agro,Wheat,33.9,KG,327.0,Pending
MDM010882,2025-12-30,SCH0483,Kumar Supplies,oil,33.9,KG,4236.0,Cleared
MDM008436,2025-08-19,SCH0520,Sharma Traders,Rice,33.9,KG,1792.0,Cleared
MDM005436,2025-08-08,SCH0596,Kumar General Store,Rice,33.9,KG,1794.0,Paid
MDM004438,2025-11-18,SCH0160,s. agro works,cooking oil,20.7,KG,2484.0,Due
MDM008598,2025-11-27,SCH0553,goyal mill,Rice,33.9,KG,1794.0,Due
MDM001443,2025-09-15,SCH0022,goyal mill,Wheat,11.9,KG,1794.0,Due
MDM008454,2026-03-21,SCH0479,goyal enterprises,Wheat,44.8,KG,1344.0,Due
MDM004407,2025-12-31,SCH0412,sharma & sons,Wheat,33.9,KG,1794.0,Paid
MDM011781,2025-07-04,SCH0295,goyal mill,Lentils,33.9,KG,1584.0,Paid
MDM001690,2026-03-10,SCH0352,Kumar General Store,sarson tel,33.9,KG,1794.0,Paid
MDM009918,2026-01-28,SCH0482,Sharma Traders,Lentils,33.9,KG,1794.0,Pending
MDM011103,2025-04-11,SCH0497,goyal enterprises,cooking oil,33.9,KG,2352.0,Pending
MDM005963,2025-05-15,SCH0351,Goyal Rice Mill,Lentils,33.9,KG,4572.0,Cleared
MDM002497,2025-06-29,SCH0512,Sharma Traders,cooking oil,33.9,KG,1794.0,Pending
MDM010112,2025-06-16,SCH0011,kumar & co.,Wheat,33.9,KG,1524.0,Pending
MDM000341,2025-11-08,SCH0492,Sharma Traders,Wheat,33.9,KG,1404.0,Paid
MDM002409,2025-10-06,SCH0545,kumar & co.,Rice,33.9,KG,1794.0,Pending
MDM009794,2026-02-26,SCH0015,Sharma Traders,cooking oil,33.9,KG,1794.0,Paid
MDM010311,2025-07-15,SCH0299,Sharma Traders,Lentils,44.5,KG,4005.0,Paid
MDM005783,2025-12-19,SCH0117,Sharma Traders,cooking oil,33.9,KG,6924.0,Paid
MDM004577,2025-09-24,SCH0215,Kumar General Store,Lentils,33.9,KG,5058.0,Paid
MDM003726,2026-02-16,SCH0412,Kumar General Store,atta,33.9,KG,1794.0,Due
MDM002786,2025-08-13,SCH0409,s. agro works,Rice,33.9,KG,1252.0,Pending
MDM009716,2025-05-07,SCH0136,Sharma Traders,Rice,33.9,KG,1794.0,Pending
MDM001013,2025-04-14,SCH0355,Goyal Rice Mill,Lentils,33.9,KG,5112.0,Paid
MDM005281,2025-07-29,SCH0226,Kumar Supplies,Wheat,54.4,KG,1632.0,Pending
MDM004896,2025-11-04,SCH0413,goyal enterprises,atta,33.9,KG,1794.0,Paid
MDM009959,2025-07-19,SCH0551,kumar & co.,Rice,33.9,KG,1794.0,Pending
MDM007122,2025-07-02,SCH0157,Kumar General Store,Lentils,33.9,KG,1794.0,Paid
MDM006550,2025-07-22,SCH0082,Goyal Rice Mill,Lentils,33.9,KG,1794.0,Paid
MDM004038,2026-02-19,SCH0200,Singh Brothers,Lentils,33.9,KG,1794.0,Pending
MDM000149,2026-02-21,SCH0053,Sharma Traders,Rice,33.9,KG,880.0,Pending
MDM000286,2025-07-21,SCH0252,Singh Brothers,Wheat,33.9,KG,1794.0,Paid
MDM011932,2025-04-17,SCH0030,kumar & co.,Rice,33.9,KG,1720.0,Due
MDM008556,2026-03-28,SCH0579,goyal mill,Rice,33.9,KG,1794.0,Pending
MDM010377,2025-03-10,SCH0516,kumar & co.,Rice,33.9,KG,1794.0,Paid
MDM009733,2025-11-27,SCH0399,Goyal Rice Mill,oil,33.9,KG,1794.0,Paid
MDM006771,2025-10-01,SCH0323,Goyal Rice Mill,Rice,16.8,KG,672.0,Paid
MDM004444,2026-03-14,SCH0480,Sharma Traders,Rice,33.9,KG,1794.0,Due
MDM007447,2025-04-05,SCH0016,s. agro works,Rice,33.9,KG,1164.0,Paid
MDM000237,2025-09-02,SCH0292,singh agro,Wheat,33.9,KG,1782.0,Paid
MDM011855,2025-08-20,SCH0405,Sharma Traders,Rice,33.9,KG,1794.0,Paid
MDM007124,2025-05-01,SCH0011,goyal enterprises,sarson tel,24.0,KG,2880.0,Cleared
MDM010309,2025-01-04,SCH0238,goyal mill,Lentils,33.9,KG,1794.0,Paid
MDM003084,2025-11-13,SCH0284,kumar & co.,oil,33.9,KG,1794.0,Paid
MDM000633,2025-05-12,SCH0029,Sharma Traders,sarson tel,49.0,KG,5880.0,Cleared
MDM006814,2025-04-30,SCH0540,s. agro works,atta,33.9,KG,1794.0,Pending
MDM002494,2025-04-02,SCH0457,Sharma Traders,atta,43.6,KG,1308.0,Due
MDM002666,2026-03-28,SCH0096,Goyal Rice Mill,Lentils,33.9,KG,1794.0,Paid
MDM010484,2026-01-09,SCH0054,Sharma Traders,sarson tel,33.9,KG,1794.0,Cleared
MDM010557,2026-03-18,SCH0061,singh agro,Lentils,33.9,KG,2970.0,Pending
MDM010394,2025-08-23,SCH0349,kumar & co.,Rice,33.9,KG,508.0,Pending
MDM010061,2025-11-10,SCH0160,Singh Brothers,mustard oil,33.9,KG,1794.0,Paid
MDM010457,2025-09-18,SCH0175,Sharma Traders,atta,33.9,KG,339.0,Pending
MDM004212,2026-02-18,SCH0278,s. agro works,Wheat,33.9,KG,1653.0,Paid
MDM009687,2025-07-19,SCH0375,Goyal Rice Mill,Lentils,33.9,KG,5400.0,Paid
MDM003875,2026-01-14,SCH0529,sharma & sons,Rice,33.9,KG,1794.0,Due
MDM009425,2025-09-29,SCH0478,Goyal Rice Mill,Pulses,33.9,KG,1794.0,Pending
MDM002818,2025-08-19,SCH0020,singh agro,cooking oil,33.9,KG,5976.0,Pending
MDM010196,2026-01-15,SCH0174,Goyal Rice Mill,Rice,55.7,KG,2228.0,Pending
MDM011088,2026-02-13,SCH0327,sharma & sons,atta,33.9,KG,1794.0,Pending
MDM007427,2026-03-31,SCH0055,Kumar Supplies,Lentils,42.9,KG,3861.0,Paid
MDM010625,2026-01-26,SCH0215,Singh Brothers,Rice,33.9,KG,1652.0,Pending
MDM010461,2025-09-12,SCH0346,Singh Brothers,Rice,33.9,KG,1794.0,Pending
MDM011367,2026-01-01,SCH0198,Singh Brothers,oil,33.9,KG,1794.0,Cleared
MDM009778,2026-02-16,SCH0506,singh agro,Lentils,33.9,KG,2538.0,Paid
MDM001736,2025-06-05,SCH0298,goyal mill,Lentils,33.9,KG,1794.0,Paid
MDM007398,2025-10-03,SCH0276,singh agro,atta,33.9,KG,597.0,Pending
MDM004256,2025-09-14,SCH0206,singh agro,Pulses,33.9,KG,1794.0,Cleared
MDM010222,2025-08-12,SCH0135,kumar & co.,Lentils,33.9,KG,4797.0,Due
MDM002476,2025-11-06,SCH0069,Sharma Traders,Lentils,33.9,KG,2673.0,Paid
MDM003714,2025-05-04,SCH0451,Goyal Rice Mill,Pulses,33.9,KG,1794.0,Pending
MDM011085,2025-05-14,SCH0369,goyal mill,Lentils,33.9,KG,2925.0,Pending
MDM001805,2025-07-22,SCH0436,kumar & co.,Rice,33.9,KG,2140.0,Paid
MDM000708,2026-02-22,SCH0338,Kumar General Store,Wheat,33.9,KG,1794.0,Due
MDM011356,2025-04-22,SCH0143,sharma & sons,Rice,15.7,KG,1794.0,Paid
MDM005190,2025-04-19,SCH0179,singh agro,Pulses,33.9,KG,1794.0,Due
MDM005473,2025-05-24,SCH0270,s. agro works,oil,33.9,KG,5016.0,Cleared
MDM000073,2025-07-15,SCH0316,singh agro,Rice,33.9,KG,1540.0,Pending
MDM007844,2025-07-29,SCH0579,singh agro,mustard oil,33.9,KG,1794.0,Paid
MDM005102,2025-10-18,SCH0056,s. agro works,Wheat,33.9,KG,1461.0,Due
MDM006765,2025-07-21,SCH0413,s. agro works,cooking oil,33.9,KG,6084.0,Paid
MDM009383,2025-10-18,SCH0252,goyal mill,Lentils,33.9,KG,1794.0,Pending
MDM001126,2026-03-07,SCH0247,kumar & co.,Rice,31.0,KG,1240.0,Paid
MDM001242,2026-03-28,SCH0180,s. agro works,Rice,33.9,KG,1640.0,Pending
MDM010664,2025-11-26,SCH0202,kumar & co.,Pulses,33.9,KG,945.0,Paid
MDM002350,2025-09-28,SCH0145,Sharma Traders,Pulses,33.9,KG,4185.0,Pending
MDM006603,2025-12-15,SCH0119,Singh Brothers,Lentils,33.9,KG,1794.0,Pending
MDM006781,2025-12-12,SCH0550,Singh Brothers,Rice,33.9,KG,1794.0,Cleared
MDM009770,2025-12-29,SCH0352,Goyal Rice Mill,mustard oil,33.9,KG,1794.0,Paid
MDM004359,2025-11-09,SCH0118,Kumar Supplies,Wheat,33.9,KG,1794.0,Pending
MDM001344,2026-03-07,SCH0277,Singh Brothers,cooking oil,33.9,KG,4836.0,Pending
MDM010727,2025-07-26,SCH0554,Singh Brothers,Wheat,35.6,KG,1068.0,Cleared
MDM011839,2025-12-25,SCH0048,Singh Brothers,Rice,33.9,KG,1794.0,Paid
MDM008633,2026-10-03,SCH0567,Sharma Traders,Wheat,33.9,KG,681.0,Due
MDM006653,2026-04-01,SCH0396,goyal enterprises,Rice,10.4,KG,416.0,Due
MDM001101,2026-03-31,SCH0079,s. agro works,Lentils,33.9,KG,3186.0,Paid
MDM009161,2025-05-25,SCH0572,kumar & co.,Lentils,33.9,KG,2268.0,Due
MDM008842,2025-11-06,SCH0407,s. agro works,mustard oil,33.9,KG,6408.0,Paid
MDM009739,2025-09-26,SCH0020,goyal enterprises,Rice,33.9,KG,1752.0,Paid
MDM007328,2025-06-27,SCH0411,sharma & sons,Rice,33.9,KG,1794.0,Pending
MDM007623,2025-05-15,SCH0381,Kumar General Store,sarson tel,33.9,KG,6936.0,Due
MDM000988,2025-06-11,SCH0493,Sharma Traders,Rice,33.9,KG,1794.0,Pending
MDM002853,2025-10-11,SCH0480,kumar & co.,Wheat,33.9,KG,1794.0,Paid
MDM008854,2026-02-28,SCH0186,Goyal Rice Mill,Rice,33.9,KG,2372.0,Paid
MDM000631,2026-01-02,SCH0331,Kumar General Store,Rice,33.9,KG,552.0,Pending
MDM001250,2026-03-24,SCH0452,singh agro,atta,33.9,KG,1794.0,Paid
MDM003180,2025-10-14,SCH0098,Kumar General Store,mustard oil,33.9,KG,1794.0,Cleared
MDM000483,2025-05-29,SCH0290,Sharma Traders,cooking oil,33.9,KG,7032.0,Due
MDM009777,2025-08-24,SCH0052,goyal mill,oil,33.9,KG,1794.0,Pending
MDM009655,2026-01-08,SCH0534,goyal enterprises,sarson tel,33.9,KG,5436.0,Paid
MDM003041,2026-03-07,SCH0219,singh agro,Wheat,33.9,KG,1224.0,Paid
MDM005011,2026-02-12,SCH0022,Sharma Traders,cooking oil,33.9,KG,2604.0,Cleared
MDM010791,2025-06-29,SCH0193,goyal enterprises,Pulses,33.9,KG,4581.0,Cleared
MDM007001,2025-05-23,SCH0189,kumar & co.,Wheat,33.9,KG,1764.0,Paid
MDM003274,2025-11-22,SCH0566,sharma & sons,Wheat,33.9,KG,1794.0,Pending
MDM007228,2025-09-18,SCH0320,singh agro,Rice,33.9,KG,748.0,Paid
MDM003684,2025-12-27,SCH0177,Singh Brothers,cooking oil,33.9,KG,1794.0,Due
MDM006675,2025-12-02,SCH0123,s. agro works,oil,33.9,KG,1368.0,Pending
MDM006808,2025-08-23,SCH0461,goyal mill,Wheat,33.9,KG,1794.0,Paid
MDM001317,2025-08-01,SCH0052,s. agro works,cooking oil,33.9,KG,4272.0,Due
MDM003226,2025-11-09,SCH0528,Sharma Traders,oil,35.0,KG,4200.0,Pending
MDM001073,2025-03-12,SCH0150,goyal mill,Rice,33.9,KG,1184.0,Paid
MDM004816,2025-10-07,SCH0073,singh agro,Pulses,33.9,KG,3933.0,Pending
MDM010437,2025-10-24,SCH0500,Kumar General Store,Rice,33.9,KG,1676.0,Pending
MDM009853,2025-11-23,SCH0086,s. agro works,sarson tel,33.9,KG,2556.0,Pending
MDM005753,2026-03-21,SCH0452,s. agro works,Rice,36.1,KG,1794.0,Due
MDM011293,2025-10-18,SCH0228,Sharma Traders,mustard oil,33.9,KG,1584.0,Pending
MDM004617,2025-12-13,SCH0493,goyal mill,Rice,33.9,KG,1068.0,Paid
MDM003098,2025-12-16,SCH0116,Goyal Rice Mill,Rice,50.1,KG,2004.0,Pending
MDM006870,2025-06-28,SCH0290,Goyal Rice Mill,Pulses,33.9,KG,1794.0,Due
MDM001301,2025-09-05,SCH0129,Sharma Traders,Lentils,33.9,KG,2682.0,Paid
MDM007286,2025-09-21,SCH0004,Kumar Supplies,Wheat,33.9,KG,1470.0,Pending
MDM006285,2026-01-02,SCH0188,Sharma Traders,Wheat,33.9,KG,1794.0,Cleared
MDM010951,2026-01-29,SCH0520,s. agro works,mustard oil,33.9,KG,3060.0,Pending
MDM005496,2026-03-11,SCH0300,singh agro,cooking oil,33.9,KG,1794.0,Pending
MDM005292,2026-03-20,SCH0331,Singh Brothers,Lentils,33.9,KG,1794.0,Cleared
MDM009601,2025-11-29,SCH0006,Goyal Rice Mill,Lentils,33.9,KG,3609.0,Pending
MDM010038,2025-08-23,SCH0386,goyal mill,Lentils,33.9,KG,1794.0,Pending
MDM001799,2025-07-01,SCH0224,Sharma Traders,Rice,33.9,KG,1900.0,Pending
MDM009668,2025-12-03,SCH0443,Sharma Traders,atta,33.9,KG,393.0,Pending
MDM005204,2025-08-24,SCH0005,Singh Brothers,mustard oil,33.9,KG,1794.0,Paid
MDM008228,2026-01-23,SCH0305,Singh Brothers,Wheat,33.9,KG,1794.0,Paid
MDM005048,2026-02-03,SCH0473,Kumar General Store,Wheat,33.9,KG,1653.0,Paid
MDM006442,2026-01-01,SCH0583,Singh Brothers,Lentils,33.9,KG,4833.0,Due
MDM008637,2026-09-01,SCH0316,Sharma Traders,Lentils,33.9,KG,1794.0,Due
MDM008106,2025-06-14,SCH0283,Singh Brothers,Wheat,33.9,KG,1512.0,Paid
MDM002360,2025-08-04,SCH0201,Sharma Traders,Pulses,33.9,KG,4158.0,Cleared
MDM011691,2025-12-11,SCH0533,Kumar General Store,cooking oil,33.9,KG,1794.0,Cleared
MDM003655,2026-03-11,SCH0523,Sharma Traders,atta,33.9,KG,456.0,Paid
MDM007053,2025-12-08,SCH0007,kumar & co.,sarson tel,33.9,KG,3756.0,Pending
MDM001287,2025-05-11,SCH0093,Goyal Rice Mill,sarson tel,33.9,KG,6396.0,Cleared
MDM011268,2025-11-09,SCH0111,Singh Brothers,Rice,33.9,KG,1796.0,Paid
MDM004446,2025-10-20,SCH0258,Sharma Traders,atta,33.9,KG,1014.0,Paid
MDM002138,2025-10-12,SCH0504,Sharma Traders,Lentils,19.2,KG,1794.0,Pending
MDM006788,2025-09-16,SCH0541,Singh Brothers,Wheat,33.9,KG,357.0,Pending
MDM009874,2025-10-04,SCH0480,goyal enterprises,Wheat,33.9,KG,1035.0,Cleared
MDM010509,2025-04-25,SCH0424,Singh Brothers,sarson tel,33.9,KG,4536.0,Paid
MDM011069,2026-09-01,SCH0027,s. agro works,cooking oil,33.9,KG,1794.0,Pending
MDM006895,2025-06-10,SCH0349,singh agro,Rice,33.9,KG,2032.0,Pending
MDM009885,2025-10-12,SCH0214,Kumar Supplies,Rice,33.9,KG,1704.0,Paid
MDM008565,2026-02-07,SCH0320,Sharma Traders,Lentils,33.9,KG,1794.0,Cleared
MDM007152,2026-02-07,SCH0024,Goyal Rice Mill,Wheat,33.9,KG,1794.0,Paid
MDM000964,2025-12-31,SCH0253,sharma & sons,Lentils,31.2,KG,2808.0,Paid
MDM006013,2025-09-08,SCH0542,Kumar General Store,Rice,33.9,KG,420.0,Cleared
MDM004883,2025-05-31,SCH0049,singh agro,Wheat,33.9,KG,684.0,Cleared
MDM000141,2025-11-22,SCH0457,Singh Brothers,Rice,33.9,KG,1900.0,Pending
MDM011146,2025-07-11,SCH0111,Sharma Traders,mustard oil,33.9,KG,1794.0,Paid
MDM008907,2025-04-17,SCH0292,kumar & co.,Wheat,33.9,KG,867.0,Paid
MDM006937,2025-10-25,SCH0287,s. agro works,Lentils,33.9,KG,1794.0,Pending
MDM006543,2025-08-19,SCH0575,s. agro works,Lentils,33.9,KG,4248.0,Paid
MDM005244,2025-04-06,SCH0189,Singh Brothers,Wheat,33.9,KG,1794.0,Paid
MDM010031,2025-11-28,SCH0068,Kumar General Store,cooking oil,33.9,KG,1794.0,Pending
MDM004432,2026-03-08,SCH0100,goyal mill,Lentils,33.9,KG,3186.0,Paid
MDM010320,2026-01-27,SCH0294,s. agro works,Lentils,10.4,KG,1794.0,Paid
MDM000407,2025-08-20,SCH0414,goyal mill,Lentils,33.9,KG,1794.0,Due
MDM008213,2026-03-19,SCH0246,s. agro works,Wheat,33.9,KG,621.0,Cleared
MDM009197,2025-04-17,SCH0365,goyal mill,Wheat,33.9,KG,1161.0,Paid
MDM010334,2025-06-24,SCH0085,sharma & sons,Rice,33.9,KG,1652.0,Pending
MDM010656,2026-01-23,SCH0056,Sharma Traders,sarson tel,33.9,KG,1932.0,Paid
MDM009136,2026-01-02,SCH0120,Sharma Traders,Lentils,29.5,KG,2655.0,Pending
MDM008235,2026-01-01,SCH0048,singh agro,atta,33.9,KG,1794.0,Due
MDM004400,2026-03-16,SCH0504,Kumar General Store,Wheat,33.9,KG,858.0,Pending
MDM005253,2025-05-06,SCH0430,singh agro,Wheat,33.9,KG,1794.0,Paid
MDM000012,2026-02-23,SCH0007,Sharma Traders,atta,33.9,KG,915.0,Pending
MDM004761,2026-02-12,SCH0543,singh agro,Lentils,33.9,KG,1794.0,Due
MDM001178,2025-12-30,SCH0343,kumar & co.,Rice,33.9,KG,1640.0,Pending
MDM010140,2025-10-23,SCH0461,sharma & sons,Wheat,33.9,KG,1272.0,Paid
MDM002864,2025-05-13,SCH0561,Kumar General Store,sarson tel,33.9,KG,1794.0,Due
MDM006472,2026-01-26,SCH0478,goyal enterprises,Wheat,33.9,KG,450.0,Pending
MDM006229,2025-06-25,SCH0509,goyal enterprises,Lentils,33.9,KG,3933.0,Paid
MDM009219,2026-01-01,SCH0313,Kumar Supplies,Lentils,33.9,KG,1794.0,Pending
MDM002990,2025-05-16,SCH0194,Singh Brothers,Wheat,33.9,KG,1794.0,Paid
MDM009154,2025-05-30,SCH0474,kumar & co.,Rice,33.9,KG,2320.0,Paid
MDM007118,2025-04-01,SCH0444,singh agro,oil,33.9,KG,1794.0,Pending
MDM007011,2025-05-09,SCH0510,Goyal Rice Mill,Rice,33.9,KG,1794.0,Cleared
MDM010570,2025-09-20,SCH0162,Goyal Rice Mill,sarson tel,33.9,KG,5628.0,Paid
MDM008928,2026-03-26,SCH0536,Sharma Traders,mustard oil,33.9,KG,4908.0,Paid
MDM001441,2025-04-10,SCH0087,goyal mill,Pulses,33.9,KG,1794.0,Due
MDM002876,2025-08-06,SCH0398,Kumar Supplies,Lentils,33.9,KG,3573.0,Cleared
MDM009109,2025-05-05,SCH0093,kumar & co.,Rice,33.9,KG,1752.0,Paid
MDM011231,2025-05-08,SCH0198,Kumar General Store,Rice,33.9,KG,2076.0,Paid
MDM010863,2025-08-10,SCH0576,Goyal Rice Mill,mustard oil,33.9,KG,4812.0,Pending
MDM007233,2025-09-17,SCH0416,singh agro,Rice,35.2,KG,1408.0,Due
MDM003727,2026-01-22,SCH0345,Goyal Rice Mill,sarson tel,33.9,KG,6528.0,Pending
MDM002773,2025-11-02,SCH0226,goyal mill,mustard oil,33.9,KG,1794.0,Cleared
MDM009817,2025-05-02,SCH0315,Sharma Traders,sarson tel,33.9,KG,2484.0,Paid
MDM000455,2025-04-29,SCH0129,Singh Brothers,Lentils,33.9,KG,2835.0,Pending
MDM009014,2026-01-16,SCH0448,sharma & sons,Rice,33.9,KG,948.0,Paid
MDM008190,2025-08-07,SCH0240,s. agro works,Wheat,33.9,KG,1254.0,Cleared
MDM001368,2025-09-06,SCH0448,Singh Brothers,cooking oil,33.9,KG,4896.0,Cleared
MDM003713,2025-04-13,SCH0186,Singh Brothers,cooking oil,33.9,KG,5028.0,Due
MDM001389,2025-11-26,SCH0263,sharma & sons,Rice,33.9,KG,1356.0,Due
MDM009043,2025-08-29,SCH0007,Sharma Traders,Lentils,33.9,KG,1794.0,Paid
MDM001001,2025-04-02,SCH0043,kumar & co.,cooking oil,33.9,KG,2760.0,Paid
MDM007762,2025-06-30,SCH0235,Kumar General Store,Rice,33.9,KG,1794.0,Cleared
MDM003554,2025-05-28,SCH0479,sharma & sons,oil,33.9,KG,1794.0,Pending
MDM004115,2026-01-08,SCH0002,Kumar General Store,atta,33.9,KG,1794.0,Pending
MDM009830,2025-06-20,SCH0128,Singh Brothers,Wheat,33.9,KG,975.0,Pending
MDM001668,2025-05-29,SCH0121,Kumar General Store,Lentils,33.9,KG,1980.0,Due
MDM003174,2026-03-29,SCH0068,Singh Brothers,cooking oil,33.9,KG,1794.0,Due
MDM009540,2025-05-31,SCH0196,s. agro works,Pulses,14.5,KG,1305.0,Paid
MDM011611,2026-01-17,SCH0332,goyal mill,mustard oil,38.4,KG,1794.0,Pending
MDM000489,2026-02-14,SCH0335,Sharma Traders,Wheat,33.9,KG,1794.0,Paid
MDM003231,2025-10-07,SCH0553,Kumar Supplies,Lentils,33.9,KG,2943.0,Cleared
MDM003829,2025-06-07,SCH0219,goyal mill,Rice,18.3,KG,1794.0,Pending
MDM010689,2025-11-18,SCH0256,Sharma Traders,atta,47.9,KG,1794.0,Paid
MDM005209,2025-11-03,SCH0015,Sharma Traders,Rice,18.3,KG,1794.0,Paid
MDM007849,2025-04-19,SCH0237,s. agro works,atta,33.9,KG,1794.0,Paid
MDM005705,2026-01-21,SCH0294,sharma & sons,Rice,33.9,KG,1794.0,Paid
MDM011917,2025-07-14,SCH0063,Kumar Supplies,Rice,33.9,KG,1794.0,Due
MDM008134,2025-08-24,SCH0500,Kumar Supplies,Pulses,19.2,KG,1794.0,Paid
MDM000704,2025-12-14,SCH0494,s. agro works,Lentils,33.9,KG,981.0,Paid
MDM005106,2025-08-02,SCH0239,kumar & co.,Lentils,58.3,KG,5247.0,Cleared
MDM010984,2025-06-17,SCH0455,Kumar Supplies,Wheat,33.9,KG,1323.0,Paid
MDM003292,2026-01-21,SCH0598,goyal mill,cooking oil,33.9,KG,2172.0,Pending
MDM008126,2025-12-19,SCH0195,Sharma Traders,oil,19.9,KG,1794.0,Due
MDM009520,2025-09-10,SCH0017,kumar & co.,cooking oil,21.5,KG,2580.0,Pending
MDM011906,2025-07-16,SCH0175,Kumar General Store,Wheat,33.9,KG,1794.0,Paid
MDM011133,2025-06-28,SCH0111,Kumar Supplies,Wheat,33.9,KG,1710.0,Paid
MDM004910,2025-04-21,SCH0206,Kumar Supplies,cooking oil,22.4,KG,1794.0,Pending
MDM004441,2026-03-21,SCH0111,Kumar General Store,Rice,33.9,KG,1560.0,Paid
MDM011239,2025-12-19,SCH0229,Sharma Traders,Rice,33.9,KG,2012.0,Paid
MDM000987,2026-03-31,SCH0063,sharma & sons,Lentils,49.5,KG,4455.0,Paid
MDM011407,2026-03-10,SCH0195,sharma & sons,Rice,33.9,KG,1200.0,Paid
MDM011688,2025-05-15,SCH0001,Sharma Traders,Rice,33.9,KG,1908.0,Paid
MDM007706,2025-08-25,SCH0038,s. agro works,Lentils,33.9,KG,1794.0,Cleared
MDM006258,2025-09-02,SCH0420,goyal mill,atta,33.9,KG,1794.0,Cleared
MDM006090,2026-02-13,SCH0339,goyal enterprises,atta,33.9,KG,381.0,Paid
MDM005239,2025-04-16,SCH0132,s. agro works,atta,58.0,KG,1740.0,Paid
MDM001199,2026-01-13,SCH0518,kumar & co.,Wheat,40.2,KG,1206.0,Pending
MDM009711,2025-07-13,SCH0447,goyal mill,Rice,33.9,KG,1794.0,Due
MDM011196,2025-04-07,SCH0137,s. agro works,atta,33.9,KG,1794.0,Paid
MDM007520,2025-08-02,SCH0530,Sharma Traders,Rice,33.9,KG,1956.0,Due
MDM006813,2026-01-06,SCH0507,goyal enterprises,Rice,33.4,KG,1336.0,Pending
MDM009992,2025-09-07,SCH0036,goyal enterprises,oil,33.9,KG,1794.0,Paid
MDM009207,2025-07-15,SCH0410,goyal enterprises,Rice,33.9,KG,1794.0,Paid
MDM008321,2026-03-01,SCH0337,sharma & sons,sarson tel,33.9,KG,3000.0,Paid
MDM009557,2025-11-13,SCH0480,Kumar General Store,sarson tel,33.9,KG,6156.0,Paid
MDM010226,2025-10-05,SCH0596,goyal enterprises,Rice,33.9,KG,1794.0,Cleared
MDM007176,2025-06-03,SCH0077,singh agro,Lentils,33.9,KG,1794.0,Cleared
MDM004471,2025-12-09,SCH0474,Kumar General Store,cooking oil,33.4,KG,4008.0,Pending
MDM000892,2025-06-25,SCH0093,Sharma Traders,Wheat,33.9,KG,1200.0,Paid
MDM001970,2025-08-06,SCH0411,singh agro,Rice,11.9,KG,1794.0,Cleared
MDM005758,2025-12-10,SCH0500,Sharma Traders,Pulses,33.9,KG,1794.0,Paid
MDM006528,2025-11-15,SCH0444,s. agro works,Wheat,33.9,KG,957.0,Cleared
MDM006295,2026-02-25,SCH0297,sharma & sons,atta,33.9,KG,1794.0,Cleared
MDM007596,2025-11-04,SCH0448,singh agro,Wheat,37.3,KG,1119.0,Pending
MDM009111,2026-02-25,SCH0425,kumar & co.,cooking oil,33.9,KG,1794.0,Paid
MDM003250,2025-07-25,SCH0094,Kumar General Store,Wheat,33.9,KG,1794.0,Pending
MDM006571,2025-10-28,SCH0351,kumar & co.,Lentils,33.9,KG,4707.0,Pending
MDM006639,2025-04-07,SCH0181,kumar & co.,Rice,33.9,KG,552.0,Paid
MDM007352,2025-08-26,SCH0188,singh agro,Rice,47.2,KG,1888.0,Cleared
MDM011326,2026-01-12,SCH0270,Kumar Supplies,atta,33.9,KG,1794.0,Paid
MDM009401,2026-01-31,SCH0080,singh agro,Wheat,33.9,KG,714.0,Paid
MDM007474,2026-02-28,SCH0462,Goyal Rice Mill,Lentils,33.9,KG,1188.0,Due
MDM011374,2026-07-02,SCH0217,sharma & sons,Rice,33.9,KG,1794.0,Due
MDM001240,2026-01-13,SCH0004,sharma & sons,Wheat,33.9,KG,1704.0,Paid
MDM002290,2026-03-19,SCH0270,Goyal Rice Mill,atta,33.9,KG,1053.0,Pending
MDM002741,2026-02-12,SCH0557,Kumar Supplies,Pulses,33.9,KG,1794.0,Paid
MDM008468,2026-02-27,SCH0514,singh agro,Lentils,33.9,KG,2079.0,Due
MDM004586,2026-03-25,SCH0167,goyal mill,Lentils,38.8,KG,3492.0,Paid
MDM009228,2025-04-11,SCH0153,Singh Brothers,Pulses,33.9,KG,1656.0,Paid
MDM001230,2025-04-25,SCH0341,Sharma Traders,sarson tel,35.2,KG,4224.0,Pending
MDM009201,2026-01-26,SCH0048,Kumar Supplies,Wheat,28.5,KG,855.0,Cleared
MDM006981,2026-10-02,SCH0049,goyal mill,Lentils,33.9,KG,1794.0,Paid
MDM005179,2026-01-13,SCH0150,Singh Brothers,Rice,33.9,KG,1794.0,Cleared
MDM004294,2025-09-04,SCH0373,goyal mill,Rice,33.9,KG,1794.0,Paid
MDM001059,2026-02-27,SCH0428,Singh Brothers,Wheat,33.9,KG,558.0,Pending
MDM006263,2026-02-05,SCH0147,goyal mill,mustard oil,33.9,KG,1794.0,Paid
MDM000282,2025-07-11,SCH0059,Singh Brothers,oil,33.9,KG,1794.0,Paid
MDM009236,2025-02-07,SCH0103,goyal enterprises,Wheat,33.9,KG,1329.0,Paid
MDM009509,2025-12-18,SCH0325,sharma & sons,Rice,33.9,KG,1794.0,Paid
MDM000969,2025-12-09,SCH0554,goyal enterprises,Wheat,33.9,KG,843.0,Paid
MDM003954,2025-07-16,SCH0588,Kumar Supplies,Rice,33.9,KG,884.0,Pending
MDM001940,2025-07-25,SCH0325,Kumar General Store,Lentils,33.9,KG,1485.0,Due
MDM010444,2025-12-01,SCH0186,Singh Brothers,Wheat,33.9,KG,1794.0,Due
MDM001275,2025-09-23,SCH0275,Goyal Rice Mill,sarson tel,33.9,KG,3732.0,Paid
MDM000620,2025-07-12,SCH0178,kumar & co.,atta,33.9,KG,510.0,Pending
MDM010501,2025-07-13,SCH0375,Kumar Supplies,Rice,33.9,KG,1794.0,Due
MDM001743,2025-12-24,SCH0329,Sharma Traders,Rice,33.9,KG,1904.0,Due
MDM001391,2025-10-09,SCH0582,goyal mill,Rice,33.9,KG,736.0,Paid
MDM002204,2025-12-27,SCH0254,Sharma Traders,oil,33.9,KG,1512.0,Cleared
MDM009772,2025-05-06,SCH0038,sharma & sons,Wheat,33.9,KG,1794.0,Cleared
MDM009848,2025-03-12,SCH0350,sharma & sons,Pulses,33.9,KG,1794.0,Paid
MDM003569,2026-02-09,SCH0410,Singh Brothers,Wheat,33.9,KG,750.0,Paid
MDM006117,2025-07-20,SCH0465,Sharma Traders,atta,33.9,KG,1437.0,Due
MDM006053,2025-07-25,SCH0280,Singh Brothers,Wheat,11.4,KG,1794.0,Pending
MDM003179,2025-05-03,SCH0583,Kumar Supplies,Rice,33.9,KG,1794.0,Paid
MDM003193,2025-09-06,SCH0001,Sharma Traders,Wheat,33.9,KG,1761.0,Pending
MDM009500,2025-05-26,SCH0146,goyal enterprises,Wheat,33.9,KG,1620.0,Paid
MDM006100,2025-10-20,SCH0371,goyal enterprises,Wheat,33.9,KG,1743.0,Pending
MDM007030,2025-04-04,SCH0512,goyal mill,Lentils,33.9,KG,3915.0,Paid
MDM000576,2026-03-15,SCH0038,Goyal Rice Mill,Wheat,33.9,KG,1302.0,Cleared
MDM006657,2025-06-30,SCH0145,singh agro,Lentils,33.9,KG,4311.0,Cleared
MDM007116,2025-07-11,SCH0256,goyal mill,Wheat,33.9,KG,1125.0,Pending
MDM010878,2025-07-10,SCH0300,Kumar General Store,Wheat,33.9,KG,1053.0,Pending
MDM006277,2025-04-04,SCH0383,Goyal Rice Mill,Wheat,33.9,KG,1794.0,Due
MDM009473,2025-09-25,SCH0098,goyal mill,oil,33.9,KG,1794.0,Cleared
MDM011092,2025-10-22,SCH0219,Goyal Rice Mill,Pulses,33.9,KG,1350.0,Paid
MDM005898,2025-11-14,SCH0254,s. agro works,sarson tel,33.9,KG,1794.0,Pending
MDM005725,2026-01-15,SCH0389,Sharma Traders,Rice,33.9,KG,1920.0,Due
MDM010186,2025-07-30,SCH0568,Sharma Traders,mustard oil,33.9,KG,7128.0,Paid
MDM000270,2025-07-16,SCH0062,Kumar Supplies,Rice,33.9,KG,2196.0,Paid
MDM000630,2025-11-29,SCH0056,singh agro,Rice,33.9,KG,620.0,Due
MDM003082,2025-04-05,SCH0358,s. agro works,Wheat,33.9,KG,438.0,Cleared
MDM003467,2026-02-19,SCH0499,kumar & co.,Wheat,33.9,KG,1794.0,Due
MDM006431,2025-11-15,SCH0426,Kumar General Store,Rice,33.9,KG,1794.0,Paid
MDM011505,2025-07-07,SCH0043,Kumar Supplies,Rice,33.9,KG,1880.0,Paid
MDM007063,2025-12-21,SCH0349,goyal mill,Wheat,33.9,KG,1788.0,Paid
MDM005544,2025-08-30,SCH0399,Goyal Rice Mill,mustard oil,33.9,KG,1794.0,Pending
MDM010239,2025-06-13,SCH0282,sharma & sons,Rice,33.9,KG,2308.0,Paid
MDM004357,2025-06-13,SCH0317,sharma & sons,Wheat,33.9,KG,1206.0,Paid
MDM011255,2025-07-13,SCH0375,sharma & sons,Rice,33.9,KG,440.0,Paid
MDM002114,2025-10-24,SCH0070,Sharma Traders,Lentils,33.9,KG,4653.0,Paid
MDM008220,2025-08-20,SCH0213,Sharma Traders,Lentils,25.1,KG,2259.0,Pending
MDM010233,2026-02-20,SCH0234,Sharma Traders,sarson tel,33.9,KG,4452.0,Pending
MDM003217,2025-09-13,SCH0202,Kumar Supplies,Wheat,33.9,KG,1794.0,Pending
MDM003815,2025-10-21,SCH0190,s. agro works,sarson tel,33.9,KG,5928.0,Paid
MDM008322,2025-10-04,SCH0140,Kumar Supplies,sarson tel,33.9,KG,1794.0,Cleared
MDM010607,2025-10-15,SCH0388,sharma & sons,Lentils,33.9,KG,5193.0,Paid
MDM002279,2025-07-15,SCH0126,sharma & sons,Rice,28.8,KG,1152.0,Cleared
MDM004600,2025-08-18,SCH0390,singh agro,Wheat,18.3,KG,549.0,Due
MDM000014,2025-08-16,SCH0483,kumar & co.,oil,18.8,KG,2256.0,Due
MDM011396,2026-03-05,SCH0181,Sharma Traders,Lentils,33.9,KG,1794.0,Paid
MDM001526,2026-01-26,SCH0444,Kumar General Store,Rice,33.9,KG,1794.0,Cleared
MDM002366,2026-01-11,SCH0044,Singh Brothers,Rice,33.9,KG,1764.0,Due
MDM004649,2026-01-24,SCH0105,goyal enterprises,Rice,33.9,KG,1396.0,Pending
MDM000375,2026-01-19,SCH0599,sharma & sons,atta,14.5,KG,1794.0,Due
MDM010522,2025-09-10,SCH0312,Singh Brothers,cooking oil,11.5,KG,1380.0,Due
MDM006478,2025-04-18,SCH0022,Kumar General Store,Pulses,35.5,KG,1794.0,Due
MDM000526,2026-01-30,SCH0362,Sharma Traders,Wheat,33.9,KG,1449.0,Paid
MDM009132,2026-01-23,SCH0492,goyal mill,Rice,33.9,KG,500.0,Cleared
MDM006896,2025-10-30,SCH0243,goyal mill,sarson tel,31.9,KG,3828.0,Cleared
MDM010340,2025-09-22,SCH0518,Kumar General Store,Wheat,33.9,KG,705.0,Pending
MDM003592,2025-09-04,SCH0120,sharma & sons,Pulses,33.9,KG,1794.0,Pending
MDM007905,2025-08-13,SCH0327,s. agro works,Rice,33.9,KG,1884.0,Cleared
MDM002959,2025-04-05,SCH0007,sharma & sons,Wheat,33.9,KG,1440.0,Pending
MDM000530,2025-09-28,SCH0420,Sharma Traders,Lentils,33.9,KG,3204.0,Paid
MDM003715,2025-06-24,SCH0096,goyal mill,oil,33.9,KG,5352.0,Paid
MDM004733,2025-04-03,SCH0144,sharma & sons,Rice,33.9,KG,1068.0,Cleared
MDM009462,2025-09-29,SCH0553,Kumar Supplies,Lentils,33.9,KG,4968.0,Cleared
MDM001395,2025-11-30,SCH0227,Kumar Supplies,Wheat,33.9,KG,1794.0,Paid
MDM009990,2025-05-29,SCH0342,goyal mill,atta,33.9,KG,1542.0,Paid
MDM009634,2025-10-29,SCH0485,Kumar General Store,Lentils,33.9,KG,1794.0,Paid
MDM005632,2026-02-28,SCH0150,sharma & sons,Rice,33.9,KG,2284.0,Cleared
MDM009466,2026-01-23,SCH0418,Kumar General Store,Pulses,33.9,KG,1794.0,Pending
MDM006564,2026-02-11,SCH0592,sharma & sons,Wheat,33.9,KG,1770.0,Paid
MDM004704,2025-04-01,SCH0164,singh agro,Rice,33.9,KG,2204.0,Cleared
MDM001713,2025-12-08,SCH0500,Sharma Traders,Rice,10.2,KG,1794.0,Pending
MDM000956,2025-05-28,SCH0243,Kumar Supplies,Rice,33.9,KG,880.0,Pending
MDM006676,2026-02-10,SCH0005,Kumar Supplies,Rice,33.9,KG,1794.0,Pending
MDM003454,2025-06-17,SCH0346,kumar & co.,Rice,33.9,KG,1794.0,Due
MDM009580,2025-12-18,SCH0117,Singh Brothers,Wheat,33.9,KG,1761.0,Pending
MDM008596,2025-11-08,SCH0075,s. agro works,Rice,33.9,KG,464.0,Cleared
MDM002072,2025-05-16,SCH0071,sharma & sons,Rice,33.9,KG,1228.0,Paid
MDM010170,2025-12-16,SCH0211,Singh Brothers,Rice,51.6,KG,2064.0,Due
MDM000159,2026-03-15,SCH0465,singh agro,cooking oil,33.9,KG,3564.0,Due
MDM007006,2025-10-08,SCH0382,singh agro,Lentils,33.9,KG,4167.0,Paid
MDM009095,2025-11-29,SCH0277,s. agro works,oil,33.9,KG,5976.0,Pending
MDM000353,2025-11-03,SCH0489,goyal mill,Lentils,33.9,KG,3690.0,Paid
MDM006079,2026-09-03,SCH0249,Sharma Traders,cooking oil,33.9,KG,3876.0,Pending
MDM006237,2026-01-09,SCH0220,Kumar General Store,Rice,13.2,KG,528.0,Pending
MDM008947,2025-12-31,SCH0558,Kumar Supplies,Wheat,33.9,KG,1794.0,Pending
MDM002921,2025-07-23,SCH0324,Sharma Traders,cooking oil,33.9,KG,6744.0,Pending
MDM008504,2025-04-11,SCH0026,Singh Brothers,cooking oil,33.9,KG,3360.0,Paid
MDM004645,2026-01-09,SCH0053,Kumar Supplies,Rice,33.9,KG,1794.0,Cleared
MDM000662,2026-02-22,SCH0055,goyal mill,cooking oil,33.9,KG,1794.0,Paid
MDM007058,2025-07-31,SCH0291,goyal enterprises,Rice,33.9,KG,1004.0,Due
MDM010182,2025-04-17,SCH0169,s. agro works,Lentils,33.9,KG,1350.0,Pending
MDM003666,2026-01-04,SCH0393,Singh Brothers,Wheat,33.9,KG,1794.0,Paid
MDM007980,2025-05-06,SCH0182,goyal enterprises,Rice,33.9,KG,2300.0,Due
MDM000307,2025-10-23,SCH0251,Goyal Rice Mill,Wheat,33.9,KG,1539.0,Cleared
MDM004791,2025-07-08,SCH0408,Kumar Supplies,Rice,33.9,KG,2052.0,Pending
MDM002357,2025-10-08,SCH0341,Kumar Supplies,Pulses,33.9,KG,1314.0,Paid
MDM001928,2025-09-13,SCH0561,goyal mill,oil,33.9,KG,6708.0,Paid
MDM011532,2025-12-19,SCH0204,Singh Brothers,Rice,33.9,KG,1794.0,Paid
MDM003428,2025-06-29,SCH0287,Sharma Traders,mustard oil,33.9,KG,6624.0,Due
MDM008942,2026-01-27,SCH0398,Sharma Traders,Wheat,33.9,KG,1419.0,Cleared
MDM003639,2025-09-04,SCH0498,Goyal Rice Mill,Lentils,33.9,KG,1368.0,Paid
MDM010511,2025-10-09,SCH0134,goyal mill,oil,33.9,KG,6708.0,Paid
MDM001267,2026-02-27,SCH0469,Singh Brothers,Lentils,33.9,KG,1794.0,Due
MDM001561,2026-03-31,SCH0324,s. agro works,Rice,33.9,KG,1020.0,Pending
MDM010327,2025-07-17,SCH0071,Goyal Rice Mill,Lentils,33.9,KG,1794.0,Cleared
MDM007180,2025-11-22,SCH0286,Goyal Rice Mill,oil,33.9,KG,1794.0,Pending
MDM004110,2025-10-24,SCH0520,goyal mill,Lentils,33.9,KG,2268.0,Pending
MDM007868,2025-07-22,SCH0236,sharma & sons,mustard oil,33.9,KG,1680.0,Pending
MDM004905,2025-09-27,SCH0279,Singh Brothers,oil,33.9,KG,5148.0,Paid
MDM007295,2026-03-04,SCH0239,singh agro,Wheat,33.9,KG,1515.0,Due
MDM000515,2025-10-15,SCH0288,Sharma Traders,Lentils,33.9,KG,1794.0,Cleared
MDM000895,2026-03-03,SCH0118,goyal enterprises,Lentils,33.9,KG,4977.0,Pending
MDM008602,2025-12-07,SCH0550,goyal enterprises,Rice,33.9,KG,1676.0,Pending
MDM000022,2025-09-29,SCH0330,Goyal Rice Mill,Rice,33.9,KG,1794.0,Pending
MDM000900,2026-01-24,SCH0336,goyal enterprises,Lentils,33.9,KG,1305.0,Pending
MDM000208,2025-08-22,SCH0190,goyal mill,Wheat,54.3,KG,1629.0,Due
MDM000459,2025-10-10,SCH0520,kumar & co.,cooking oil,21.9,KG,1794.0,Pending
MDM010247,2025-05-02,SCH0495,kumar & co.,Rice,33.9,KG,1376.0,Cleared
MDM002431,2025-06-13,SCH0349,singh agro,Wheat,33.9,KG,1794.0,Due
MDM008443,2025-06-09,SCH0185,kumar & co.,Lentils,33.9,KG,3969.0,Pending
MDM009300,2025-04-16,SCH0054,goyal enterprises,Rice,33.9,KG,1794.0,Paid
MDM003390,2025-07-17,SCH0526,Kumar Supplies,Rice,33.9,KG,1794.0,Paid
MDM009906,2025-07-13,SCH0301,kumar & co.,Wheat,33.9,KG,729.0,Cleared
MDM003912,2025-06-07,SCH0179,kumar & co.,oil,33.9,KG,1794.0,Paid
MDM005384,2026-03-06,SCH0574,Kumar Supplies,Rice,33.9,KG,976.0,Paid
MDM008908,2026-03-03,SCH0035,singh agro,Wheat,33.9,KG,1794.0,Pending
MDM000553,2025-08-06,SCH0422,goyal mill,mustard oil,33.9,KG,6960.0,Due
MDM009632,2025-08-27,SCH0398,Singh Brothers,Rice,33.9,KG,1794.0,Paid
MDM010463,2026-01-30,SCH0496,sharma & sons,mustard oil,33.9,KG,1794.0,Pending
MDM003145,2025-09-13,SCH0279,Sharma Traders,Lentils,21.6,KG,1794.0,Cleared
MDM006918,2025-11-08,SCH0518,Sharma Traders,Wheat,30.3,KG,909.0,Pending
MDM002057,2025-05-06,SCH0007,Singh Brothers,Rice,33.9,KG,2232.0,Due
MDM001926,2026-01-03,SCH0499,Kumar General Store,mustard oil,33.9,KG,6300.0,Due
MDM000635,2026-02-17,SCH0599,sharma & sons,atta,33.9,KG,1062.0,Paid
MDM006083,2025-07-14,SCH0127,goyal enterprises,mustard oil,33.9,KG,4740.0,Cleared
MDM008509,2025-12-22,SCH0268,Kumar General Store,Wheat,33.9,KG,1794.0,Due
MDM011453,2025-05-31,SCH0568,Kumar General Store,Rice,33.9,KG,2208.0,Paid
MDM011963,2025-12-04,SCH0089,kumar & co.,cooking oil,33.9,KG,4392.0,Paid
MDM008620,2026-11-03,SCH0577,Kumar Supplies,cooking oil,33.9,KG,1794.0,Pending
MDM010613,2026-07-01,SCH0265,singh agro,Lentils,33.9,KG,1794.0,Pending
MDM000106,2025-01-05,SCH0147,s. agro works,Lentils,32.8,KG,1794.0,Pending
MDM003042,2026-02-22,SCH0251,goyal enterprises,Rice,33.9,KG,1000.0,Pending
MDM010362,2025-08-07,SCH0245,Kumar Supplies,Rice,33.9,KG,1068.0,Cleared
MDM001710,2025-11-18,SCH0290,sharma & sons,Pulses,33.9,KG,1179.0,Pending
MDM000090,2026-01-01,SCH0154,goyal mill,mustard oil,33.9,KG,1794.0,Cleared
MDM007015,2025-12-26,SCH0049,sharma & sons,sarson tel,33.9,KG,1794.0,Paid
MDM010434,2025-01-08,SCH0443,goyal mill,Wheat,33.9,KG,1794.0,Cleared
MDM003175,2026-01-03,SCH0014,s. agro works,Wheat,33.9,KG,1794.0,Paid
MDM000918,2025-11-24,SCH0042,goyal mill,Rice,33.9,KG,2064.0,Due
MDM007834,2025-04-16,SCH0168,Sharma Traders,Lentils,33.9,KG,1794.0,Paid
MDM006733,2025-09-01,SCH0051,Goyal Rice Mill,Lentils,33.9,KG,1794.0,Paid
MDM001950,2026-02-22,SCH0600,Kumar General Store,Rice,33.9,KG,440.0,Pending
MDM006369,2025-08-12,SCH0100,sharma & sons,sarson tel,33.9,KG,2508.0,Pending
MDM000002,2025-12-05,SCH0137,goyal enterprises,sarson tel,33.9,KG,5808.0,Pending
MDM008033,2025-08-24,SCH0190,goyal enterprises,Lentils,33.9,KG,1794.0,Cleared
MDM006048,2025-06-20,SCH0085,goyal enterprises,Rice,33.9,KG,2116.0,Pending
MDM009128,2025-01-12,SCH0514,Sharma Traders,sarson tel,33.9,KG,4824.0,Paid
MDM011380,2025-12-11,SCH0433,s. agro works,cooking oil,33.9,KG,6948.0,Paid
MDM002721,2025-08-08,SCH0198,s. agro works,Rice,33.9,KG,1794.0,Pending
MDM008784,2025-09-02,SCH0104,Sharma Traders,sarson tel,33.9,KG,1794.0,Due
MDM003118,2025-04-09,SCH0427,Kumar Supplies,Rice,33.9,KG,1884.0,Paid
MDM011699,2026-03-04,SCH0226,Singh Brothers,Pulses,33.9,KG,1242.0,Due
MDM009769,2025-10-15,SCH0434,Sharma Traders,Pulses,33.9,KG,2358.0,Paid
MDM003763,2026-02-07,SCH0399,Sharma Traders,cooking oil,33.9,KG,4608.0,Paid
MDM000214,2025-08-07,SCH0052,singh agro,Rice,33.9,KG,2172.0,Due
MDM000779,2025-09-29,SCH0592,sharma & sons,Wheat,33.9,KG,1341.0,Cleared
MDM003497,2025-04-22,SCH0503,Singh Brothers,sarson tel,33.9,KG,6516.0,Cleared
MDM011928,2025-09-24,SCH0327,singh agro,oil,33.9,KG,4500.0,Pending
MDM002044,2025-12-18,SCH0498,goyal enterprises,Pulses,33.9,KG,1794.0,Cleared
MDM008921,2025-06-01,SCH0584,sharma & sons,Wheat,33.9,KG,1794.0,Due
MDM005421,2026-01-24,SCH0324,singh agro,Wheat,33.9,KG,1023.0,Paid
MDM006155,2025-07-11,SCH0296,Sharma Traders,Rice,33.9,KG,452.0,Paid
MDM009760,2025-11-29,SCH0043,Kumar Supplies,Rice,33.9,KG,1524.0,Pending
MDM008358,2025-05-15,SCH0032,Goyal Rice Mill,Lentils,33.9,KG,4545.0,Pending
MDM010763,2025-08-09,SCH0257,goyal mill,mustard oil,33.9,KG,1272.0,Pending
MDM010206,2025-05-06,SCH0593,Kumar General Store,sarson tel,33.9,KG,3588.0,Cleared
MDM008466,2025-07-07,SCH0302,goyal mill,Pulses,33.9,KG,1794.0,Cleared
MDM004168,2026-03-17,SCH0245,Sharma Traders,Rice,33.9,KG,1794.0,Pending
MDM003789,2026-03-15,SCH0355,Goyal Rice Mill,Rice,16.1,KG,644.0,Paid
MDM008587,2025-05-14,SCH0345,Goyal Rice Mill,Rice,33.9,KG,1256.0,Paid
MDM000584,2025-07-16,SCH0564,Kumar General Store,Pulses,40.6,KG,1794.0,Pending
MDM000117,2026-03-13,SCH0201,singh agro,mustard oil,33.9,KG,1794.0,Paid
MDM006645,2025-05-22,SCH0451,sharma & sons,Wheat,33.9,KG,1383.0,Pending
MDM011147,2025-06-22,SCH0342,Kumar General Store,Rice,33.9,KG,1794.0,Paid
MDM011060,2025-07-24,SCH0286,Sharma Traders,Rice,33.9,KG,560.0,Due
MDM008713,2025-09-15,SCH0410,Goyal Rice Mill,Rice,57.9,KG,1794.0,Pending
MDM001764,2025-07-05,SCH0537,Kumar General Store,mustard oil,33.9,KG,1794.0,Cleared
MDM001876,2025-08-11,SCH0343,singh agro,Rice,33.9,KG,1464.0,Pending
MDM010446,2025-12-06,SCH0427,goyal enterprises,Pulses,33.9,KG,1794.0,Due
MDM003225,2025-02-10,SCH0259,Singh Brothers,Lentils,24.1,KG,1794.0,Pending
MDM000527,2026-02-19,SCH0177,Sharma Traders,Rice,33.9,KG,412.0,Due
MDM007726,2025-06-30,SCH0190,Sharma Traders,Lentils,33.9,KG,1593.0,Paid
MDM002947,2025-04-28,SCH0423,sharma & sons,Rice,33.9,KG,2240.0,Due
MDM004474,2026-03-22,SCH0040,singh agro,Rice,33.9,KG,660.0,Pending
MDM005656,2026-01-28,SCH0179,goyal mill,Wheat,33.9,KG,1794.0,Paid
MDM008885,2025-08-25,SCH0238,Singh Brothers,Lentils,33.9,KG,1794.0,Pending
MDM006060,2025-08-11,SCH0390,Kumar General Store,Lentils,33.9,KG,1794.0,Paid
MDM000960,2025-10-14,SCH0013,kumar & co.,sarson tel,33.9,KG,1794.0,Paid
MDM006343,2026-02-25,SCH0541,Goyal Rice Mill,sarson tel,33.9,KG,2676.0,Paid
MDM003634,2025-09-20,SCH0430,sharma & sons,Wheat,33.9,KG,1794.0,Pending
MDM001051,2025-06-02,SCH0482,goyal mill,Lentils,33.9,KG,1098.0,Paid
MDM008783,2025-05-15,SCH0327,kumar & co.,atta,33.9,KG,1794.0,Paid
MDM008712,2026-03-17,SCH0115,Singh Brothers,Rice,33.9,KG,2092.0,Paid
MDM003381,2025-09-29,SCH0094,Sharma Traders,cooking oil,33.9,KG,3432.0,Paid
MDM003677,2026-03-02,SCH0227,goyal mill,Lentils,33.9,KG,5301.0,Paid
MDM005777,2026-01-06,SCH0195,Kumar General Store,Wheat,11.1,KG,333.0,Pending
MDM011162,2026-02-22,SCH0188,goyal mill,sarson tel,33.9,KG,1260.0,Due
MDM006574,2025-07-22,SCH0269,sharma & sons,Lentils,33.9,KG,962.0,Paid
MDM005180,2025-05-05,SCH0477,sharma & sons,cooking oil,33.9,KG,1794.0,Pending
MDM001608,2026-01-25,SCH0165,goyal mill,cooking oil,33.9,KG,1794.0,Pending
MDM003611,2025-10-01,SCH0421,Kumar General Store,Rice,33.9,KG,416.0,Cleared
MDM011541,2025-07-29,SCH0530,sharma & sons,Rice,33.9,KG,1794.0,Paid
MDM006636,2025-12-01,SCH0493,Kumar Supplies,Wheat,33.9,KG,1722.0,Pending
MDM010002,2026-12-01,SCH0516,Goyal Rice Mill,Wheat,33.9,KG,393.0,Cleared
MDM000792,2025-05-23,SCH0489,Sharma Traders,Lentils,33.9,KG,1794.0,Pending
MDM008985,2025-07-31,SCH0088,s. agro works,sarson tel,36.6,KG,1794.0,Paid
MDM003057,2026-03-28,SCH0490,goyal mill,Lentils,33.9,KG,3168.0,Paid
MDM010048,2025-09-16,SCH0538,sharma & sons,Rice,33.9,KG,2292.0,Due
MDM001981,2025-05-05,SCH0374,Sharma Traders,Rice,33.9,KG,2152.0,Paid
MDM003599,2025-05-06,SCH0256,goyal mill,Lentils,33.9,KG,3753.0,Paid
MDM000934,2026-01-03,SCH0589,Sharma Traders,Lentils,12.5,KG,1125.0,Pending
MDM007425,2025-04-21,SCH0266,singh agro,sarson tel,33.9,KG,4800.0,Pending
MDM005627,2025-04-11,SCH0483,Sharma Traders,atta,41.9,KG,1794.0,Pending
MDM001683,2025-12-04,SCH0436,Kumar General Store,Wheat,33.9,KG,336.0,Paid
MDM004180,2026-02-08,SCH0287,kumar & co.,Wheat,33.9,KG,1311.0,Paid
MDM006447,2025-08-29,SCH0226,Sharma Traders,cooking oil,33.9,KG,1416.0,Paid
MDM004117,2026-03-04,SCH0365,singh agro,oil,33.9,KG,2328.0,Pending
MDM000989,2025-07-16,SCH0175,Goyal Rice Mill,Rice,34.4,KG,1376.0,Pending
MDM002897,2025-10-08,SCH0428,goyal enterprises,Wheat,33.9,KG,1794.0,Pending
MDM003779,2025-04-30,SCH0480,sharma & sons,Lentils,33.9,KG,1794.0,Due
MDM005659,2025-08-23,SCH0334,s. agro works,Rice,33.9,KG,804.0,Cleared
MDM003094,2025-11-19,SCH0119,Sharma Traders,Lentils,45.3,KG,4077.0,Pending
MDM003156,2025-04-11,SCH0420,s. agro works,Lentils,33.9,KG,2304.0,Pending
MDM001824,2025-06-01,SCH0385,Sharma Traders,cooking oil,33.9,KG,2064.0,Cleared
MDM011897,2025-11-26,SCH0515,Sharma Traders,Rice,33.9,KG,1794.0,Paid
MDM001099,2025-09-17,SCH0413,goyal enterprises,Rice,33.9,KG,1452.0,Due
MDM010397,2025-08-17,SCH0257,Kumar Supplies,Wheat,25.9,KG,1794.0,Due
MDM002845,2026-01-26,SCH0444,s. agro works,Rice,33.9,KG,1752.0,Cleared
MDM009079,2025-06-10,SCH0030,Sharma Traders,sarson tel,43.0,KG,5160.0,Cleared
MDM003343,2025-12-21,SCH0223,Goyal Rice Mill,Lentils,59.3,KG,5337.0,Paid
MDM000039,2025-11-04,SCH0501,Sharma Traders,Rice,33.9,KG,976.0,Paid
MDM006541,2025-09-25,SCH0159,sharma & sons,cooking oil,33.9,KG,3120.0,Cleared
MDM011552,2025-07-18,SCH0361,Singh Brothers,cooking oil,33.9,KG,3648.0,Cleared
MDM008708,2025-05-17,SCH0244,kumar & co.,Lentils,33.9,KG,5292.0,Paid
MDM003357,2026-01-25,SCH0432,Sharma Traders,sarson tel,32.0,KG,1794.0,Paid
MDM009646,2025-05-15,SCH0500,singh agro,Pulses,18.3,KG,1647.0,Pending
MDM007814,2025-05-12,SCH0165,sharma & sons,Pulses,14.9,KG,1794.0,Due
MDM009099,2025-05-23,SCH0214,sharma & sons,sarson tel,35.2,KG,4224.0,Pending
MDM008221,2025-08-01,SCH0436,goyal mill,Wheat,33.9,KG,1794.0,Paid
MDM011398,2025-12-27,SCH0265,sharma & sons,cooking oil,33.9,KG,3924.0,Paid
MDM002429,2025-10-14,SCH0164,Kumar Supplies,Lentils,33.9,KG,3626.0,Pending
MDM005044,2025-09-10,SCH0243,goyal enterprises,Rice,33.9,KG,984.0,Paid
MDM005347,2026-02-07,SCH0337,Sharma Traders,Wheat,33.9,KG,561.0,Cleared
MDM008955,2026-01-25,SCH0395,Kumar General Store,Lentils,33.9,KG,1827.0,Pending
MDM004812,2025-11-14,SCH0012,singh agro,mustard oil,33.9,KG,4308.0,Due
MDM008477,2025-04-28,SCH0097,Kumar Supplies,Lentils,33.9,KG,1794.0,Pending
MDM000687,2025-08-04,SCH0100,Goyal Rice Mill,Wheat,33.9,KG,1593.0,Pending
MDM004800,2025-12-03,SCH0187,Kumar General Store,sarson tel,33.9,KG,2184.0,Cleared
MDM007438,2026-02-11,SCH0456,Kumar Supplies,atta,33.9,KG,318.0,Paid
MDM002354,2026-03-30,SCH0023,sharma & sons,Wheat,33.9,KG,546.0,Due
MDM006354,2025-04-23,SCH0151,Kumar General Store,Rice,38.4,KG,1536.0,Paid
MDM004570,2025-08-15,SCH0004,goyal mill,Pulses,33.9,KG,5184.0,Paid
MDM008214,2025-05-06,SCH0031,Goyal Rice Mill,Pulses,33.9,KG,1794.0,Paid
MDM002753,2025-12-07,SCH0303,sharma & sons,Lentils,33.9,KG,1269.0,Cleared
MDM009078,2026-01-03,SCH0151,Sharma Traders,Lentils,33.9,KG,4878.0,Paid
MDM008074,2025-08-11,SCH0479,goyal mill,Rice,33.9,KG,792.0,Pending
MDM009110,2026-01-10,SCH0079,Kumar General Store,Rice,33.9,KG,648.0,Pending
MDM001041,2025-07-02,SCH0091,Singh Brothers,Rice,26.0,KG,1040.0,Paid
MDM007492,2025-09-02,SCH0469,kumar & co.,Wheat,37.2,KG,1116.0,Pending
MDM001266,2025-08-15,SCH0511,sharma & sons,Rice,33.9,KG,1800.0,Pending
MDM011446,2025-09-15,SCH0278,goyal enterprises,sarson tel,33.9,KG,1488.0,Paid
MDM007060,2026-03-29,SCH0408,sharma & sons,Rice,33.9,KG,1794.0,Paid
MDM000278,2025-05-27,SCH0561,Goyal Rice Mill,cooking oil,25.8,KG,1794.0,Due
MDM005085,2025-12-29,SCH0255,kumar & co.,Lentils,48.9,KG,1794.0,Pending
MDM010277,2025-10-12,SCH0160,Sharma Traders,Rice,33.9,KG,1794.0,Paid
MDM009438,2025-04-09,SCH0149,kumar & co.,Lentils,33.9,KG,3357.0,Pending
MDM002383,2025-11-09,SCH0265,Kumar General Store,sarson tel,42.3,KG,5076.0,Pending
MDM000572,2025-05-25,SCH0141,sharma & sons,Rice,33.9,KG,468.0,Paid
MDM001436,2025-08-19,SCH0423,Sharma Traders,Wheat,33.9,KG,1794.0,Pending
MDM009440,2025-09-20,SCH0454,Singh Brothers,Rice,33.9,KG,1794.0,Paid
MDM005353,2025-07-02,SCH0349,Goyal Rice Mill,Wheat,30.4,KG,912.0,Paid
MDM005446,2025-12-15,SCH0395,singh agro,Lentils,33.9,KG,2232.0,Paid
MDM001008,2026-03-12,SCH0307,Singh Brothers,Rice,33.9,KG,1576.0,Paid
MDM004544,2025-09-25,SCH0180,Goyal Rice Mill,Wheat,32.1,KG,963.0,Due
MDM010893,2025-04-16,SCH0010,goyal enterprises,oil,33.9,KG,1476.0,Paid
MDM002065,2025-09-13,SCH0122,Singh Brothers,oil,33.9,KG,3324.0,Paid
MDM001137,2026-03-03,SCH0034,Sharma Traders,Pulses,33.9,KG,1794.0,Paid
MDM009883,2025-11-22,SCH0182,kumar & co.,Lentils,33.9,KG,1794.0,Pending
MDM005344,2025-10-05,SCH0099,kumar & co.,cooking oil,33.9,KG,3288.0,Cleared
MDM010178,2025-08-20,SCH0214,singh agro,Wheat,33.9,KG,1050.0,Cleared
MDM000295,2025-11-27,SCH0479,singh agro,Wheat,33.9,KG,1794.0,Paid
MDM009740,2025-10-22,SCH0169,Singh Brothers,Lentils,33.9,KG,909.0,Paid
MDM010205,2025-10-06,SCH0504,s. agro works,cooking oil,33.9,KG,1794.0,Paid
MDM008781,2025-08-21,SCH0528,Kumar General Store,Lentils,33.9,KG,1794.0,Paid
MDM002404,2025-11-28,SCH0351,Sharma Traders,sarson tel,33.9,KG,4320.0,Paid
MDM010322,2025-04-30,SCH0114,Kumar General Store,Pulses,33.9,KG,4968.0,Paid
MDM003999,2025-08-25,SCH0306,s. agro works,atta,33.9,KG,954.0,Due
MDM011522,2025-05-05,SCH0267,Kumar General Store,Wheat,33.9,KG,1086.0,Paid
MDM003742,2025-06-02,SCH0554,Sharma Traders,sarson tel,33.9,KG,1794.0,Pending
MDM011393,2025-11-13,SCH0597,Goyal Rice Mill,Rice,55.4,KG,2216.0,Cleared
MDM002720,2025-12-12,SCH0434,Kumar Supplies,oil,33.9,KG,1794.0,Cleared
MDM011950,2025-12-10,SCH0041,Singh Brothers,Rice,33.9,KG,592.0,Pending
MDM005151,2026-03-24,SCH0064,sharma & sons,Wheat,33.9,KG,429.0,Cleared
MDM002809,2025-06-12,SCH0029,Sharma Traders,Wheat,33.9,KG,1119.0,Paid
MDM009018,2025-12-17,SCH0324,sharma & sons,Lentils,39.5,KG,3555.0,Paid
MDM000557,2025-02-11,SCH0423,Singh Brothers,Wheat,33.9,KG,1794.0,Paid
MDM004796,2026-01-08,SCH0323,Sharma Traders,sarson tel,33.9,KG,1794.0,Pending
MDM002470,2025-12-23,SCH0140,Kumar Supplies,Lentils,33.9,KG,2529.0,Paid
MDM003739,2025-10-30,SCH0232,goyal enterprises,Lentils,33.9,KG,3249.0,Pending
MDM004287,2025-09-12,SCH0285,Sharma Traders,Wheat,33.9,KG,1317.0,Pending
MDM009909,2025-08-03,SCH0455,goyal enterprises,Lentils,33.9,KG,1794.0,Pending
MDM002605,2025-05-10,SCH0052,Kumar General Store,Lentils,33.9,KG,1665.0,Cleared
MDM000363,2025-09-05,SCH0394,Sharma Traders,sarson tel,33.9,KG,6936.0,Paid
MDM006925,2025-10-11,SCH0589,singh agro,sarson tel,33.9,KG,1794.0,Paid
MDM001705,2026-02-23,SCH0168,goyal enterprises,sarson tel,33.9,KG,1794.0,Cleared
MDM002140,2025-12-03,SCH0493,Sharma Traders,Rice,53.5,KG,1794.0,Due
MDM003240,2025-11-03,SCH0033,sharma & sons,oil,33.9,KG,1794.0,Pending
MDM002384,2025-06-07,SCH0374,singh agro,Rice,33.9,KG,520.0,Paid
MDM007315,2025-05-09,SCH0551,Sharma Traders,oil,18.8,KG,2256.0,Paid
MDM004312,2026-01-31,SCH0261,goyal enterprises,sarson tel,41.0,KG,1794.0,Pending
MDM009478,2026-01-27,SCH0476,sharma & sons,Lentils,33.9,KG,1794.0,Pending
MDM001313,2025-08-13,SCH0314,Sharma Traders,cooking oil,33.9,KG,1794.0,Pending
MDM011644,2026-01-22,SCH0586,Kumar General Store,Rice,33.9,KG,1794.0,Paid
MDM003931,2025-04-02,SCH0301,kumar & co.,Lentils,12.5,KG,1794.0,Cleared
MDM006184,2026-03-29,SCH0404,sharma & sons,Rice,33.9,KG,1360.0,Pending
MDM001592,2025-11-11,SCH0052,Sharma Traders,oil,33.9,KG,1794.0,Paid
MDM011598,2026-02-06,SCH0535,goyal mill,Rice,33.9,KG,1428.0,Pending
MDM002163,2025-01-06,SCH0333,sharma & sons,Rice,33.9,KG,2000.0,Pending
MDM002397,2025-04-21,SCH0465,Goyal Rice Mill,Rice,33.9,KG,864.0,Paid
MDM000318,2025-02-05,SCH0217,s. agro works,Rice,33.9,KG,1872.0,Paid
MDM009517,2026-02-02,SCH0286,goyal enterprises,Wheat,33.9,KG,843.0,Paid
MDM005234,2026-03-15,SCH0242,Sharma Traders,sarson tel,33.9,KG,6564.0,Paid
MDM005069,2025-11-02,SCH0258,Kumar Supplies,Rice,33.9,KG,1794.0,Cleared
MDM004037,2025-06-13,SCH0280,Goyal Rice Mill,oil,33.9,KG,5220.0,Paid
MDM008988,2025-06-06,SCH0572,kumar & co.,Wheat,33.9,KG,1794.0,Paid
MDM003021,2025-05-02,SCH0103,goyal enterprises,cooking oil,33.9,KG,5424.0,Pending
MDM009904,2025-12-11,SCH0194,sharma & sons,Rice,33.9,KG,476.0,Due
MDM008229,2025-12-23,SCH0162,sharma & sons,Lentils,33.9,KG,1794.0,Paid
MDM009106,2026-02-20,SCH0291,kumar & co.,atta,33.9,KG,1794.0,Paid
MDM005296,2025-10-13,SCH0502,Kumar Supplies,sarson tel,33.9,KG,1794.0,Cleared
MDM003973,2025-09-09,SCH0391,goyal enterprises,sarson tel,33.9,KG,3600.0,Paid
MDM005371,2025-01-12,SCH0053,Kumar General Store,Lentils,33.9,KG,1794.0,Paid
MDM004134,2025-06-13,SCH0178,singh agro,cooking oil,33.9,KG,1794.0,Pending
MDM000975,2025-11-06,SCH0386,s. agro works,Lentils,50.8,KG,4572.0,Cleared
MDM007292,2026-01-22,SCH0576,s. agro works,Rice,44.7,KG,1794.0,Paid
MDM009176,2025-05-11,SCH0228,Singh Brothers,Rice,49.6,KG,1794.0,Pending
MDM000955,2025-10-19,SCH0268,s. agro works,Lentils,33.9,KG,1794.0,Paid
MDM009611,2025-07-09,SCH0244,Kumar General Store,Rice,33.9,KG,1794.0,Pending
MDM009753,2025-06-28,SCH0332,singh agro,Pulses,33.9,KG,1794.0,Cleared
MDM009548,2025-05-08,SCH0445,Goyal Rice Mill,Wheat,33.9,KG,1251.0,Paid
MDM011497,2025-04-01,SCH0546,Goyal Rice Mill,Pulses,33.9,KG,1794.0,Pending
MDM005017,2026-03-23,SCH0548,Kumar General Store,Lentils,33.9,KG,4095.0,Paid
MDM009180,2026-03-08,SCH0402,Sharma Traders,cooking oil,33.9,KG,6408.0,Paid
MDM007491,2026-01-28,SCH0290,Singh Brothers,Rice,33.9,KG,444.0,Cleared
MDM001641,2026-01-14,SCH0365,sharma & sons,Rice,33.9,KG,1794.0,Pending
MDM001291,2025-12-07,SCH0497,goyal enterprises,Wheat,33.9,KG,1566.0,Due
MDM001381,2025-12-28,SCH0528,Goyal Rice Mill,Rice,27.7,KG,1794.0,Due
MDM001934,2026-03-21,SCH0133,Sharma Traders,sarson tel,33.9,KG,6180.0,Paid
MDM004676,2025-08-12,SCH0501,sharma & sons,oil,33.9,KG,4080.0,Paid
MDM011282,2026-01-06,SCH0372,Kumar Supplies,oil,33.9,KG,5556.0,Pending
MDM010223,2025-04-24,SCH0460,singh agro,Wheat,53.6,KG,1794.0,Pending
MDM000893,2025-11-23,SCH0544,kumar & co.,cooking oil,33.9,KG,1794.0,Pending
MDM007288,2025-08-12,SCH0443,Sharma Traders,atta,33.9,KG,1794.0,Pending
MDM004877,2025-05-28,SCH0388,Singh Brothers,Rice,33.9,KG,1848.0,Pending
MDM007907,2025-12-31,SCH0364,Sharma Traders,atta,23.9,KG,717.0,Paid
MDM008195,2025-11-23,SCH0123,goyal enterprises,Rice,33.9,KG,1112.0,Pending
MDM011589,2025-10-12,SCH0578,s. agro works,Wheat,33.9,KG,726.0,Paid
MDM010302,2025-09-28,SCH0539,Singh Brothers,Wheat,33.9,KG,960.0,Pending
MDM009042,2025-11-26,SCH0477,Goyal Rice Mill,Lentils,33.9,KG,1794.0,Paid
MDM002467,2025-08-02,SCH0003,Kumar General Store,Lentils,33.9,KG,1917.0,Due
MDM007658,2025-08-04,SCH0009,Kumar Supplies,Wheat,33.9,KG,648.0,Cleared
MDM010107,2025-04-28,SCH0500,Kumar General Store,Lentils,33.9,KG,1794.0,Due
MDM009789,2025-10-26,SCH0190,Singh Brothers,Wheat,33.9,KG,1206.0,Pending
MDM001914,2025-11-29,SCH0422,Goyal Rice Mill,Rice,33.9,KG,1372.0,Paid
MDM002737,2026-01-04,SCH0532,Goyal Rice Mill,cooking oil,33.9,KG,1794.0,Paid
MDM000727,2025-04-24,SCH0114,sharma & sons,Wheat,33.9,KG,1491.0,Paid
MDM007215,2025-06-13,SCH0215,Kumar Supplies,Lentils,50.6,KG,4554.0,Pending
MDM008246,2026-01-24,SCH0599,Goyal Rice Mill,sarson tel,33.9,KG,1794.0,Paid
MDM001797,2025-08-16,SCH0373,Kumar General Store,Pulses,33.9,KG,1794.0,Paid
MDM003846,2025-05-20,SCH0169,sharma & sons,Lentils,33.9,KG,1794.0,Paid
MDM006403,2025-08-25,SCH0090,sharma & sons,Pulses,33.9,KG,3024.0,Paid
MDM010746,2026-01-29,SCH0348,Goyal Rice Mill,Rice,33.9,KG,1292.0,Paid
MDM000937,2025-06-02,SCH0525,goyal enterprises,Rice,33.9,KG,920.0,Paid
MDM002266,2026-01-31,SCH0158,Singh Brothers,Lentils,33.9,KG,3294.0,Paid
MDM000825,2025-04-18,SCH0559,singh agro,Rice,31.8,KG,1794.0,Pending
MDM007275,2026-03-07,SCH0076,kumar & co.,mustard oil,33.9,KG,1794.0,Pending
MDM001390,2025-07-27,SCH0401,sharma & sons,oil,33.9,KG,1752.0,Due
MDM003565,2025-08-11,SCH0109,sharma & sons,atta,33.9,KG,330.0,Due
MDM009077,2025-08-21,SCH0415,Goyal Rice Mill,cooking oil,33.9,KG,4344.0,Cleared
MDM005430,2026-02-03,SCH0096,kumar & co.,atta,33.9,KG,1794.0,Pending
MDM007828,2025-05-05,SCH0589,Singh Brothers,Wheat,33.9,KG,534.0,Pending
MDM005691,2025-09-16,SCH0338,sharma & sons,Lentils,33.9,KG,3681.0,Pending
MDM007879,2026-02-05,SCH0032,s. agro works,Wheat,52.6,KG,1578.0,Pending
MDM001869,2025-09-02,SCH0437,goyal enterprises,oil,22.1,KG,2652.0,Cleared
MDM008203,2025-05-22,SCH0539,sharma & sons,Lentils,55.0,KG,1794.0,Paid
MDM007487,2025-05-03,SCH0088,Kumar General Store,Lentils,33.9,KG,5112.0,Pending
MDM009656,2025-07-27,SCH0124,Sharma Traders,Lentils,33.9,KG,1746.0,Pending
MDM000807,2025-11-12,SCH0474,Kumar Supplies,Rice,33.9,KG,1392.0,Paid
MDM004806,2025-07-19,SCH0416,kumar & co.,Rice,33.9,KG,1794.0,Pending
MDM010903,2026-02-16,SCH0133,singh agro,oil,33.6,KG,1794.0,Paid
MDM010301,2025-08-14,SCH0305,s. agro works,Rice,33.9,KG,1624.0,Pending
MDM011301,2025-09-15,SCH0477,singh agro,Wheat,33.9,KG,1521.0,Pending
MDM010427,2026-02-19,SCH0387,Kumar Supplies,Rice,54.6,KG,2184.0,Paid
MDM009156,2025-06-02,SCH0217,Goyal Rice Mill,Pulses,33.9,KG,1794.0,Pending
MDM007512,2025-10-18,SCH0327,Sharma Traders,Lentils,33.9,KG,2088.0,Due
MDM008057,2025-08-12,SCH0413,Goyal Rice Mill,Rice,33.9,KG,1144.0,Due
MDM004495,2025-11-10,SCH0257,s. agro works,sarson tel,33.9,KG,1452.0,Cleared
MDM002633,2025-09-28,SCH0481,sharma & sons,oil,33.9,KG,5472.0,Pending
MDM010991,2025-04-18,SCH0295,kumar & co.,Lentils,33.9,KG,2448.0,Paid
MDM008897,2026-03-21,SCH0505,kumar & co.,sarson tel,33.9,KG,6708.0,Cleared
MDM008624,2025-10-16,SCH0366,Singh Brothers,Wheat,33.9,KG,624.0,Pending
MDM007833,2025-07-23,SCH0484,Kumar General Store,oil,33.9,KG,7092.0,Paid
MDM004389,2025-12-11,SCH0203,goyal enterprises,Lentils,33.9,KG,4752.0,Pending
MDM000146,2025-07-10,SCH0333,goyal mill,Lentils,33.9,KG,990.0,Pending
MDM006468,2025-07-20,SCH0572,goyal mill,mustard oil,33.9,KG,1794.0,Paid
MDM002034,2025-12-26,SCH0343,Goyal Rice Mill,Wheat,33.9,KG,1794.0,Pending
MDM011269,2025-06-13,SCH0265,kumar & co.,Wheat,33.9,KG,1530.0,Pending
MDM001166,2025-06-05,SCH0035,s. agro works,Lentils,33.9,KG,2844.0,Due
MDM002051,2025-06-13,SCH0527,Kumar General Store,Rice,28.3,KG,1132.0,Pending
MDM003761,2026-01-21,SCH0599,singh agro,Rice,33.9,KG,1794.0,Due
MDM004436,2025-04-13,SCH0514,Singh Brothers,Pulses,33.9,KG,1719.0,Cleared
MDM003431,2025-08-07,SCH0587,Kumar Supplies,Rice,45.1,KG,1794.0,Paid
MDM008191,2025-10-25,SCH0243,s. agro works,oil,33.9,KG,5964.0,Pending
MDM010824,2025-07-18,SCH0358,Kumar Supplies,Lentils,33.9,KG,3105.0,Paid
MDM007070,2025-08-02,SCH0024,goyal enterprises,Rice,33.9,KG,1664.0,Pending
MDM004362,2025-08-05,SCH0488,Kumar General Store,Wheat,33.9,KG,1302.0,Paid
MDM010617,2025-08-07,SCH0038,Kumar Supplies,Rice,33.9,KG,2388.0,Due
MDM009455,2025-11-08,SCH0034,singh agro,oil,33.9,KG,2580.0,Due
MDM001772,2025-07-26,SCH0363,goyal mill,Pulses,33.9,KG,1794.0,Pending
MDM003512,2025-06-05,SCH0366,goyal enterprises,sarson tel,33.9,KG,6108.0,Paid
MDM000272,2026-01-23,SCH0282,Kumar Supplies,Lentils,33.9,KG,2637.0,Paid
MDM008437,2026-01-12,SCH0562,s. agro works,Lentils,33.9,KG,1584.0,Pending
MDM002033,2026-01-16,SCH0387,Singh Brothers,Lentils,33.9,KG,4842.0,Cleared
MDM009006,2025-08-15,SCH0001,sharma & sons,Lentils,33.9,KG,1242.0,Paid
MDM011946,2025-12-18,SCH0121,Kumar Supplies,Lentils,33.9,KG,2079.0,Paid
MDM003811,2026-01-02,SCH0088,s. agro works,Rice,33.9,KG,2340.0,Paid
MDM009997,2025-11-01,SCH0088,goyal enterprises,Wheat,33.9,KG,1794.0,Pending
MDM004347,2025-09-16,SCH0001,Sharma Traders,Rice,33.9,KG,1794.0,Pending
MDM010654,2025-12-11,SCH0496,Kumar Supplies,Rice,33.9,KG,1794.0,Cleared
MDM000546,2026-03-18,SCH0107,goyal mill,Rice,33.9,KG,1008.0,Pending
MDM003242,2026-02-17,SCH0292,Kumar Supplies,Wheat,33.9,KG,1794.0,Due
MDM008931,2025-04-28,SCH0115,s. agro works,Rice,33.9,KG,1916.0,Cleared
MDM008503,2025-10-03,SCH0095,goyal mill,Wheat,33.9,KG,1524.0,Paid
MDM009324,2026-01-25,SCH0360,Singh Brothers,Wheat,56.5,KG,1695.0,Paid
MDM007565,2025-09-08,SCH0559,s. agro works,Wheat,33.9,KG,1767.0,Paid
MDM000921,2025-10-21,SCH0510,s. agro works,Lentils,33.9,KG,5310.0,Due
MDM011258,2025-05-18,SCH0358,sharma & sons,Lentils,33.9,KG,1746.0,Pending
MDM006641,2025-08-16,SCH0177,Kumar Supplies,Rice,33.9,KG,852.0,Pending
MDM007695,2026-03-18,SCH0431,kumar & co.,Wheat,33.9,KG,516.0,Paid
MDM008231,2025-01-10,SCH0170,kumar & co.,oil,47.2,KG,1794.0,Pending
MDM007127,2026-02-12,SCH0289,sharma & sons,Wheat,33.9,KG,1182.0,Paid
MDM004279,2026-03-10,SCH0215,Kumar Supplies,Lentils,33.9,KG,1794.0,Pending
MDM002984,2025-05-09,SCH0316,goyal mill,Lentils,41.7,KG,3753.0,Pending
MDM000131,2025-05-16,SCH0133,Goyal Rice Mill,Wheat,33.9,KG,381.0,Cleared
MDM007981,2025-08-17,SCH0080,Singh Brothers,mustard oil,33.9,KG,6936.0,Pending
MDM002668,2025-05-08,SCH0345,Kumar General Store,Wheat,33.9,KG,1296.0,Pending
MDM007139,2025-03-08,SCH0214,s. agro works,sarson tel,33.9,KG,4476.0,Paid
MDM003224,2025-07-07,SCH0153,sharma & sons,Pulses,33.9,KG,2610.0,Cleared
MDM009375,2025-11-29,SCH0352,Goyal Rice Mill,sarson tel,33.9,KG,3492.0,Pending
MDM007694,2026-01-12,SCH0060,Sharma Traders,Lentils,33.9,KG,1794.0,Due
MDM005393,2025-12-24,SCH0155,s. agro works,Rice,33.9,KG,1600.0,Due
MDM000615,2025-11-07,SCH0545,singh agro,Pulses,33.9,KG,1674.0,Due
MDM001467,2025-11-12,SCH0188,goyal enterprises,mustard oil,33.9,KG,1794.0,Paid
MDM004498,2025-06-06,SCH0418,Sharma Traders,mustard oil,33.9,KG,3252.0,Pending
MDM003043,2025-10-12,SCH0284,kumar & co.,Rice,27.4,KG,1096.0,Paid
MDM009127,2025-11-18,SCH0216,Kumar General Store,oil,33.9,KG,1794.0,Pending
MDM002420,2025-11-11,SCH0100,Singh Brothers,Wheat,33.9,KG,1794.0,Pending
MDM005086,2025-12-18,SCH0026,Goyal Rice Mill,Rice,33.9,KG,1794.0,Paid
MDM003295,2025-06-04,SCH0554,Kumar Supplies,mustard oil,33.9,KG,2268.0,Paid
MDM006738,2025-10-15,SCH0481,goyal enterprises,Rice,33.9,KG,760.0,Cleared
MDM001501,2026-03-03,SCH0529,sharma & sons,Pulses,33.9,KG,1794.0,Paid
MDM009019,2025-07-11,SCH0351,goyal mill,Wheat,33.9,KG,1794.0,Paid
MDM001522,2025-08-14,SCH0499,Kumar General Store,Lentils,33.9,KG,1794.0,Paid
MDM011257,2026-02-23,SCH0168,sharma & sons,mustard oil,33.9,KG,1794.0,Due
MDM004233,2025-06-30,SCH0035,singh agro,Rice,33.9,KG,1794.0,Paid
MDM007687,2025-06-27,SCH0342,singh agro,Pulses,33.9,KG,3348.0,Pending
MDM008821,2025-07-22,SCH0477,s. agro works,Wheat,33.9,KG,1794.0,Due
MDM004431,2025-05-17,SCH0184,kumar & co.,Rice,33.9,KG,596.0,Paid
MDM000391,2026-12-02,SCH0279,goyal mill,sarson tel,45.2,KG,5424.0,Paid
MDM007125,2025-04-06,SCH0452,goyal mill,Wheat,33.9,KG,1794.0,Pending
MDM005914,2026-03-09,SCH0511,Goyal Rice Mill,Lentils,33.9,KG,2484.0,Paid
MDM008593,2025-07-01,SCH0529,Singh Brothers,Wheat,33.9,KG,537.0,Paid
MDM004807,2025-10-19,SCH0582,goyal mill,oil,33.9,KG,1908.0,Cleared
MDM011141,2025-08-09,SCH0528,goyal mill,sarson tel,43.2,KG,1794.0,Paid
MDM008239,2025-12-04,SCH0225,goyal enterprises,sarson tel,33.9,KG,1794.0,Cleared
MDM008045,2025-09-09,SCH0075,Kumar Supplies,Wheat,41.2,KG,1236.0,Pending
MDM003994,2025-09-26,SCH0030,kumar & co.,Lentils,33.9,KG,1953.0,Cleared
MDM011805,2025-08-31,SCH0006,Kumar Supplies,cooking oil,33.9,KG,6912.0,Pending
MDM006610,2025-09-04,SCH0396,Sharma Traders,Rice,33.9,KG,656.0,Paid
MDM005320,2025-09-04,SCH0063,Sharma Traders,Rice,33.9,KG,616.0,Pending
MDM007120,2025-09-09,SCH0273,s. agro works,sarson tel,33.9,KG,1236.0,Cleared
MDM002422,2026-02-03,SCH0078,Kumar General Store,Rice,33.9,KG,1794.0,Pending
MDM005605,2025-10-23,SCH0321,goyal mill,sarson tel,33.9,KG,6636.0,Due
MDM001751,2026-01-31,SCH0581,goyal mill,Rice,33.9,KG,1794.0,Pending
MDM011127,2026-01-18,SCH0355,s. agro works,Pulses,33.9,KG,1593.0,Paid
MDM000339,2025-09-06,SCH0194,singh agro,Rice,33.9,KG,1592.0,Pending
MDM008408,2025-04-18,SCH0481,Sharma Traders,atta,33.9,KG,1419.0,Due
MDM001342,2025-05-29,SCH0240,Sharma Traders,Wheat,33.9,KG,1794.0,Paid
MDM011797,2026-03-11,SCH0221,goyal mill,cooking oil,33.9,KG,6696.0,Pending
MDM007983,2025-07-29,SCH0018,Singh Brothers,Rice,33.9,KG,2060.0,Pending
MDM003641,2026-03-19,SCH0510,Goyal Rice Mill,Lentils,33.9,KG,1557.0,Pending
MDM000330,2025-08-12,SCH0349,Sharma Traders,Wheat,33.9,KG,1731.0,Due
MDM010907,2025-07-20,SCH0197,Kumar Supplies,Rice,33.9,KG,1188.0,Pending
MDM003005,2025-07-20,SCH0107,kumar & co.,mustard oil,33.9,KG,1794.0,Paid
MDM006961,2025-11-05,SCH0192,Singh Brothers,Lentils,33.9,KG,1794.0,Paid
MDM004091,2026-02-26,SCH0099,goyal enterprises,cooking oil,33.9,KG,4344.0,Pending
MDM009829,2026-02-06,SCH0501,goyal enterprises,Rice,33.9,KG,736.0,Pending
MDM002323,2026-09-02,SCH0308,goyal mill,Lentils,33.9,KG,1794.0,Paid
MDM006668,2025-11-03,SCH0531,Kumar Supplies,oil,33.9,KG,5268.0,Paid
MDM007010,2025-11-03,SCH0291,Sharma Traders,Pulses,33.9,KG,1794.0,Pending
MDM004198,2025-04-27,SCH0158,goyal mill,Wheat,33.9,KG,1794.0,Paid
MDM003550,2025-05-22,SCH0378,Goyal Rice Mill,sarson tel,33.9,KG,4632.0,Paid
MDM009651,2025-08-14,SCH0547,Sharma Traders,Wheat,33.9,KG,1599.0,Pending
MDM008364,2025-10-27,SCH0494,Kumar General Store,atta,33.9,KG,1380.0,Pending
MDM004204,2025-06-13,SCH0083,Kumar General Store,Lentils,33.9,KG,2790.0,Pending
MDM011503,2025-11-30,SCH0324,goyal mill,Rice,33.9,KG,988.0,Cleared
MDM011032,2025-12-21,SCH0488,Sharma Traders,Wheat,33.9,KG,1794.0,Paid
MDM006186,2025-04-20,SCH0095,Kumar General Store,sarson tel,33.9,KG,1794.0,Due
MDM001640,2025-05-31,SCH0369,Kumar Supplies,Lentils,33.9,KG,3771.0,Due
MDM009131,2026-01-22,SCH0141,Sharma Traders,Lentils,33.9,KG,1854.0,Pending
MDM000061,2025-09-11,SCH0198,goyal enterprises,Lentils,33.9,KG,1794.0,Cleared
MDM001241,2025-04-28,SCH0001,goyal enterprises,sarson tel,37.9,KG,4548.0,Due
MDM005761,2025-07-13,SCH0323,Sharma Traders,Lentils,33.9,KG,918.0,Due
MDM005137,2026-02-26,SCH0428,goyal enterprises,atta,33.9,KG,321.0,Paid
MDM002344,2025-04-20,SCH0423,goyal enterprises,Rice,33.9,KG,2264.0,Due
MDM002121,2025-09-20,SCH0434,Kumar General Store,cooking oil,33.9,KG,2520.0,Due
MDM001525,2025-11-25,SCH0555,goyal mill,cooking oil,33.9,KG,2568.0,Pending
MDM007618,2025-04-26,SCH0345,kumar & co.,Rice,33.9,KG,548.0,Paid
MDM000154,2026-02-01,SCH0130,Sharma Traders,Rice,33.9,KG,2092.0,Due
MDM000482,2025-10-08,SCH0442,Sharma Traders,mustard oil,33.9,KG,3996.0,Paid
MDM006123,2025-09-25,SCH0598,singh agro,Lentils,49.5,KG,1794.0,Due
MDM007675,2025-08-28,SCH0306,Kumar Supplies,Lentils,33.9,KG,2736.0,Paid
MDM007102,2025-08-13,SCH0401,s. agro works,Wheat,33.9,KG,1794.0,Cleared
MDM001763,2025-04-18,SCH0397,Sharma Traders,Wheat,33.9,KG,876.0,Cleared
MDM008943,2025-07-13,SCH0121,goyal mill,Lentils,33.9,KG,4104.0,Paid
MDM007716,2026-02-21,SCH0374,s. agro works,Rice,33.9,KG,1794.0,Cleared
MDM009978,2025-10-04,SCH0369,kumar & co.,Lentils,33.9,KG,2241.0,Paid
MDM011211,2025-05-09,SCH0509,Sharma Traders,Pulses,33.9,KG,5310.0,Due
MDM007480,2025-08-12,SCH0009,Sharma Traders,Rice,33.9,KG,568.0,Pending
MDM006213,2025-11-28,SCH0565,Sharma Traders,Rice,33.9,KG,1794.0,Cleared
MDM004854,2025-05-17,SCH0280,goyal mill,Rice,33.9,KG,1794.0,Due
MDM002712,2026-01-10,SCH0533,singh agro,Rice,33.9,KG,836.0,Paid
MDM006767,2025-07-10,SCH0155,Kumar General Store,sarson tel,33.9,KG,1236.0,Cleared
MDM004151,2026-01-21,SCH0321,singh agro,Lentils,33.9,KG,3897.0,Paid
MDM001334,2025-07-16,SCH0290,s. agro works,Rice,33.9,KG,1794.0,Pending
MDM011624,2025-07-17,SCH0397,kumar & co.,Wheat,33.9,KG,1794.0,Pending
MDM008379,2025-07-11,SCH0340,Singh Brothers,mustard oil,33.9,KG,4656.0,Due
MDM009329,2025-07-05,SCH0268,singh agro,Lentils,47.4,KG,1794.0,Paid
MDM011600,2026-02-01,SCH0261,sharma & sons,Lentils,33.9,KG,3978.0,Cleared
MDM011996,2026-04-03,SCH0525,kumar & co.,Wheat,22.1,KG,663.0,Pending
MDM010251,2025-06-27,SCH0547,Kumar General Store,Rice,17.2,KG,688.0,Paid
MDM011786,2025-12-28,SCH0449,sharma & sons,Lentils,33.9,KG,1188.0,Paid
MDM003851,2025-08-24,SCH0297,goyal enterprises,Lentils,33.9,KG,2376.0,Paid
MDM008341,2025-04-17,SCH0186,kumar & co.,Lentils,33.9,KG,1467.0,Paid
MDM004125,2025-06-23,SCH0003,goyal mill,Wheat,33.9,KG,1083.0,Due
MDM004789,2026-01-24,SCH0355,s. agro works,Wheat,33.9,KG,1764.0,Cleared
MDM002867,2025-05-08,SCH0324,kumar & co.,mustard oil,33.9,KG,6540.0,Pending
MDM001387,2026-03-20,SCH0574,singh agro,cooking oil,22.5,KG,2700.0,Pending
MDM005942,2025-08-13,SCH0186,Singh Brothers,Wheat,33.9,KG,1539.0,Cleared
MDM003068,2026-02-04,SCH0219,singh agro,Pulses,33.9,KG,1794.0,Due
MDM011182,2025-06-08,SCH0155,singh agro,sarson tel,33.9,KG,7056.0,Pending
MDM003630,2025-12-08,SCH0286,Goyal Rice Mill,Rice,33.9,KG,1794.0,Paid
MDM011686,2025-12-31,SCH0559,singh agro,cooking oil,33.9,KG,1794.0,Paid
MDM011048,2025-09-26,SCH0026,Kumar Supplies,cooking oil,33.9,KG,1794.0,Cleared
MDM003029,2025-10-02,SCH0400,kumar & co.,Wheat,33.9,KG,417.0,Paid
MDM002970,2025-11-17,SCH0011,s. agro works,mustard oil,33.9,KG,2808.0,Due
MDM009901,2025-10-09,SCH0422,singh agro,mustard oil,16.8,KG,1794.0,Cleared
MDM008647,2025-08-30,SCH0008,Kumar Supplies,Wheat,33.9,KG,1794.0,Pending
MDM006137,2026-01-28,SCH0399,Singh Brothers,Lentils,33.9,KG,1794.0,Cleared
MDM008802,2025-06-30,SCH0008,sharma & sons,Rice,33.9,KG,2052.0,Paid
MDM004264,2026-01-09,SCH0396,Singh Brothers,Lentils,33.9,KG,1794.0,Paid
MDM000646,2025-04-29,SCH0039,sharma & sons,oil,33.9,KG,6696.0,Pending
MDM011934,2026-03-10,SCH0454,goyal mill,Wheat,33.9,KG,1635.0,Due
MDM002075,2025-07-14,SCH0282,kumar & co.,Rice,33.9,KG,640.0,Pending
MDM000342,2025-08-27,SCH0480,Sharma Traders,cooking oil,10.0,KG,1200.0,Paid
MDM008042,2025-08-14,SCH0019,kumar & co.,Lentils,33.9,KG,4590.0,Pending
MDM001623,2025-01-05,SCH0267,Singh Brothers,Rice,33.4,KG,1336.0,Paid
MDM007142,2025-10-22,SCH0322,Kumar General Store,atta,33.9,KG,1425.0,Paid
MDM005797,2025-04-25,SCH0545,goyal enterprises,Rice,33.9,KG,1092.0,Due
MDM007185,2025-09-18,SCH0073,s. agro works,atta,33.9,KG,1677.0,Paid
MDM011525,2025-10-13,SCH0337,kumar & co.,Lentils,53.7,KG,4833.0,Paid
MDM008233,2025-11-25,SCH0081,Sharma Traders,Wheat,33.9,KG,1794.0,Paid
MDM005476,2025-10-22,SCH0143,Sharma Traders,Lentils,33.9,KG,1818.0,Cleared
MDM010282,2025-06-30,SCH0028,Kumar Supplies,atta,35.8,KG,1074.0,Paid
MDM010368,2025-04-24,SCH0016,Kumar Supplies,Rice,33.9,KG,1784.0,Paid
MDM011431,2025-09-17,SCH0473,sharma & sons,Wheat,33.9,KG,1572.0,Due
MDM000075,2025-04-24,SCH0283,singh agro,mustard oil,33.9,KG,1794.0,Cleared
MDM010850,2025-08-07,SCH0069,goyal enterprises,mustard oil,33.9,KG,1794.0,Paid
MDM010269,2025-09-14,SCH0114,Sharma Traders,Wheat,33.9,KG,1254.0,Pending
MDM008634,2025-06-21,SCH0285,Kumar General Store,atta,33.9,KG,1794.0,Due
MDM011400,2025-09-20,SCH0517,Kumar General Store,Wheat,33.9,KG,1794.0,Paid
MDM002052,2025-07-04,SCH0468,kumar & co.,Lentils,33.9,KG,4932.0,Cleared
MDM002542,2025-05-13,SCH0290,Kumar Supplies,Rice,33.9,KG,1794.0,Due
MDM001302,2025-04-22,SCH0558,Goyal Rice Mill,Lentils,33.9,KG,2646.0,Due
MDM005878,2025-09-20,SCH0003,kumar & co.,Lentils,33.9,KG,2970.0,Paid
MDM007369,2025-04-28,SCH0146,sharma & sons,cooking oil,17.8,KG,2136.0,Pending
MDM001305,2026-01-08,SCH0558,singh agro,Rice,33.9,KG,1320.0,Pending
MDM008429,2025-10-05,SCH0573,Sharma Traders,Pulses,33.9,KG,1989.0,Pending
MDM011226,2025-09-06,SCH0179,sharma & sons,Pulses,33.9,KG,2817.0,Pending
MDM002600,2025-08-14,SCH0295,sharma & sons,Wheat,12.7,KG,381.0,Pending
MDM002574,2026-01-19,SCH0467,goyal enterprises,cooking oil,56.3,KG,6756.0,Pending
MDM003187,2025-08-07,SCH0037,Sharma Traders,Lentils,33.9,KG,1794.0,Paid
MDM002769,2025-12-03,SCH0151,Kumar General Store,sarson tel,33.9,KG,5904.0,Paid
MDM004832,2025-11-10,SCH0551,Sharma Traders,mustard oil,33.9,KG,5652.0,Paid
MDM004224,2025-01-11,SCH0543,kumar & co.,mustard oil,33.9,KG,6960.0,Cleared
MDM011930,2025-12-02,SCH0047,Goyal Rice Mill,Rice,33.9,KG,1794.0,Paid
MDM002107,2025-12-27,SCH0164,singh agro,Wheat,33.9,KG,1512.0,Paid
MDM002680,2025-08-02,SCH0066,goyal mill,Lentils,33.9,KG,1503.0,Pending
MDM010954,2026-03-04,SCH0336,Sharma Traders,Wheat,33.9,KG,1080.0,Pending
MDM001388,2026-03-11,SCH0388,Kumar Supplies,Lentils,33.9,KG,1539.0,Paid
MDM011026,2025-08-22,SCH0439,goyal enterprises,cooking oil,33.9,KG,1500.0,Due
MDM011941,2025-10-11,SCH0498,s. agro works,mustard oil,33.9,KG,1920.0,Paid
MDM007084,2025-12-25,SCH0264,s. agro works,atta,37.4,KG,1794.0,Due
MDM001280,2026-02-17,SCH0331,Sharma Traders,Pulses,33.9,KG,1773.0,Pending
MDM000805,2025-12-24,SCH0063,goyal mill,Rice,33.9,KG,1794.0,Paid
MDM001556,2025-07-30,SCH0009,goyal mill,mustard oil,33.9,KG,1794.0,Paid
MDM011725,2025-05-06,SCH0489,kumar & co.,Rice,33.9,KG,1164.0,Pending
MDM004567,2025-01-11,SCH0217,Sharma Traders,sarson tel,33.9,KG,1794.0,Paid
MDM011952,2025-12-04,SCH0388,Kumar General Store,Lentils,33.9,KG,1794.0,Cleared
MDM004842,2025-05-15,SCH0038,s. agro works,Rice,33.9,KG,972.0,Paid
MDM003595,2025-12-10,SCH0474,s. agro works,Lentils,45.5,KG,1794.0,Cleared
MDM006036,2025-08-10,SCH0476,Sharma Traders,Wheat,33.9,KG,1017.0,Pending
MDM006853,2025-10-15,SCH0269,s. agro works,mustard oil,52.5,KG,1794.0,Paid
MDM010113,2025-04-27,SCH0468,singh agro,sarson tel,33.9,KG,4248.0,Paid
MDM008706,2025-10-14,SCH0093,goyal enterprises,atta,12.3,KG,369.0,Due
MDM004178,2025-06-02,SCH0264,Kumar General Store,Rice,50.8,KG,2032.0,Paid
MDM001309,2025-08-24,SCH0258,kumar & co.,Rice,33.9,KG,1794.0,Cleared
MDM009107,2025-05-23,SCH0500,kumar & co.,Rice,43.1,KG,1724.0,Pending
MDM003453,2026-03-10,SCH0150,Kumar General Store,Rice,33.9,KG,432.0,Due
MDM003696,2025-04-06,SCH0280,singh agro,Rice,33.9,KG,2348.0,Paid
MDM004243,2025-12-14,SCH0139,Kumar Supplies,cooking oil,33.9,KG,6252.0,Cleared
MDM002199,2025-08-06,SCH0322,Sharma Traders,atta,33.9,KG,1794.0,Paid
MDM008967,2025-06-29,SCH0164,s. agro works,Rice,33.9,KG,2224.0,Due
MDM004426,2026-12-02,SCH0398,s. agro works,cooking oil,33.9,KG,1794.0,Paid
MDM006151,2025-12-16,SCH0072,singh agro,Lentils,33.9,KG,1794.0,Pending
MDM000944,2026-03-04,SCH0370,Kumar General Store,Pulses,33.9,KG,1539.0,Paid
MDM000823,2026-02-15,SCH0240,Singh Brothers,cooking oil,33.9,KG,4260.0,Cleared
MDM005006,2025-07-10,SCH0493,kumar & co.,Rice,33.9,KG,1280.0,Paid
MDM006613,2025-06-17,SCH0115,Sharma Traders,oil,33.9,KG,5148.0,Paid
MDM008357,2026-01-13,SCH0342,s. agro works,Pulses,33.9,KG,2277.0,Pending
MDM005620,2025-11-03,SCH0356,Sharma Traders,Rice,33.9,KG,1794.0,Pending
MDM004548,2025-12-09,SCH0430,s. agro works,mustard oil,33.9,KG,2052.0,Due
MDM002539,2025-08-23,SCH0092,Kumar Supplies,atta,17.2,KG,516.0,Pending
MDM009504,2025-10-20,SCH0245,Singh Brothers,Lentils,33.9,KG,1970.0,Paid
MDM005208,2025-04-02,SCH0208,singh agro,Wheat,33.9,KG,1794.0,Pending
MDM011757,2025-12-14,SCH0301,Sharma Traders,Rice,33.9,KG,632.0,Paid
MDM011120,2025-06-22,SCH0476,singh agro,Lentils,33.9,KG,2637.0,Paid
MDM003055,2025-06-08,SCH0483,Goyal Rice Mill,Rice,33.9,KG,896.0,Paid
MDM003676,2025-06-25,SCH0489,Sharma Traders,Wheat,33.9,KG,1794.0,Paid
MDM007777,2025-09-29,SCH0190,sharma & sons,Rice,36.5,KG,1794.0,Pending
MDM007219,2025-09-14,SCH0184,Singh Brothers,Rice,33.9,KG,1420.0,Pending
MDM006723,2025-05-17,SCH0283,singh agro,Rice,33.9,KG,1794.0,Paid
MDM003301,2025-01-10,SCH0534,singh agro,Wheat,33.9,KG,810.0,Due
MDM003311,2026-01-15,SCH0496,Goyal Rice Mill,Rice,33.9,KG,1440.0,Pending
MDM007222,2025-07-26,SCH0380,Kumar General Store,Wheat,33.9,KG,1683.0,Pending
MDM008520,2025-12-19,SCH0079,s. agro works,Lentils,33.9,KG,2781.0,Due
MDM010683,2026-02-24,SCH0330,Singh Brothers,Lentils,33.9,KG,4293.0,Pending
MDM005955,2025-03-08,SCH0311,Sharma Traders,atta,33.9,KG,1794.0,Pending
MDM010999,2026-01-23,SCH0463,Kumar General Store,Wheat,33.9,KG,1794.0,Paid
MDM000833,2025-12-30,SCH0210,goyal enterprises,Wheat,33.9,KG,1794.0,Pending
MDM003463,2025-12-31,SCH0323,s. agro works,Rice,33.9,KG,1794.0,Pending
MDM011526,2025-09-21,SCH0539,Sharma Traders,Wheat,33.9,KG,1794.0,Pending
MDM007644,2025-11-04,SCH0551,goyal enterprises,Wheat,10.3,KG,309.0,Cleared
MDM000055,2026-11-01,SCH0036,goyal enterprises,oil,33.9,KG,1794.0,Cleared
MDM003452,2026-01-27,SCH0240,Sharma Traders,Lentils,33.9,KG,4338.0,Due
MDM006306,2025-11-04,SCH0568,Sharma Traders,Rice,33.9,KG,2072.0,Cleared
MDM010094,2025-12-22,SCH0169,s. agro works,atta,33.9,KG,957.0,Cleared
MDM001482,2025-11-21,SCH0474,goyal mill,Rice,33.9,KG,1252.0,Pending
MDM004874,2025-09-24,SCH0422,Kumar General Store,mustard oil,36.7,KG,4404.0,Pending
MDM008039,2025-05-07,SCH0412,Sharma Traders,Lentils,33.9,KG,909.0,Pending
MDM003336,2025-11-07,SCH0450,goyal enterprises,oil,48.3,KG,5796.0,Cleared
MDM006017,2025-10-09,SCH0449,sharma & sons,Lentils,33.9,KG,1794.0,Cleared
MDM004927,2025-12-06,SCH0061,Goyal Rice Mill,atta,33.9,KG,1521.0,Pending
MDM009139,2026-03-02,SCH0551,sharma & sons,Lentils,33.9,KG,1404.0,Paid
MDM005798,2025-09-23,SCH0349,singh agro,sarson tel,33.9,KG,1794.0,Paid
MDM010354,2025-07-01,SCH0440,Goyal Rice Mill,Pulses,33.9,KG,1794.0,Paid
MDM005084,2025-09-18,SCH0270,goyal enterprises,sarson tel,39.0,KG,4680.0,Paid
MDM006646,2026-03-28,SCH0332,kumar & co.,Wheat,33.9,KG,426.0,Pending
MDM005491,2025-05-14,SCH0193,Singh Brothers,cooking oil,33.9,KG,4644.0,Paid
MDM000769,2025-07-13,SCH0463,Goyal Rice Mill,Rice,33.9,KG,1272.0,Pending
MDM002066,2025-06-10,SCH0358,Kumar General Store,Rice,33.9,KG,1080.0,Due
MDM011741,2026-03-06,SCH0404,goyal mill,Rice,33.9,KG,1794.0,Cleared
MDM007312,2025-04-08,SCH0534,sharma & sons,Lentils,58.1,KG,5229.0,Due
MDM008478,2025-06-20,SCH0242,singh agro,Rice,33.9,KG,684.0,Cleared
MDM004525,2025-11-12,SCH0351,singh agro,Lentils,33.9,KG,3411.0,Cleared
MDM010525,2026-02-19,SCH0379,goyal enterprises,Rice,33.9,KG,1608.0,Paid
MDM002718,2025-11-07,SCH0138,goyal mill,sarson tel,33.9,KG,5580.0,Pending
MDM002080,2026-03-12,SCH0067,goyal mill,cooking oil,18.9,KG,2268.0,Cleared
MDM008915,2025-06-28,SCH0554,Kumar Supplies,Rice,33.9,KG,732.0,Paid
MDM000952,2025-08-17,SCH0211,kumar & co.,Wheat,33.9,KG,867.0,Due
MDM008059,2025-05-05,SCH0191,Sharma Traders,Lentils,33.9,KG,1368.0,Paid
MDM002483,2025-07-29,SCH0037,Goyal Rice Mill,Lentils,33.9,KG,4806.0,Due
MDM010455,2025-12-29,SCH0466,Sharma Traders,Pulses,33.9,KG,4842.0,Paid
MDM009182,2025-06-29,SCH0215,s. agro works,Rice,33.9,KG,1794.0,Paid
MDM001760,2025-05-28,SCH0191,goyal mill,oil,33.9,KG,2976.0,Paid
MDM009985,2025-05-09,SCH0553,Sharma Traders,Rice,33.9,KG,1908.0,Paid
MDM004423,2026-03-06,SCH0106,Kumar Supplies,oil,33.9,KG,2076.0,Pending
MDM006705,2026-01-02,SCH0584,Singh Brothers,Rice,33.9,KG,1794.0,Pending
MDM009917,2025-11-15,SCH0185,Kumar Supplies,Rice,33.9,KG,1548.0,Cleared
MDM005183,2026-01-17,SCH0315,s. agro works,Wheat,33.9,KG,1428.0,Paid
MDM008534,2025-04-01,SCH0120,Sharma Traders,Wheat,33.9,KG,1794.0,Due
MDM003702,2025-09-30,SCH0258,Kumar General Store,Wheat,33.9,KG,711.0,Paid
MDM004244,2025-04-22,SCH0060,kumar & co.,Lentils,33.9,KG,1089.0,Paid
MDM000689,2025-05-01,SCH0083,singh agro,Rice,33.9,KG,1794.0,Due
MDM003433,2025-08-30,SCH0320,kumar & co.,Rice,33.9,KG,1794.0,Due
MDM004945,2025-09-15,SCH0595,Kumar Supplies,Pulses,33.9,KG,4032.0,Paid
MDM000967,2026-01-18,SCH0447,Kumar General Store,Lentils,33.9,KG,3357.0,Paid
MDM011722,2025-06-15,SCH0057,Singh Brothers,Rice,33.9,KG,1352.0,Pending
MDM010396,2026-01-17,SCH0482,kumar & co.,Rice,33.9,KG,2164.0,Paid
MDM002714,2025-12-14,SCH0102,singh agro,Rice,33.9,KG,1794.0,Cleared
MDM004758,2026-04-03,SCH0085,goyal mill,Rice,33.9,KG,1392.0,Pending
MDM011799,2025-08-20,SCH0276,singh agro,Pulses,33.9,KG,1794.0,Pending
MDM006321,2025-04-09,SCH0457,goyal enterprises,Wheat,33.9,KG,996.0,Pending
MDM005976,2026-04-03,SCH0564,Sharma Traders,Pulses,33.9,KG,2142.0,Paid
MDM003573,2026-02-02,SCH0287,Goyal Rice Mill,Lentils,39.4,KG,3546.0,Pending
MDM005300,2025-07-18,SCH0510,Singh Brothers,Wheat,33.9,KG,1794.0,Paid
MDM001991,2026-01-02,SCH0267,kumar & co.,sarson tel,33.9,KG,1794.0,Paid
MDM001206,2025-05-09,SCH0380,s. agro works,atta,33.9,KG,1029.0,Paid
MDM004972,2025-04-18,SCH0089,Sharma Traders,Lentils,33.9,KG,1566.0,Pending
MDM006784,2025-06-02,SCH0437,goyal enterprises,Rice,33.9,KG,564.0,Pending
MDM003601,2026-02-19,SCH0231,goyal mill,Rice,33.9,KG,1794.0,Paid
MDM006491,2025-10-16,SCH0063,goyal mill,Pulses,33.9,KG,1794.0,Paid
MDM008610,2026-02-18,SCH0509,s. agro works,Wheat,33.9,KG,882.0,Paid
MDM008071,2025-04-27,SCH0554,sharma & sons,Lentils,33.9,KG,2430.0,Paid
MDM008578,2025-10-04,SCH0506,Sharma Traders,Lentils,33.9,KG,4482.0,Cleared
MDM007974,2026-03-20,SCH0207,sharma & sons,Lentils,33.9,KG,1794.0,Paid
MDM011500,2025-06-08,SCH0371,Kumar General Store,atta,33.9,KG,600.0,Pending
MDM001626,2025-11-23,SCH0077,kumar & co.,oil,33.9,KG,4980.0,Pending
MDM000537,2025-06-17,SCH0587,Kumar General Store,sarson tel,33.9,KG,2100.0,Paid
MDM008767,2025-08-12,SCH0401,s. agro works,Pulses,33.9,KG,4869.0,Pending
MDM007971,2025-04-20,SCH0226,kumar & co.,Rice,33.9,KG,864.0,Paid
MDM004213,2025-05-04,SCH0397,Sharma Traders,Pulses,33.9,KG,1794.0,Cleared
MDM006457,2025-12-21,SCH0252,goyal enterprises,atta,33.9,KG,1794.0,Due
MDM003508,2025-10-14,SCH0510,goyal mill,sarson tel,33.9,KG,1794.0,Cleared
MDM008394,2025-05-08,SCH0396,s. agro works,Wheat,33.9,KG,1401.0,Paid
MDM009525,2026-03-24,SCH0600,goyal enterprises,Rice,33.9,KG,1952.0,Pending
MDM007113,2025-06-18,SCH0534,Singh Brothers,Rice,33.9,KG,1468.0,Due
MDM002709,2025-07-24,SCH0247,singh agro,sarson tel,33.9,KG,6420.0,Paid
MDM005032,2026-01-20,SCH0112,goyal enterprises,Rice,33.9,KG,456.0,Pending
MDM006515,2025-09-18,SCH0083,Goyal Rice Mill,Rice,33.9,KG,1828.0,Pending
MDM004663,2025-11-20,SCH0401,singh agro,Lentils,33.9,KG,2349.0,Pending
MDM004022,2025-09-20,SCH0420,Singh Brothers,Pulses,33.9,KG,3591.0,Cleared
MDM001855,2025-08-25,SCH0260,Goyal Rice Mill,sarson tel,33.9,KG,3096.0,Paid
MDM011646,2025-06-28,SCH0307,Sharma Traders,Pulses,33.9,KG,2916.0,Paid
MDM002873,2025-10-25,SCH0101,kumar & co.,atta,45.9,KG,1377.0,Paid
MDM003031,2025-06-22,SCH0496,kumar & co.,Wheat,33.9,KG,1446.0,Pending
MDM009398,2026-12-02,SCH0370,goyal enterprises,Rice,33.9,KG,1794.0,Pending
MDM001646,2025-06-22,SCH0344,sharma & sons,cooking oil,33.9,KG,3612.0,Due
MDM003418,2026-01-19,SCH0022,Sharma Traders,oil,33.9,KG,6216.0,Cleared
MDM003477,2025-09-23,SCH0203,Kumar General Store,Wheat,33.9,KG,1794.0,Paid
MDM011806,2025-07-31,SCH0345,Sharma Traders,Wheat,28.2,KG,846.0,Paid
MDM011054,2025-06-02,SCH0231,singh agro,Rice,33.9,KG,1794.0,Cleared
MDM001793,2026-03-17,SCH0533,Goyal Rice Mill,mustard oil,33.9,KG,4860.0,Paid
MDM003798,2025-12-19,SCH0074,Sharma Traders,Rice,33.9,KG,1988.0,Paid
MDM003369,2025-09-20,SCH0212,sharma & sons,Wheat,33.9,KG,714.0,Pending
MDM007197,2025-08-07,SCH0359,Singh Brothers,Rice,15.4,KG,1794.0,Cleared
MDM011919,2026-03-11,SCH0403,singh agro,Wheat,33.9,KG,1794.0,Pending
MDM005110,2025-04-08,SCH0562,Sharma Traders,Lentils,33.9,KG,1794.0,Pending
MDM006025,2026-03-14,SCH0022,Sharma Traders,Pulses,33.9,KG,3699.0,Paid
MDM008796,2025-07-31,SCH0384,Sharma Traders,Rice,33.9,KG,476.0,Paid
MDM011480,2026-02-25,SCH0274,goyal enterprises,Rice,33.9,KG,660.0,Paid
MDM000127,2026-03-24,SCH0340,goyal enterprises,Rice,33.9,KG,1980.0,Pending
MDM005960,2025-12-27,SCH0079,goyal enterprises,Rice,33.9,KG,1794.0,Paid
MDM003877,2025-10-20,SCH0495,Sharma Traders,Wheat,33.9,KG,1794.0,Due
MDM004452,2025-08-14,SCH0590,Kumar Supplies,Rice,33.9,KG,1794.0,Paid
MDM007148,2025-10-30,SCH0177,s. agro works,Rice,33.9,KG,544.0,Paid
MDM003532,2026-02-13,SCH0373,goyal mill,sarson tel,33.9,KG,1794.0,Pending
MDM010923,2025-04-15,SCH0052,singh agro,Wheat,21.9,KG,657.0,Cleared
MDM000828,2026-01-13,SCH0041,singh agro,Wheat,33.9,KG,1794.0,Paid
MDM009832,2025-06-04,SCH0397,s. agro works,Wheat,33.9,KG,1110.0,Paid
MDM007791,2026-02-07,SCH0019,s. agro works,Pulses,33.9,KG,2340.0,Pending
MDM000985,2026-03-22,SCH0441,Sharma Traders,Rice,33.9,KG,2360.0,Cleared
MDM007784,2026-01-24,SCH0309,Sharma Traders,Lentils,33.9,KG,1794.0,Paid
MDM010381,2025-07-11,SCH0194,Goyal Rice Mill,sarson tel,33.9,KG,1794.0,Paid
MDM011844,2025-06-09,SCH0172,Kumar General Store,mustard oil,33.9,KG,1794.0,Due
MDM002444,2026-01-20,SCH0140,Kumar General Store,Rice,33.9,KG,1688.0,Paid
MDM008555,2025-05-29,SCH0477,s. agro works,Wheat,33.9,KG,1794.0,Pending
MDM010542,2025-11-01,SCH0133,sharma & sons,Wheat,33.9,KG,1794.0,Due
MDM000346,2025-11-03,SCH0351,singh agro,Wheat,33.9,KG,1626.0,Cleared
MDM000815,2025-05-19,SCH0244,singh agro,Rice,33.9,KG,1172.0,Paid
MDM006167,2026-02-25,SCH0486,singh agro,Rice,33.9,KG,1794.0,Pending
MDM005780,2025-10-23,SCH0065,Singh Brothers,Rice,33.9,KG,752.0,Due
MDM002117,2026-03-14,SCH0545,goyal enterprises,Lentils,14.9,KG,1341.0,Pending
MDM010027,2026-01-10,SCH0286,Kumar Supplies,Lentils,30.4,KG,2736.0,Pending
MDM000794,2025-09-12,SCH0094,singh agro,Wheat,33.9,KG,1794.0,Paid
MDM006899,2025-10-23,SCH0283,goyal mill,Lentils,33.9,KG,1794.0,Cleared
MDM002675,2025-09-08,SCH0186,goyal enterprises,Rice,33.9,KG,1108.0,Paid
MDM000095,2025-08-21,SCH0343,goyal enterprises,mustard oil,33.9,KG,1794.0,Paid
MDM004226,2025-09-09,SCH0398,s. agro works,Pulses,33.9,KG,1287.0,Paid
MDM003757,2026-02-23,SCH0582,Sharma Traders,Rice,33.9,KG,1064.0,Pending
MDM002892,2025-05-18,SCH0168,s. agro works,oil,33.9,KG,1794.0,Due
MDM002372,2025-06-05,SCH0389,sharma & sons,Lentils,33.9,KG,1053.0,Paid
MDM011599,2026-03-01,SCH0211,Kumar Supplies,mustard oil,38.9,KG,4668.0,Paid
MDM003229,2025-11-05,SCH0226,Goyal Rice Mill,Wheat,33.9,KG,1794.0,Paid
MDM007864,2025-12-14,SCH0223,Kumar General Store,Wheat,33.9,KG,1794.0,Pending
MDM006360,2025-11-11,SCH0532,s. agro works,mustard oil,33.9,KG,1794.0,Paid
MDM011362,2025-09-26,SCH0342,Sharma Traders,Rice,33.9,KG,1794.0,Pending
MDM007327,2025-10-28,SCH0044,Singh Brothers,Lentils,26.9,KG,1794.0,Pending
MDM006029,2025-10-30,SCH0437,sharma & sons,Lentils,33.9,KG,2106.0,Paid
MDM011046,2025-06-26,SCH0356,Goyal Rice Mill,Wheat,33.9,KG,330.0,Cleared
MDM011105,2026-01-11,SCH0228,goyal mill,Rice,33.9,KG,2056.0,Pending
MDM001866,2025-10-18,SCH0136,sharma & sons,Lentils,57.3,KG,1794.0,Due
MDM004613,2025-04-25,SCH0124,Singh Brothers,Lentils,33.9,KG,1794.0,Paid
MDM010050,2025-06-16,SCH0200,s. agro works,Lentils,12.2,KG,1794.0,Due
MDM002646,2026-02-11,SCH0116,Sharma Traders,cooking oil,33.9,KG,4800.0,Cleared
MDM002244,2025-06-27,SCH0337,goyal mill,Rice,33.9,KG,1794.0,Pending
MDM005374,2026-02-21,SCH0109,goyal mill,oil,33.9,KG,1794.0,Due
MDM002337,2025-08-27,SCH0074,kumar & co.,oil,33.9,KG,5652.0,Paid
MDM000951,2025-04-01,SCH0366,s. agro works,Wheat,48.6,KG,1458.0,Cleared
MDM001121,2025-12-18,SCH0320,singh agro,Rice,33.9,KG,1794.0,Pending
MDM010790,2025-10-28,SCH0528,Kumar General Store,oil,26.3,KG,1794.0,Paid
MDM002205,2025-07-27,SCH0143,s. agro works,Rice,33.9,KG,1794.0,Paid
MDM000420,2025-10-29,SCH0458,Goyal Rice Mill,sarson tel,33.9,KG,1794.0,Pending
MDM000923,2025-11-07,SCH0225,goyal mill,Wheat,54.7,KG,1641.0,Due
MDM009447,2025-04-21,SCH0592,s. agro works,Rice,33.9,KG,1794.0,Due
MDM008670,2025-10-04,SCH0250,singh agro,Wheat,33.9,KG,1794.0,Paid
MDM010228,2026-03-03,SCH0462,Sharma Traders,Lentils,33.9,KG,2934.0,Pending
MDM005409,2025-10-27,SCH0364,Goyal Rice Mill,Rice,33.9,KG,1794.0,Paid
MDM005789,2025-09-09,SCH0477,Singh Brothers,Lentils,33.9,KG,1989.0,Pending
MDM005743,2026-01-02,SCH0219,Kumar Supplies,Wheat,33.9,KG,1683.0,Paid
MDM007668,2025-12-23,SCH0298,goyal mill,Pulses,13.0,KG,1170.0,Paid
MDM005568,2025-07-11,SCH0141,Singh Brothers,Rice,33.9,KG,1992.0,Pending
MDM008136,2026-01-01,SCH0455,Sharma Traders,Pulses,33.9,KG,1794.0,Paid
MDM001203,2025-09-20,SCH0353,sharma & sons,Lentils,33.9,KG,2853.0,Paid
MDM010819,2025-10-10,SCH0473,s. agro works,oil,33.9,KG,1794.0,Due
MDM005766,2025-12-11,SCH0482,s. agro works,Rice,33.9,KG,1016.0,Paid
MDM008390,2025-11-18,SCH0086,Kumar Supplies,cooking oil,33.9,KG,3312.0,Pending
MDM001971,2025-06-08,SCH0025,goyal mill,oil,33.9,KG,1794.0,Paid
MDM004019,2025-09-12,SCH0581,Singh Brothers,mustard oil,33.9,KG,5004.0,Due
MDM010344,2025-06-01,SCH0259,Sharma Traders,Rice,47.5,KG,1900.0,Due
MDM003688,2025-12-12,SCH0153,goyal mill,sarson tel,33.9,KG,6000.0,Paid
MDM001998,2025-04-19,SCH0021,Goyal Rice Mill,Lentils,33.9,KG,1794.0,Pending
MDM004034,2026-03-12,SCH0201,Kumar Supplies,Rice,33.9,KG,616.0,Pending
MDM001249,2025-04-16,SCH0197,Singh Brothers,sarson tel,33.9,KG,1794.0,Due
MDM002193,2026-01-25,SCH0572,Goyal Rice Mill,Rice,33.9,KG,1408.0,Pending
MDM002713,2025-05-20,SCH0253,s. agro works,Lentils,33.9,KG,1794.0,Paid
MDM009185,2025-10-26,SCH0541,Kumar Supplies,Wheat,33.9,KG,1707.0,Paid
MDM002191,2025-12-07,SCH0126,goyal enterprises,Wheat,28.4,KG,852.0,Paid
MDM004671,2026-01-15,SCH0344,Kumar Supplies,Rice,33.9,KG,1328.0,Paid
MDM005143,2025-06-13,SCH0283,sharma & sons,Lentils,33.9,KG,1794.0,Due
MDM005985,2025-12-03,SCH0128,kumar & co.,Wheat,33.9,KG,1794.0,Pending
MDM006566,2025-12-27,SCH0304,Sharma Traders,oil,33.9,KG,1794.0,Cleared
MDM007805,2025-11-15,SCH0564,Kumar Supplies,Rice,33.9,KG,2168.0,Paid
MDM006944,2026-01-11,SCH0084,Kumar Supplies,mustard oil,33.9,KG,6540.0,Paid
MDM009511,2026-03-16,SCH0440,kumar & co.,sarson tel,33.9,KG,2940.0,Pending
MDM010056,2025-06-11,SCH0444,kumar & co.,Wheat,33.9,KG,1794.0,Pending
MDM010536,2025-08-04,SCH0089,goyal mill,Wheat,33.9,KG,1665.0,Paid
MDM010642,2025-05-19,SCH0461,Goyal Rice Mill,atta,30.8,KG,924.0,Paid
MDM002137,2025-05-31,SCH0592,goyal mill,sarson tel,33.9,KG,5208.0,Due
MDM001066,2025-07-24,SCH0406,goyal enterprises,Wheat,33.9,KG,1116.0,Pending
MDM000601,2025-08-13,SCH0118,Kumar General Store,Lentils,33.9,KG,1794.0,Paid
MDM004228,2025-09-18,SCH0594,Sharma Traders,mustard oil,33.9,KG,2484.0,Cleared
MDM010814,2025-12-07,SCH0020,sharma & sons,cooking oil,33.9,KG,3456.0,Paid
MDM007578,2025-11-11,SCH0555,singh agro,atta,33.9,KG,1794.0,Cleared
MDM000078,2026-01-24,SCH0139,Sharma Traders,Lentils,33.9,KG,1143.0,Paid
MDM007547,2025-07-10,SCH0100,Kumar General Store,mustard oil,33.9,KG,4428.0,Paid
MDM002899,2025-05-20,SCH0193,Sharma Traders,Pulses,33.9,KG,5193.0,Paid
MDM004821,2026-03-02,SCH0185,Singh Brothers,Pulses,50.8,KG,4572.0,Due
MDM009507,2025-12-25,SCH0409,Sharma Traders,Wheat,33.9,KG,1794.0,Pending
MDM011492,2026-03-04,SCH0562,singh agro,Wheat,33.9,KG,1542.0,Due
MDM006414,2026-01-25,SCH0317,s. agro works,oil,33.9,KG,1776.0,Pending
MDM009445,2025-06-06,SCH0151,Goyal Rice Mill,Wheat,57.9,KG,1737.0,Paid
MDM009065,2025-12-27,SCH0554,sharma & sons,Pulses,12.5,KG,1794.0,Paid
MDM008008,2025-07-20,SCH0563,goyal mill,Lentils,33.9,KG,1794.0,Paid
MDM005469,2025-11-16,SCH0024,goyal enterprises,Rice,33.9,KG,876.0,Due
MDM005952,2025-08-03,SCH0293,singh agro,Wheat,33.9,KG,399.0,Paid
MDM011158,2025-10-06,SCH0059,Sharma Traders,Rice,33.9,KG,1794.0,Cleared
MDM003392,2025-10-25,SCH0574,Kumar Supplies,Pulses,33.9,KG,5364.0,Paid
MDM005416,2026-02-12,SCH0599,goyal mill,Rice,33.9,KG,940.0,Cleared
MDM002561,2026-03-20,SCH0245,s. agro works,Rice,33.9,KG,1794.0,Cleared
MDM008163,2026-02-22,SCH0423,sharma & sons,Rice,33.9,KG,1628.0,Due
MDM002636,2025-10-19,SCH0570,singh agro,atta,31.0,KG,1794.0,Paid
MDM005257,2025-06-12,SCH0155,s. agro works,Rice,33.9,KG,1794.0,Pending
MDM003531,2025-05-14,SCH0346,s. agro works,Lentils,33.9,KG,3573.0,Cleared
MDM008568,2025-06-29,SCH0414,Goyal Rice Mill,Rice,33.9,KG,404.0,Paid
MDM001909,2026-03-15,SCH0378,Goyal Rice Mill,mustard oil,33.9,KG,1794.0,Cleared
MDM011441,2025-12-05,SCH0208,Goyal Rice Mill,Rice,33.9,KG,1794.0,Paid
MDM000236,2025-08-23,SCH0545,Sharma Traders,Lentils,33.9,KG,1794.0,Pending
MDM001605,2025-03-11,SCH0171,Sharma Traders,mustard oil,33.9,KG,1794.0,Paid
MDM007985,2025-11-18,SCH0240,Kumar Supplies,Rice,33.9,KG,464.0,Pending
MDM009311,2025-09-18,SCH0376,Goyal Rice Mill,Pulses,33.9,KG,1794.0,Cleared
MDM003491,2026-01-23,SCH0089,kumar & co.,Rice,33.9,KG,688.0,Paid
MDM011151,2025-09-14,SCH0187,Sharma Traders,cooking oil,33.9,KG,1794.0,Cleared
MDM001995,2025-09-19,SCH0464,kumar & co.,Rice,33.9,KG,2264.0,Cleared
MDM002825,2026-01-27,SCH0114,Kumar General Store,Wheat,33.9,KG,1362.0,Pending
MDM011470,2025-05-01,SCH0459,Sharma Traders,Lentils,33.9,KG,3735.0,Paid
MDM010569,2026-02-02,SCH0245,Sharma Traders,Rice,33.9,KG,2284.0,Paid
MDM001343,2025-09-20,SCH0036,Sharma Traders,Rice,49.4,KG,1794.0,Paid
MDM008513,2026-02-08,SCH0252,Singh Brothers,Lentils,33.9,KG,1872.0,Paid
MDM001620,2025-10-18,SCH0263,singh agro,Lentils,33.9,KG,3384.0,Pending
MDM005288,2025-08-26,SCH0319,kumar & co.,Lentils,33.9,KG,2943.0,Paid
MDM002061,2025-12-03,SCH0188,goyal enterprises,Lentils,33.9,KG,4905.0,Cleared
MDM002220,2026-01-31,SCH0193,kumar & co.,Wheat,33.9,KG,1176.0,Pending
MDM009866,2025-10-12,SCH0063,Sharma Traders,Wheat,33.9,KG,1119.0,Cleared
MDM006039,2026-03-18,SCH0494,goyal enterprises,Lentils,56.4,KG,5076.0,Cleared
MDM000261,2025-09-01,SCH0224,goyal enterprises,Wheat,23.8,KG,714.0,Due
MDM011572,2025-08-27,SCH0436,kumar & co.,oil,33.9,KG,1794.0,Due
MDM010232,2025-05-15,SCH0277,Kumar Supplies,Lentils,33.9,KG,3681.0,Paid
MDM009094,2025-11-16,SCH0422,Goyal Rice Mill,oil,33.9,KG,3900.0,Paid
MDM003745,2025-10-28,SCH0465,goyal mill,cooking oil,33.9,KG,1794.0,Paid
MDM002027,2025-09-08,SCH0247,sharma & sons,sarson tel,11.9,KG,1428.0,Pending
MDM006989,2025-11-23,SCH0532,Kumar General Store,Pulses,33.9,KG,1794.0,Paid
MDM004235,2025-08-16,SCH0221,sharma & sons,Wheat,33.9,KG,468.0,Paid
MDM001918,2025-11-19,SCH0538,Goyal Rice Mill,mustard oil,33.9,KG,1794.0,Paid
MDM001829,2025-12-30,SCH0184,Sharma Traders,Rice,33.9,KG,2204.0,Due
MDM009766,2026-01-16,SCH0381,singh agro,oil,33.9,KG,4620.0,Due
MDM006234,2025-06-09,SCH0437,kumar & co.,oil,33.9,KG,3024.0,Paid
MDM011533,2026-01-26,SCH0552,Goyal Rice Mill,Pulses,33.9,KG,1260.0,Paid
MDM006284,2025-06-22,SCH0111,Goyal Rice Mill,Wheat,33.9,KG,624.0,Pending
MDM004209,2025-09-12,SCH0280,Kumar Supplies,oil,33.9,KG,4980.0,Cleared
MDM000225,2026-02-05,SCH0151,Sharma Traders,cooking oil,15.1,KG,1812.0,Pending
MDM008916,2025-05-14,SCH0115,Kumar Supplies,Rice,21.3,KG,852.0,Pending
MDM010003,2025-08-28,SCH0520,s. agro works,sarson tel,33.9,KG,1794.0,Pending
MDM009334,2025-05-28,SCH0047,Singh Brothers,Pulses,33.9,KG,2502.0,Paid
MDM006470,2025-09-06,SCH0507,Goyal Rice Mill,Rice,47.2,KG,1794.0,Pending
MDM011632,2025-06-24,SCH0511,Singh Brothers,atta,33.9,KG,1794.0,Paid
MDM010955,2025-07-11,SCH0211,s. agro works,Wheat,33.9,KG,732.0,Pending
MDM000847,2025-12-02,SCH0383,goyal enterprises,Rice,33.9,KG,1324.0,Pending
MDM004290,2026-02-08,SCH0149,goyal mill,Lentils,33.9,KG,2232.0,Cleared
MDM005561,2026-03-16,SCH0431,Goyal Rice Mill,Rice,55.2,KG,2208.0,Paid
MDM002552,2025-04-16,SCH0503,s. agro works,Lentils,33.9,KG,3897.0,Due
MDM011121,2025-12-02,SCH0226,singh agro,cooking oil,33.9,KG,4104.0,Paid
MDM000118,2025-06-25,SCH0361,goyal enterprises,cooking oil,38.0,KG,4560.0,Pending
MDM008838,2025-10-07,SCH0296,Sharma Traders,sarson tel,33.9,KG,1794.0,Paid
MDM005967,2025-10-28,SCH0111,kumar & co.,cooking oil,33.9,KG,5880.0,Pending
MDM008196,2025-08-19,SCH0548,Singh Brothers,Lentils,33.9,KG,1794.0,Cleared
MDM008660,2025-11-11,SCH0170,Sharma Traders,oil,33.9,KG,3240.0,Paid
MDM007490,2025-08-12,SCH0350,Sharma Traders,Rice,33.9,KG,584.0,Paid
MDM000006,2025-06-19,SCH0542,Sharma Traders,Lentils,48.4,KG,4356.0,Due
MDM005343,2026-01-22,SCH0136,Singh Brothers,Lentils,33.9,KG,3636.0,Paid
MDM009112,2025-04-19,SCH0177,s. agro works,Pulses,33.9,KG,4257.0,Pending
MDM010788,2025-11-11,SCH0592,singh agro,Wheat,33.9,KG,1620.0,Pending
MDM004325,2025-08-29,SCH0257,goyal enterprises,Wheat,33.9,KG,1767.0,Pending
MDM001064,2025-08-03,SCH0122,Sharma Traders,Wheat,39.3,KG,1794.0,Due
MDM002591,2025-10-19,SCH0021,Kumar Supplies,Lentils,33.9,KG,3330.0,Due
MDM008435,2025-05-25,SCH0452,kumar & co.,sarson tel,59.9,KG,7188.0,Due
MDM009353,2026-01-07,SCH0302,sharma & sons,Wheat,33.9,KG,696.0,Paid
MDM011063,2025-04-29,SCH0563,sharma & sons,Rice,33.9,KG,404.0,Due
MDM003736,2026-01-28,SCH0237,singh agro,Lentils,33.9,KG,4527.0,Paid
MDM010590,2025-09-16,SCH0477,sharma & sons,Rice,33.9,KG,1116.0,Due
MDM003518,2026-02-06,SCH0405,Kumar Supplies,Wheat,33.9,KG,1794.0,Paid
MDM006987,2025-06-05,SCH0036,s. agro works,Lentils,33.9,KG,1794.0,Due
MDM010756,2025-09-02,SCH0555,sharma & sons,sarson tel,33.9,KG,6504.0,Cleared
MDM006768,2025-12-02,SCH0207,Goyal Rice Mill,oil,33.9,KG,6408.0,Paid
MDM005623,2025-07-13,SCH0351,s. agro works,Wheat,36.6,KG,1098.0,Paid
MDM001606,2025-06-05,SCH0256,Kumar Supplies,Rice,25.9,KG,1036.0,Paid
MDM001734,2025-08-09,SCH0504,Kumar General Store,atta,33.9,KG,519.0,Paid
MDM010517,2025-07-23,SCH0221,kumar & co.,Pulses,33.9,KG,3761.0,Paid
MDM010902,2026-03-23,SCH0147,goyal mill,Wheat,33.9,KG,1476.0,Paid
MDM011543,2025-05-24,SCH0102,kumar & co.,Rice,33.9,KG,556.0,Paid
MDM009505,2025-04-04,SCH0192,Singh Brothers,Rice,17.9,KG,1794.0,Paid
MDM003813,2025-11-13,SCH0514,Kumar General Store,Lentils,33.9,KG,1620.0,Paid
MDM011899,2025-07-22,SCH0298,goyal enterprises,oil,33.9,KG,5076.0,Paid
MDM010555,2026-03-02,SCH0101,Sharma Traders,oil,33.9,KG,4272.0,Pending
MDM010168,2025-11-27,SCH0522,kumar & co.,cooking oil,33.9,KG,5664.0,Paid
MDM001762,2025-06-02,SCH0130,Singh Brothers,atta,33.9,KG,1794.0,Pending
MDM005402,2025-08-09,SCH0161,Singh Brothers,Rice,33.9,KG,1260.0,Paid
MDM002740,2025-07-01,SCH0374,Goyal Rice Mill,Lentils,33.9,KG,2394.0,Pending
MDM011907,2025-12-09,SCH0538,Sharma Traders,sarson tel,33.9,KG,1794.0,Pending
MDM002473,2025-07-25,SCH0155,s. agro works,Rice,33.9,KG,1794.0,Due
MDM006739,2025-07-22,SCH0569,goyal mill,Pulses,45.1,KG,4059.0,Paid
MDM006892,2025-06-18,SCH0227,goyal enterprises,Rice,33.9,KG,824.0,Pending
MDM007944,2026-01-10,SCH0061,singh agro,cooking oil,33.9,KG,2124.0,Pending
MDM009686,2026-01-05,SCH0231,kumar & co.,Wheat,33.9,KG,1011.0,Paid
MDM004207,2026-01-14,SCH0051,sharma & sons,Rice,33.9,KG,1794.0,Pending
MDM006372,2025-11-05,SCH0224,goyal mill,Lentils,33.9,KG,5175.0,Paid
MDM010351,2025-04-29,SCH0541,singh agro,Pulses,33.9,KG,4698.0,Pending
MDM009362,2025-06-15,SCH0411,Sharma Traders,mustard oil,29.8,KG,3576.0,Paid
MDM010349,2026-02-25,SCH0399,goyal enterprises,Lentils,33.9,KG,1794.0,Pending
MDM000233,2025-08-26,SCH0459,Kumar Supplies,Lentils,33.9,KG,1794.0,Paid
MDM008259,2026-02-09,SCH0254,Singh Brothers,Wheat,33.7,KG,1794.0,Cleared
MDM007562,2025-11-06,SCH0176,goyal mill,Rice,33.9,KG,1860.0,Due
MDM009796,2025-12-21,SCH0512,Kumar Supplies,Lentils,33.9,KG,4194.0,Paid
MDM006169,2025-10-31,SCH0433,Kumar General Store,Lentils,33.9,KG,4221.0,Pending
MDM003597,2026-03-13,SCH0147,goyal mill,Lentils,33.9,KG,3195.0,Paid
MDM006289,2026-03-23,SCH0553,Kumar Supplies,Wheat,33.9,KG,1794.0,Paid
MDM004633,2025-01-11,SCH0365,Kumar General Store,Wheat,33.9,KG,1794.0,Pending
MDM000126,2026-02-16,SCH0390,Sharma Traders,mustard oil,33.9,KG,5328.0,Pending
MDM007642,2025-08-25,SCH0532,Kumar General Store,Rice,33.9,KG,1794.0,Cleared
MDM006230,2025-12-07,SCH0281,sharma & sons,atta,33.9,KG,1191.0,Paid
MDM001297,2025-06-04,SCH0231,sharma & sons,oil,33.9,KG,3612.0,Paid
MDM001977,2025-12-29,SCH0007,goyal mill,Rice,33.9,KG,2360.0,Pending
MDM011716,2025-06-09,SCH0229,Singh Brothers,Rice,16.0,KG,640.0,Paid
MDM011659,2025-09-29,SCH0600,goyal enterprises,Lentils,33.9,KG,1794.0,Paid
MDM010268,2026-01-01,SCH0369,singh agro,sarson tel,33.9,KG,4548.0,Pending
MDM005751,2026-03-02,SCH0016,s. agro works,Wheat,33.9,KG,1794.0,Paid
MDM008153,2025-12-14,SCH0353,Kumar General Store,Lentils,33.9,KG,1794.0,Paid
MDM003087,2026-03-31,SCH0538,Sharma Traders,Rice,33.9,KG,1794.0,Pending
MDM011459,2025-08-21,SCH0539,Kumar General Store,Rice,33.9,KG,2320.0,Paid
MDM006883,2025-07-08,SCH0090,goyal enterprises,Rice,33.9,KG,1794.0,Paid
MDM011496,2026-02-22,SCH0109,Sharma Traders,Rice,33.9,KG,1794.0,Pending
MDM007674,2025-04-27,SCH0302,goyal mill,Lentils,33.9,KG,2691.0,Paid
MDM003346,2026-03-30,SCH0092,s. agro works,sarson tel,33.9,KG,1794.0,Pending
MDM008173,2026-01-28,SCH0159,goyal mill,Wheat,33.9,KG,1794.0,Paid
MDM011641,2025-08-08,SCH0244,kumar & co.,Pulses,33.9,KG,2214.0,Pending
MDM005871,2026-01-15,SCH0122,Kumar General Store,sarson tel,40.0,KG,1794.0,Cleared
MDM006507,2025-12-22,SCH0071,goyal mill,Wheat,33.9,KG,654.0,Paid
MDM002798,2025-07-09,SCH0310,goyal enterprises,Wheat,37.0,KG,1110.0,Paid
MDM000919,2025-07-06,SCH0294,Sharma Traders,sarson tel,33.9,KG,2748.0,Due
MDM001647,2026-01-22,SCH0271,kumar & co.,Lentils,33.9,KG,5076.0,Pending
MDM005123,2025-06-06,SCH0409,Singh Brothers,Wheat,33.9,KG,489.0,Paid
MDM005127,2025-08-27,SCH0471,singh agro,sarson tel,33.9,KG,3828.0,Paid
MDM004622,2025-05-02,SCH0489,goyal enterprises,mustard oil,33.9,KG,1794.0,Due
MDM006810,2026-02-23,SCH0255,singh agro,Pulses,33.9,KG,5031.0,Due
MDM000365,2026-03-19,SCH0589,Kumar General Store,Rice,33.9,KG,1920.0,Due
MDM002126,2025-11-27,SCH0445,Goyal Rice Mill,Pulses,33.9,KG,2565.0,Due
MDM008151,2026-02-25,SCH0493,Singh Brothers,mustard oil,33.9,KG,1794.0,Due
MDM008718,2026-03-23,SCH0040,Kumar Supplies,cooking oil,58.6,KG,7032.0,Paid
MDM000056,2025-10-05,SCH0446,sharma & sons,cooking oil,53.4,KG,6408.0,Due
MDM000639,2025-07-21,SCH0252,Singh Brothers,Lentils,29.6,KG,1794.0,Due
MDM000303,2025-09-13,SCH0508,Kumar Supplies,Lentils,33.9,KG,1794.0,Due
MDM010959,2025-08-19,SCH0082,Sharma Traders,cooking oil,33.9,KG,6660.0,Pending
MDM005812,2025-08-28,SCH0158,goyal enterprises,cooking oil,33.9,KG,1368.0,Paid
MDM001277,2025-06-09,SCH0286,singh agro,Rice,33.9,KG,656.0,Pending
MDM010248,2026-02-07,SCH0257,goyal mill,Rice,33.9,KG,1794.0,Paid
MDM004433,2025-11-18,SCH0348,kumar & co.,Rice,33.9,KG,1794.0,Paid
MDM003645,2025-05-29,SCH0279,Kumar Supplies,Lentils,33.9,KG,3249.0,Due
MDM004144,2026-02-11,SCH0279,s. agro works,atta,33.9,KG,1794.0,Due
MDM002879,2025-09-13,SCH0475,Sharma Traders,Wheat,33.9,KG,1491.0,Paid
MDM006494,2025-05-28,SCH0338,s. agro works,Wheat,33.9,KG,1758.0,Paid
MDM010479,2025-10-27,SCH0280,Kumar Supplies,Rice,40.7,KG,1628.0,Paid
MDM010454,2025-05-23,SCH0573,s. agro works,Rice,33.9,KG,1852.0,Pending
MDM005241,2025-05-12,SCH0145,goyal mill,Rice,33.9,KG,932.0,Paid
MDM011623,2025-06-22,SCH0003,sharma & sons,Lentils,33.9,KG,1794.0,Pending
MDM010489,2026-02-06,SCH0597,sharma & sons,Wheat,33.9,KG,747.0,Pending
MDM006938,2025-11-26,SCH0539,Kumar Supplies,Rice,33.9,KG,1096.0,Due
MDM007241,2025-05-20,SCH0050,Goyal Rice Mill,Lentils,54.4,KG,4896.0,Pending
MDM009946,2025-11-25,SCH0336,goyal enterprises,mustard oil,28.9,KG,3468.0,Due
MDM010161,2026-01-20,SCH0450,Goyal Rice Mill,Lentils,33.9,KG,1794.0,Pending
MDM002594,2026-02-03,SCH0304,Goyal Rice Mill,atta,15.4,KG,1794.0,Pending
MDM011310,2025-12-09,SCH0366,sharma & sons,Lentils,33.9,KG,1794.0,Pending
MDM002394,2026-01-31,SCH0591,singh agro,cooking oil,33.9,KG,1794.0,Paid
MDM000524,2025-05-28,SCH0022,Kumar General Store,oil,33.9,KG,1794.0,Paid
MDM006377,2025-08-08,SCH0109,goyal enterprises,Wheat,33.9,KG,1794.0,Paid
MDM006982,2026-02-09,SCH0055,Goyal Rice Mill,atta,33.9,KG,1794.0,Pending
MDM006678,2025-08-12,SCH0493,Goyal Rice Mill,Lentils,33.9,KG,1836.0,Due
MDM003901,2025-04-22,SCH0118,goyal mill,oil,36.0,KG,4320.0,Pending
MDM011910,2025-08-15,SCH0036,goyal mill,cooking oil,33.9,KG,2784.0,Pending
MDM005586,2025-10-08,SCH0397,kumar & co.,mustard oil,33.9,KG,2820.0,Paid
MDM011567,2025-04-27,SCH0251,singh agro,Wheat,23.7,KG,711.0,Due
MDM007957,2025-10-06,SCH0528,goyal enterprises,Pulses,33.9,KG,1794.0,Due
MDM007571,2025-11-29,SCH0417,singh agro,mustard oil,33.9,KG,1794.0,Pending
MDM011315,2025-06-07,SCH0134,Goyal Rice Mill,Lentils,33.9,KG,1794.0,Paid
MDM006778,2025-04-16,SCH0547,Sharma Traders,cooking oil,49.5,KG,5940.0,Paid
MDM010162,2025-04-25,SCH0539,Goyal Rice Mill,cooking oil,33.9,KG,6936.0,Paid
MDM000672,2026-03-25,SCH0076,Goyal Rice Mill,Lentils,33.9,KG,3131.0,Paid
MDM004189,2025-09-28,SCH0388,Sharma Traders,Lentils,58.6,KG,1794.0,Cleared
MDM000667,2025-07-28,SCH0131,Sharma Traders,Wheat,33.9,KG,1614.0,Due
MDM003267,2026-01-30,SCH0014,kumar & co.,Rice,33.9,KG,1556.0,Paid
MDM001888,2025-06-19,SCH0172,s. agro works,atta,15.6,KG,468.0,Due
MDM008473,2025-08-23,SCH0213,Goyal Rice Mill,Rice,33.9,KG,1794.0,Due
MDM009912,2025-08-20,SCH0197,Sharma Traders,Wheat,33.9,KG,453.0,Due
MDM011140,2025-04-05,SCH0262,goyal mill,atta,33.9,KG,573.0,Cleared
MDM009092,2026-02-27,SCH0135,Kumar General Store,Lentils,33.9,KG,4356.0,Pending
MDM007688,2026-03-30,SCH0126,sharma & sons,Rice,33.9,KG,540.0,Due
MDM006032,2025-04-07,SCH0275,s. agro works,Wheat,33.9,KG,594.0,Due
MDM006091,2025-10-03,SCH0148,Goyal Rice Mill,oil,33.9,KG,2076.0,Pending
MDM006239,2026-02-22,SCH0549,Singh Brothers,Rice,33.9,KG,1180.0,Paid
MDM007351,2025-12-21,SCH0552,Sharma Traders,oil,33.9,KG,1794.0,Pending
MDM007831,2025-05-27,SCH0051,singh agro,mustard oil,33.9,KG,5148.0,Pending
MDM000761,2025-09-10,SCH0426,goyal mill,cooking oil,33.9,KG,4464.0,Cleared
MDM006255,2025-12-02,SCH0432,singh agro,Lentils,33.9,KG,1794.0,Pending
MDM001907,2025-08-15,SCH0416,Sharma Traders,Lentils,33.9,KG,2313.0,Pending
MDM003819,2025-08-07,SCH0395,s. agro works,Wheat,33.9,KG,1644.0,Paid
MDM006270,2025-02-07,SCH0116,Sharma Traders,Pulses,33.9,KG,1794.0,Cleared
MDM004301,2026-01-15,SCH0381,goyal enterprises,sarson tel,33.9,KG,3240.0,Paid
MDM005570,2025-09-12,SCH0531,Goyal Rice Mill,Lentils,33.9,KG,2808.0,Paid
MDM007942,2025-12-05,SCH0246,goyal mill,Wheat,33.9,KG,1794.0,Due
MDM010786,2025-11-12,SCH0506,Sharma Traders,Pulses,33.9,KG,1794.0,Paid
MDM004165,2025-12-19,SCH0497,Kumar Supplies,Rice,33.9,KG,1580.0,Paid
MDM011224,2026-01-25,SCH0218,Sharma Traders,atta,33.9,KG,528.0,Due
MDM005972,2025-05-31,SCH0254,Singh Brothers,Wheat,33.9,KG,1509.0,Cleared
MDM003580,2025-06-29,SCH0216,Kumar General Store,Wheat,33.9,KG,1794.0,Paid
MDM002833,2026-02-23,SCH0460,singh agro,Lentils,52.1,KG,4689.0,Cleared
MDM005450,2026-03-18,SCH0363,goyal enterprises,Rice,33.9,KG,1388.0,Paid
MDM003473,2025-04-14,SCH0184,s. agro works,oil,33.9,KG,7188.0,Paid
MDM006328,2025-11-04,SCH0144,Goyal Rice Mill,Rice,33.9,KG,2096.0,Pending
MDM000138,2025-10-09,SCH0081,kumar & co.,Lentils,33.9,KG,3726.0,Paid
MDM007044,2026-03-19,SCH0309,sharma & sons,Rice,21.1,KG,844.0,Paid
MDM004893,2025-11-21,SCH0069,Sharma Traders,sarson tel,33.9,KG,5940.0,Due
MDM002181,2025-11-30,SCH0084,goyal mill,Lentils,33.9,KG,1296.0,Paid
MDM010321,2025-11-30,SCH0268,singh agro,Rice,33.9,KG,1794.0,Paid
MDM007731,2025-11-03,SCH0146,Sharma Traders,Rice,33.9,KG,912.0,Paid
MDM003178,2026-02-11,SCH0053,singh agro,Lentils,33.9,KG,2637.0,Paid
MDM004855,2025-01-08,SCH0226,goyal mill,Rice,33.9,KG,1794.0,Paid
MDM004638,2026-02-16,SCH0570,Singh Brothers,Pulses,33.9,KG,2079.0,Paid
MDM005116,2025-09-10,SCH0105,singh agro,Rice,33.9,KG,1794.0,Cleared
MDM011491,2025-05-19,SCH0441,s. agro works,sarson tel,29.1,KG,1794.0,Paid
MDM007649,2025-04-20,SCH0198,Sharma Traders,Wheat,16.5,KG,1794.0,Pending
MDM004262,2026-02-08,SCH0027,goyal enterprises,Lentils,33.9,KG,1323.0,Due
MDM001332,2026-02-26,SCH0297,goyal enterprises,Pulses,33.9,KG,1794.0,Pending
MDM010210,2026-03-03,SCH0031,Kumar General Store,Wheat,33.9,KG,1197.0,Paid
MDM010675,2025-05-15,SCH0539,goyal enterprises,Lentils,33.9,KG,2970.0,Cleared
MDM007003,2025-08-10,SCH0225,singh agro,Wheat,33.9,KG,504.0,Paid
MDM009551,2025-08-31,SCH0518,goyal mill,Rice,33.9,KG,1794.0,Due
MDM006942,2025-04-06,SCH0469,Kumar General Store,atta,33.9,KG,1401.0,Pending
MDM008018,2025-10-26,SCH0310,goyal mill,Wheat,33.9,KG,1794.0,Paid
MDM006242,2025-05-12,SCH0168,Goyal Rice Mill,Rice,33.9,KG,1052.0,Paid
MDM009522,2025-10-30,SCH0194,s. agro works,Pulses,33.9,KG,1794.0,Due
MDM006882,2026-03-12,SCH0536,Singh Brothers,oil,33.9,KG,4608.0,Pending
MDM010343,2025-05-05,SCH0332,Goyal Rice Mill,Rice,33.9,KG,1396.0,Paid
MDM004531,2026-05-01,SCH0527,singh agro,Rice,33.9,KG,2040.0,Paid
MDM010315,2026-03-07,SCH0420,Kumar Supplies,Lentils,33.9,KG,2448.0,Paid
MDM004674,2025-11-26,SCH0465,Singh Brothers,cooking oil,21.3,KG,2556.0,Paid
MDM006997,2026-03-24,SCH0255,Goyal Rice Mill,Wheat,33.9,KG,729.0,Paid
MDM001253,2025-10-04,SCH0112,Goyal Rice Mill,Rice,33.9,KG,1292.0,Paid
MDM011471,2026-02-04,SCH0169,singh agro,Rice,33.9,KG,2316.0,Cleared
MDM003375,2025-06-21,SCH0408,Sharma Traders,Wheat,33.9,KG,1494.0,Pending
MDM002815,2026-03-31,SCH0051,goyal enterprises,Rice,33.9,KG,2032.0,Pending
MDM004720,2026-03-15,SCH0253,goyal enterprises,Lentils,33.9,KG,1794.0,Due
MDM006545,2025-08-25,SCH0477,singh agro,Lentils,38.9,KG,1794.0,Pending
MDM010041,2025-05-22,SCH0595,Sharma Traders,oil,33.9,KG,1344.0,Paid
MDM004859,2026-02-06,SCH0132,Singh Brothers,cooking oil,33.9,KG,1794.0,Due
MDM007902,2025-11-23,SCH0447,sharma & sons,sarson tel,33.9,KG,4128.0,Cleared
MDM011230,2025-05-14,SCH0092,Sharma Traders,oil,33.9,KG,6576.0,Paid
MDM008581,2025-04-16,SCH0422,sharma & sons,Lentils,33.9,KG,1431.0,Pending
MDM008428,2025-10-24,SCH0459,goyal mill,sarson tel,25.4,KG,3048.0,Paid
MDM001078,2025-11-14,SCH0487,Sharma Traders,Rice,33.9,KG,1284.0,Cleared
MDM010177,2025-06-16,SCH0220,Kumar Supplies,Rice,33.9,KG,1794.0,Paid
MDM004364,2025-11-07,SCH0283,singh agro,Rice,33.9,KG,1264.0,Paid
MDM000771,2026-02-12,SCH0484,Kumar Supplies,Rice,33.9,KG,1356.0,Paid
MDM010358,2025-05-07,SCH0333,sharma & sons,Rice,33.9,KG,1794.0,Due
MDM008866,2025-06-18,SCH0080,Sharma Traders,Lentils,33.9,KG,2187.0,Paid
MDM000250,2025-04-24,SCH0038,singh agro,Rice,33.9,KG,1794.0,Paid
MDM009767,2025-04-12,SCH0119,kumar & co.,Lentils,33.9,KG,4842.0,Paid
MDM007240,2025-07-10,SCH0114,Singh Brothers,Lentils,56.8,KG,1794.0,Cleared
MDM003420,2025-06-04,SCH0235,sharma & sons,Rice,33.9,KG,1794.0,Paid
MDM010274,2025-04-07,SCH0412,Kumar Supplies,Pulses,33.9,KG,1794.0,Paid
MDM010016,2025-05-08,SCH0078,s. agro works,Wheat,33.9,KG,513.0,Paid
MDM004977,2025-08-28,SCH0099,Singh Brothers,Lentils,33.9,KG,1794.0,Pending
MDM004545,2025-10-19,SCH0149,sharma & sons,Rice,33.9,KG,488.0,Paid
MDM005566,2025-04-25,SCH0593,kumar & co.,Rice,33.9,KG,1508.0,Due
MDM007940,2025-08-28,SCH0037,Singh Brothers,Lentils,33.9,KG,1476.0,Pending
MDM000717,2026-03-13,SCH0146,Kumar Supplies,mustard oil,58.3,KG,6996.0,Cleared
MDM011933,2025-07-10,SCH0113,s. agro works,Lentils,33.9,KG,1794.0,Due
MDM002049,2026-01-24,SCH0577,singh agro,Pulses,33.9,KG,1737.0,Due
MDM005998,2026-01-06,SCH0442,Kumar Supplies,Rice,33.9,KG,1760.0,Paid
MDM006601,2025-11-27,SCH0254,Sharma Traders,Lentils,33.9,KG,1794.0,Due
MDM007246,2025-12-22,SCH0082,kumar & co.,cooking oil,33.9,KG,3168.0,Due
MDM004179,2025-06-17,SCH0253,Goyal Rice Mill,Rice,33.9,KG,1794.0,Paid
MDM004810,2025-12-17,SCH0218,Singh Brothers,Rice,39.5,KG,1794.0,Cleared
MDM010917,2025-09-12,SCH0358,Kumar General Store,Wheat,59.3,KG,1779.0,Due
MDM011720,2026-01-11,SCH0417,Sharma Traders,Rice,33.9,KG,600.0,Pending
MDM007141,2025-05-02,SCH0159,Sharma Traders,oil,33.9,KG,5424.0,Paid
MDM007191,2025-04-01,SCH0357,Kumar General Store,Lentils,33.9,KG,2457.0,Due
MDM001461,2025-12-27,SCH0287,kumar & co.,Wheat,33.9,KG,1794.0,Paid
MDM005990,2025-07-31,SCH0292,goyal mill,Lentils,33.9,KG,3348.0,Pending
MDM009861,2025-07-16,SCH0128,goyal enterprises,Lentils,33.9,KG,4455.0,Pending
MDM010949,2025-04-17,SCH0550,Kumar Supplies,Rice,33.9,KG,660.0,Pending
MDM002001,2025-11-30,SCH0290,s. agro works,Wheat,33.9,KG,324.0,Cleared
MDM008176,2025-08-01,SCH0203,goyal enterprises,Wheat,33.9,KG,678.0,Paid
MDM000405,2025-08-14,SCH0587,Sharma Traders,Wheat,40.2,KG,1206.0,Pending
MDM000385,2025-07-14,SCH0232,Kumar General Store,sarson tel,33.9,KG,6408.0,Paid
MDM011674,2025-05-26,SCH0231,goyal enterprises,Pulses,33.9,KG,3654.0,Paid
MDM011726,2025-06-23,SCH0426,s. agro works,oil,33.9,KG,5748.0,Pending
MDM010345,2025-07-18,SCH0380,Kumar General Store,Rice,33.9,KG,1794.0,Pending
MDM001634,2025-10-28,SCH0535,singh agro,sarson tel,33.9,KG,1794.0,Cleared
MDM011810,2025-08-02,SCH0068,s. agro works,Rice,27.7,KG,1794.0,Paid
MDM004785,2025-11-24,SCH0201,s. agro works,Lentils,33.9,KG,1794.0,Paid
MDM011687,2025-12-05,SCH0096,Kumar Supplies,Wheat,33.9,KG,1794.0,Cleared
MDM006971,2025-07-08,SCH0536,Sharma Traders,atta,33.9,KG,693.0,Paid
MDM003926,2025-08-04,SCH0425,kumar & co.,sarson tel,33.9,KG,1794.0,Paid
MDM004159,2026-03-12,SCH0089,kumar & co.,mustard oil,33.9,KG,1794.0,Paid
MDM007450,2025-10-06,SCH0022,Kumar General Store,Rice,33.9,KG,1794.0,Pending
MDM008416,2026-02-27,SCH0083,Kumar Supplies,oil,33.9,KG,5892.0,Pending
MDM002194,2025-05-08,SCH0417,Singh Brothers,mustard oil,33.9,KG,1794.0,Paid
MDM011329,2025-04-02,SCH0513,s. agro works,Lentils,26.6,KG,2394.0,Cleared
MDM010017,2025-12-21,SCH0363,Kumar Supplies,Rice,33.9,KG,1794.0,Paid
MDM001016,2025-08-24,SCH0159,Sharma Traders,mustard oil,33.9,KG,5520.0,Cleared
MDM005125,2025-05-27,SCH0025,s. agro works,sarson tel,33.9,KG,2160.0,Paid
MDM007419,2025-07-17,SCH0216,kumar & co.,Rice,33.9,KG,1928.0,Pending
MDM007410,2025-07-09,SCH0352,Goyal Rice Mill,Rice,33.9,KG,1794.0,Paid
MDM008990,2026-01-11,SCH0168,singh agro,oil,25.0,KG,1794.0,Cleared
MDM002872,2026-01-25,SCH0195,Singh Brothers,oil,33.9,KG,2184.0,Paid
MDM000010,2026-02-17,SCH0245,goyal mill,Rice,33.9,KG,1794.0,Due
MDM010137,2025-06-06,SCH0573,goyal mill,Wheat,33.9,KG,513.0,Pending
MDM001839,2025-09-09,SCH0561,Singh Brothers,oil,33.9,KG,6408.0,Paid
MDM004805,2026-11-03,SCH0137,s. agro works,Wheat,46.8,KG,1794.0,Paid
MDM000256,2026-02-22,SCH0042,Goyal Rice Mill,Wheat,33.9,KG,1794.0,Paid
MDM007027,2025-10-10,SCH0309,Sharma Traders,Wheat,33.9,KG,462.0,Pending
MDM005714,2026-02-15,SCH0073,goyal mill,Rice,33.9,KG,1794.0,Paid
MDM003325,2025-07-07,SCH0503,Sharma Traders,Rice,14.4,KG,576.0,Paid
MDM007715,2025-12-18,SCH0054,goyal enterprises,mustard oil,20.2,KG,1794.0,Paid
MDM001582,2026-03-27,SCH0282,Kumar Supplies,Rice,33.9,KG,956.0,Paid
MDM011149,2025-04-24,SCH0208,singh agro,Pulses,33.9,KG,1800.0,Paid
MDM000925,2025-04-25,SCH0045,singh agro,oil,33.9,KG,6576.0,Due
MDM002780,2026-01-24,SCH0083,Goyal Rice Mill,cooking oil,33.9,KG,2364.0,Pending
MDM010701,2026-01-22,SCH0500,Kumar General Store,oil,33.9,KG,4908.0,Due
MDM007892,2025-12-18,SCH0182,sharma & sons,Rice,33.9,KG,1920.0,Paid
MDM006133,2025-08-27,SCH0248,kumar & co.,Wheat,33.9,KG,1554.0,Cleared
MDM005321,2025-05-15,SCH0506,kumar & co.,Pulses,21.0,KG,1890.0,Pending
MDM007313,2026-02-02,SCH0281,s. agro works,sarson tel,33.9,KG,5436.0,Due
MDM007103,2026-11-03,SCH0321,sharma & sons,Rice,33.9,KG,1794.0,Due
MDM006043,2025-06-23,SCH0599,Sharma Traders,Lentils,33.9,KG,3456.0,Pending
MDM003776,2025-01-10,SCH0477,sharma & sons,Rice,33.9,KG,876.0,Pending
MDM004836,2025-10-01,SCH0145,Sharma Traders,Wheat,33.9,KG,1794.0,Paid
MDM004965,2025-06-27,SCH0537,Singh Brothers,Rice,33.9,KG,1972.0,Cleared
MDM010972,2025-11-12,SCH0110,sharma & sons,Wheat,33.9,KG,1794.0,Paid
MDM000540,2026-03-30,SCH0099,singh agro,oil,16.4,KG,1967.0,Paid
MDM007484,2026-01-26,SCH0323,Kumar General Store,Wheat,33.9,KG,1575.0,Pending
MDM002746,2025-05-09,SCH0248,Kumar Supplies,cooking oil,33.9,KG,6600.0,Pending
MDM003720,2025-09-11,SCH0107,kumar & co.,cooking oil,33.9,KG,7032.0,Pending
MDM006820,2026-01-16,SCH0541,Singh Brothers,Lentils,33.9,KG,1794.0,Paid
MDM009338,2025-10-11,SCH0297,goyal mill,mustard oil,33.9,KG,2016.0,Pending
MDM004469,2026-01-17,SCH0413,Kumar General Store,Lentils,33.9,KG,2853.0,Paid
MDM000668,2025-08-04,SCH0369,Kumar General Store,Rice,33.9,KG,1132.0,Cleared
MDM007576,2025-04-14,SCH0208,Goyal Rice Mill,Rice,33.9,KG,1736.0,Paid
MDM011212,2025-08-09,SCH0467,singh agro,Wheat,33.9,KG,894.0,Paid
MDM008550,2025-11-18,SCH0418,goyal enterprises,Wheat,33.9,KG,435.0,Paid
MDM005064,2026-03-11,SCH0106,Kumar Supplies,Wheat,36.6,KG,1098.0,Cleared
MDM011024,2025-04-10,SCH0414,singh agro,atta,33.9,KG,1794.0,Paid
MDM010976,2026-03-01,SCH0032,sharma & sons,atta,33.9,KG,1449.0,Cleared
MDM001354,2026-02-27,SCH0344,sharma & sons,Rice,33.9,KG,1794.0,Paid
MDM007115,2025-10-16,SCH0257,Singh Brothers,Lentils,33.9,KG,1098.0,Paid
MDM008663,2026-02-26,SCH0099,kumar & co.,Pulses,33.9,KG,1341.0,Cleared
MDM002704,2025-12-20,SCH0371,s. agro works,sarson tel,33.9,KG,6432.0,Pending
MDM003331,2025-09-25,SCH0283,sharma & sons,oil,33.9,KG,6228.0,Paid
MDM008054,2025-12-12,SCH0189,Sharma Traders,Wheat,39.3,KG,1794.0,Due
MDM009589,2025-05-24,SCH0344,sharma & sons,Wheat,33.9,KG,1578.0,Due
MDM003585,2025-02-07,SCH0216,Sharma Traders,Lentils,33.9,KG,1794.0,Pending
MDM011666,2025-04-01,SCH0215,singh agro,Wheat,37.9,KG,1794.0,Paid
MDM005646,2025-09-02,SCH0215,Goyal Rice Mill,Lentils,12.6,KG,1794.0,Due
MDM003377,2025-07-25,SCH0135,goyal mill,Wheat,33.9,KG,1143.0,Pending
MDM001257,2025-06-21,SCH0041,s. agro works,Wheat,33.9,KG,1716.0,Pending
MDM006191,2025-11-10,SCH0019,Kumar General Store,sarson tel,33.9,KG,4620.0,Paid
MDM009443,2025-07-23,SCH0475,goyal mill,Rice,33.9,KG,2292.0,Pending
MDM005349,2025-05-19,SCH0220,kumar & co.,Wheat,20.9,KG,1794.0,Paid
MDM011004,2025-12-17,SCH0293,kumar & co.,Lentils,33.9,KG,1026.0,Due
MDM011477,2025-11-29,SCH0070,kumar & co.,Wheat,33.9,KG,1794.0,Pending
MDM011126,2026-01-03,SCH0387,Goyal Rice Mill,Lentils,33.9,KG,1794.0,Paid
MDM004176,2025-08-13,SCH0234,s. agro works,mustard oil,33.9,KG,6228.0,Pending
MDM004911,2025-07-12,SCH0458,Goyal Rice Mill,Rice,33.9,KG,1508.0,Cleared
MDM001853,2025-05-02,SCH0115,Sharma Traders,Lentils,33.9,KG,1161.0,Pending
MDM006317,2025-09-21,SCH0363,sharma & sons,Lentils,33.9,KG,4068.0,Paid
MDM002106,2025-12-03,SCH0474,Sharma Traders,Lentils,33.9,KG,1368.0,Cleared
MDM000134,2026-03-12,SCH0473,singh agro,mustard oil,33.2,KG,1794.0,Pending
MDM005030,2025-08-17,SCH0039,kumar & co.,oil,33.9,KG,6264.0,Pending
MDM000929,2025-12-28,SCH0418,singh agro,oil,33.9,KG,3096.0,Paid
MDM000824,2025-07-16,SCH0254,singh agro,atta,33.9,KG,1353.0,Paid
MDM007577,2026-02-11,SCH0382,goyal enterprises,Rice,33.9,KG,2316.0,Pending
MDM011633,2026-03-15,SCH0338,Singh Brothers,cooking oil,33.9,KG,4440.0,Cleared
MDM001532,2025-08-27,SCH0328,Kumar Supplies,Wheat,23.0,KG,690.0,Pending
MDM001215,2026-01-13,SCH0497,Goyal Rice Mill,Wheat,36.4,KG,1092.0,Due
MDM000505,2026-02-12,SCH0045,s. agro works,Wheat,33.9,KG,729.0,Paid
MDM010189,2025-10-21,SCH0340,Kumar Supplies,Pulses,33.9,KG,1794.0,Cleared
MDM006531,2025-04-19,SCH0489,Kumar Supplies,Rice,33.9,KG,1794.0,Due
MDM003073,2025-11-20,SCH0544,Singh Brothers,Wheat,33.9,KG,678.0,Paid
MDM010151,2025-12-20,SCH0585,sharma & sons,Wheat,33.9,KG,591.0,Cleared
MDM009577,2025-12-04,SCH0440,Goyal Rice Mill,Rice,33.9,KG,1540.0,Pending
MDM009087,2025-04-26,SCH0560,goyal enterprises,Rice,33.9,KG,1008.0,Cleared
MDM008648,2026-01-27,SCH0489,goyal enterprises,Lentils,10.8,KG,972.0,Paid
MDM006620,2025-06-29,SCH0102,goyal mill,Pulses,21.7,KG,1953.0,Due
MDM009274,2025-05-05,SCH0022,singh agro,Lentils,33.9,KG,2565.0,Paid
MDM003710,2026-02-03,SCH0424,Kumar Supplies,Rice,34.7,KG,1388.0,Pending
MDM011850,2025-04-01,SCH0114,kumar & co.,Wheat,33.9,KG,1020.0,Paid
MDM004850,2025-10-16,SCH0438,Sharma Traders,atta,33.9,KG,1794.0,Cleared
MDM004749,2025-12-03,SCH0033,sharma & sons,Rice,33.9,KG,1794.0,Pending
MDM004269,2025-11-14,SCH0418,singh agro,oil,33.9,KG,3888.0,Paid
MDM008906,2025-09-21,SCH0004,Sharma Traders,Wheat,33.9,KG,1794.0,Paid
MDM004187,2025-04-15,SCH0210,sharma & sons,Rice,33.9,KG,1794.0,Paid
MDM010407,2025-10-12,SCH0292,Kumar General Store,Rice,33.9,KG,1216.0,Paid
MDM005302,2026-01-14,SCH0475,Goyal Rice Mill,Rice,20.2,KG,1794.0,Paid
MDM002924,2025-12-04,SCH0155,sharma & sons,sarson tel,30.3,KG,3636.0,Pending
MDM006589,2025-11-02,SCH0111,Kumar General Store,Wheat,33.9,KG,381.0,Paid
MDM001811,2026-01-14,SCH0464,Kumar Supplies,Wheat,33.9,KG,1221.0,Paid
MDM003487,2025-04-28,SCH0427,goyal enterprises,mustard oil,33.9,KG,1794.0,Paid
MDM007420,2025-10-29,SCH0371,Sharma Traders,Rice,42.5,KG,1700.0,Paid
MDM003142,2025-04-12,SCH0580,Sharma Traders,Rice,33.9,KG,780.0,Paid
MDM010020,2025-09-02,SCH0334,kumar & co.,Rice,33.9,KG,592.0,Cleared
MDM009348,2025-09-08,SCH0500,sharma & sons,Wheat,33.9,KG,1794.0,Paid
MDM001325,2025-07-03,SCH0089,goyal enterprises,Rice,33.9,KG,1984.0,Pending
MDM004313,2025-12-10,SCH0493,Goyal Rice Mill,mustard oil,33.9,KG,7152.0,Due
MDM007495,2025-04-17,SCH0033,singh agro,sarson tel,33.9,KG,2352.0,Pending
MDM008703,2025-05-24,SCH0179,Singh Brothers,Wheat,33.9,KG,591.0,Paid
MDM009873,2025-09-29,SCH0387,Goyal Rice Mill,Pulses,33.9,KG,4752.0,Paid
MDM008692,2025-08-23,SCH0261,Kumar General Store,Rice,33.9,KG,2060.0,Pending
MDM011744,2025-10-08,SCH0536,Kumar General Store,atta,33.9,KG,1794.0,Paid
MDM010049,2026-01-20,SCH0046,Singh Brothers,Rice,33.9,KG,1400.0,Paid
MDM009581,2025-08-26,SCH0100,sharma & sons,oil,33.9,KG,1794.0,Due
MDM010579,2025-12-09,SCH0202,Kumar Supplies,Rice,33.9,KG,2036.0,Pending
MDM005542,2025-12-01,SCH0159,Singh Brothers,mustard oil,32.4,KG,3888.0,Cleared
MDM011429,2026-02-19,SCH0062,Sharma Traders,Rice,33.9,KG,1152.0,Pending
MDM006173,2025-07-21,SCH0392,Goyal Rice Mill,sarson tel,33.9,KG,6348.0,Pending
MDM001541,2025-10-05,SCH0105,goyal mill,sarson tel,33.9,KG,2040.0,Pending
MDM009410,2025-12-31,SCH0553,Singh Brothers,cooking oil,33.9,KG,1794.0,Paid
MDM002682,2025-06-24,SCH0199,Goyal Rice Mill,mustard oil,33.9,KG,6024.0,Paid
MDM011186,2025-08-21,SCH0080,Sharma Traders,Wheat,33.9,KG,1125.0,Paid
MDM006314,2025-07-26,SCH0371,Kumar Supplies,Wheat,33.9,KG,1149.0,Cleared
MDM001192,2025-10-20,SCH0342,goyal mill,atta,33.9,KG,696.0,Paid
MDM005294,2026-02-24,SCH0460,kumar & co.,Lentils,19.6,KG,1794.0,Paid
MDM001543,2025-04-15,SCH0006,s. agro works,Wheat,33.9,KG,1278.0,Paid
MDM011494,2025-12-29,SCH0053,Sharma Traders,Wheat,33.9,KG,393.0,Paid
MDM011517,2025-06-27,SCH0209,Kumar General Store,atta,33.9,KG,1794.0,Pending
MDM007057,2025-08-07,SCH0557,Kumar General Store,oil,33.9,KG,1794.0,Cleared
MDM002540,2025-07-30,SCH0369,Kumar Supplies,Lentils,33.9,KG,1368.0,Paid
MDM000954,2026-02-26,SCH0427,Kumar Supplies,Rice,43.7,KG,1794.0,Due
MDM007242,2025-04-03,SCH0519,Kumar General Store,mustard oil,33.9,KG,2724.0,Paid
MDM006732,2026-01-12,SCH0463,goyal enterprises,Wheat,33.9,KG,1689.0,Pending
MDM004847,2026-03-31,SCH0057,singh agro,Lentils,33.9,KG,1794.0,Paid
MDM006802,2025-07-21,SCH0025,Kumar Supplies,Rice,33.9,KG,2236.0,Paid
MDM008011,2025-07-07,SCH0279,Goyal Rice Mill,Wheat,33.9,KG,1794.0,Paid
MDM004331,2025-08-05,SCH0046,Kumar General Store,cooking oil,33.9,KG,4884.0,Paid
MDM008925,2025-07-17,SCH0569,Sharma Traders,Lentils,33.9,KG,1794.0,Cleared
MDM005335,2025-04-01,SCH0053,sharma & sons,Wheat,41.4,KG,1242.0,Paid
MDM007331,2025-05-16,SCH0476,goyal enterprises,oil,33.9,KG,2316.0,Pending
MDM009349,2025-05-31,SCH0352,Sharma Traders,Wheat,33.9,KG,1401.0,Pending
MDM004730,2025-05-18,SCH0211,Sharma Traders,Wheat,33.9,KG,1608.0,Paid
MDM011487,2025-11-14,SCH0139,s. agro works,Rice,33.9,KG,596.0,Paid
MDM006542,2026-01-20,SCH0595,Singh Brothers,Lentils,33.9,KG,2826.0,Paid
MDM011175,2025-04-05,SCH0416,Sharma Traders,Lentils,33.9,KG,1794.0,Due
MDM005306,2025-12-30,SCH0584,Singh Brothers,Rice,33.9,KG,1768.0,Paid
MDM005162,2026-03-20,SCH0142,Sharma Traders,Rice,42.3,KG,1692.0,Pending
MDM007861,2025-09-02,SCH0387,goyal mill,Rice,33.9,KG,828.0,Cleared
MDM002157,2025-12-29,SCH0308,goyal mill,Wheat,33.9,KG,1794.0,Pending
MDM001063,2025-07-08,SCH0525,sharma & sons,mustard oil,33.9,KG,1794.0,Paid
MDM010809,2025-07-22,SCH0341,kumar & co.,Lentils,33.9,KG,1161.0,Paid
MDM001168,2025-12-01,SCH0584,singh agro,Pulses,39.5,KG,3555.0,Pending
MDM011415,2026-02-05,SCH0185,Sharma Traders,sarson tel,33.9,KG,4368.0,Pending
MDM003637,2026-02-07,SCH0440,goyal enterprises,Rice,33.9,KG,684.0,Pending
MDM007652,2025-08-07,SCH0064,Sharma Traders,Rice,10.9,KG,436.0,Paid
MDM005589,2025-09-18,SCH0592,kumar & co.,Rice,33.9,KG,832.0,Paid
MDM011131,2025-09-12,SCH0461,Goyal Rice Mill,Pulses,33.9,KG,3528.0,Paid
MDM007193,2026-02-20,SCH0563,Sharma Traders,Rice,33.9,KG,848.0,Paid
MDM004492,2025-05-02,SCH0003,Goyal Rice Mill,Wheat,33.9,KG,1794.0,Pending
MDM007267,2025-04-29,SCH0304,kumar & co.,Rice,33.9,KG,1876.0,Paid
MDM011333,2026-01-17,SCH0038,Kumar General Store,Rice,33.9,KG,2392.0,Cleared
MDM004981,2026-03-11,SCH0262,Kumar General Store,cooking oil,33.9,KG,3732.0,Paid
MDM008336,2026-03-20,SCH0313,sharma & sons,Rice,33.9,KG,2140.0,Cleared
MDM004947,2025-05-27,SCH0481,Goyal Rice Mill,mustard oil,33.9,KG,1794.0,Due
MDM002783,2026-01-12,SCH0187,s. agro works,Wheat,33.9,KG,1794.0,Pending
MDM000718,2025-07-22,SCH0593,sharma & sons,Wheat,33.9,KG,1062.0,Paid
MDM010012,2025-07-06,SCH0448,Kumar Supplies,sarson tel,33.9,KG,1794.0,Paid
MDM002503,2025-04-14,SCH0303,kumar & co.,Wheat,33.9,KG,480.0,Due
MDM004361,2025-04-28,SCH0249,Sharma Traders,Lentils,33.9,KG,3762.0,Due
MDM004172,2025-06-17,SCH0215,Singh Brothers,Wheat,33.9,KG,1794.0,Pending
MDM008083,2026-03-24,SCH0548,Kumar General Store,Wheat,33.9,KG,369.0,Due
MDM000396,2025-11-20,SCH0314,Kumar General Store,Wheat,33.9,KG,816.0,Paid
MDM007187,2025-04-05,SCH0598,sharma & sons,Rice,52.5,KG,2100.0,Pending
MDM004493,2025-10-29,SCH0412,kumar & co.,Wheat,33.9,KG,1794.0,Paid
MDM001366,2025-09-11,SCH0569,kumar & co.,Rice,33.9,KG,1794.0,Cleared
MDM011772,2025-04-24,SCH0155,s. agro works,Pulses,33.9,KG,1794.0,Pending
MDM008788,2025-06-23,SCH0335,goyal mill,oil,33.9,KG,6780.0,Paid
MDM005918,2025-06-19,SCH0487,goyal enterprises,atta,33.9,KG,549.0,Paid
MDM004969,2025-04-22,SCH0140,goyal mill,Pulses,33.9,KG,3105.0,Paid
MDM002915,2025-09-05,SCH0010,kumar & co.,Wheat,33.9,KG,1794.0,Pending
MDM010519,2025-10-26,SCH0034,Kumar General Store,Lentils,33.9,KG,2088.0,Paid
MDM005645,2025-09-26,SCH0259,singh agro,mustard oil,33.9,KG,2088.0,Paid
MDM003767,2025-04-17,SCH0268,Sharma Traders,Rice,34.1,KG,1794.0,Paid
MDM003441,2025-12-14,SCH0392,Kumar Supplies,Rice,33.9,KG,1904.0,Pending
MDM007358,2026-02-25,SCH0343,sharma & sons,Lentils,33.9,KG,5184.0,Pending
MDM006807,2025-04-04,SCH0227,Kumar General Store,oil,33.9,KG,7116.0,Cleared
MDM009880,2025-09-18,SCH0247,Kumar Supplies,Wheat,33.9,KG,1794.0,Due
MDM002144,2025-11-12,SCH0133,s. agro works,Rice,33.9,KG,1794.0,Cleared
MDM005105,2025-11-09,SCH0543,Kumar Supplies,Lentils,33.9,KG,1386.0,Cleared
MDM005074,2025-09-12,SCH0472,Kumar Supplies,Rice,33.9,KG,1794.0,Pending
MDM001572,2025-08-13,SCH0399,Sharma Traders,Rice,17.5,KG,700.0,Pending
MDM004080,2025-07-02,SCH0029,goyal mill,cooking oil,33.9,KG,5004.0,Paid
MDM001123,2026-03-03,SCH0088,sharma & sons,Pulses,23.3,KG,1794.0,Due
MDM002787,2025-10-09,SCH0388,Kumar Supplies,atta,33.9,KG,1794.0,Paid
MDM002968,2026-03-27,SCH0418,sharma & sons,mustard oil,33.9,KG,6228.0,Paid
MDM002505,2025-07-23,SCH0005,Goyal Rice Mill,Rice,33.9,KG,1794.0,Paid
MDM005989,2026-03-16,SCH0311,singh agro,sarson tel,33.9,KG,1794.0,Paid
MDM011658,2026-01-04,SCH0245,goyal enterprises,Rice,33.9,KG,1456.0,Pending
MDM008868,2025-09-26,SCH0339,kumar & co.,sarson tel,33.9,KG,1794.0,Paid
MDM011001,2025-04-08,SCH0093,singh agro,Rice,33.9,KG,1516.0,Paid
MDM007165,2026-01-13,SCH0059,Sharma Traders,Lentils,33.9,KG,1794.0,Paid
MDM000729,2025-10-03,SCH0073,Sharma Traders,Rice,33.9,KG,1732.0,Due
MDM007588,2025-06-10,SCH0437,goyal enterprises,Lentils,33.9,KG,2907.0,Paid
MDM007544,2026-01-01,SCH0030,singh agro,Rice,33.9,KG,2344.0,Paid
MDM000413,2026-03-31,SCH0559,Kumar General Store,Rice,33.9,KG,2100.0,Pending
MDM011339,2025-11-19,SCH0467,s. agro works,atta,33.9,KG,1461.0,Cleared
MDM009709,2025-07-08,SCH0176,goyal mill,Rice,33.9,KG,1794.0,Paid
MDM005746,2025-11-20,SCH0583,goyal mill,Rice,33.9,KG,2360.0,Cleared
MDM007669,2025-08-18,SCH0430,kumar & co.,Rice,33.9,KG,432.0,Paid
MDM000826,2025-10-01,SCH0486,s. agro works,Wheat,33.9,KG,720.0,Pending
MDM003268,2026-01-31,SCH0107,Sharma Traders,sarson tel,33.9,KG,4704.0,Cleared
MDM003975,2025-12-21,SCH0273,Sharma Traders,atta,33.9,KG,951.0,Pending
MDM008809,2025-04-14,SCH0152,Singh Brothers,Wheat,33.9,KG,1485.0,Paid
MDM008307,2025-09-02,SCH0112,kumar & co.,Lentils,33.9,KG,3555.0,Pending
MDM000418,2025-04-09,SCH0442,Sharma Traders,cooking oil,33.9,KG,1794.0,Cleared
MDM011262,2026-01-14,SCH0266,s. agro works,Lentils,33.9,KG,3726.0,Paid
MDM009818,2026-03-04,SCH0566,Sharma Traders,Rice,33.9,KG,1608.0,Cleared
MDM006749,2025-05-12,SCH0521,singh agro,Wheat,53.5,KG,1605.0,Due
MDM008968,2025-05-23,SCH0203,goyal enterprises,Lentils,57.4,KG,5166.0,Paid
MDM011089,2026-01-29,SCH0496,Goyal Rice Mill,Wheat,33.9,KG,591.0,Pending
MDM011922,2025-10-26,SCH0478,kumar & co.,Rice,33.9,KG,1500.0,Paid
MDM002083,2025-05-06,SCH0346,Kumar Supplies,Wheat,33.9,KG,1254.0,Paid
MDM008946,2026-03-23,SCH0315,Singh Brothers,Rice,33.9,KG,2016.0,Paid
MDM010739,2025-09-23,SCH0144,goyal mill,Rice,33.9,KG,936.0,Paid
MDM003374,2026-01-20,SCH0203,kumar & co.,atta,33.9,KG,1338.0,Pending
MDM005727,2025-10-17,SCH0200,Goyal Rice Mill,mustard oil,18.8,KG,2256.0,Due
MDM004108,2025-08-30,SCH0430,Kumar Supplies,Pulses,33.9,KG,5328.0,Pending
MDM010637,2026-03-18,SCH0029,Sharma Traders,sarson tel,33.9,KG,4308.0,Due
MDM004381,2025-09-22,SCH0253,Sharma Traders,Rice,33.9,KG,2184.0,Cleared
MDM007724,2025-06-04,SCH0305,Singh Brothers,Lentils,33.9,KG,1794.0,Cleared
MDM001067,2025-08-22,SCH0312,s. agro works,Pulses,33.9,KG,1794.0,Paid
MDM003914,2025-08-01,SCH0180,goyal enterprises,Rice,33.9,KG,648.0,Paid
MDM005537,2025-06-03,SCH0331,goyal enterprises,Wheat,33.9,KG,1443.0,Paid
MDM008003,2025-08-18,SCH0202,s. agro works,Pulses,33.9,KG,2313.0,Cleared
MDM005388,2026-01-29,SCH0298,Kumar General Store,Lentils,33.9,KG,1794.0,Paid
MDM005733,2025-06-19,SCH0502,Kumar General Store,Wheat,33.9,KG,1149.0,Paid
MDM002739,2025-08-13,SCH0145,Kumar Supplies,Rice,33.9,KG,1794.0,Paid
MDM005053,2025-06-01,SCH0442,kumar & co.,oil,33.9,KG,6336.0,Cleared
MDM004001,2025-11-02,SCH0163,Sharma Traders,Rice,33.9,KG,1672.0,Due
MDM009761,2025-06-01,SCH0494,Kumar General Store,Rice,33.9,KG,1440.0,Paid
MDM002428,2025-04-15,SCH0069,s. agro works,cooking oil,33.9,KG,1794.0,Pending
MDM006834,2025-04-29,SCH0053,s. agro works,Wheat,33.9,KG,1275.0,Paid
MDM010124,2026-02-18,SCH0499,goyal enterprises,Rice,33.9,KG,1794.0,Pending
MDM001688,2025-07-24,SCH0591,Goyal Rice Mill,cooking oil,15.7,KG,1884.0,Due
MDM000852,2025-08-11,SCH0469,singh agro,Wheat,33.9,KG,327.0,Paid
MDM011739,2025-09-06,SCH0103,s. agro works,sarson tel,33.9,KG,1794.0,Cleared
MDM006304,2026-01-25,SCH0020,Singh Brothers,oil,33.9,KG,1794.0,Pending
MDM009088,2026-01-24,SCH0404,goyal enterprises,Rice,33.9,KG,1794.0,Paid
MDM005879,2025-08-15,SCH0490,kumar & co.,Pulses,33.9,KG,2313.0,Pending
MDM008528,2025-05-27,SCH0596,sharma & sons,Rice,33.9,KG,836.0,Paid
MDM002840,2025-11-20,SCH0194,goyal enterprises,oil,33.9,KG,4284.0,Paid
MDM011280,2025-09-17,SCH0368,Sharma Traders,Pulses,33.9,KG,3330.0,Pending
MDM004612,2025-12-24,SCH0420,Singh Brothers,Rice,48.7,KG,1794.0,Cleared
MDM009541,2025-12-17,SCH0016,Goyal Rice Mill,Wheat,33.9,KG,1473.0,Paid
MDM009208,2026-01-31,SCH0122,singh agro,mustard oil,33.9,KG,1794.0,Paid
MDM011009,2026-01-08,SCH0542,Sharma Traders,mustard oil,33.9,KG,1794.0,Cleared
MDM009824,2025-12-11,SCH0583,Kumar General Store,Rice,33.9,KG,864.0,Pending
MDM002490,2025-10-24,SCH0080,sharma & sons,cooking oil,33.9,KG,1794.0,Pending
MDM006906,2026-02-24,SCH0020,Kumar General Store,cooking oil,58.8,KG,1794.0,Pending
MDM007391,2025-07-28,SCH0133,Kumar General Store,sarson tel,33.9,KG,1428.0,Pending
MDM011444,2025-08-11,SCH0494,Sharma Traders,Lentils,33.9,KG,1737.0,Paid
MDM002850,2026-03-29,SCH0065,sharma & sons,Rice,33.9,KG,480.0,Pending
MDM006666,2025-12-25,SCH0535,s. agro works,sarson tel,33.9,KG,3288.0,Paid
MDM005882,2025-11-24,SCH0233,Goyal Rice Mill,Wheat,33.9,KG,1791.0,Pending
MDM010263,2025-05-11,SCH0155,s. agro works,Lentils,33.9,KG,3384.0,Pending
MDM004453,2026-01-17,SCH0528,Sharma Traders,Lentils,33.9,KG,3366.0,Cleared
MDM009950,2025-11-06,SCH0133,Sharma Traders,Lentils,33.9,KG,1794.0,Cleared
MDM007422,2025-07-26,SCH0136,kumar & co.,Wheat,33.9,KG,771.0,Pending
MDM009828,2026-03-01,SCH0272,sharma & sons,Rice,33.9,KG,564.0,Pending
MDM006485,2025-04-08,SCH0217,Sharma Traders,mustard oil,33.9,KG,2904.0,Cleared
MDM002480,2025-06-18,SCH0149,s. agro works,Rice,33.9,KG,1520.0,Due
MDM006618,2025-10-30,SCH0417,Goyal Rice Mill,Rice,33.9,KG,1794.0,Cleared
MDM010458,2025-04-29,SCH0047,s. agro works,Pulses,33.9,KG,1794.0,Paid
MDM011152,2025-04-10,SCH0404,sharma & sons,Lentils,40.0,KG,3600.0,Cleared
MDM011252,2025-08-13,SCH0115,Singh Brothers,atta,34.9,KG,1047.0,Pending
MDM002142,2025-04-27,SCH0298,kumar & co.,Rice,33.9,KG,920.0,Paid
MDM011311,2025-10-21,SCH0359,Kumar Supplies,cooking oil,30.2,KG,1794.0,Paid
MDM005189,2025-09-16,SCH0114,Sharma Traders,atta,33.9,KG,948.0,Pending
MDM011993,2025-04-03,SCH0523,kumar & co.,Lentils,33.9,KG,5346.0,Cleared
MDM011549,2025-07-14,SCH0389,singh agro,Wheat,22.2,KG,666.0,Due
MDM002745,2026-01-28,SCH0268,Kumar Supplies,Lentils,33.9,KG,3024.0,Cleared
MDM007254,2025-12-08,SCH0411,Singh Brothers,Wheat,33.9,KG,855.0,Pending
MDM003507,2026-03-03,SCH0495,Sharma Traders,oil,33.9,KG,3708.0,Due
MDM001680,2025-09-28,SCH0143,goyal enterprises,Lentils,33.9,KG,3015.0,Cleared
MDM004250,2025-11-05,SCH0308,Sharma Traders,cooking oil,33.9,KG,2856.0,Paid
MDM003148,2025-06-06,SCH0319,Goyal Rice Mill,Rice,33.9,KG,1760.0,Pending
MDM008131,2025-04-25,SCH0214,Sharma Traders,Lentils,33.9,KG,1794.0,Paid
MDM010487,2026-01-11,SCH0031,goyal mill,Rice,33.9,KG,444.0,Pending
MDM007005,2025-09-04,SCH0075,sharma & sons,Pulses,33.9,KG,2142.0,Pending
MDM000581,2026-01-28,SCH0073,Goyal Rice Mill,atta,33.9,KG,1794.0,Due
MDM009663,2025-06-24,SCH0417,Kumar General Store,Rice,33.9,KG,1500.0,Pending
MDM004071,2026-01-27,SCH0214,Kumar General Store,sarson tel,33.9,KG,1794.0,Pending
MDM003344,2025-06-25,SCH0565,Goyal Rice Mill,Wheat,33.9,KG,1794.0,Paid
MDM007405,2025-04-05,SCH0090,kumar & co.,Wheat,25.9,KG,777.0,Paid
MDM003673,2025-10-18,SCH0134,goyal enterprises,sarson tel,33.9,KG,1794.0,Paid
MDM000560,2025-05-19,SCH0279,goyal mill,Lentils,33.9,KG,1794.0,Pending
MDM005238,2025-11-15,SCH0306,Kumar General Store,Rice,50.5,KG,2020.0,Paid
MDM007806,2025-11-04,SCH0453,s. agro works,cooking oil,33.9,KG,5112.0,Paid
MDM011042,2026-03-02,SCH0343,s. agro works,Lentils,33.9,KG,1794.0,Paid
MDM000513,2025-08-12,SCH0048,s. agro works,Pulses,33.9,KG,1794.0,Paid
MDM001082,2025-08-24,SCH0482,singh agro,Wheat,18.7,KG,561.0,Paid
MDM001665,2025-11-26,SCH0533,singh agro,Lentils,33.9,KG,1794.0,Paid
MDM009205,2025-10-14,SCH0476,sharma & sons,Wheat,33.9,KG,1794.0,Pending
MDM001932,2025-05-25,SCH0182,goyal enterprises,Pulses,33.9,KG,1794.0,Cleared
MDM011948,2025-12-02,SCH0048,Kumar Supplies,Rice,33.9,KG,480.0,Cleared
MDM001151,2025-07-12,SCH0600,Goyal Rice Mill,Wheat,33.9,KG,612.0,Paid
MDM002839,2025-04-20,SCH0268,goyal enterprises,Wheat,33.9,KG,624.0,Paid
MDM005950,2025-07-04,SCH0283,goyal mill,Wheat,33.9,KG,1203.0,Paid
MDM008309,2025-08-15,SCH0313,Sharma Traders,Pulses,33.9,KG,2268.0,Cleared
MDM008933,2025-10-26,SCH0295,Sharma Traders,Wheat,43.5,KG,1305.0,Paid
MDM005178,2025-07-06,SCH0182,Singh Brothers,Lentils,33.9,KG,3267.0,Pending
MDM011868,2025-04-09,SCH0486,Kumar General Store,mustard oil,22.8,KG,2736.0,Paid
MDM000831,2026-04-02,SCH0081,Singh Brothers,Lentils,54.8,KG,1794.0,Due
MDM008312,2025-10-31,SCH0172,Singh Brothers,Wheat,29.1,KG,1794.0,Pending
MDM004753,2026-03-16,SCH0248,goyal enterprises,Rice,33.9,KG,1794.0,Cleared
MDM000636,2025-12-01,SCH0036,Singh Brothers,Lentils,33.9,KG,3627.0,Due
MDM004466,2025-09-02,SCH0295,Kumar General Store,Rice,33.9,KG,2048.0,Due
MDM006800,2025-12-19,SCH0233,singh agro,Lentils,54.2,KG,4878.0,Paid
MDM007988,2025-04-02,SCH0592,Singh Brothers,Lentils,33.9,KG,1692.0,Pending
MDM007080,2025-07-29,SCH0352,Goyal Rice Mill,Rice,33.9,KG,480.0,Due
MDM006967,2025-11-04,SCH0333,sharma & sons,mustard oil,30.5,KG,1794.0,Paid
MDM004143,2025-12-24,SCH0196,singh agro,oil,57.3,KG,6876.0,Paid
MDM007028,2025-05-15,SCH0568,Sharma Traders,Lentils,33.9,KG,1794.0,Cleared
MDM009184,2025-05-07,SCH0050,Sharma Traders,atta,33.9,KG,1389.0,Cleared
MDM000877,2025-05-06,SCH0321,goyal enterprises,Lentils,42.0,KG,1794.0,Due
MDM004870,2025-09-08,SCH0084,Sharma Traders,Rice,33.9,KG,1794.0,Cleared
MDM005316,2025-06-19,SCH0433,kumar & co.,Pulses,33.9,KG,1794.0,Paid
MDM005223,2026-02-27,SCH0354,Kumar Supplies,Wheat,33.9,KG,1794.0,Pending
MDM000005,2026-02-04,SCH0342,Goyal Rice Mill,mustard oil,33.9,KG,3744.0,Pending
MDM003052,2025-07-30,SCH0025,singh agro,Rice,33.9,KG,1700.0,Paid
MDM005692,2025-06-20,SCH0499,goyal mill,Lentils,33.9,KG,3537.0,Paid
MDM003125,2025-12-14,SCH0278,Sharma Traders,sarson tel,33.9,KG,1794.0,Paid
MDM010853,2025-10-01,SCH0405,goyal mill,Lentils,33.9,KG,1512.0,Cleared
MDM002492,2025-08-14,SCH0405,goyal mill,Wheat,33.9,KG,1794.0,Paid
MDM003855,2025-05-03,SCH0330,sharma & sons,atta,33.9,KG,1794.0,Pending
MDM004778,2026-03-08,SCH0427,Kumar General Store,mustard oil,33.9,KG,4500.0,Paid
MDM009908,2025-05-09,SCH0048,Sharma Traders,mustard oil,33.9,KG,3420.0,Paid
MDM007510,2025-10-12,SCH0232,s. agro works,sarson tel,42.9,KG,1794.0,Paid
MDM006458,2025-04-04,SCH0305,s. agro works,oil,33.9,KG,1794.0,Due
MDM006294,2025-04-07,SCH0111,Goyal Rice Mill,Lentils,33.9,KG,1794.0,Paid
MDM001149,2026-03-05,SCH0383,Singh Brothers,Lentils,33.9,KG,1794.0,Due
MDM011454,2025-05-13,SCH0068,singh agro,oil,33.9,KG,3240.0,Paid
MDM000575,2025-04-24,SCH0420,Singh Brothers,Rice,36.4,KG,1794.0,Pending
MDM003770,2025-12-08,SCH0354,Sharma Traders,cooking oil,33.9,KG,1794.0,Cleared
MDM004147,2026-03-05,SCH0527,s. agro works,Lentils,31.8,KG,2862.0,Cleared
MDM000854,2025-09-17,SCH0540,s. agro works,Lentils,33.9,KG,1794.0,Paid
MDM010175,2025-12-23,SCH0245,s. agro works,Lentils,33.9,KG,1794.0,Due
MDM010967,2026-02-06,SCH0184,Singh Brothers,Wheat,33.9,KG,1794.0,Pending
MDM005920,2025-07-16,SCH0539,goyal enterprises,cooking oil,33.9,KG,1794.0,Pending
MDM009359,2025-06-24,SCH0365,Singh Brothers,Lentils,33.9,KG,1794.0,Paid
MDM006615,2025-04-12,SCH0242,Singh Brothers,sarson tel,33.9,KG,5664.0,Cleared
MDM006003,2025-10-20,SCH0044,Sharma Traders,Rice,45.5,KG,1794.0,Pending
MDM009164,2026-02-16,SCH0455,Kumar Supplies,Wheat,33.9,KG,1794.0,Due
MDM010894,2025-08-29,SCH0590,goyal mill,cooking oil,47.7,KG,1794.0,Paid
MDM004496,2025-06-14,SCH0036,Goyal Rice Mill,oil,33.9,KG,1794.0,Due
MDM008174,2025-09-02,SCH0163,Kumar Supplies,Rice,33.9,KG,1240.0,Due
MDM006656,2025-07-25,SCH0147,goyal mill,mustard oil,33.9,KG,1794.0,Cleared
MDM002369,2025-05-18,SCH0342,Sharma Traders,sarson tel,33.9,KG,1794.0,Paid
MDM004781,2026-02-21,SCH0271,kumar & co.,Lentils,33.9,KG,2934.0,Paid
MDM007993,2025-07-28,SCH0013,Kumar Supplies,Wheat,33.9,KG,612.0,Cleared
MDM002951,2026-01-21,SCH0470,Kumar General Store,Rice,33.9,KG,2140.0,Paid
MDM005626,2025-11-27,SCH0570,Goyal Rice Mill,Lentils,33.9,KG,1395.0,Paid
MDM006972,2025-09-08,SCH0401,singh agro,Lentils,47.1,KG,4239.0,Paid
MDM008717,2026-02-17,SCH0365,goyal enterprises,Rice,33.9,KG,1794.0,Due
MDM010648,2025-10-06,SCH0004,s. agro works,oil,44.5,KG,5340.0,Pending
MDM001842,2026-02-26,SCH0543,singh agro,Wheat,33.9,KG,792.0,Due
MDM005987,2025-04-23,SCH0212,Singh Brothers,Rice,33.9,KG,1794.0,Cleared
MDM000538,2025-04-11,SCH0024,Kumar Supplies,Rice,33.9,KG,2128.0,Pending
MDM002807,2025-12-06,SCH0033,goyal mill,Wheat,33.9,KG,1794.0,Paid
MDM005802,2026-02-13,SCH0386,Sharma Traders,Lentils,33.9,KG,1953.0,Paid
MDM005597,2025-08-21,SCH0536,Singh Brothers,Rice,33.9,KG,2208.0,Paid
MDM007207,2025-11-27,SCH0123,kumar & co.,mustard oil,36.9,KG,4428.0,Paid
MDM007344,2025-05-28,SCH0408,kumar & co.,sarson tel,33.9,KG,3468.0,Due
MDM007561,2025-07-05,SCH0322,Kumar General Store,Rice,33.9,KG,1794.0,Due
MDM008097,2025-04-04,SCH0270,goyal enterprises,Rice,33.9,KG,652.0,Pending
MDM011368,2026-01-15,SCH0282,s. agro works,Rice,33.9,KG,792.0,Paid
MDM000785,2025-07-29,SCH0398,Kumar General Store,Lentils,33.9,KG,1794.0,Paid
MDM001410,2025-11-09,SCH0518,singh agro,Wheat,33.9,KG,1794.0,Paid
MDM010730,2025-10-09,SCH0162,sharma & sons,Rice,33.9,KG,1794.0,Pending
MDM000155,2026-03-14,SCH0141,Sharma Traders,Rice,33.9,KG,2004.0,Due
MDM007807,2026-01-25,SCH0518,Sharma Traders,Wheat,33.9,KG,1488.0,Due
MDM003010,2025-09-21,SCH0120,Sharma Traders,oil,33.9,KG,4224.0,Paid
MDM001687,2025-12-15,SCH0061,Singh Brothers,Lentils,33.9,KG,1638.0,Paid
MDM011094,2025-10-29,SCH0440,Singh Brothers,Rice,33.9,KG,2232.0,Paid
MDM004015,2026-02-13,SCH0093,Sharma Traders,Wheat,33.9,KG,1794.0,Paid
MDM007456,2025-12-06,SCH0013,goyal enterprises,Wheat,33.9,KG,1107.0,Paid
MDM003864,2025-05-18,SCH0049,goyal enterprises,Lentils,33.9,KG,3015.0,Paid
MDM002734,2025-11-12,SCH0213,goyal enterprises,Wheat,33.9,KG,1794.0,Paid
MDM001896,2026-03-16,SCH0122,goyal mill,Lentils,33.9,KG,1794.0,Cleared
MDM005443,2025-08-14,SCH0181,Sharma Traders,oil,33.9,KG,1794.0,Paid
MDM000570,2025-04-25,SCH0346,Kumar Supplies,Rice,33.9,KG,1292.0,Pending
MDM006710,2025-05-08,SCH0520,Singh Brothers,mustard oil,25.9,KG,3108.0,Paid
MDM005855,2025-11-12,SCH0089,Sharma Traders,Rice,33.9,KG,1452.0,Pending
MDM001817,2025-11-21,SCH0596,goyal mill,Pulses,33.9,KG,5157.0,Paid
MDM010258,2025-09-04,SCH0077,goyal mill,Rice,33.9,KG,504.0,Paid
MDM008320,2025-05-06,SCH0086,Singh Brothers,Wheat,33.9,KG,1380.0,Due
MDM003395,2026-02-27,SCH0448,kumar & co.,Wheat,33.9,KG,1323.0,Paid
MDM003328,2026-01-17,SCH0396,goyal enterprises,Rice,33.9,KG,1794.0,Paid
MDM006103,2025-09-11,SCH0251,Kumar Supplies,Lentils,33.9,KG,1794.0,Pending
MDM002976,2025-06-15,SCH0327,singh agro,Lentils,33.9,KG,1794.0,Pending
MDM000981,2026-01-12,SCH0515,kumar & co.,Rice,43.4,KG,1794.0,Due
MDM010493,2025-11-02,SCH0554,Sharma Traders,atta,33.9,KG,726.0,Pending
MDM000191,2026-01-07,SCH0272,sharma & sons,Lentils,33.9,KG,2466.0,Pending
MDM009332,2025-11-10,SCH0599,Kumar Supplies,cooking oil,33.9,KG,3084.0,Due
MDM005089,2025-05-11,SCH0112,goyal mill,sarson tel,55.1,KG,6612.0,Cleared
MDM000700,2025-10-27,SCH0430,Sharma Traders,Wheat,33.9,KG,1410.0,Cleared
MDM000607,2025-06-13,SCH0204,Kumar General Store,Wheat,33.9,KG,1794.0,Paid
MDM000302,2025-06-05,SCH0261,s. agro works,Lentils,57.4,KG,5166.0,Due
MDM003421,2025-10-18,SCH0028,Kumar General Store,oil,14.5,KG,1740.0,Paid
MDM001061,2026-03-27,SCH0084,Kumar Supplies,Wheat,33.9,KG,1794.0,Paid
MDM010758,2026-02-02,SCH0547,Kumar General Store,Rice,33.9,KG,1996.0,Paid
MDM003445,2025-11-07,SCH0181,s. agro works,Lentils,33.9,KG,1794.0,Paid
MDM001070,2025-07-23,SCH0051,s. agro works,atta,12.3,KG,1794.0,Due
MDM010717,2026-01-21,SCH0567,sharma & sons,Lentils,33.9,KG,2502.0,Paid
MDM002206,2025-04-18,SCH0354,goyal enterprises,Rice,59.9,KG,1794.0,Paid
MDM009436,2025-09-25,SCH0587,singh agro,Lentils,33.9,KG,1539.0,Pending
MDM007340,2025-12-08,SCH0249,Singh Brothers,sarson tel,33.9,KG,4992.0,Paid
MDM008209,2025-10-17,SCH0367,Sharma Traders,Rice,57.3,KG,1794.0,Cleared
MDM007680,2025-10-10,SCH0542,s. agro works,Rice,33.9,KG,1732.0,Paid
MDM011313,2025-11-30,SCH0401,kumar & co.,Lentils,33.9,KG,2574.0,Pending
MDM004643,2025-12-24,SCH0027,Kumar General Store,Rice,33.9,KG,1794.0,Paid
MDM007684,2025-11-16,SCH0408,kumar & co.,Wheat,33.9,KG,720.0,Cleared
MDM009008,2025-07-31,SCH0496,Goyal Rice Mill,Rice,33.9,KG,1794.0,Pending
MDM007997,2025-11-16,SCH0548,Kumar General Store,Rice,33.9,KG,1432.0,Paid
MDM011260,2026-03-07,SCH0590,Kumar Supplies,Rice,33.9,KG,788.0,Paid
MDM005601,2025-04-28,SCH0498,goyal mill,Rice,33.9,KG,980.0,Pending
MDM009152,2025-09-12,SCH0378,goyal enterprises,Pulses,33.9,KG,1794.0,Paid
MDM007023,2025-04-11,SCH0295,Sharma Traders,Lentils,33.9,KG,1794.0,Pending
MDM004894,2025-12-08,SCH0225,sharma & sons,Lentils,33.9,KG,1794.0,Due
MDM000226,2025-10-13,SCH0468,Kumar General Store,Rice,33.9,KG,1794.0,Due
MDM003355,2025-11-30,SCH0127,Kumar General Store,sarson tel,33.9,KG,1794.0,Pending
MDM005896,2025-07-31,SCH0180,sharma & sons,oil,33.9,KG,6888.0,Paid
MDM010678,2025-05-31,SCH0378,Kumar Supplies,Rice,33.9,KG,2216.0,Due
MDM008755,2025-06-05,SCH0586,Goyal Rice Mill,Rice,33.9,KG,1268.0,Paid
MDM003437,2025-09-15,SCH0113,singh agro,Rice,33.9,KG,848.0,Paid
MDM001694,2025-09-07,SCH0570,Sharma Traders,Rice,33.9,KG,876.0,Cleared
MDM006894,2025-09-21,SCH0484,singh agro,Lentils,33.9,KG,5382.0,Due
MDM001046,2026-03-17,SCH0084,sharma & sons,mustard oil,33.9,KG,1794.0,Pending
MDM003447,2025-11-24,SCH0516,singh agro,cooking oil,33.9,KG,1704.0,Cleared
MDM008051,2026-02-08,SCH0577,Sharma Traders,Lentils,33.9,KG,1794.0,Pending
MDM009147,2025-09-13,SCH0194,kumar & co.,Wheat,33.9,KG,783.0,Pending
MDM010928,2025-09-15,SCH0376,sharma & sons,Wheat,19.0,KG,570.0,Pending
MDM011297,2025-05-19,SCH0011,Kumar General Store,sarson tel,33.9,KG,1644.0,Paid
MDM004736,2025-07-23,SCH0306,Sharma Traders,mustard oil,33.9,KG,4164.0,Paid
MDM004497,2026-01-27,SCH0535,kumar & co.,Lentils,33.9,KG,2295.0,Pending
MDM001219,2026-03-11,SCH0097,s. agro works,Lentils,33.9,KG,5319.0,Paid
MDM006016,2025-05-18,SCH0489,singh agro,Wheat,33.9,KG,1794.0,Pending
MDM009720,2025-08-08,SCH0267,goyal mill,cooking oil,33.9,KG,1794.0,Paid
MDM003988,2025-12-13,SCH0170,Sharma Traders,Lentils,27.3,KG,2457.0,Paid
MDM004912,2026-03-23,SCH0545,Kumar General Store,Lentils,33.9,KG,1794.0,Pending
MDM009493,2025-12-17,SCH0253,goyal mill,sarson tel,33.9,KG,1794.0,Cleared
MDM004494,2025-11-16,SCH0224,Sharma Traders,Lentils,33.9,KG,1197.0,Paid
MDM006945,2025-04-19,SCH0533,goyal enterprises,atta,33.9,KG,483.0,Paid
MDM005700,2025-10-21,SCH0186,Kumar Supplies,mustard oil,33.9,KG,6888.0,Cleared
MDM008353,2026-02-25,SCH0287,sharma & sons,oil,33.9,KG,1794.0,Due
MDM000957,2025-11-19,SCH0270,s. agro works,Wheat,33.9,KG,927.0,Paid
MDM011984,2025-10-17,SCH0102,Kumar Supplies,Lentils,33.9,KG,4968.0,Pending
MDM011427,2025-06-06,SCH0296,goyal enterprises,oil,50.6,KG,6072.0,Paid
MDM002870,2025-04-27,SCH0190,Kumar Supplies,cooking oil,18.6,KG,2232.0,Paid
MDM011970,2026-03-12,SCH0197,goyal enterprises,Rice,33.9,KG,1794.0,Pending
MDM004434,2025-04-07,SCH0028,Sharma Traders,Rice,33.9,KG,1144.0,Paid
MDM004974,2025-09-10,SCH0009,Sharma Traders,Lentils,33.9,KG,1794.0,Paid
MDM002962,2025-05-12,SCH0503,goyal mill,Rice,33.9,KG,1464.0,Paid
MDM002201,2025-12-05,SCH0429,Kumar General Store,oil,33.9,KG,6648.0,Paid
MDM000099,2026-01-27,SCH0394,goyal enterprises,Lentils,33.9,KG,1794.0,Due
MDM002558,2025-10-02,SCH0419,Goyal Rice Mill,Wheat,33.9,KG,684.0,Pending
MDM011376,2026-03-07,SCH0008,Kumar General Store,sarson tel,33.9,KG,2688.0,Paid
MDM008446,2025-06-16,SCH0247,Sharma Traders,Rice,33.9,KG,1794.0,Paid
MDM004200,2025-11-09,SCH0242,goyal mill,Wheat,33.9,KG,1794.0,Due
MDM009638,2025-04-22,SCH0089,singh agro,Lentils,33.9,KG,1794.0,Cleared
MDM005540,2026-03-22,SCH0361,kumar & co.,Lentils,33.9,KG,1794.0,Paid
MDM001649,2026-02-02,SCH0070,Sharma Traders,mustard oil,25.2,KG,3024.0,Paid
MDM009889,2025-10-31,SCH0581,singh agro,Rice,33.9,KG,752.0,Pending
MDM011384,2025-11-16,SCH0151,sharma & sons,Wheat,33.9,KG,1794.0,Cleared
MDM006198,2025-11-04,SCH0464,s. agro works,Rice,33.9,KG,1794.0,Cleared
MDM006296,2025-07-04,SCH0388,singh agro,Pulses,33.9,KG,1794.0,Pending
MDM004500,2025-08-16,SCH0159,singh agro,mustard oil,33.9,KG,1794.0,Paid
MDM001155,2025-11-03,SCH0145,Singh Brothers,Lentils,33.9,KG,3843.0,Paid
MDM002256,2025-08-02,SCH0450,Singh Brothers,atta,33.9,KG,489.0,Due
MDM009875,2026-02-04,SCH0173,Kumar Supplies,Wheat,33.9,KG,1101.0,Cleared
MDM003171,2026-02-18,SCH0563,Goyal Rice Mill,Lentils,33.9,KG,3762.0,Paid
MDM007401,2025-08-01,SCH0040,Sharma Traders,Rice,33.9,KG,1794.0,Pending
MDM010249,2025-07-11,SCH0556,sharma & sons,Rice,33.9,KG,1452.0,Paid
MDM007159,2025-12-21,SCH0023,goyal enterprises,Wheat,33.9,KG,756.0,Paid
MDM003109,2025-08-01,SCH0356,goyal mill,sarson tel,33.9,KG,3036.0,Pending
MDM004549,2025-09-02,SCH0541,singh agro,oil,33.9,KG,3540.0,Pending
MDM011916,2026-03-18,SCH0583,Kumar Supplies,Rice,33.9,KG,668.0,Pending
MDM005424,2025-12-13,SCH0166,Sharma Traders,Lentils,33.9,KG,3924.0,Pending
MDM002050,2025-08-18,SCH0433,Kumar General Store,oil,32.0,KG,3840.0,Paid
MDM011836,2025-12-08,SCH0506,goyal mill,Rice,33.9,KG,1848.0,Paid
MDM009209,2025-08-07,SCH0478,s. agro works,Rice,33.9,KG,1794.0,Due
MDM008816,2026-01-09,SCH0071,Sharma Traders,Lentils,33.9,KG,2403.0,Cleared
MDM000263,2025-04-19,SCH0097,Goyal Rice Mill,Wheat,33.9,KG,519.0,Paid
MDM011562,2025-11-26,SCH0599,sharma & sons,Lentils,33.9,KG,2664.0,Pending
MDM004062,2025-04-09,SCH0335,kumar & co.,Lentils,33.9,KG,4239.0,Paid
MDM005535,2025-09-10,SCH0251,s. agro works,Rice,23.6,KG,1794.0,Due
MDM006617,2026-03-22,SCH0469,Sharma Traders,Lentils,23.6,KG,2124.0,Paid
MDM008121,2025-10-21,SCH0065,Kumar Supplies,Lentils,33.9,KG,3717.0,Paid
MDM008156,2026-03-22,SCH0264,Singh Brothers,atta,33.9,KG,1170.0,Pending
MDM001803,2025-10-28,SCH0031,Kumar General Store,Wheat,33.9,KG,447.0,Pending
MDM004737,2025-11-02,SCH0430,s. agro works,Wheat,33.9,KG,1386.0,Due
MDM002386,2025-05-12,SCH0279,s. agro works,Wheat,33.9,KG,654.0,Pending
MDM006695,2025-05-22,SCH0548,Kumar Supplies,Rice,33.9,KG,1794.0,Pending
MDM005760,2025-05-24,SCH0065,goyal enterprises,Pulses,33.9,KG,4320.0,Paid
MDM001960,2025-05-19,SCH0057,goyal mill,Rice,33.9,KG,1794.0,Paid
MDM002977,2025-05-05,SCH0135,goyal mill,Pulses,33.9,KG,1794.0,Paid
MDM008681,2025-06-11,SCH0249,Goyal Rice Mill,Pulses,33.9,KG,1794.0,Pending
MDM001844,2025-04-16,SCH0577,kumar & co.,Wheat,33.9,KG,483.0,Pending
MDM001735,2025-12-21,SCH0308,sharma & sons,Pulses,30.3,KG,1794.0,Paid
MDM002912,2026-03-04,SCH0449,Singh Brothers,Lentils,33.9,KG,3177.0,Pending
MDM011412,2026-01-26,SCH0016,Goyal Rice Mill,Lentils,33.9,KG,2025.0,Paid
MDM008339,2026-03-22,SCH0447,Sharma Traders,Pulses,33.9,KG,4563.0,Pending
MDM001987,2025-04-14,SCH0272,s. agro works,Lentils,33.9,KG,1944.0,Paid
MDM009562,2025-08-22,SCH0424,sharma & sons,Rice,33.9,KG,1004.0,Paid
MDM006547,2025-04-10,SCH0133,goyal mill,mustard oil,33.9,KG,1794.0,Cleared
MDM007099,2025-06-11,SCH0457,kumar & co.,Lentils,33.9,KG,3699.0,Cleared
MDM002812,2025-05-13,SCH0143,Singh Brothers,Rice,33.9,KG,536.0,Paid
MDM000660,2025-07-05,SCH0580,Singh Brothers,mustard oil,33.9,KG,2052.0,Cleared
MDM009987,2025-04-26,SCH0386,Kumar Supplies,Lentils,33.9,KG,2439.0,Pending
MDM002512,2026-02-18,SCH0284,s. agro works,Rice,43.9,KG,1756.0,Paid
MDM011590,2025-05-17,SCH0139,kumar & co.,Wheat,26.1,KG,1794.0,Paid
MDM004283,2025-08-24,SCH0540,kumar & co.,Lentils,33.9,KG,954.0,Pending
MDM009340,2025-12-21,SCH0022,kumar & co.,Wheat,33.9,KG,450.0,Pending
MDM011465,2025-12-23,SCH0315,kumar & co.,Rice,33.9,KG,1794.0,Paid
MDM008801,2025-12-07,SCH0121,Singh Brothers,Lentils,33.9,KG,1794.0,Pending
MDM006288,2026-03-12,SCH0525,singh agro,sarson tel,33.9,KG,5052.0,Cleared
MDM011775,2025-04-03,SCH0113,Goyal Rice Mill,Wheat,33.9,KG,897.0,Pending
MDM001931,2025-10-30,SCH0277,s. agro works,Rice,33.9,KG,1276.0,Paid
MDM007126,2025-08-20,SCH0268,kumar & co.,Rice,33.9,KG,1724.0,Paid
MDM000198,2025-12-11,SCH0541,sharma & sons,Rice,40.7,KG,1628.0,Pending
MDM007778,2025-10-13,SCH0254,Sharma Traders,Lentils,33.9,KG,1278.0,Paid
MDM002932,2025-06-19,SCH0159,Singh Brothers,Lentils,33.9,KG,1233.0,Paid
MDM008005,2025-12-11,SCH0150,sharma & sons,Rice,33.2,KG,1328.0,Due
MDM002328,2026-01-31,SCH0010,goyal enterprises,Rice,28.2,KG,1128.0,Pending
MDM004390,2025-07-11,SCH0488,s. agro works,Pulses,33.9,KG,2844.0,Cleared
MDM008959,2025-09-25,SCH0455,Singh Brothers,sarson tel,33.9,KG,5868.0,Pending
MDM004219,2025-06-04,SCH0513,Singh Brothers,Wheat,33.9,KG,960.0,Cleared
MDM011448,2026-02-28,SCH0486,singh agro,Lentils,33.9,KG,1494.0,Due
MDM000203,2026-02-14,SCH0354,Goyal Rice Mill,atta,33.9,KG,489.0,Paid
MDM003511,2025-11-29,SCH0185,kumar & co.,Wheat,41.4,KG,1794.0,Cleared
MDM004932,2025-05-03,SCH0339,goyal enterprises,Rice,33.9,KG,1604.0,Due
MDM005536,2026-01-02,SCH0597,Kumar General Store,oil,33.9,KG,6852.0,Due
MDM009926,2025-09-16,SCH0514,goyal enterprises,oil,33.9,KG,2796.0,Cleared
MDM005792,2026-01-26,SCH0129,s. agro works,Rice,17.2,KG,688.0,Cleared
MDM010970,2025-11-22,SCH0386,Singh Brothers,Wheat,33.9,KG,1308.0,Cleared
MDM001708,2025-10-19,SCH0027,Singh Brothers,cooking oil,33.9,KG,1794.0,Paid
MDM005173,2025-10-05,SCH0488,goyal enterprises,cooking oil,33.9,KG,4872.0,Due
MDM005250,2026-03-25,SCH0397,Sharma Traders,Lentils,33.9,KG,3519.0,Cleared
MDM011667,2025-05-06,SCH0186,goyal mill,Rice,33.9,KG,1504.0,Paid
MDM006529,2026-01-23,SCH0527,goyal mill,Rice,33.9,KG,584.0,Paid
MDM005856,2025-04-11,SCH0556,kumar & co.,Rice,33.9,KG,1794.0,Paid
MDM008165,2025-12-21,SCH0513,Kumar Supplies,oil,33.9,KG,2964.0,Cleared
MDM000855,2025-05-16,SCH0063,Kumar Supplies,mustard oil,51.4,KG,6168.0,Paid
MDM004738,2025-11-09,SCH0259,kumar & co.,Wheat,33.9,KG,1794.0,Pending
MDM010353,2026-03-22,SCH0163,Sharma Traders,atta,33.9,KG,1794.0,Pending
MDM000699,2025-12-18,SCH0519,Goyal Rice Mill,Rice,15.6,KG,624.0,Due
MDM011345,2025-08-04,SCH0362,Goyal Rice Mill,oil,33.9,KG,1794.0,Due
MDM011192,2025-07-18,SCH0517,goyal mill,cooking oil,33.9,KG,7116.0,Due
MDM003697,2026-02-15,SCH0538,kumar & co.,Lentils,33.9,KG,1794.0,Paid
MDM001637,2025-12-18,SCH0038,Sharma Traders,cooking oil,49.2,KG,5904.0,Paid
MDM007281,2025-09-02,SCH0454,goyal mill,sarson tel,33.9,KG,5124.0,Due
MDM007555,2025-04-03,SCH0335,sharma & sons,Lentils,33.9,KG,4023.0,Pending
MDM011650,2025-09-17,SCH0044,s. agro works,oil,33.9,KG,4740.0,Pending
MDM003582,2025-05-17,SCH0246,s. agro works,atta,53.9,KG,1794.0,Due
MDM001292,2025-06-24,SCH0224,Singh Brothers,oil,39.4,KG,1794.0,Due
MDM006586,2025-10-07,SCH0505,Goyal Rice Mill,Lentils,33.9,KG,1197.0,Pending
MDM001854,2025-04-19,SCH0235,singh agro,Wheat,33.9,KG,978.0,Paid
MDM005233,2025-10-14,SCH0215,Kumar General Store,Wheat,33.9,KG,378.0,Pending
MDM003764,2025-10-12,SCH0471,Singh Brothers,Rice,33.9,KG,2320.0,Paid
MDM003305,2025-11-30,SCH0063,kumar & co.,atta,33.9,KG,525.0,Pending
MDM001496,2025-05-28,SCH0046,Kumar General Store,sarson tel,33.9,KG,3192.0,Pending
MDM011936,2025-09-17,SCH0324,s. agro works,Wheat,33.9,KG,1737.0,Paid
MDM011638,2025-10-05,SCH0593,goyal mill,Lentils,33.9,KG,2061.0,Pending
MDM007995,2025-02-08,SCH0235,sharma & sons,Wheat,33.9,KG,1272.0,Pending
MDM001999,2026-01-30,SCH0226,Sharma Traders,Pulses,33.9,KG,1794.0,Paid
MDM000664,2025-04-24,SCH0017,goyal mill,Wheat,33.9,KG,1794.0,Pending
MDM003749,2026-03-13,SCH0556,kumar & co.,Wheat,33.9,KG,1794.0,Paid
MDM004414,2025-07-13,SCH0342,Sharma Traders,Lentils,36.0,KG,1794.0,Due
MDM005531,2025-12-19,SCH0378,singh agro,cooking oil,33.9,KG,1794.0,Cleared
MDM005576,2025-10-10,SCH0555,goyal enterprises,sarson tel,33.9,KG,5832.0,Paid
MDM008902,2025-05-10,SCH0077,kumar & co.,Wheat,33.9,KG,1794.0,Due
MDM007527,2025-09-29,SCH0092,s. agro works,Wheat,33.9,KG,1188.0,Pending
MDM009475,2026-01-12,SCH0259,Kumar General Store,Pulses,33.9,KG,1794.0,Pending
MDM005865,2026-02-02,SCH0450,Singh Brothers,Lentils,33.9,KG,3267.0,Due
MDM010868,2025-09-12,SCH0062,sharma & sons,sarson tel,33.9,KG,1794.0,Cleared
MDM006777,2025-11-21,SCH0583,Kumar General Store,sarson tel,33.9,KG,2832.0,Cleared
MDM001307,2025-09-06,SCH0311,goyal enterprises,atta,33.9,KG,750.0,Paid
MDM007393,2025-04-19,SCH0164,Goyal Rice Mill,Wheat,33.9,KG,1794.0,Due
MDM010430,2026-03-15,SCH0512,sharma & sons,Wheat,33.9,KG,1794.0,Due
MDM011495,2025-12-24,SCH0181,sharma & sons,oil,33.9,KG,2664.0,Paid
MDM005593,2025-11-21,SCH0011,Goyal Rice Mill,mustard oil,33.9,KG,3600.0,Pending
MDM010231,2026-12-03,SCH0105,goyal enterprises,mustard oil,33.9,KG,7176.0,Pending
MDM009722,2025-04-29,SCH0209,goyal enterprises,mustard oil,33.9,KG,1794.0,Cleared
MDM001664,2025-07-09,SCH0003,Sharma Traders,Lentils,33.9,KG,1794.0,Cleared
MDM005451,2025-10-21,SCH0103,Singh Brothers,Rice,33.9,KG,488.0,Cleared
MDM003628,2026-01-22,SCH0595,kumar & co.,cooking oil,58.2,KG,6984.0,Paid
MDM002694,2025-08-21,SCH0260,goyal mill,oil,39.5,KG,1794.0,Cleared
MDM011253,2025-08-18,SCH0486,Sharma Traders,Pulses,33.9,KG,1899.0,Pending
MDM009790,2025-05-17,SCH0541,s. agro works,Rice,33.9,KG,1794.0,Paid
MDM010922,2026-03-30,SCH0546,Kumar General Store,Wheat,55.3,KG,1659.0,Cleared
MDM010818,2025-06-08,SCH0248,Sharma Traders,Wheat,33.9,KG,1506.0,Paid
MDM005916,2025-08-17,SCH0059,Kumar General Store,cooking oil,33.9,KG,7056.0,Cleared
MDM003158,2025-08-13,SCH0283,s. agro works,Lentils,33.9,KG,1224.0,Cleared
MDM011507,2025-06-11,SCH0387,goyal enterprises,Lentils,33.9,KG,4365.0,Paid
MDM009915,2025-12-05,SCH0274,Kumar General Store,Lentils,33.9,KG,1062.0,Pending
MDM006669,2026-02-26,SCH0085,sharma & sons,Lentils,33.9,KG,2736.0,Due
MDM001060,2025-04-16,SCH0423,Sharma Traders,cooking oil,33.9,KG,4380.0,Paid
MDM004637,2025-05-14,SCH0059,Kumar General Store,sarson tel,33.9,KG,1794.0,Pending
MDM003243,2025-11-04,SCH0369,s. agro works,sarson tel,33.9,KG,1428.0,Paid
MDM001679,2025-06-05,SCH0006,Kumar Supplies,sarson tel,33.9,KG,1794.0,Paid
MDM006893,2025-05-07,SCH0256,Sharma Traders,Wheat,33.9,KG,1200.0,Paid
MDM006375,2025-06-25,SCH0291,Kumar Supplies,atta,33.9,KG,1794.0,Pending
MDM007575,2025-06-13,SCH0041,goyal mill,Lentils,33.9,KG,3420.0,Paid
MDM001758,2025-06-21,SCH0332,goyal enterprises,Lentils,33.9,KG,2367.0,Paid
MDM006020,2025-08-25,SCH0014,kumar & co.,Rice,33.9,KG,2332.0,Paid
MDM005117,2025-07-22,SCH0284,Kumar Supplies,Rice,41.1,KG,1644.0,Pending
MDM008756,2025-10-11,SCH0353,Sharma Traders,Pulses,33.9,KG,4905.0,Pending
MDM007409,2026-02-27,SCH0337,Kumar General Store,Wheat,33.9,KG,336.0,Cleared
MDM002791,2025-08-05,SCH0133,Singh Brothers,oil,33.9,KG,6768.0,Pending
MDM000864,2025-10-16,SCH0249,Sharma Traders,Rice,33.9,KG,1992.0,Pending
MDM007859,2025-12-27,SCH0410,sharma & sons,Lentils,33.9,KG,2610.0,Paid
MDM001485,2025-10-17,SCH0015,kumar & co.,Lentils,33.9,KG,1794.0,Paid
MDM007036,2025-12-26,SCH0364,goyal enterprises,sarson tel,33.9,KG,5724.0,Cleared
MDM007722,2025-10-27,SCH0118,Goyal Rice Mill,oil,33.9,KG,1794.0,Pending
MDM005978,2025-09-19,SCH0504,goyal enterprises,Lentils,33.9,KG,2826.0,Paid
MDM005135,2025-07-22,SCH0109,kumar & co.,mustard oil,33.9,KG,4032.0,Cleared
MDM000207,2025-05-04,SCH0484,goyal enterprises,Rice,33.9,KG,436.0,Paid
MDM004489,2026-02-19,SCH0430,Kumar General Store,Rice,33.9,KG,1794.0,Paid
MDM006939,2025-06-27,SCH0475,sharma & sons,Rice,33.9,KG,1972.0,Pending
MDM009063,2025-12-11,SCH0013,kumar & co.,Rice,33.9,KG,1592.0,Paid
MDM006911,2025-12-29,SCH0067,Goyal Rice Mill,Wheat,37.8,KG,1134.0,Paid
MDM000503,2025-02-04,SCH0088,Sharma Traders,Wheat,33.9,KG,1656.0,Due
MDM007386,2026-03-24,SCH0005,Kumar Supplies,Rice,33.9,KG,1794.0,Pending
MDM001029,2025-06-03,SCH0347,sharma & sons,cooking oil,33.9,KG,6216.0,Paid
MDM003841,2026-01-18,SCH0573,Kumar General Store,atta,33.9,KG,1794.0,Due
MDM010883,2026-02-13,SCH0522,Sharma Traders,Pulses,33.9,KG,4572.0,Pending
MDM008111,2025-07-03,SCH0419,Kumar General Store,Lentils,33.9,KG,1863.0,Paid
MDM005057,2025-07-31,SCH0369,Sharma Traders,Wheat,48.4,KG,1452.0,Paid
MDM009763,2026-01-02,SCH0444,goyal enterprises,Lentils,33.9,KG,3240.0,Paid
MDM008155,2025-07-20,SCH0490,goyal enterprises,Lentils,33.9,KG,1989.0,Due
MDM010966,2025-05-14,SCH0007,Kumar Supplies,sarson tel,33.9,KG,1794.0,Pending
MDM002732,2025-07-25,SCH0292,singh agro,Lentils,37.0,KG,3330.0,Paid
MDM008997,2025-09-27,SCH0573,Kumar General Store,Wheat,33.9,KG,1767.0,Pending
MDM011838,2025-08-06,SCH0072,Singh Brothers,Pulses,44.9,KG,1794.0,Paid
MDM002455,2025-08-20,SCH0100,Singh Brothers,Rice,33.9,KG,1436.0,Paid
MDM007216,2025-10-08,SCH0362,Goyal Rice Mill,oil,13.0,KG,1794.0,Paid
MDM003105,2025-10-09,SCH0142,Kumar General Store,Rice,33.9,KG,892.0,Due
MDM008393,2025-12-17,SCH0019,goyal enterprises,Rice,33.9,KG,1312.0,Paid
MDM006279,2025-08-24,SCH0473,goyal mill,Rice,33.9,KG,1794.0,Due
MDM003100,2025-05-06,SCH0317,Kumar Supplies,oil,31.8,KG,1794.0,Paid
MDM006185,2026-08-01,SCH0088,singh agro,Rice,33.9,KG,1794.0,Paid
MDM010471,2026-02-09,SCH0210,Singh Brothers,oil,33.9,KG,1794.0,Due
MDM003562,2025-12-17,SCH0055,Sharma Traders,Rice,33.9,KG,1120.0,Pending
MDM005893,2025-05-20,SCH0596,goyal mill,mustard oil,33.9,KG,2292.0,Paid
MDM000392,2026-01-08,SCH0574,sharma & sons,cooking oil,33.9,KG,2148.0,Cleared
MDM006737,2025-04-29,SCH0301,Goyal Rice Mill,Lentils,33.9,KG,1794.0,Paid
MDM005619,2025-10-14,SCH0129,Sharma Traders,Wheat,33.9,KG,1401.0,Due
MDM005259,2025-12-02,SCH0524,s. agro works,Rice,33.9,KG,1794.0,Due
MDM009688,2026-08-03,SCH0257,kumar & co.,cooking oil,33.9,KG,1332.0,Pending
MDM002696,2026-03-07,SCH0397,Sharma Traders,Wheat,33.9,KG,1794.0,Cleared
MDM002028,2026-01-12,SCH0293,goyal mill,Rice,33.9,KG,1794.0,Paid
MDM005464,2025-04-01,SCH0006,kumar & co.,Rice,33.9,KG,1396.0,Pending
MDM002569,2025-09-20,SCH0102,singh agro,Wheat,11.5,KG,345.0,Paid
MDM008007,2026-02-15,SCH0143,goyal enterprises,Lentils,33.9,KG,1794.0,Due
MDM000065,2025-05-27,SCH0061,sharma & sons,mustard oil,33.9,KG,6240.0,Pending
MDM002063,2025-04-12,SCH0564,Goyal Rice Mill,Rice,37.0,KG,1794.0,Due
MDM005277,2026-01-21,SCH0012,Kumar Supplies,Wheat,33.9,KG,864.0,Due
MDM007209,2025-10-17,SCH0295,Sharma Traders,cooking oil,33.9,KG,1794.0,Paid
MDM008685,2026-03-22,SCH0578,goyal enterprises,oil,33.9,KG,6960.0,Due
MDM008572,2025-08-26,SCH0253,Sharma Traders,Rice,33.9,KG,1468.0,Cleared
MDM006332,2025-05-24,SCH0109,Kumar Supplies,Wheat,33.9,KG,1794.0,Pending
MDM004860,2025-12-02,SCH0230,goyal mill,Rice,33.9,KG,1794.0,Pending
MDM004888,2025-05-15,SCH0024,Sharma Traders,Pulses,33.9,KG,1125.0,Paid
MDM009269,2025-05-28,SCH0161,Sharma Traders,cooking oil,33.9,KG,1794.0,Cleared
MDM000879,2025-04-25,SCH0164,Goyal Rice Mill,Rice,10.1,KG,1794.0,Paid
MDM008530,2026-02-21,SCH0194,Sharma Traders,atta,33.9,KG,1203.0,Cleared
MDM007917,2025-09-13,SCH0581,Kumar General Store,Pulses,33.9,KG,4797.0,Paid
MDM006864,2026-01-20,SCH0410,goyal enterprises,mustard oil,33.9,KG,2424.0,Pending
MDM007893,2025-05-02,SCH0328,goyal enterprises,Lentils,33.9,KG,1794.0,Paid
MDM006440,2025-06-09,SCH0325,goyal enterprises,Wheat,13.1,KG,393.0,Paid
MDM007870,2025-10-05,SCH0402,kumar & co.,sarson tel,33.9,KG,1794.0,Due
MDM001017,2025-07-27,SCH0143,sharma & sons,Pulses,33.9,KG,3780.0,Due
MDM009468,2026-01-24,SCH0396,kumar & co.,mustard oil,33.9,KG,6300.0,Due
MDM011991,2025-09-07,SCH0117,sharma & sons,Rice,33.9,KG,500.0,Pending
MDM007630,2026-03-29,SCH0488,Singh Brothers,cooking oil,33.9,KG,1728.0,Paid
MDM011535,2025-12-07,SCH0179,goyal enterprises,Rice,33.9,KG,2192.0,Pending
MDM000996,2025-07-10,SCH0155,sharma & sons,mustard oil,33.9,KG,4368.0,Paid
MDM010174,2025-07-20,SCH0048,Sharma Traders,Rice,33.9,KG,1576.0,Paid
MDM004298,2025-05-06,SCH0064,Goyal Rice Mill,mustard oil,33.9,KG,2292.0,Cleared
MDM000162,2025-07-25,SCH0126,sharma & sons,Lentils,33.9,KG,2475.0,Paid
MDM005676,2025-11-20,SCH0180,Singh Brothers,Lentils,33.9,KG,1794.0,Cleared
MDM006874,2025-04-11,SCH0576,kumar & co.,sarson tel,33.9,KG,4080.0,Paid
MDM009693,2026-02-24,SCH0197,Goyal Rice Mill,sarson tel,33.9,KG,2988.0,Pending
MDM007990,2025-01-06,SCH0485,singh agro,Lentils,33.9,KG,3438.0,Paid
MDM003844,2025-04-16,SCH0040,Kumar Supplies,mustard oil,33.9,KG,1794.0,Cleared
MDM010806,2025-05-22,SCH0140,kumar & co.,cooking oil,33.9,KG,1794.0,Paid
MDM011654,2025-12-07,SCH0264,singh agro,cooking oil,33.9,KG,1794.0,Pending
MDM001022,2025-02-10,SCH0029,Kumar General Store,Lentils,33.9,KG,1845.0,Pending
MDM003074,2025-04-28,SCH0445,Singh Brothers,Lentils,33.9,KG,1794.0,Cleared
MDM007556,2025-08-18,SCH0064,s. agro works,Pulses,15.2,KG,1794.0,Pending
MDM003944,2025-04-26,SCH0237,Goyal Rice Mill,mustard oil,50.3,KG,6036.0,Paid
MDM001586,2025-12-07,SCH0309,Sharma Traders,Rice,36.2,KG,1448.0,Paid
MDM010148,2025-07-17,SCH0023,Kumar Supplies,Wheat,33.9,KG,1794.0,Pending
MDM003153,2025-04-07,SCH0323,Kumar General Store,Lentils,33.9,KG,1794.0,Due
MDM008227,2025-09-22,SCH0193,Sharma Traders,Wheat,33.9,KG,1707.0,Pending
MDM000776,2025-04-02,SCH0490,sharma & sons,sarson tel,33.9,KG,2928.0,Paid
MDM010749,2025-07-18,SCH0118,Sharma Traders,Wheat,33.9,KG,1755.0,Paid
MDM009671,2025-04-13,SCH0192,Singh Brothers,Wheat,33.9,KG,1314.0,Pending
MDM007100,2025-04-28,SCH0523,Goyal Rice Mill,Rice,33.9,KG,588.0,Cleared
MDM005487,2026-03-05,SCH0266,Goyal Rice Mill,Lentils,33.9,KG,1794.0,Paid
MDM006236,2025-10-20,SCH0033,goyal mill,sarson tel,41.3,KG,4956.0,Paid
MDM009556,2025-08-25,SCH0134,goyal enterprises,mustard oil,33.9,KG,6084.0,Pending
MDM007042,2025-04-24,SCH0440,singh agro,Pulses,33.9,KG,1485.0,Paid
MDM002613,2026-03-16,SCH0567,s. agro works,atta,33.9,KG,1773.0,Paid
MDM007514,2025-05-31,SCH0323,Kumar General Store,Wheat,33.9,KG,354.0,Pending
MDM011017,2025-06-15,SCH0576,Goyal Rice Mill,cooking oil,17.0,KG,2040.0,Paid
MDM010234,2025-08-12,SCH0074,Kumar Supplies,Rice,53.2,KG,2128.0,Pending
MDM008434,2025-05-15,SCH0577,Sharma Traders,cooking oil,23.8,KG,1794.0,Paid
MDM010254,2025-09-23,SCH0308,Singh Brothers,Lentils,33.9,KG,1794.0,Pending
MDM010556,2025-05-19,SCH0045,Sharma Traders,cooking oil,33.9,KG,1794.0,Paid
MDM008793,2025-08-26,SCH0345,Goyal Rice Mill,Lentils,33.9,KG,5310.0,Paid
MDM010628,2025-05-07,SCH0350,Sharma Traders,Rice,33.9,KG,1794.0,Pending
MDM005394,2025-08-18,SCH0372,sharma & sons,Wheat,33.9,KG,1794.0,Paid
MDM011081,2025-12-05,SCH0350,Singh Brothers,Wheat,37.6,KG,1794.0,Paid
MDM008839,2025-04-08,SCH0374,sharma & sons,Lentils,33.9,KG,1422.0,Paid
MDM003891,2026-02-18,SCH0348,Kumar Supplies,Wheat,33.9,KG,891.0,Pending
MDM003557,2026-01-17,SCH0011,s. agro works,Lentils,53.8,KG,4842.0,Paid
MDM011395,2025-05-14,SCH0219,Sharma Traders,Rice,33.9,KG,1908.0,Paid
MDM001529,2026-02-16,SCH0271,Sharma Traders,Lentils,21.6,KG,1944.0,Pending
MDM001268,2025-06-06,SCH0417,Singh Brothers,atta,33.9,KG,666.0,Pending
MDM007735,2026-02-18,SCH0149,Sharma Traders,Wheat,19.9,KG,1794.0,Due
MDM001900,2025-09-02,SCH0584,Kumar General Store,Rice,33.9,KG,876.0,Pending
MDM004659,2025-11-21,SCH0600,sharma & sons,Pulses,50.9,KG,4581.0,Paid
MDM003006,2025-09-14,SCH0477,Sharma Traders,Rice,33.9,KG,928.0,Paid
MDM002735,2025-04-13,SCH0154,goyal mill,Lentils,33.9,KG,1794.0,Paid
MDM000190,2026-01-06,SCH0300,kumar & co.,atta,33.9,KG,1794.0,Cleared
MDM009999,2025-02-07,SCH0036,s. agro works,atta,33.9,KG,1071.0,Paid
MDM009168,2025-11-15,SCH0143,goyal enterprises,Lentils,33.9,KG,2007.0,Pending
MDM002748,2025-06-26,SCH0383,sharma & sons,oil,33.9,KG,1794.0,Paid
MDM002048,2026-01-19,SCH0488,Kumar General Store,Rice,33.9,KG,932.0,Cleared
MDM007850,2025-07-25,SCH0454,goyal enterprises,Wheat,33.9,KG,324.0,Paid
MDM002559,2025-05-18,SCH0002,s. agro works,Lentils,28.6,KG,2574.0,Pending
MDM009275,2025-09-07,SCH0419,Singh Brothers,Rice,33.9,KG,1112.0,Cleared
MDM008667,2025-11-20,SCH0168,Sharma Traders,Wheat,33.9,KG,1608.0,Paid
MDM011097,2025-06-10,SCH0564,Sharma Traders,Lentils,33.9,KG,4320.0,Paid
MDM006397,2025-11-23,SCH0581,goyal enterprises,Pulses,33.9,KG,1794.0,Paid
MDM003386,2026-02-06,SCH0425,singh agro,oil,37.9,KG,1794.0,Paid
MDM004556,2025-12-06,SCH0423,Singh Brothers,Lentils,33.9,KG,3312.0,Paid
MDM001185,2025-07-29,SCH0315,Kumar General Store,Lentils,33.9,KG,1794.0,Cleared
MDM006421,2025-09-02,SCH0319,singh agro,Lentils,33.9,KG,2673.0,Paid
MDM005052,2025-12-17,SCH0244,Sharma Traders,Lentils,33.9,KG,2160.0,Due
MDM005312,2025-07-28,SCH0024,Singh Brothers,sarson tel,33.9,KG,3672.0,Pending
MDM002434,2025-11-15,SCH0390,Kumar Supplies,oil,33.9,KG,5712.0,Due
MDM006950,2025-09-24,SCH0530,kumar & co.,Rice,33.9,KG,2264.0,Paid
MDM010584,2026-01-14,SCH0266,goyal mill,Lentils,54.1,KG,4869.0,Pending
MDM000770,2025-04-15,SCH0105,s. agro works,Lentils,33.9,KG,4068.0,Pending
MDM001686,2026-09-02,SCH0130,Goyal Rice Mill,Lentils,33.9,KG,3078.0,Pending
MDM008323,2026-03-09,SCH0303,Goyal Rice Mill,atta,33.9,KG,1071.0,Pending
MDM011112,2026-04-02,SCH0135,Singh Brothers,Rice,33.9,KG,1794.0,Cleared
MDM011364,2025-08-09,SCH0116,kumar & co.,mustard oil,33.9,KG,1794.0,Pending
MDM011637,2025-07-14,SCH0040,Goyal Rice Mill,Pulses,33.9,KG,2223.0,Pending
MDM005579,2025-04-25,SCH0464,goyal mill,atta,33.9,KG,1671.0,Pending
MDM004427,2025-12-09,SCH0144,s. agro works,Rice,33.9,KG,1368.0,Paid
MDM000467,2025-05-12,SCH0420,singh agro,Wheat,33.9,KG,1137.0,Pending
MDM006266,2025-10-30,SCH0222,Sharma Traders,Pulses,33.9,KG,5274.0,Paid
MDM005735,2025-05-03,SCH0063,singh agro,Lentils,57.7,KG,1794.0,Due
MDM011285,2025-09-30,SCH0435,kumar & co.,Rice,33.9,KG,1794.0,Paid
MDM011965,2025-11-28,SCH0499,s. agro works,atta,33.9,KG,1794.0,Cleared
MDM005192,2025-09-20,SCH0386,Singh Brothers,Lentils,33.9,KG,5148.0,Paid
MDM005391,2026-02-01,SCH0587,Sharma Traders,Lentils,33.9,KG,5292.0,Paid
MDM000861,2025-07-29,SCH0457,Kumar General Store,Wheat,33.9,KG,339.0,Cleared
MDM007271,2025-12-22,SCH0153,Sharma Traders,Rice,33.9,KG,1120.0,Pending
