school_id,school_name,district,block,total_enrolled_students,school_type,medium,avg_attendance_rate,total_attendance_records,proxy_attendance_records,proxy_attendance_rate,count_anomaly_records,count_anomaly_rate,total_mdm_quantity_kg,total_mdm_records,total_mdm_cost,avg_mdm_cost,mdm_regularity_rate,unique_vendors,unique_grain_types,assessed_facilities,functional_facilities,infrastructure_deficit_index,average_test_score,total_assessments,subjects_assessed,student_welfare_risk_score,risk_level
SCH0001,Govt. Primary School Nadkarni,Amritsar,Amritsar-I,419,Upper Primary,Hindi,82.28854856259252,33,1,3.0303030303030303,0,0.0,674.0999999999998,19,32891.0,1731.1052631578948,57.57575757575758,9,7,5,2.5,50.0,60.37187500000001,16,6,2,Moderate
SCH0002,Govt. Primary School Dewan,Unknown,Tarn Taran,56,Upper Primary,Hindi,83.66821204940895,35,3,8.571428571428571,3,8.571428571428571,542.7999999999998,16,29130.0,1820.625,48.484848484848484,9,6,5,4.0,20.0,63.46,15,5,3,Moderate
SCH0003,Govt. Senior Secondary School Chopra,Ferozepur,Zira,269,Primary,English,80.7465892206298,32,1,3.125,1,3.125,529.7999999999998,16,32771.0,2048.1875,48.484848484848484,9,5,5,4.1000000000000005,17.99999999999999,71.44583333333334,12,4,1,Low
SCH0004,Govt. Elementary School Kaur,Bathinda,Unknown,150,Secondary,English,79.1949108693765,29,1,3.4482758620689653,3,10.344827586206897,567.1999999999998,16,38586.0,2411.625,48.484848484848484,8,6,5,3.4000000000000004,31.999999999999993,66.95333333333333,15,5,3,Moderate
SCH0005,Govt. Elementary School Bajwa,Bathinda,Unknown,413,Primary,English,80.67644757653886,27,0,0.0,0,0.0,796.6999999999997,23,42220.0,1835.6521739130435,69.6969696969697,11,7,5,3.0,40.0,64.48076923076923,13,5,1,Low
SCH0006,Govt. Primary School Bahri,Moga,Moga-Ii,400,Upper Primary,Punjabi,79.14590611030883,28,1,3.5714285714285716,0,0.0,770.9999999999997,23,50644.0,2201.913043478261,69.6969696969697,10,6,5,2.5,50.0,63.70333333333333,15,6,2,Moderate
SCH0007,Govt. Middle School Kale,Ferozepur,Makhu,272,Secondary,English,78.12351652909763,38,1,2.6315789473684212,2,5.2631578947368425,962.3999999999995,29,66876.0,2306.0689655172414,87.87878787878788,10,8,5,4.2,15.999999999999996,58.55555555555556,9,4,2,Moderate
SCH0008,Govt. Middle School Sibal,Amritsar,Amritsar-Ii,313,Upper Primary,Hindi,80.86203924646234,37,2,5.405405405405405,1,2.7027027027027026,820.4999999999997,23,46077.0,2003.3478260869565,69.6969696969697,11,8,5,3.761904761904762,24.761904761904763,68.9,7,3,0,Low
SCH0009,Govt. Middle School Bakshi,Patiala,Samana,433,Upper Primary,Punjabi,80.92646521851924,26,2,7.6923076923076925,1,3.8461538461538463,539.5999999999999,16,30188.0,1886.75,48.484848484848484,8,9,5,2.976190476190476,40.47619047619048,62.63846153846154,13,4,4,High
SCH0010,Govt. Elementary School Mani,Patiala,Samana,148,Higher Secondary,Hindi,87.22058161028419,35,6,17.142857142857142,2,5.714285714285714,592.6999999999998,17,34065.0,2003.8235294117646,51.515151515151516,9,6,5,3.3333333333333335,33.33333333333333,59.07916666666667,12,5,3,Moderate
SCH0011,Govt. Senior Secondary School Munshi,Patiala,Samana,422,Higher Secondary,Punjabi,83.11489519929557,34,2,5.882352941176471,2,5.882352941176471,552.3999999999999,16,45711.0,2856.9375,48.484848484848484,9,8,5,3.666666666666667,26.666666666666664,75.36785714285713,14,5,1,Low
SCH0012,Govt. Elementary School Mand,Ludhiana,Ludhiana-I,118,Higher Secondary,Punjabi,85.5712044876154,39,3,7.6923076923076925,0,0.0,745.7999999999997,22,54523.0,2478.318181818182,66.66666666666667,9,8,5,2.5,50.0,72.57142857142858,14,5,2,Moderate
SCH0013,Govt. Middle School Contractor,Bathinda,Bathinda,388,Secondary,Punjabi,82.84126159991753,30,1,3.3333333333333335,0,0.0,957.2999999999996,28,56817.0,2029.1785714285713,84.84848484848484,10,8,5,5.0,0.0,66.29736842105262,19,6,0,Low
SCH0014,Govt. Senior Secondary School Soman,Jalandhar,Phillaur,41,Secondary,Punjabi,79.7090337708001,35,1,2.857142857142857,2,5.714285714285714,604.7999999999998,18,44058.0,2447.6666666666665,54.54545454545455,9,7,5,2.533333333333333,49.333333333333336,73.75952380952383,21,6,2,Moderate
SCH0015,Govt. Primary School Brahmbhatt,Bathinda,Maur,118,Upper Primary,Punjabi,78.99619528618524,33,0,0.0,2,6.0606060606060606,539.3999999999999,16,35079.0,2192.4375,48.484848484848484,8,4,5,3.5,30.0,66.56785714285715,14,5,3,Moderate
SCH0016,Govt. Senior Secondary School Varughese,Ludhiana,Ludhiana-I,225,Secondary,Punjabi,80.56476365408442,30,2,6.666666666666667,1,3.3333333333333335,723.6999999999997,21,53604.0,2552.5714285714284,63.63636363636363,11,7,5,3.9,22.000000000000004,65.73636363636363,11,5,0,Low
SCH0017,Govt. Elementary School Pandit,Amritsar,Tarn Taran,75,Upper Primary,Hindi,81.27162345753904,31,1,3.225806451612903,0,0.0,635.4999999999998,19,42797.0,2252.4736842105262,57.57575757575758,9,8,5,3.0,40.0,66.278125,16,4,1,Low
SCH0018,Govt. Elementary School Palla,Bathinda,Talwandi Sabo,148,Upper Primary,English,82.44651114425767,33,1,3.0303030303030303,2,6.0606060606060606,512.8999999999999,15,35061.0,2337.4,45.45454545454545,8,8,5,3.0,40.0,66.79583333333333,12,5,3,Moderate
SCH0019,Govt. Senior Secondary School Venkatesh,Sangrur,Dhuri,101,Primary,Punjabi,82.88745473450724,42,2,4.761904761904762,2,4.761904761904762,542.3999999999999,16,46008.0,2875.5,48.484848484848484,9,7,5,3.8476190476190473,23.047619047619055,67.05,14,5,1,Low
SCH0020,Govt. Primary School Soman,Amritsar,Amritsar-I,157,Primary,English,80.07340728023675,31,2,6.451612903225806,2,6.451612903225806,616.7999999999998,17,38934.0,2290.235294117647,51.515151515151516,10,6,5,3.5,30.0,58.185714285714276,14,5,3,Moderate
SCH0021,Govt. Elementary School Sami,Sangrur,Sunam,316,Higher Secondary,Hindi,81.52165850150044,33,2,6.0606060606060606,0,0.0,542.3999999999999,16,38617.0,2413.5625,48.484848484848484,7,6,5,2.0,60.0,61.910714285714285,14,5,3,Moderate
SCH0022,Govt. Primary School Aggarwal,Amritsar,Amritsar-I,377,Higher Secondary,Punjabi,85.27692947760615,23,3,13.043478260869565,0,0.0,834.2999999999996,24,57456.0,2394.0,72.72727272727273,9,7,5,4.466666666666667,10.666666666666664,68.27272727272727,11,4,1,Low
SCH0023,Govt. Senior Secondary School Bumb,Ludhiana,Machhiwara,412,Primary,Hindi,81.04832594250723,36,2,5.555555555555555,2,5.555555555555555,738.1999999999997,22,41694.0,1895.1818181818182,66.66666666666667,10,5,5,4.166666666666667,16.66666666666666,64.07619047619048,21,5,0,Low
SCH0024,Govt. Primary School Bhandari,Ferozepur,Unknown,182,Primary,Hindi,82.18840187199238,43,0,0.0,1,2.3255813953488373,889.1999999999997,25,49723.0,1988.92,75.75757575757575,10,8,5,3.466666666666667,30.666666666666664,73.93333333333334,9,3,0,Low
SCH0025,Govt. Elementary School Tella,Ludhiana,Ludhiana-I,425,Upper Primary,Punjabi,82.24191765021627,34,2,5.882352941176471,3,8.823529411764707,778.7999999999997,25,43686.0,1747.44,75.75757575757575,11,8,5,3.5,30.0,69.66363636363634,11,4,1,Low
SCH0026,Govt. Elementary School Narayan,Unknown,Ludhiana-Ii,234,Higher Secondary,Hindi,79.8596202163997,32,2,6.25,1,3.125,559.7999999999998,17,27551.0,1620.6470588235295,51.515151515151516,9,7,5,4.303571428571429,13.928571428571422,66.46000000000001,10,5,2,Moderate
SCH0027,Govt. Primary School Lal,Sangrur,Sunam,137,Primary,Punjabi,82.21860849508454,40,4,10.0,3,7.5,854.3999999999996,25,66584.0,2663.36,75.75757575757575,9,8,5,3.1666666666666665,36.66666666666667,61.17187500000001,16,4,4,High
SCH0028,Govt. Primary School Sengupta,Ludhiana,Machhiwara,297,Upper Primary,Punjabi,82.87717620002569,46,2,4.3478260869565215,4,8.695652173913043,687.8999999999997,21,35652.0,1697.7142857142858,63.63636363636363,9,9,5,4.261904761904762,14.761904761904763,70.30000000000001,9,5,1,Low
SCH0029,Govt. Primary School Lad,Amritsar,Amritsar-Ii,246,Upper Primary,Punjabi,78.57183116866695,25,0,0.0,0,0.0,784.3999999999997,22,57128.0,2596.7272727272725,66.66666666666667,10,7,5,4.0,20.0,64.609375,16,6,1,Low
SCH0030,Govt. Elementary School Kar,Moga,Bagha Purana,144,Secondary,English,79.42793069510925,39,0,0.0,1,2.5641025641025643,789.4999999999998,23,63984.0,2781.913043478261,69.6969696969697,9,6,5,3.1500000000000004,36.99999999999999,69.75,17,5,2,Moderate
SCH0031,Govt. Primary School Mohanty,Sangrur,Unknown,424,Primary,Hindi,80.17098942645008,30,2,6.666666666666667,0,0.0,633.3999999999999,18,44073.0,2448.5,54.54545454545455,8,8,5,3.0,40.0,67.04666666666667,15,5,1,Low
SCH0032,Govt. Senior Secondary School Narang,Bathinda,Maur,218,Upper Primary,Hindi,76.13483858248041,24,0,0.0,0,0.0,760.1999999999998,21,45226.0,2153.6190476190477,63.63636363636363,10,8,5,3.7619047619047623,24.761904761904752,64.23461538461538,13,4,1,Low
SCH0033,Govt. Primary School Shroff,Bathinda,Bathinda,381,Secondary,Hindi,81.90886196882256,43,5,11.627906976744185,2,4.651162790697675,664.5999999999998,20,47757.0,2387.85,60.60606060606061,8,8,5,3.766666666666666,24.66666666666668,65.98636363636363,11,4,1,Low
SCH0034,Govt. Senior Secondary School Kumar,Bathinda,Bathinda,94,Upper Primary,Hindi,80.21525579603097,30,0,0.0,1,3.3333333333333335,507.8999999999998,16,42079.0,2629.9375,48.484848484848484,7,6,5,3.5,30.0,62.75,13,6,2,Moderate
SCH0035,Govt. Elementary School Setty,Bathinda,Talwandi Sabo,168,Primary,Punjabi,86.68307439191649,37,5,13.513513513513514,2,5.405405405405405,334.99999999999994,10,22821.0,2282.1,30.303030303030305,6,5,5,3.7333333333333334,25.333333333333332,66.49047619047622,21,6,2,Moderate
SCH0036,Govt. Elementary School Solanki,Ludhiana,Doraha,434,Secondary,Punjabi,81.9027840943659,37,4,10.81081081081081,0,0.0,650.2999999999998,19,41754.0,2197.5789473684213,57.57575757575758,9,8,5,3.4166666666666665,31.666666666666668,69.81,10,5,1,Low
SCH0037,Govt. Middle School More,Ludhiana,Ludhiana-I,78,Upper Primary,Hindi,79.86663015947508,32,2,6.25,1,3.125,844.6999999999996,25,57668.0,2306.72,75.75757575757575,11,9,5,3.636363636363636,27.272727272727288,67.725,16,5,1,Low
SCH0038,Govt. Senior Secondary School Mandal,Ferozepur,Zira,61,Primary,Punjabi,83.16272878785959,37,3,8.108108108108109,2,5.405405405405405,893.5999999999997,26,49057.0,1886.8076923076924,78.78787878787878,10,9,5,2.5,50.0,69.47857142857143,14,6,2,Moderate
SCH0039,Govt. Senior Secondary School Baral,Moga,Nihal Singh Wala,357,Upper Primary,Punjabi,79.61981760224198,25,1,4.0,1,4.0,338.99999999999994,10,29584.0,2958.4,30.303030303030305,8,5,5,3.833333333333333,23.33333333333334,59.1409090909091,11,4,3,Moderate
SCH0040,Govt. Primary School Gole,Jalandhar,Nakodar,440,Upper Primary,Punjabi,79.74375856286318,38,2,5.2631578947368425,0,0.0,730.5999999999999,21,43758.0,2083.714285714286,63.63636363636363,9,7,5,3.6000000000000005,27.99999999999999,63.42857142857144,7,4,1,Low
SCH0041,Govt. Senior Secondary School Kuruvilla,Sangrur,Sunam,142,Higher Secondary,Hindi,80.92619034860563,29,2,6.896551724137931,1,3.4482758620689653,615.7999999999998,19,35335.0,1859.7368421052631,57.57575757575758,9,8,5,3.666666666666667,26.666666666666664,67.28999999999999,10,4,0,Low
SCH0042,Govt. Elementary School Bhatnagar,Ferozepur,Makhu,182,Secondary,Hindi,83.72375824023499,36,2,5.555555555555555,2,5.555555555555555,704.0999999999998,21,40037.0,1906.5238095238096,63.63636363636363,9,6,5,4.133333333333334,17.333333333333325,65.45,9,5,0,Low
SCH0043,Govt. Middle School Sachar,Moga,Unknown,99,Secondary,Hindi,81.98376343542944,26,1,3.8461538461538463,0,0.0,644.0999999999998,19,35349.0,1860.4736842105262,57.57575757575758,9,6,5,3.5714285714285716,28.571428571428566,63.62272727272727,11,5,0,Low
SCH0044,Govt. Primary School Rajagopalan,Ferozepur,Makhu,413,Higher Secondary,Hindi,88.00086035672149,30,1,3.3333333333333335,5,16.666666666666668,666.7999999999997,20,37025.0,1851.25,60.60606060606061,10,5,5,2.9999999999999996,40.000000000000014,68.9825,20,6,2,Moderate
SCH0045,Govt. Senior Secondary School Divan,Patiala,Samana,62,Primary,Punjabi,82.64438348008814,37,1,2.7027027027027026,3,8.108108108108109,684.6999999999997,20,48937.0,2446.85,60.60606060606061,8,7,5,3.4999999999999996,30.00000000000001,65.57499999999999,12,4,1,Low
SCH0046,Govt. Elementary School Mody,Moga,Bagha Purana,379,Secondary,English,84.44955534726084,28,3,10.714285714285714,2,7.142857142857143,344.2,10,21808.0,2180.8,30.303030303030305,7,5,5,3.75,25.0,67.06818181818181,11,4,3,Moderate
SCH0047,Govt. Senior Secondary School Karpe,Jalandhar,Jalandhar-Ii,255,Higher Secondary,English,85.4358645365837,30,3,10.0,2,6.666666666666667,629.2999999999998,19,47899.0,2521.0,57.57575757575758,10,9,5,3.6,28.0,68.51818181818182,11,4,2,Moderate
SCH0048,Govt. Middle School Chana,Ferozepur,Ferozepur,195,Higher Secondary,Punjabi,80.9033780592409,28,2,7.142857142857143,0,0.0,734.4999999999998,22,48044.0,2183.818181818182,66.66666666666667,10,8,3,3.0,0.0,60.56052631578948,19,6,2,Moderate
SCH0049,Govt. Middle School Purohit,Patiala,Rajpura,446,Upper Primary,Hindi,79.60155477385025,39,0,0.0,1,2.5641025641025643,546.5999999999999,16,33766.0,2110.375,48.484848484848484,7,7,5,4.25,15.0,62.53999999999999,15,5,3,Moderate
SCH0050,Govt. Senior Secondary School Tank,Moga,Moga-I,424,Secondary,Punjabi,81.64230819719732,39,2,5.128205128205129,1,2.5641025641025643,783.4999999999998,22,55064.0,2502.909090909091,66.66666666666667,10,7,5,2.7,45.99999999999999,70.01052631578948,19,5,1,Low
SCH0051,Govt. Senior Secondary School Sarkar,Patiala,Rajpura,352,Primary,Punjabi,88.73329313048963,31,2,6.451612903225806,4,12.903225806451612,588.5999999999998,18,42614.0,2367.4444444444443,54.54545454545455,11,7,5,3.761904761904762,24.761904761904763,68.32777777777778,9,4,1,Low
SCH0052,Govt. Primary School Kannan,Sangrur,Dhuri,164,Primary,Hindi,76.48075748295041,23,0,0.0,0,0.0,749.2999999999997,22,49868.0,2266.7272727272725,66.66666666666667,9,6,5,2.5,50.0,63.561764705882354,17,6,2,Moderate
SCH0053,Govt. Elementary School Tailor,Jalandhar,Phillaur,65,Primary,Hindi,83.2761073595299,31,0,0.0,3,9.67741935483871,799.3999999999997,24,42930.0,1788.75,72.72727272727273,10,7,5,3.5833333333333335,28.333333333333332,62.8735294117647,17,6,2,Moderate
SCH0054,Govt. Elementary School Bajwa,Moga,Nihal Singh Wala,353,Higher Secondary,Punjabi,81.81333871786667,38,1,2.6315789473684212,0,0.0,586.4999999999999,17,40239.0,2367.0,51.515151515151516,10,9,3,2.0,33.333333333333336,68.69999999999999,11,6,1,Low
SCH0055,Govt. Elementary School Sem,Sangrur,Malerkotla,424,Secondary,English,83.57121899622807,35,4,11.428571428571429,2,5.714285714285714,744.2999999999997,22,46140.0,2097.2727272727275,66.66666666666667,8,9,5,2.8333333333333335,43.33333333333333,63.533333333333324,12,6,2,Moderate
SCH0056,Govt. Primary School Nagar,Sangrur,Sangrur,405,Secondary,Hindi,83.05308064267867,26,2,7.6923076923076925,1,3.8461538461538463,688.4999999999998,20,47297.0,2364.85,60.60606060606061,11,6,5,4.1000000000000005,17.99999999999999,68.29642857142856,14,5,1,Low
SCH0057,Govt. Elementary School Wagle,Ferozepur,Zira,401,Higher Secondary,Hindi,80.21206133593044,44,2,4.545454545454546,1,2.272727272727273,730.2999999999998,22,42462.0,1930.090909090909,66.66666666666667,9,8,5,3.1666666666666665,36.66666666666667,71.99285714285715,14,6,1,Low
SCH0058,Govt. Elementary School Savant,Ferozepur,Mamdot,434,Primary,English,78.19190403832668,22,1,4.545454545454546,0,0.0,624.4999999999998,18,34657.0,1925.388888888889,54.54545454545455,9,6,5,3.05,39.00000000000001,62.43000000000001,5,4,3,Moderate
SCH0059,Govt. Middle School Barman,Bathinda,Talwandi Sabo,254,Upper Primary,Punjabi,85.6957154609349,36,3,8.333333333333334,4,11.11111111111111,760.0999999999997,22,60021.0,2728.2272727272725,66.66666666666667,8,8,5,3.3055555555555554,33.88888888888889,65.73333333333333,15,5,2,Moderate
SCH0060,Govt. Elementary School Srinivas,Ferozepur,Makhu,382,Higher Secondary,Hindi,78.25290287531065,31,1,3.225806451612903,1,3.225806451612903,628.5999999999999,19,40366.0,2124.5263157894738,57.57575757575758,10,7,5,3.1666666666666665,36.66666666666667,69.55454545454546,11,4,2,Moderate
SCH0061,Govt. Elementary School Dhawan,Ludhiana,Machhiwara,343,Primary,Punjabi,85.01583950270606,40,2,5.0,2,5.0,718.0999999999997,22,48090.0,2185.909090909091,66.66666666666667,9,8,5,3.0,40.0,62.32142857142857,7,3,2,Moderate
SCH0062,Govt. Middle School Pradhan,Jalandhar,Jalandhar-I,173,Upper Primary,Punjabi,79.91836541417928,33,1,3.0303030303030303,0,0.0,524.3999999999999,15,31964.0,2130.9333333333334,45.45454545454545,8,7,5,2.958333333333333,40.833333333333336,67.9375,12,5,3,Moderate
SCH0063,Govt. Primary School Singhal,Bathinda,Talwandi Sabo,169,Higher Secondary,English,78.09708365828196,36,1,2.7777777777777777,1,2.7777777777777777,802.6999999999998,22,44745.0,2033.8636363636363,66.66666666666667,9,7,5,3.2380952380952386,35.23809523809523,73.30000000000001,9,5,1,Low
SCH0064,Govt. Senior Secondary School Nayar,Patiala,Patiala,439,Primary,Punjabi,79.4349027516326,39,1,2.5641025641025643,2,5.128205128205129,829.2999999999997,25,44885.0,1795.4,75.75757575757575,10,8,5,3.375,32.5,69.7,7,3,1,Low
SCH0065,Govt. Senior Secondary School Palla,Jalandhar,Jalandhar-Ii,104,Primary,English,83.97700751461987,27,1,3.7037037037037037,3,11.11111111111111,628.1999999999998,19,47414.0,2495.4736842105262,57.57575757575758,10,6,5,3.4999999999999996,30.00000000000001,69.22857142857141,14,6,1,Low
SCH0066,Govt. Senior Secondary School Devan,Moga,Moga-Ii,350,Primary,Punjabi,75.65661030643182,31,0,0.0,0,0.0,444.6999999999999,13,28359.0,2181.4615384615386,39.39393939393939,8,5,5,3.8333333333333335,23.333333333333332,66.00357142857142,14,5,2,Moderate
SCH0067,Govt. Senior Secondary School Dewan,Ludhiana,Unknown,334,Higher Secondary,Hindi,83.78818589375794,31,2,6.451612903225806,2,6.451612903225806,471.69999999999993,13,29851.0,2296.230769230769,39.39393939393939,8,8,5,3.6964285714285716,26.071428571428566,64.7653846153846,13,4,2,Moderate
SCH0068,Govt. Primary School Mangat,Amritsar,Ajnala,390,Primary,Punjabi,83.37568469530956,31,5,16.129032258064516,0,0.0,691.7999999999998,20,52985.0,2649.25,60.60606060606061,9,8,5,4.0,20.0,57.587500000000006,8,4,2,Moderate
SCH0069,Govt. Elementary School Mital,Moga,Moga-I,299,Primary,English,81.6767490975663,31,1,3.225806451612903,1,3.225806451612903,450.9999999999999,14,31727.0,2266.214285714286,42.42424242424242,7,7,5,4.0,20.0,64.58749999999999,8,4,1,Low
SCH0070,Govt. Elementary School Nair,Sangrur,Sunam,262,Secondary,Hindi,81.71193963085342,34,2,5.882352941176471,1,2.9411764705882355,533.5999999999999,17,44372.0,2610.1176470588234,51.515151515151516,5,7,5,4.0,20.0,68.26363636363637,11,6,1,Low
SCH0071,Govt. Elementary School Comar,Bathinda,Rampura Phul,165,Primary,Punjabi,79.5625181361385,40,0,0.0,1,2.5,788.7999999999997,24,41383.0,1724.2916666666667,72.72727272727273,10,8,5,3.871428571428571,22.57142857142858,63.58636363636363,11,5,1,Low
SCH0072,Govt. Senior Secondary School Sengupta,Ferozepur,Makhu,54,Secondary,English,80.35726544800276,30,1,3.3333333333333335,0,0.0,655.0999999999998,19,48351.0,2544.7894736842104,57.57575757575758,9,8,5,4.071428571428571,18.571428571428577,65.61666666666667,21,6,0,Low
SCH0073,Govt. Senior Secondary School Shah,Moga,Unknown,345,Secondary,Punjabi,82.37471199303839,36,2,5.555555555555555,1,2.7777777777777777,761.7999999999997,23,44294.0,1925.8260869565217,69.6969696969697,11,6,5,4.133333333333334,17.333333333333325,72.27083333333334,12,4,0,Low
SCH0074,Govt. Primary School Parmer,Sangrur,Unknown,393,Higher Secondary,Hindi,84.19875405213513,38,3,7.894736842105263,2,5.2631578947368425,750.6999999999998,21,56772.0,2703.4285714285716,63.63636363636363,9,7,5,2.6,48.0,63.69230769230769,13,5,2,Moderate
SCH0075,Govt. Middle School Mody,Ferozepur,Zira,196,Secondary,Hindi,80.54577447072293,36,1,2.7777777777777777,1,2.7777777777777777,530.4999999999999,16,29172.0,1823.25,48.484848484848484,10,6,5,2.6333333333333337,47.33333333333333,67.85,8,3,2,Moderate
SCH0076,Govt. Primary School Oommen,Moga,Bagha Purana,399,Secondary,English,83.42463422329415,31,2,6.451612903225806,2,6.451612903225806,625.7999999999998,18,32224.0,1790.2222222222222,54.54545454545455,10,7,5,4.133333333333334,17.333333333333325,66.54500000000002,20,5,1,Low
SCH0077,Govt. Middle School Buch,Amritsar,Amritsar-Ii,138,Higher Secondary,Hindi,78.92354874517508,34,1,2.9411764705882355,1,2.9411764705882355,735.3999999999997,22,40997.0,1863.5,66.66666666666667,9,7,5,2.9999999999999996,40.000000000000014,67.43333333333334,12,5,2,Moderate
SCH0078,Govt. Senior Secondary School Bhavsar,Bathinda,Maur,224,Primary,Punjabi,83.05684307294507,38,3,7.894736842105263,2,5.2631578947368425,588.3,16,42186.0,2636.625,48.484848484848484,8,7,5,3.2111111111111117,35.777777777777764,69.28333333333333,21,6,2,Moderate
SCH0079,Govt. Primary School Dash,Bathinda,Maur,366,Higher Secondary,Punjabi,82.25244322549003,32,1,3.125,1,3.125,758.5999999999997,23,46510.0,2022.1739130434783,69.6969696969697,11,8,5,5.0,0.0,67.01111111111112,9,5,0,Low
SCH0080,Govt. Elementary School Roy,Sangrur,Dhuri,214,Primary,Punjabi,78.7394020666452,35,1,2.857142857142857,1,2.857142857142857,790.5999999999997,23,50565.0,2198.478260869565,69.6969696969697,11,8,5,3.621212121212121,27.575757575757574,75.04444444444445,9,5,1,Low
SCH0081,Govt. Middle School Batta,Ferozepur,Unknown,77,Primary,Hindi,83.0179839690167,33,2,6.0606060606060606,3,9.090909090909092,807.7999999999997,23,38730.0,1683.9130434782608,69.6969696969697,10,5,5,3.4047619047619047,31.90476190476191,57.81764705882353,17,5,2,Moderate
SCH0082,Govt. Elementary School Mistry,Amritsar,Tarn Taran,350,Upper Primary,Punjabi,83.82833955982484,34,3,8.823529411764707,1,2.9411764705882355,420.8999999999999,12,28464.0,2372.0,36.36363636363637,7,5,5,3.8333333333333335,23.333333333333332,59.059999999999995,15,6,3,Moderate
SCH0083,Govt. Primary School Dutta,Bathinda,Talwandi Sabo,196,Primary,Hindi,79.20336128221668,37,0,0.0,1,2.7027027027027026,854.7999999999997,25,71193.0,2847.72,75.75757575757575,9,6,5,4.0,20.0,68.91785714285714,14,5,1,Low
SCH0084,Govt. Primary School Wali,Patiala,Samana,378,Upper Primary,Punjabi,80.55117151950901,44,3,6.818181818181818,2,4.545454545454546,865.9999999999997,25,60940.0,2437.6,75.75757575757575,8,7,5,3.6333333333333337,27.333333333333325,65.12857142857143,14,4,0,Low
SCH0085,Govt. Elementary School Bandi,Unknown,Unknown,189,Secondary,Hindi,79.1490755295443,33,1,3.0303030303030303,1,3.0303030303030303,454.6999999999999,14,27474.0,1962.4285714285713,42.42424242424242,8,4,5,3.6666666666666665,26.666666666666668,68.39999999999999,12,5,2,Moderate
SCH0086,Govt. Middle School Tata,Bathinda,Maur,257,Upper Primary,Punjabi,81.56175853995958,34,1,2.9411764705882355,1,2.9411764705882355,440.6999999999999,13,34856.0,2681.230769230769,39.39393939393939,9,7,5,3.925,21.500000000000004,62.92749999999999,20,6,2,Moderate
SCH0087,Govt. Elementary School Grewal,Ludhiana,Ludhiana-Ii,445,Secondary,Punjabi,79.51641273373545,27,0,0.0,1,3.7037037037037037,691.7999999999997,20,43026.0,2151.3,60.60606060606061,11,7,5,5.0,0.0,71.24230769230769,13,5,1,Low
SCH0088,Govt. Middle School Golla,Bathinda,Talwandi Sabo,264,Primary,Punjabi,83.68505916767894,25,0,0.0,1,4.0,708.1999999999997,21,39313.0,1872.047619047619,63.63636363636363,9,8,5,5.0,0.0,65.80416666666666,12,5,0,Low
SCH0089,Govt. Middle School Krishnamurthy,Amritsar,Amritsar-Ii,385,Primary,Hindi,82.29916431753745,20,1,5.0,0,0.0,677.9999999999998,20,38936.0,1946.8,60.60606060606061,10,5,5,3.1,38.0,64.05,16,5,1,Low
SCH0090,Govt. Elementary School Pingle,Sangrur,Dhuri,182,Higher Secondary,Punjabi,80.68721880488327,37,2,5.405405405405405,0,0.0,669.9999999999998,20,56475.0,2823.75,60.60606060606061,11,7,5,4.0,20.0,71.21000000000001,10,4,0,Low
SCH0091,Govt. Middle School Soman,Moga,Nihal Singh Wala,210,Primary,Punjabi,82.59784957240493,34,2,5.882352941176471,0,0.0,643.6999999999998,18,44109.0,2450.5,54.54545454545455,9,8,4,3.0,25.0,58.65,10,6,1,Low
SCH0092,Govt. Middle School Bawa,Bathinda,Talwandi Sabo,429,Higher Secondary,Punjabi,82.69736224352908,35,2,5.714285714285714,2,5.714285714285714,643.6999999999998,20,43568.0,2178.4,60.60606060606061,7,8,5,3.75,25.0,67.35416666666667,12,6,0,Low
SCH0093,Govt. Elementary School Bora,Ludhiana,Machhiwara,251,Secondary,Punjabi,79.0909381621842,31,1,3.225806451612903,2,6.451612903225806,690.2999999999997,21,54749.0,2607.095238095238,63.63636363636363,9,9,5,3.8666666666666667,22.666666666666664,64.35416666666667,12,6,2,Moderate
SCH0094,Govt. Elementary School Pingle,Patiala,Samana,321,Secondary,Hindi,79.94301906520388,23,0,0.0,1,4.3478260869565215,760.0999999999998,20,35593.0,1779.65,60.60606060606061,8,8,5,4.416666666666667,11.66666666666666,64.66428571428573,14,6,0,Low
SCH0095,Govt. Primary School Kanda,Patiala,Nabha,199,Higher Secondary,Punjabi,82.3356075894848,32,3,9.375,1,3.125,620.1999999999998,18,42045.0,2335.8333333333335,54.54545454545455,9,6,5,3.466666666666667,30.666666666666664,68.4090909090909,22,6,1,Low
SCH0096,Govt. Elementary School Walia,Jalandhar,Phillaur,406,Secondary,Hindi,84.03700709005402,39,1,2.5641025641025643,4,10.256410256410257,887.1999999999996,26,52669.0,2025.7307692307693,78.78787878787878,10,9,5,3.6305555555555555,27.388888888888893,73.73,15,5,1,Low
SCH0097,Govt. Middle School Prakash,Sangrur,Sunam,236,Upper Primary,Punjabi,82.99942946142457,28,1,3.5714285714285716,2,7.142857142857143,546.9999999999999,16,42175.0,2635.9375,48.484848484848484,9,5,5,4.0,20.0,67.77857142857144,14,5,2,Moderate
SCH0098,Govt. Elementary School Soman,Moga,Bagha Purana,41,Secondary,Punjabi,82.8969713997266,28,1,3.5714285714285716,1,3.5714285714285716,525.6999999999999,16,33238.0,2077.375,48.484848484848484,8,6,5,3.8333333333333335,23.333333333333332,65.64090909090909,22,6,1,Low
SCH0099,Govt. Middle School Korpal,Sangrur,Malerkotla,210,Higher Secondary,Hindi,83.08037068020376,34,4,11.764705882352942,2,5.882352941176471,959.4999999999998,28,63859.0,2280.6785714285716,84.84848484848484,11,8,5,4.333333333333333,13.33333333333334,61.1970588235294,17,6,2,Moderate
SCH0100,Govt. Elementary School Sandal,Ferozepur,Zira,437,Secondary,Hindi,86.70373571280862,30,4,13.333333333333334,3,10.0,885.5999999999997,26,47059.0,1809.9615384615386,78.78787878787878,10,9,5,4.15,16.999999999999993,63.5625,12,6,2,Moderate
SCH0101,Govt. Elementary School Saxena,Sangrur,Unknown,104,Secondary,Punjabi,82.05457657909223,37,4,10.81081081081081,2,5.405405405405405,711.3999999999997,21,55989.0,2666.1428571428573,63.63636363636363,10,9,5,3.8,24.000000000000004,62.59444444444445,9,4,2,Moderate
SCH0102,Govt. Middle School Kakar,Ludhiana,Ludhiana-Ii,249,Upper Primary,Punjabi,81.71398439385997,36,1,2.7777777777777777,1,2.7777777777777777,856.3999999999997,27,65322.0,2419.3333333333335,81.81818181818181,11,8,5,4.416666666666667,11.66666666666666,66.57307692307693,13,5,0,Low
SCH0103,Govt. Elementary School Parsa,Amritsar,Ajnala,385,Higher Secondary,Punjabi,78.6540376688015,34,2,5.882352941176471,0,0.0,691.8999999999997,21,58850.0,2802.3809523809523,63.63636363636363,9,8,5,3.7857142857142856,24.28571428571429,61.159375,16,5,2,Moderate
SCH0104,Govt. Primary School Chacko,Amritsar,Amritsar-Ii,363,Secondary,Punjabi,78.86094871836082,36,1,2.7777777777777777,0,0.0,709.6999999999999,20,37012.0,1850.6,60.60606060606061,9,8,5,4.5,10.0,58.928124999999994,16,5,2,Moderate
SCH0105,Govt. Primary School Desai,Amritsar,Tarn Taran,125,Primary,English,85.55428825759529,36,2,5.555555555555555,2,5.555555555555555,622.4999999999998,18,54228.0,3012.6666666666665,54.54545454545455,8,7,5,3.5277777777777777,29.444444444444446,64.00416666666666,12,6,0,Low
SCH0106,Govt. Primary School Shanker,Ferozepur,Zira,165,Upper Primary,Punjabi,77.64155193555791,34,2,5.882352941176471,2,5.882352941176471,621.5999999999998,17,42381.0,2493.0,51.515151515151516,8,6,5,3.4999999999999996,30.00000000000001,71.15833333333333,12,5,2,Moderate
SCH0107,Govt. Elementary School Krishna,Patiala,Rajpura,338,Higher Secondary,Punjabi,79.38391027046225,34,0,0.0,1,2.9411764705882355,645.1999999999998,19,51711.0,2721.6315789473683,57.57575757575758,9,7,5,3.7142857142857144,25.71428571428571,63.209090909090904,11,6,2,Moderate
SCH0108,Govt. Middle School Warrior,Sangrur,Malerkotla,386,Primary,English,83.40603227672985,34,1,2.9411764705882355,2,5.882352941176471,265.40000000000003,8,17720.0,2215.0,24.242424242424242,6,4,5,2.95,40.99999999999999,65.03999999999999,10,4,2,Moderate
SCH0109,Govt. Elementary School Pradhan,Ferozepur,Makhu,273,Upper Primary,Punjabi,83.83486627001714,29,2,6.896551724137931,1,3.4482758620689653,871.5999999999997,26,61875.0,2379.8076923076924,78.78787878787878,9,7,5,3.9166666666666665,21.666666666666668,60.74615384615384,13,4,1,Low
SCH0110,Govt. Primary School Goswami,Moga,Bagha Purana,398,Higher Secondary,Punjabi,79.33433201623428,38,0,0.0,2,5.2631578947368425,735.9999999999997,23,52826.0,2296.782608695652,69.6969696969697,9,8,5,3.5,30.0,61.44499999999999,10,5,2,Moderate
SCH0111,Govt. Middle School Butala,Bathinda,Maur,350,Upper Primary,Hindi,82.02598331359295,30,2,6.666666666666667,2,6.666666666666667,926.1999999999997,27,56445.0,2090.5555555555557,81.81818181818181,11,8,5,4.1,18.000000000000007,66.7470588235294,17,5,1,Low
SCH0112,Govt. Senior Secondary School Bhagat,Amritsar,Unknown,198,Primary,English,81.22251986047424,33,3,9.090909090909092,2,6.0606060606060606,638.7999999999998,19,51278.0,2698.842105263158,57.57575757575758,11,8,5,3.05,39.00000000000001,70.00909090909092,11,5,3,Moderate
SCH0113,Govt. Middle School Subramaniam,Moga,Nihal Singh Wala,129,Secondary,English,79.82947722082845,20,1,5.0,0,0.0,786.3999999999997,23,50450.0,2193.478260869565,69.6969696969697,9,8,5,4.0,20.0,70.34736842105264,19,5,1,Low
SCH0114,Govt. Primary School Randhawa,Sangrur,Malerkotla,422,Primary,Hindi,83.32134762805316,36,1,2.7777777777777777,2,5.555555555555555,899.0999999999998,26,45046.0,1732.5384615384614,78.78787878787878,10,7,5,3.5472222222222216,29.055555555555564,65.85000000000001,16,6,0,Low
SCH0115,Govt. Primary School Sachdev,Ferozepur,Makhu,86,Primary,English,83.41014401588497,34,1,2.9411764705882355,0,0.0,868.5999999999996,26,54032.0,2078.153846153846,78.78787878787878,9,8,5,4.0,20.0,69.625,12,5,0,Low
SCH0116,Govt. Middle School Gandhi,Ferozepur,Makhu,95,Higher Secondary,Hindi,82.22509535901106,34,3,8.823529411764707,2,5.882352941176471,686.9999999999998,20,42371.0,2118.55,60.60606060606061,9,9,5,3.678571428571429,26.428571428571423,66.99761904761905,21,6,1,Low
SCH0117,Govt. Primary School Reddy,Amritsar,Tarn Taran,398,Higher Secondary,English,80.58335799658704,22,0,0.0,1,4.545454545454546,432.8999999999999,13,33017.0,2539.769230769231,39.39393939393939,9,8,5,3.416666666666667,31.666666666666664,67.07222222222222,9,5,1,Low
SCH0118,Govt. Middle School Hari,Sangrur,Sangrur,89,Upper Primary,Hindi,82.64547257391257,36,3,8.333333333333334,2,5.555555555555555,912.9999999999997,27,70412.0,2607.8518518518517,81.81818181818181,11,9,5,3.75,25.0,65.08000000000001,10,4,1,Low
SCH0119,Govt. Middle School Sur,Ferozepur,Unknown,252,Higher Secondary,English,84.18715621424403,36,2,5.555555555555555,1,2.7777777777777777,721.2999999999997,20,60316.0,3015.8,60.60606060606061,10,9,5,3.7333333333333334,25.333333333333332,62.71071428571428,14,5,1,Low
SCH0120,Govt. Middle School Sharaf,Patiala,Rajpura,267,Secondary,English,83.23174375077572,36,1,2.7777777777777777,2,5.555555555555555,621.1999999999998,18,44267.0,2459.277777777778,54.54545454545455,9,7,5,4.666666666666666,6.6666666666666785,65.16538461538461,13,5,0,Low
SCH0121,Govt. Elementary School Deshmukh,Ludhiana,Unknown,181,Primary,Hindi,83.71947147056343,35,1,2.857142857142857,3,8.571428571428571,822.7999999999997,24,50212.0,2092.1666666666665,72.72727272727273,10,6,5,3.6666666666666665,26.666666666666668,74.15833333333333,6,3,1,Low
SCH0122,Govt. Senior Secondary School Ahluwalia,Ludhiana,Unknown,442,Upper Primary,Hindi,83.24298012315515,32,2,6.25,1,3.125,755.1999999999997,22,46489.0,2113.1363636363635,66.66666666666667,9,7,5,3.4,32.0,64.45416666666667,12,5,0,Low
SCH0123,Govt. Primary School Cheema,Patiala,Nabha,159,Upper Primary,Hindi,81.594466782388,41,1,2.4390243902439024,1,2.4390243902439024,826.2999999999997,25,58684.0,2347.36,75.75757575757575,9,7,5,3.9166666666666665,21.666666666666668,63.475,12,4,0,Low
SCH0124,Govt. Middle School Goda,Jalandhar,Nakodar,448,Primary,Hindi,87.03189977963962,35,4,11.428571428571429,3,8.571428571428571,496.4999999999999,14,29014.0,2072.4285714285716,42.42424242424242,6,6,5,4.05,19.000000000000004,65.45714285714287,14,6,3,Moderate
SCH0125,Govt. Primary School Srivastava,Moga,Moga-I,129,Upper Primary,Punjabi,86.26705088742378,32,2,6.25,2,6.25,609.0999999999998,17,47727.0,2807.470588235294,51.515151515151516,8,5,5,3.3571428571428568,32.85714285714287,72.365625,16,5,2,Moderate
SCH0126,Govt. Primary School Pillay,Sangrur,Malerkotla,302,Higher Secondary,Hindi,78.90553198495003,28,1,3.5714285714285716,0,0.0,698.9999999999998,20,36156.0,1807.8,60.60606060606061,10,7,5,2.0,60.0,60.78571428571428,14,5,3,Moderate
SCH0127,Govt. Elementary School Palla,Bathinda,Talwandi Sabo,369,Primary,Punjabi,85.41592795801098,37,1,2.7027027027027026,2,5.405405405405405,540.9999999999999,16,37733.0,2358.3125,48.484848484848484,10,8,5,3.5,30.0,62.77916666666667,12,5,2,Moderate
SCH0128,Govt. Primary School Walla,Sangrur,Dhuri,77,Secondary,Hindi,83.55416011093085,32,1,3.125,1,3.125,549.4999999999999,16,40473.0,2529.5625,48.484848484848484,9,6,5,3.6666666666666665,26.666666666666668,69.92647058823529,17,6,1,Low
SCH0129,Govt. Elementary School Malhotra,Moga,Unknown,345,Higher Secondary,Punjabi,84.27009952596093,34,1,2.9411764705882355,2,5.882352941176471,416.7999999999999,13,25852.0,1988.6153846153845,39.39393939393939,7,7,5,2.9999999999999996,40.000000000000014,65.83333333333333,15,6,2,Moderate
SCH0130,Govt. Elementary School Mall,Patiala,Rajpura,271,Higher Secondary,Punjabi,85.52609284444478,38,1,2.6315789473684212,3,7.894736842105263,868.8999999999996,24,52979.0,2207.4583333333335,72.72727272727273,9,8,5,3.5,30.0,64.43636363636364,11,4,1,Low
SCH0131,Govt. Elementary School Dani,Moga,Unknown,200,Secondary,Punjabi,86.39894755821575,23,1,4.3478260869565215,1,4.3478260869565215,392.3999999999999,11,24500.0,2227.2727272727275,33.333333333333336,6,6,5,4.123809523809524,17.523809523809515,69.03666666666665,15,5,1,Low
SCH0132,Govt. Primary School Rajagopal,Amritsar,Tarn Taran,89,Secondary,Hindi,83.06090672851322,36,2,5.555555555555555,2,5.555555555555555,585.9999999999999,17,38114.0,2242.0,51.515151515151516,9,7,5,3.8494949494949493,23.010101010101014,69.25000000000001,14,6,1,Low
SCH0133,Govt. Primary School Thakur,Moga,Moga-I,250,Higher Secondary,Hindi,79.88688292632528,25,0,0.0,1,4.0,721.5999999999998,21,56622.0,2696.285714285714,63.63636363636363,10,7,5,3.8,24.000000000000004,63.23,15,5,2,Moderate
SCH0134,Govt. Elementary School Suri,Bathinda,Rampura Phul,93,Upper Primary,Punjabi,79.07419063147044,37,2,5.405405405405405,1,2.7027027027027026,745.7999999999998,23,60362.0,2624.4347826086955,69.6969696969697,10,9,4,3.0,25.0,66.64000000000001,10,5,1,Low
SCH0135,Govt. Primary School Raghavan,Moga,Bagha Purana,98,Upper Primary,English,86.0114350008341,26,2,7.6923076923076925,1,3.8461538461538463,509.6999999999999,17,37566.0,2209.764705882353,51.515151515151516,7,7,5,3.9999999999999996,20.000000000000007,66.34642857142858,14,5,2,Moderate
SCH0136,Govt. Middle School Banerjee,Ludhiana,Unknown,179,Secondary,Hindi,81.15478888690389,35,3,8.571428571428571,2,5.714285714285714,884.6999999999996,27,57844.0,2142.3703703703704,81.81818181818181,11,9,5,4.0,20.0,64.92142857142856,21,5,1,Low
SCH0137,Govt. Senior Secondary School Dani,Ferozepur,Ferozepur,112,Primary,Punjabi,88.71891604842547,34,4,11.764705882352942,3,8.823529411764707,958.8999999999996,27,76445.0,2831.296296296296,81.81818181818181,11,8,5,3.6666666666666665,26.666666666666668,70.97222222222223,18,5,2,Moderate
SCH0138,Govt. Primary School Gandhi,Moga,Moga-Ii,229,Secondary,Hindi,80.5165175603064,34,3,8.823529411764707,1,2.9411764705882355,393.99999999999994,12,27459.0,2288.25,36.36363636363637,7,7,5,2.6666666666666665,46.66666666666667,70.74444444444445,9,5,3,Moderate
SCH0139,Govt. Elementary School Lata,Jalandhar,Jalandhar-I,385,Higher Secondary,Punjabi,83.51143761558035,42,1,2.380952380952381,4,9.523809523809524,868.9999999999998,25,56212.0,2248.48,75.75757575757575,9,8,5,3.833333333333333,23.33333333333334,67.03333333333332,12,6,1,Low
SCH0140,Govt. Middle School Garg,Bathinda,Maur,426,Secondary,Hindi,78.11849146939109,37,1,2.7027027027027026,0,0.0,720.9999999999998,22,37276.0,1694.3636363636363,66.66666666666667,10,7,5,4.357142857142858,12.857142857142847,61.60666666666667,15,5,2,Moderate
SCH0141,Govt. Middle School Sane,Sangrur,Malerkotla,63,Primary,Hindi,84.82285020332594,34,1,2.9411764705882355,2,5.882352941176471,1079.4999999999998,31,62665.0,2021.4516129032259,93.93939393939394,10,8,5,3.437373737373737,31.252525252525253,64.72307692307693,13,5,0,Low
SCH0142,Govt. Senior Secondary School Badami,Bathinda,Rampura Phul,207,Higher Secondary,Hindi,80.58028496262155,31,2,6.451612903225806,1,3.225806451612903,729.6999999999997,20,45502.0,2275.1,60.60606060606061,10,6,5,4.0,20.0,59.18076923076923,13,3,1,Low
SCH0143,Govt. Elementary School Venkataraman,Patiala,Samana,76,Primary,English,81.76250383603515,36,2,5.555555555555555,1,2.7777777777777777,568.0999999999998,18,45044.0,2502.4444444444443,54.54545454545455,7,7,5,2.976190476190476,40.47619047619048,67.29166666666667,12,5,1,Low
SCH0144,Govt. Primary School Bakshi,Ferozepur,Mamdot,403,Secondary,Hindi,81.10644834349563,37,0,0.0,1,2.7027027027027026,1008.8999999999996,30,59038.0,1967.9333333333334,90.9090909090909,10,8,5,3.5,30.0,69.05263157894736,19,5,0,Low
SCH0145,Govt. Elementary School Kashyap,Sangrur,Malerkotla,85,Primary,Punjabi,80.28847590847337,42,1,2.380952380952381,1,2.380952380952381,431.7999999999999,13,29855.0,2296.5384615384614,39.39393939393939,7,5,5,3.4,32.0,67.73846153846154,13,5,1,Low
SCH0146,Govt. Primary School Sundaram,Bathinda,Rampura Phul,153,Upper Primary,Hindi,83.98628538758813,42,2,4.761904761904762,2,4.761904761904762,700.1999999999997,21,56434.0,2687.3333333333335,63.63636363636363,10,7,5,3.6666666666666665,26.666666666666668,73.934375,16,6,0,Low
SCH0147,Govt. Senior Secondary School Das,Moga,Bagha Purana,412,Upper Primary,Hindi,82.34709812581659,45,5,11.11111111111111,3,6.666666666666667,739.9999999999998,22,41181.0,1871.8636363636363,66.66666666666667,10,8,5,4.333333333333333,13.33333333333334,69.14722222222223,18,4,2,Moderate
SCH0148,Govt. Elementary School Sastry,Jalandhar,Jalandhar-I,130,Higher Secondary,Hindi,81.49747648549898,31,2,6.451612903225806,1,3.225806451612903,503.1999999999999,16,28003.0,1750.1875,48.484848484848484,9,8,5,4.333333333333334,13.33333333333332,66.30499999999999,10,5,1,Low
SCH0149,Govt. Middle School Uppal,Moga,Bagha Purana,117,Higher Secondary,Hindi,84.04132875868235,30,2,6.666666666666667,0,0.0,799.5999999999997,24,67168.0,2798.6666666666665,72.72727272727273,10,9,5,3.5,30.0,69.18043478260869,23,6,0,Low
SCH0150,Govt. Primary School Parikh,Ludhiana,Doraha,299,Higher Secondary,English,83.57740712247134,30,3,10.0,2,6.666666666666667,819.0999999999998,25,43053.0,1722.12,75.75757575757575,10,8,5,3.6000000000000005,27.99999999999999,62.66,15,4,3,Moderate
SCH0151,Govt. Primary School Dugar,Amritsar,Amritsar-I,354,Higher Secondary,Hindi,84.45478892936066,42,0,0.0,1,2.380952380952381,840.3999999999997,25,63049.0,2521.96,75.75757575757575,11,8,5,3.3055555555555554,33.88888888888889,66.91875,8,4,0,Low
SCH0152,Govt. Elementary School Dass,Patiala,Samana,349,Upper Primary,English,84.37674849328755,36,1,2.7777777777777777,2,5.555555555555555,487.39999999999986,15,32184.0,2145.6,45.45454545454545,7,8,5,2.6666666666666665,46.66666666666667,64.20277777777777,18,4,2,Moderate
SCH0153,Govt. Senior Secondary School Vohra,Amritsar,Amritsar-Ii,60,Higher Secondary,English,81.15079077949686,31,2,6.451612903225806,0,0.0,673.5999999999998,19,54296.0,2857.684210526316,57.57575757575758,10,7,5,3.1666666666666665,36.66666666666667,80.6857142857143,7,3,1,Low
SCH0154,Govt. Middle School Chakraborty,Ferozepur,Unknown,436,Primary,Punjabi,82.38189458785328,37,2,5.405405405405405,2,5.405405405405405,683.9999999999998,20,33668.0,1683.4,60.60606060606061,9,6,5,3.6666666666666665,26.666666666666668,66.43749999999999,20,6,0,Low
SCH0155,Govt. Senior Secondary School Chander,Ferozepur,Makhu,169,Upper Primary,English,83.64509433372776,31,3,9.67741935483871,3,9.67741935483871,857.5999999999996,24,62094.0,2587.25,72.72727272727273,9,7,5,3.5,30.0,66.17666666666668,15,4,2,Moderate
SCH0156,Govt. Elementary School Barad,Ferozepur,Zira,344,Primary,English,80.17599209307906,33,0,0.0,1,3.0303030303030303,676.8999999999997,20,33222.0,1661.1,60.60606060606061,10,7,5,3.6666666666666665,26.666666666666668,71.25333333333333,15,5,0,Low
SCH0157,Govt. Middle School Keer,Jalandhar,Jalandhar-I,370,Secondary,Hindi,82.50866555036998,29,2,6.896551724137931,1,3.4482758620689653,294.0,9,17338.0,1926.4444444444443,27.272727272727273,6,5,5,3.666666666666667,26.666666666666664,67.57692307692308,13,6,1,Low
SCH0158,Govt. Middle School Tella,Moga,Nihal Singh Wala,138,Upper Primary,Punjabi,83.56332834097341,27,0,0.0,1,3.7037037037037037,762.6999999999997,22,44929.0,2042.2272727272727,66.66666666666667,9,6,4,3.0,25.0,61.775,8,5,1,Low
SCH0159,Govt. Senior Secondary School Gade,Ludhiana,Doraha,432,Higher Secondary,Hindi,83.82173207486146,36,3,8.333333333333334,2,5.555555555555555,949.3999999999996,29,74005.0,2551.896551724138,87.87878787878788,10,9,5,3.85,22.999999999999996,68.91874999999999,8,4,1,Low
SCH0160,Govt. Middle School Munshi,Jalandhar,Phillaur,62,Upper Primary,Punjabi,82.9025385640706,28,0,0.0,2,7.142857142857143,763.5999999999998,23,57052.0,2480.521739130435,69.6969696969697,8,9,5,4.166666666666667,16.66666666666666,69.68125,16,6,1,Low
SCH0161,Govt. Senior Secondary School Mand,Patiala,Nabha,198,Higher Secondary,Hindi,75.2654712050416,28,1,3.5714285714285716,0,0.0,745.6999999999997,21,43041.0,2049.5714285714284,63.63636363636363,10,5,5,3.5,30.0,69.34166666666668,18,6,1,Low
SCH0162,Govt. Elementary School Deshpande,Sangrur,Dhuri,433,Higher Secondary,Hindi,80.5572208689876,30,1,3.3333333333333335,1,3.3333333333333335,492.2999999999999,15,41511.0,2767.4,45.45454545454545,8,8,5,3.6666666666666665,26.666666666666668,65.91666666666667,21,6,1,Low
SCH0163,Govt. Primary School Ratta,Jalandhar,Nakodar,66,Secondary,Hindi,79.88955780459503,25,0,0.0,0,0.0,744.2999999999997,22,57794.0,2627.0,66.66666666666667,9,7,5,2.9166666666666665,41.66666666666667,69.70714285714287,14,4,2,Moderate
SCH0164,Govt. Senior Secondary School Barad,Amritsar,Ajnala,82,Secondary,Punjabi,79.8726877319867,31,0,0.0,0,0.0,782.0999999999998,24,49929.0,2080.375,72.72727272727273,10,7,5,2.5357142857142856,49.28571428571429,64.29166666666666,12,5,2,Moderate
SCH0165,Govt. Middle School Mallick,Patiala,Rajpura,218,Higher Secondary,Punjabi,81.65058985628279,29,1,3.4482758620689653,1,3.4482758620689653,617.7999999999998,19,49694.0,2615.4736842105262,57.57575757575758,9,8,5,2.9999999999999996,40.000000000000014,66.29,10,4,1,Low
SCH0166,Govt. Middle School Devi,Moga,Moga-Ii,54,Primary,Hindi,80.2034370402864,39,1,2.5641025641025643,4,10.256410256410257,762.5999999999998,22,48048.0,2184.0,66.66666666666667,10,9,5,3.4999999999999996,30.00000000000001,66.98076923076923,13,5,1,Low
SCH0167,Govt. Elementary School Pall,Ludhiana,Doraha,281,Upper Primary,Punjabi,82.5408919663966,36,0,0.0,4,11.11111111111111,745.9999999999998,22,58745.0,2670.2272727272725,66.66666666666667,10,8,5,1.0,80.0,67.00000000000001,16,4,2,Moderate
SCH0168,Govt. Elementary School Narayan,Amritsar,Amritsar-I,171,Upper Primary,English,80.8817157521201,33,1,3.0303030303030303,2,6.0606060606060606,630.0999999999998,19,35381.0,1862.157894736842,57.57575757575758,10,7,5,3.833333333333333,23.33333333333334,70.4,5,4,1,Low
SCH0169,Govt. Elementary School Walia,Unknown,Unknown,102,Higher Secondary,Punjabi,83.49696649549111,33,1,3.0303030303030303,1,3.0303030303030303,617.9999999999998,19,40893.0,2152.2631578947367,57.57575757575758,10,8,5,3.8,24.000000000000004,65.53928571428571,14,4,0,Low
SCH0170,Govt. Middle School Mallick,Ludhiana,Ludhiana-Ii,407,Higher Secondary,Punjabi,78.0009506325565,32,2,6.25,0,0.0,528.8999999999999,15,40238.0,2682.5333333333333,45.45454545454545,7,7,5,2.833333333333333,43.333333333333336,72.5923076923077,13,5,3,Moderate
SCH0171,Govt. Primary School Dasgupta,Jalandhar,Jalandhar-I,308,Primary,Punjabi,82.5403131214074,29,2,6.896551724137931,1,3.4482758620689653,748.9999999999998,22,44558.0,2025.3636363636363,66.66666666666667,11,9,5,2.333333333333333,53.333333333333336,65.08928571428571,14,6,1,Low
SCH0172,Govt. Primary School Konda,Ludhiana,Machhiwara,231,Primary,Punjabi,84.79079998561382,31,2,6.451612903225806,0,0.0,463.19999999999993,15,29323.0,1954.8666666666666,45.45454545454545,8,7,5,2.6,48.0,70.07499999999999,8,2,2,Moderate
SCH0173,Govt. Senior Secondary School Johal,Moga,Moga-Ii,62,Secondary,Punjabi,78.31177398062533,35,1,2.857142857142857,0,0.0,322.9,10,20111.0,2011.1,30.303030303030305,7,5,5,2.8333333333333335,43.33333333333333,78.79230769230767,13,5,3,Moderate
SCH0174,Govt. Senior Secondary School Lanka,Sangrur,Unknown,109,Higher Secondary,Hindi,83.45477694220912,43,3,6.976744186046512,3,6.976744186046512,643.0999999999999,18,48964.0,2720.222222222222,54.54545454545455,8,8,5,3.4285714285714284,31.428571428571434,66.59666666666666,15,6,2,Moderate
SCH0175,Govt. Senior Secondary School Naik,Ludhiana,Doraha,198,Higher Secondary,Punjabi,81.25684193359781,33,1,3.0303030303030303,1,3.0303030303030303,644.5999999999998,19,41619.0,2190.4736842105262,57.57575757575758,9,7,5,3.5666666666666664,28.666666666666675,61.33611111111111,18,5,1,Low
SCH0176,Govt. Elementary School Barad,Moga,Bagha Purana,103,Higher Secondary,Punjabi,79.3204812059353,31,2,6.451612903225806,0,0.0,562.1999999999998,16,37123.0,2320.1875,48.484848484848484,9,7,5,3.5000000000000004,29.99999999999999,64.3875,16,5,2,Moderate
SCH0177,Govt. Middle School Manne,Moga,Moga-Ii,294,Secondary,Punjabi,79.1242733826699,39,1,2.5641025641025643,0,0.0,653.4999999999998,19,31226.0,1643.4736842105262,57.57575757575758,8,7,5,3.6666666666666665,26.666666666666668,66.66071428571429,14,6,1,Low
SCH0178,Govt. Middle School Dyal,Amritsar,Tarn Taran,348,Upper Primary,English,80.40584910054352,39,0,0.0,1,2.5641025641025643,661.6999999999998,19,44897.0,2363.0,57.57575757575758,10,9,5,2.0,60.0,64.45,13,4,1,Low
SCH0179,Govt. Elementary School Raman,Bathinda,Rampura Phul,268,Higher Secondary,Punjabi,85.55685490676649,34,5,14.705882352941176,2,5.882352941176471,695.5999999999998,20,46076.0,2303.8,60.60606060606061,10,6,5,4.15,16.999999999999993,66.41363636363637,11,4,1,Low
SCH0180,Govt. Elementary School Sha,Moga,Nihal Singh Wala,180,Primary,Hindi,79.36402429422033,41,0,0.0,1,2.4390243902439024,874.0999999999997,26,68721.0,2643.1153846153848,78.78787878787878,10,9,5,3.8000000000000003,23.999999999999993,60.96153846153845,13,5,2,Moderate
SCH0181,Govt. Primary School Lala,Ludhiana,Ludhiana-Ii,351,Higher Secondary,English,85.40430817941223,27,1,3.7037037037037037,2,7.407407407407407,803.9999999999997,24,45896.0,1912.3333333333333,72.72727272727273,11,9,5,3.4000000000000004,31.999999999999993,67.19375,8,5,1,Low
SCH0182,Govt. Middle School Hari,Unknown,Nihal Singh Wala,330,Upper Primary,Punjabi,79.39060731814402,37,0,0.0,1,2.7027027027027026,653.5999999999998,19,43055.0,2266.0526315789475,57.57575757575758,11,5,5,3.952380952380952,20.952380952380956,68.03,10,4,1,Low
SCH0183,Govt. Primary School Narain,Jalandhar,Unknown,243,Secondary,Hindi,75.86101069256752,30,1,3.3333333333333335,0,0.0,466.59999999999985,13,32645.0,2511.153846153846,39.39393939393939,8,5,5,4.416666666666667,11.66666666666666,66.04117647058824,17,5,2,Moderate
SCH0184,Govt. Senior Secondary School Hora,Sangrur,Dhuri,327,Secondary,English,84.18561761257631,19,2,10.526315789473685,0,0.0,565.5999999999998,18,31725.0,1762.5,54.54545454545455,10,6,5,4.0,20.0,66.91923076923077,13,5,1,Low
SCH0185,Govt. Elementary School Tata,Sangrur,Sunam,102,Primary,English,81.54613834175657,37,1,2.7027027027027026,3,8.108108108108109,741.4999999999998,21,63086.0,3004.095238095238,63.63636363636363,10,9,5,4.5,10.0,64.3409090909091,11,3,1,Low
SCH0186,Govt. Senior Secondary School Pillay,Moga,Moga-I,321,Secondary,Hindi,88.06094573646614,32,3,9.375,3,9.375,983.5999999999996,28,63009.0,2250.3214285714284,84.84848484848484,11,8,5,2.95,40.99999999999999,62.88333333333333,15,6,4,High
SCH0187,Govt. Primary School Chaudhari,Patiala,Patiala,142,Upper Primary,Hindi,85.3170188565891,26,4,15.384615384615385,2,7.6923076923076925,711.1999999999997,21,47077.0,2241.7619047619046,63.63636363636363,9,8,5,3.9166666666666665,21.666666666666668,64.62222222222222,9,5,2,Moderate
SCH0188,Govt. Elementary School Vig,Moga,Nihal Singh Wala,322,Primary,Punjabi,81.69101555361117,39,2,5.128205128205129,1,2.5641025641025643,686.5999999999998,20,39111.0,1955.55,60.60606060606061,10,8,5,3.75,25.0,68.28125,8,5,0,Low
SCH0189,Govt. Elementary School Mitter,Ferozepur,Mamdot,334,Secondary,Hindi,81.01807057968598,34,2,5.882352941176471,2,5.882352941176471,586.0999999999998,17,37441.0,2202.4117647058824,51.515151515151516,10,6,5,3.9000000000000004,21.999999999999993,71.17142857142858,7,3,1,Low
SCH0190,Govt. Senior Secondary School Chadha,Moga,Moga-Ii,439,Upper Primary,Punjabi,79.04439535305492,38,0,0.0,2,5.2631578947368425,892.1999999999997,26,54134.0,2082.076923076923,78.78787878787878,10,5,5,3.9999999999999996,20.000000000000007,63.77916666666666,12,5,1,Low
SCH0191,Govt. Senior Secondary School Bera,Amritsar,Amritsar-Ii,195,Secondary,Hindi,80.86134485822002,36,1,2.7777777777777777,1,2.7777777777777777,570.0999999999998,18,34521.0,1917.8333333333333,54.54545454545455,9,5,5,4.25,15.0,67.885,10,6,0,Low
SCH0192,Govt. Middle School Varty,Bathinda,Bathinda,168,Secondary,Punjabi,78.9381384506638,30,2,6.666666666666667,1,3.3333333333333335,458.59999999999985,14,24594.0,1756.7142857142858,42.42424242424242,7,7,5,3.0,40.0,63.72391304347826,23,5,3,Moderate
SCH0193,Govt. Primary School Parmer,Jalandhar,Jalandhar-Ii,127,Secondary,Punjabi,82.84267713936735,27,1,3.7037037037037037,1,3.7037037037037037,837.2999999999996,25,60421.0,2416.84,75.75757575757575,11,8,5,3.6,28.0,65.14615384615384,13,6,0,Low
SCH0194,Govt. Elementary School Suresh,Amritsar,Amritsar-I,368,Secondary,Punjabi,87.41807125181353,19,1,5.2631578947368425,4,21.05263157894737,687.7999999999998,21,48980.0,2332.3809523809523,63.63636363636363,11,8,5,3.3666666666666667,32.66666666666667,63.567857142857136,14,6,1,Low
SCH0195,Govt. Elementary School Dhillon,Sangrur,Malerkotla,368,Higher Secondary,Punjabi,83.26747167516442,32,2,6.25,3,9.375,766.9999999999997,23,69849.0,3036.913043478261,69.6969696969697,9,7,5,3.1999999999999997,36.00000000000001,62.42666666666666,15,6,3,Moderate
SCH0196,Govt. Senior Secondary School Kara,Ludhiana,Ludhiana-Ii,265,Higher Secondary,English,79.75748423283146,23,1,4.3478260869565215,1,4.3478260869565215,680.3999999999999,19,40686.0,2141.3684210526317,57.57575757575758,10,7,5,3.8611111111111107,22.777777777777786,71.08,10,5,1,Low
SCH0197,Govt. Elementary School Dada,Moga,Nihal Singh Wala,106,Primary,Punjabi,81.06222757092698,31,1,3.225806451612903,1,3.225806451612903,959.3999999999997,27,46996.0,1740.5925925925926,81.81818181818181,9,5,5,3.6,28.0,58.199999999999996,12,5,1,Low
SCH0198,Govt. Elementary School Sachar,Patiala,Nabha,89,Higher Secondary,Hindi,82.71686539642575,34,0,0.0,1,2.9411764705882355,785.5999999999997,24,44278.0,1844.9166666666667,72.72727272727273,10,5,5,3.5,30.0,62.1576923076923,13,5,1,Low
SCH0199,Govt. Elementary School Nath,Moga,Bagha Purana,137,Higher Secondary,English,86.29360217757561,37,2,5.405405405405405,5,13.513513513513514,372.8999999999999,11,29675.0,2697.7272727272725,33.333333333333336,6,7,5,2.5833333333333335,48.33333333333333,69.59166666666665,12,5,3,Moderate
SCH0200,Govt. Senior Secondary School Anne,Sangrur,Sangrur,86,Higher Secondary,Punjabi,83.90389125689369,39,1,2.5641025641025643,3,7.6923076923076925,614.4999999999999,19,40656.0,2139.7894736842104,57.57575757575758,9,6,5,3.0,40.0,64.2923076923077,13,5,2,Moderate
SCH0201,Govt. Primary School Sagar,Ludhiana,Doraha,293,Higher Secondary,Punjabi,79.65879926216395,39,2,5.128205128205129,2,5.128205128205129,644.0999999999998,19,36166.0,1903.4736842105262,57.57575757575758,9,7,5,3.928571428571429,21.428571428571423,65.05,14,5,1,Low
SCH0202,Govt. Elementary School Karpe,Jalandhar,Unknown,412,Higher Secondary,Hindi,79.46697071512915,51,0,0.0,2,3.9215686274509802,610.1999999999998,18,32037.0,1779.8333333333333,54.54545454545455,10,8,5,3.75,25.0,67.73076923076923,13,6,1,Low
SCH0203,Govt. Middle School Grewal,Patiala,Samana,323,Higher Secondary,Hindi,80.25559957309612,26,1,3.8461538461538463,1,3.8461538461538463,793.0999999999997,23,42903.0,1865.3478260869565,69.6969696969697,9,8,5,4.238095238095238,15.238095238095237,65.12857142857142,14,6,0,Low
SCH0204,Govt. Middle School Singhal,Amritsar,Amritsar-Ii,89,Secondary,Hindi,84.99499073233174,36,4,11.11111111111111,4,11.11111111111111,703.2999999999997,21,44450.0,2116.6666666666665,63.63636363636363,10,7,5,3.4,32.0,64.121875,16,5,2,Moderate
SCH0205,Govt. Elementary School Chander,Unknown,Ferozepur,63,Secondary,Hindi,83.49059738869538,48,4,8.333333333333334,1,2.0833333333333335,622.0999999999998,19,32786.0,1725.578947368421,57.57575757575758,9,7,5,3.375,32.5,67.43125,8,4,1,Low
SCH0206,Govt. Middle School Menon,Jalandhar,Nakodar,353,Higher Secondary,Hindi,80.87036526246102,33,2,6.0606060606060606,2,6.0606060606060606,604.7999999999998,18,44737.0,2485.3888888888887,54.54545454545455,9,8,5,3.0357142857142856,39.28571428571429,60.20357142857143,14,6,3,Moderate
SCH0207,Govt. Primary School Kaul,Sangrur,Malerkotla,283,Secondary,Hindi,83.18930093649068,37,1,2.7027027027027026,3,8.108108108108109,526.8,16,29745.0,1859.0625,48.484848484848484,10,7,5,3.75,25.0,57.721875,16,6,3,Moderate
SCH0208,Govt. Elementary School Rattan,Bathinda,Bathinda,345,Upper Primary,Hindi,80.68937048229135,39,1,2.5641025641025643,1,2.5641025641025643,576.2999999999998,17,41570.0,2445.294117647059,51.515151515151516,9,7,5,3.3333333333333335,33.33333333333333,68.36739130434783,23,6,1,Low
SCH0209,Govt. Elementary School Mane,Ferozepur,Zira,388,Primary,Hindi,82.35326179861364,22,1,4.545454545454546,3,13.636363636363637,508.49999999999983,15,33440.0,2229.3333333333335,45.45454545454545,10,6,5,3.333333333333333,33.333333333333336,62.903846153846146,13,5,3,Moderate
SCH0210,Govt. Primary School Barman,Ferozepur,Zira,250,Higher Secondary,Hindi,84.985144118515,40,6,15.0,3,7.5,1170.0,33,74559.0,2259.3636363636365,100.0,11,6,5,4.053571428571429,18.928571428571423,66.15625,16,5,2,Moderate
SCH0211,Govt. Senior Secondary School Edwin,Patiala,Samana,379,Higher Secondary,Hindi,83.42828092256262,37,2,5.405405405405405,2,5.405405405405405,734.5999999999998,21,48753.0,2321.5714285714284,63.63636363636363,11,8,5,4.066666666666666,18.66666666666667,63.034615384615385,13,5,1,Low
SCH0212,Govt. Senior Secondary School Sachar,Moga,Bagha Purana,386,Secondary,English,81.90611641543207,26,1,3.8461538461538463,0,0.0,542.3999999999999,16,27292.0,1705.75,48.484848484848484,8,6,5,3.625,27.5,62.43928571428571,14,4,2,Moderate
SCH0213,Govt. Elementary School Bhatt,Bathinda,Maur,192,Upper Primary,English,79.92222761299628,36,3,8.333333333333334,1,2.7777777777777777,710.4999999999999,22,38079.0,1730.8636363636363,66.66666666666667,9,7,5,2.9000000000000004,41.99999999999999,61.59375,16,4,4,High
SCH0214,Govt. Elementary School Chahal,Bathinda,Rampura Phul,102,Higher Secondary,Hindi,75.73003328372475,36,0,0.0,0,0.0,754.5999999999998,22,44714.0,2032.4545454545455,66.66666666666667,10,6,5,3.6666666666666665,26.666666666666668,67.67333333333333,15,5,1,Low
SCH0215,Govt. Elementary School Saha,Bathinda,Bathinda,187,Primary,Punjabi,80.78442955827256,34,2,5.882352941176471,0,0.0,801.2999999999998,24,58019.0,2417.4583333333335,72.72727272727273,10,7,5,3.4,32.0,70.32,15,6,0,Low
SCH0216,Govt. Senior Secondary School Oommen,Patiala,Nabha,315,Secondary,Hindi,84.98411643379569,40,2,5.0,3,7.5,693.7999999999997,20,51296.0,2564.8,60.60606060606061,9,7,5,2.833333333333333,43.333333333333336,72.10454545454546,11,4,2,Moderate
SCH0217,Govt. Primary School Apte,Patiala,Nabha,66,Secondary,Hindi,80.02196364475391,27,4,14.814814814814815,0,0.0,909.8999999999996,26,53004.0,2038.6153846153845,78.78787878787878,9,8,5,3.95,20.999999999999996,65.0125,16,5,1,Low
SCH0218,Govt. Senior Secondary School Dugar,Ludhiana,Ludhiana-Ii,248,Higher Secondary,English,82.15822336240662,39,4,10.256410256410257,1,2.5641025641025643,519.1999999999999,14,33043.0,2360.214285714286,42.42424242424242,8,8,5,4.4,11.999999999999993,65.85789473684211,19,6,2,Moderate
SCH0219,Govt. Senior Secondary School Oommen,Moga,Bagha Purana,370,Primary,Punjabi,79.97037310008724,30,0,0.0,1,3.3333333333333335,781.0999999999997,25,40176.0,1607.04,75.75757575757575,9,7,5,3.95,20.999999999999996,59.90666666666667,15,6,1,Low
SCH0220,Govt. Elementary School Mishra,Jalandhar,Phillaur,130,Primary,Hindi,82.13872567895618,34,3,8.823529411764707,0,0.0,621.1999999999999,19,37720.0,1985.2631578947369,57.57575757575758,9,7,5,2.6333333333333337,47.33333333333333,68.915625,16,6,2,Moderate
SCH0221,Govt. Middle School Butala,Bathinda,Bathinda,44,Primary,Hindi,77.42857641544462,35,1,2.857142857142857,1,2.857142857142857,671.1999999999997,21,54758.0,2607.5238095238096,63.63636363636363,9,8,5,3.45,30.999999999999993,65.48333333333333,12,5,1,Low
SCH0222,Govt. Middle School Edwin,Sangrur,Sunam,298,Upper Primary,Punjabi,82.94309701236187,29,1,3.4482758620689653,0,0.0,779.2999999999998,21,43032.0,2049.1428571428573,63.63636363636363,10,4,5,4.166666666666666,16.66666666666668,67.590625,16,6,0,Low
SCH0223,Govt. Senior Secondary School Mallick,Bathinda,Maur,47,Secondary,Punjabi,84.39539227515537,29,2,6.896551724137931,0,0.0,730.6999999999997,21,39176.0,1865.5238095238096,63.63636363636363,9,6,5,3.928571428571429,21.428571428571423,68.13437499999999,16,5,0,Low
SCH0224,Govt. Senior Secondary School Kunda,Ferozepur,Makhu,84,Primary,Hindi,82.95028940654733,35,4,11.428571428571429,2,5.714285714285714,780.0999999999997,24,56627.0,2359.4583333333335,72.72727272727273,11,8,5,3.6666666666666665,26.666666666666668,68.30882352941177,17,6,1,Low
SCH0225,Govt. Middle School Chaudhry,Ludhiana,Doraha,236,Secondary,Hindi,84.84219109372852,35,2,5.714285714285714,3,8.571428571428571,563.1999999999998,16,29692.0,1855.75,48.484848484848484,10,8,5,4.0,20.0,59.873684210526314,19,5,3,Moderate
SCH0226,Govt. Primary School Upadhyay,Ludhiana,Doraha,374,Upper Primary,Hindi,79.57479618211313,32,1,3.125,3,9.375,1171.7,33,62729.0,1900.878787878788,100.0,11,9,5,3.8142857142857145,23.71428571428571,63.39117647058824,17,4,3,Moderate
SCH0227,Govt. Senior Secondary School Samra,Ferozepur,Makhu,393,Secondary,Hindi,83.82000738220418,34,1,2.9411764705882355,2,5.882352941176471,626.2999999999998,19,43117.0,2269.315789473684,57.57575757575758,9,7,5,4.0,20.0,69.30769230769229,13,4,0,Low
SCH0228,Govt. Elementary School Sankar,Sangrur,Sunam,272,Secondary,Hindi,76.23925941271457,30,1,3.3333333333333335,0,0.0,718.4999999999998,20,46250.0,2312.5,60.60606060606061,9,7,5,3.833333333333333,23.33333333333334,63.664285714285725,21,6,1,Low
SCH0229,Govt. Primary School Balay,Patiala,Unknown,309,Secondary,Hindi,86.51129452125159,34,2,5.882352941176471,3,8.823529411764707,1013.6999999999996,31,64586.0,2083.4193548387098,93.93939393939394,11,8,5,3.7525252525252526,24.949494949494948,68.20833333333333,12,4,1,Low
SCH0230,Govt. Senior Secondary School Badal,Patiala,Nabha,124,Higher Secondary,Punjabi,83.82613041280125,36,2,5.555555555555555,0,0.0,489.1999999999999,15,30230.0,2015.3333333333333,45.45454545454545,8,8,5,3.9365079365079363,21.269841269841272,62.09444444444445,18,5,2,Moderate
SCH0231,Govt. Primary School Datta,Amritsar,Tarn Taran,68,Higher Secondary,English,81.20315946357447,30,1,3.3333333333333335,2,6.666666666666667,724.3999999999997,22,51739.0,2351.7727272727275,66.66666666666667,9,8,5,3.119047619047619,37.61904761904762,65.90333333333334,15,5,2,Moderate
SCH0232,Govt. Primary School Choudhary,Ludhiana,Machhiwara,170,Upper Primary,Punjabi,81.28539947078501,33,1,3.0303030303030303,0,0.0,531.5999999999999,16,40755.0,2547.1875,48.484848484848484,8,7,5,3.9761904761904763,20.476190476190474,68.3,13,3,1,Low
SCH0233,Govt. Senior Secondary School Mutti,Unknown,Ludhiana-I,281,Higher Secondary,Punjabi,80.04746770880716,29,1,3.4482758620689653,0,0.0,772.3999999999999,23,53889.0,2343.0,69.6969696969697,11,8,5,3.25,35.0,66.39062499999999,16,5,0,Low
SCH0234,Govt. Senior Secondary School Tak,Moga,Nihal Singh Wala,269,Higher Secondary,English,82.0496852295496,31,1,3.225806451612903,3,9.67741935483871,542.3999999999999,16,35757.0,2234.8125,48.484848484848484,8,7,5,3.9166666666666665,21.666666666666668,64.66666666666667,9,5,2,Moderate
SCH0235,Govt. Senior Secondary School Balan,Amritsar,Amritsar-Ii,315,Upper Primary,Punjabi,83.89355560852115,44,4,9.090909090909092,3,6.818181818181818,586.6999999999998,17,30381.0,1787.1176470588234,51.515151515151516,9,4,5,3.7666666666666666,24.666666666666668,69.22500000000001,16,5,3,Moderate
SCH0236,Govt. Senior Secondary School Palan,Bathinda,Talwandi Sabo,384,Higher Secondary,English,77.47470312502972,35,0,0.0,0,0.0,555.5999999999998,16,32404.0,2025.25,48.484848484848484,10,7,5,3.09047619047619,38.1904761904762,70.05357142857142,14,5,3,Moderate
SCH0237,Govt. Elementary School Sood,Jalandhar,Nakodar,136,Primary,Punjabi,78.40508978626701,31,0,0.0,1,3.225806451612903,605.9999999999998,18,39424.0,2190.222222222222,54.54545454545455,8,6,5,3.222222222222222,35.55555555555556,64.64347826086957,23,6,1,Low
SCH0238,Govt. Primary School Amble,Patiala,Nabha,74,Primary,Punjabi,80.319244024088,37,1,2.7027027027027026,1,2.7027027027027026,937.6999999999997,28,73648.0,2630.285714285714,84.84848484848484,11,9,5,3.028571428571429,39.42857142857142,58.92083333333333,12,5,2,Moderate
SCH0239,Govt. Middle School Butala,Ferozepur,Mamdot,159,Primary,Hindi,83.44040956460708,26,3,11.538461538461538,1,3.8461538461538463,507.59999999999997,14,32130.0,2295.0,42.42424242424242,9,7,5,3.817460317460317,23.650793650793656,60.26562500000001,16,5,3,Moderate
SCH0240,Govt. Senior Secondary School Mitter,Moga,Bagha Purana,161,Upper Primary,English,81.15272356782731,29,0,0.0,2,6.896551724137931,863.3999999999996,25,58386.0,2335.44,75.75757575757575,10,8,5,3.25,35.0,65.28333333333333,18,6,1,Low
SCH0241,Govt. Middle School Dass,Ludhiana,Ludhiana-Ii,360,Higher Secondary,Punjabi,79.39384588725589,24,2,8.333333333333334,0,0.0,539.6,16,30065.0,1879.0625,48.484848484848484,7,7,5,4.166666666666666,16.66666666666668,70.385,10,5,3,Moderate
SCH0242,Govt. Elementary School Bhardwaj,Moga,Nihal Singh Wala,249,Higher Secondary,Hindi,79.63015676834941,31,2,6.451612903225806,0,0.0,620.2999999999998,17,42255.0,2485.5882352941176,51.515151515151516,10,6,5,4.037698412698413,19.24603174603174,67.73846153846154,13,6,2,Moderate
SCH0243,Govt. Senior Secondary School Deep,Bathinda,Maur,277,Higher Secondary,English,82.50694766407884,35,2,5.714285714285714,1,2.857142857142857,370.8999999999999,11,30747.0,2795.181818181818,33.333333333333336,9,6,5,3.6571428571428575,26.85714285714285,64.26388888888889,18,6,1,Low
SCH0244,Govt. Primary School Swamy,Patiala,Samana,371,Higher Secondary,Hindi,80.05110267235582,24,1,4.166666666666667,1,4.166666666666667,550.3999999999999,16,44204.0,2762.75,48.484848484848484,8,6,5,3.75,25.0,70.64,10,4,1,Low
SCH0245,Govt. Senior Secondary School Sarkar,Ludhiana,Doraha,233,Primary,Hindi,80.36754526446911,40,1,2.5,1,2.5,807.8999999999997,23,58552.0,2545.7391304347825,69.6969696969697,10,8,5,3.9999999999999996,20.000000000000007,63.739999999999995,15,5,0,Low
SCH0246,Govt. Primary School Chaudhari,Patiala,Rajpura,146,Secondary,Hindi,85.05396835287652,28,2,7.142857142857143,1,3.5714285714285716,667.6999999999998,20,37278.0,1863.9,60.60606060606061,9,8,5,3.25,35.0,63.17727272727273,11,5,2,Moderate
SCH0247,Govt. Senior Secondary School Barad,Amritsar,Tarn Taran,164,Upper Primary,English,80.59618141674794,28,1,3.5714285714285716,0,0.0,585.2999999999998,18,37062.0,2059.0,54.54545454545455,9,6,5,3.75,25.0,69.645,10,4,0,Low
SCH0248,Govt. Elementary School Grover,Ferozepur,Mamdot,313,Secondary,Punjabi,77.6164318107324,35,0,0.0,0,0.0,834.0999999999997,25,52450.0,2098.0,75.75757575757575,10,8,5,3.4,32.0,72.3277777777778,9,5,1,Low
SCH0249,Govt. Senior Secondary School Toor,Moga,Moga-Ii,229,Primary,Punjabi,83.01484147183754,35,5,14.285714285714286,0,0.0,555.0999999999998,17,34920.0,2054.1176470588234,51.515151515151516,9,7,5,3.3499999999999996,33.00000000000001,64.046875,16,6,2,Moderate
SCH0250,Govt. Senior Secondary School Lad,Bathinda,Talwandi Sabo,191,Secondary,English,79.92952763387287,26,0,0.0,1,3.8461538461538463,441.5999999999999,13,18548.0,1426.7692307692307,39.39393939393939,6,6,5,4.0,20.0,58.53846153846154,13,5,3,Moderate
SCH0251,Govt. Middle School Choudhry,Bathinda,Talwandi Sabo,410,Higher Secondary,Hindi,79.98651671438863,30,2,6.666666666666667,0,0.0,802.9999999999999,24,48043.0,2001.7916666666667,72.72727272727273,9,6,4,4.0,0.0,72.46785714285714,14,5,0,Low
SCH0252,Govt. Primary School Krish,Sangrur,Sunam,317,Primary,Punjabi,82.6271864819524,40,2,5.0,3,7.5,590.0999999999999,17,30125.0,1772.0588235294117,51.515151515151516,8,8,5,3.916666666666667,21.66666666666666,68.56500000000001,20,6,2,Moderate
SCH0253,Govt. Senior Secondary School Saha,Ludhiana,Unknown,110,Upper Primary,Hindi,82.54308548591324,43,3,6.976744186046512,2,4.651162790697675,883.5999999999998,27,68832.0,2549.3333333333335,81.81818181818181,11,7,5,3.25,35.0,65.27692307692308,13,4,1,Low
SCH0254,Govt. Primary School Kapadia,Sangrur,Unknown,70,Higher Secondary,Hindi,82.58281039063272,33,2,6.0606060606060606,1,3.0303030303030303,837.0999999999998,25,51507.0,2060.28,75.75757575757575,8,8,5,3.3583333333333334,32.83333333333333,60.26785714285715,14,3,1,Low
SCH0255,Govt. Middle School Barman,Ferozepur,Unknown,48,Secondary,Punjabi,80.45970612966393,37,2,5.405405405405405,1,2.7027027027027026,625.1999999999998,18,46544.0,2585.777777777778,54.54545454545455,9,8,5,3.0,40.0,61.56818181818182,11,5,2,Moderate
SCH0256,Govt. Middle School Chaudhry,Jalandhar,Jalandhar-I,89,Upper Primary,English,81.84283853866482,36,2,5.555555555555555,3,8.333333333333334,658.3999999999997,19,41519.0,2185.2105263157896,57.57575757575758,10,8,5,2.1,58.0,68.50526315789473,19,4,2,Moderate
SCH0257,Govt. Senior Secondary School Rai,Ferozepur,Ferozepur,231,Higher Secondary,Punjabi,81.74404942325198,30,2,6.666666666666667,0,0.0,777.6999999999997,23,46786.0,2034.1739130434783,69.6969696969697,10,7,5,4.125,17.5,65.08125,16,6,0,Low
SCH0258,Govt. Primary School Kalita,Ludhiana,Ludhiana-I,247,Higher Secondary,Punjabi,83.92837973672812,30,3,10.0,3,10.0,553.4999999999999,16,43068.0,2691.75,48.484848484848484,8,6,5,2.9642857142857144,40.71428571428571,62.753571428571426,14,5,5,High
SCH0259,Govt. Primary School Munshi,Sangrur,Dhuri,370,Primary,Hindi,80.52064804405872,36,0,0.0,1,2.7777777777777777,950.2999999999997,27,57667.0,2135.814814814815,81.81818181818181,11,8,5,3.2,35.99999999999999,71.72916666666667,12,5,1,Low
SCH0260,Govt. Primary School Deol,Sangrur,Malerkotla,63,Secondary,English,77.18065973615238,22,0,0.0,0,0.0,659.3999999999999,18,42662.0,2370.1111111111113,54.54545454545455,9,7,5,3.1666666666666665,36.66666666666667,71.02647058823528,17,5,2,Moderate
SCH0261,Govt. Middle School Sen,Ludhiana,Ludhiana-Ii,340,Higher Secondary,Hindi,83.93392770391834,31,2,6.451612903225806,3,9.67741935483871,661.6999999999998,19,42512.0,2237.4736842105262,57.57575757575758,10,7,5,3.15,37.0,64.7625,8,4,2,Moderate
SCH0262,Govt. Primary School Mital,Ferozepur,Makhu,236,Upper Primary,English,78.66589284459411,22,1,4.545454545454546,1,4.545454545454546,375.09999999999997,11,25047.0,2277.0,33.333333333333336,8,7,5,3.466666666666667,30.666666666666664,71.5,6,3,2,Moderate
SCH0263,Govt. Elementary School Oak,Ludhiana,Ludhiana-I,263,Primary,English,83.11728200321329,34,0,0.0,1,2.9411764705882355,543.6999999999998,17,41753.0,2456.0588235294117,51.515151515151516,8,9,5,3.4682539682539684,30.634920634920633,59.15384615384616,13,5,2,Moderate
SCH0264,Govt. Elementary School Ghosh,Ludhiana,Doraha,441,Higher Secondary,Hindi,78.54934909760092,33,2,6.0606060606060606,2,6.0606060606060606,649.0999999999998,19,38922.0,2048.5263157894738,57.57575757575758,9,6,5,4.0,20.0,66.03461538461539,13,6,2,Moderate
SCH0265,Govt. Primary School Bhat,Ferozepur,Ferozepur,435,Upper Primary,Punjabi,80.26848716645107,35,1,2.857142857142857,1,2.857142857142857,858.3999999999995,26,56471.0,2171.9615384615386,78.78787878787878,10,8,5,3.4444444444444446,31.111111111111107,58.02272727272726,11,6,1,Low
SCH0266,Govt. Middle School Hora,Jalandhar,Phillaur,202,Primary,English,82.40405946197741,32,3,9.375,1,3.125,972.8999999999997,27,74333.0,2753.074074074074,81.81818181818181,10,8,5,2.9999999999999996,40.000000000000014,61.9,12,6,3,Moderate
SCH0267,Govt. Elementary School Basak,Amritsar,Amritsar-Ii,84,Higher Secondary,Punjabi,80.40763287579232,42,1,2.380952380952381,3,7.142857142857143,477.6999999999999,14,27580.0,1970.0,42.42424242424242,9,5,5,5.0,0.0,64.26071428571429,14,6,2,Moderate
SCH0268,Govt. Primary School Amble,Moga,Moga-I,345,Secondary,Punjabi,81.23040748358605,39,1,2.5641025641025643,2,5.128205128205129,803.4999999999998,23,50585.0,2199.3478260869565,69.6969696969697,11,7,5,3.8166666666666664,23.66666666666667,63.03636363636363,11,6,1,Low
SCH0269,Govt. Middle School Narayanan,Amritsar,Amritsar-Ii,332,Higher Secondary,Punjabi,79.7293634211771,27,1,3.7037037037037037,0,0.0,721.6999999999997,21,47934.0,2282.5714285714284,63.63636363636363,9,8,5,3.1333333333333337,37.33333333333333,72.21363636363635,11,6,2,Moderate
SCH0270,Govt. Primary School Nadkarni,Jalandhar,Jalandhar-I,125,Higher Secondary,Hindi,82.18627714624061,34,2,5.882352941176471,0,0.0,672.0999999999998,20,50366.0,2518.3,60.60606060606061,9,8,5,4.1499999999999995,17.00000000000001,65.1611111111111,18,6,0,Low
SCH0271,Govt. Elementary School Mohan,Sangrur,Sunam,274,Secondary,Hindi,82.74783827235476,33,1,3.0303030303030303,2,6.0606060606060606,605.3999999999999,19,38349.0,2018.3684210526317,57.57575757575758,8,5,5,3.5,30.0,70.70625000000001,8,6,1,Low
SCH0272,Govt. Senior Secondary School Sarin,Ferozepur,Makhu,265,Upper Primary,Hindi,86.05781912541332,31,3,9.67741935483871,1,3.225806451612903,406.7999999999999,12,27281.0,2273.4166666666665,36.36363636363637,7,5,5,4.0,20.0,67.015,10,6,2,Moderate
SCH0273,Govt. Senior Secondary School Parikh,Ferozepur,Makhu,189,Higher Secondary,English,79.23435612087519,28,0,0.0,0,0.0,560.6999999999998,17,28695.0,1687.9411764705883,51.515151515151516,7,7,5,4.1,18.000000000000007,65.47,10,6,2,Moderate
SCH0274,Govt. Senior Secondary School Raval,Ferozepur,Makhu,98,Upper Primary,Hindi,84.03377463177013,43,2,4.651162790697675,5,11.627906976744185,596.4999999999999,17,39284.0,2310.823529411765,51.515151515151516,10,6,5,2.6666666666666665,46.66666666666667,65.44615384615385,13,5,3,Moderate
SCH0275,Govt. Primary School Chandran,Ludhiana,Machhiwara,402,Secondary,Punjabi,81.8118697332975,29,0,0.0,1,3.4482758620689653,535.7999999999998,16,32966.0,2060.375,48.484848484848484,8,7,5,3.0,40.0,69.66363636363636,11,5,2,Moderate
SCH0276,Govt. Elementary School Naik,Sangrur,Sunam,364,Secondary,Punjabi,84.61707387091829,39,2,5.128205128205129,4,10.256410256410257,661.0999999999998,21,55671.0,2651.0,63.63636363636363,10,9,5,3.6750000000000003,26.499999999999993,64.5325,20,6,1,Low
SCH0277,Govt. Middle School Nagi,Sangrur,Dhuri,338,Higher Secondary,Hindi,77.33767643466355,29,3,10.344827586206897,0,0.0,664.7999999999997,19,44810.0,2358.4210526315787,57.57575757575758,9,6,5,3.6666666666666665,26.666666666666668,61.080555555555556,18,6,3,Moderate
SCH0278,Govt. Primary School Kamdar,Amritsar,Amritsar-I,433,Secondary,Punjabi,80.209210908841,37,2,5.405405405405405,0,0.0,440.6999999999999,13,19617.0,1509.0,39.39393939393939,7,5,5,3.5000000000000004,29.99999999999999,64.76785714285714,14,5,1,Low
SCH0279,Govt. Senior Secondary School Narayan,Unknown,Nihal Singh Wala,94,Secondary,Punjabi,77.68359828058041,33,0,0.0,0,0.0,758.3999999999999,23,53907.0,2343.782608695652,69.6969696969697,10,8,5,3.7523809523809524,24.952380952380953,69.33125,8,4,1,Low
SCH0280,Govt. Elementary School Modi,Sangrur,Sunam,216,Higher Secondary,Punjabi,80.23880888915083,30,1,3.3333333333333335,0,0.0,662.2999999999998,20,42666.0,2133.3,60.60606060606061,11,6,5,4.314285714285714,13.714285714285719,70.82142857142857,7,4,0,Low
SCH0281,Govt. Elementary School Agarwal,Amritsar,Amritsar-Ii,218,Higher Secondary,Punjabi,83.6188483695976,25,1,4.0,0,0.0,811.5999999999998,24,60484.0,2520.1666666666665,72.72727272727273,10,9,5,3.8,24.000000000000004,61.62500000000001,12,5,1,Low
SCH0282,Govt. Primary School Palan,Sangrur,Unknown,203,Primary,English,81.1224466482115,30,3,10.0,1,3.3333333333333335,512.2999999999998,16,26990.0,1686.875,48.484848484848484,9,6,5,4.085714285714285,18.285714285714292,58.370833333333344,12,4,3,Moderate
SCH0283,Govt. Middle School Reddy,Amritsar,Amritsar-Ii,419,Upper Primary,Punjabi,83.6562438950165,39,2,5.128205128205129,0,0.0,1065.1999999999996,31,59584.0,1922.0645161290322,93.93939393939394,11,7,5,3.5500000000000003,28.999999999999993,62.21428571428571,14,6,1,Low
SCH0284,Govt. Senior Secondary School Prakash,Patiala,Rajpura,362,Higher Secondary,Punjabi,85.46781095206693,38,1,2.6315789473684212,2,5.2631578947368425,665.4999999999998,20,47574.0,2378.7,60.60606060606061,10,7,5,4.0,20.0,66.47083333333335,12,4,0,Low
SCH0285,Govt. Primary School Chaudhry,Ferozepur,Ferozepur,400,Secondary,Hindi,81.98931929086548,35,3,8.571428571428571,1,2.857142857142857,734.3999999999997,23,48614.0,2113.6521739130435,69.6969696969697,9,9,5,3.0833333333333335,38.33333333333333,72.9,19,5,2,Moderate
SCH0286,Govt. Elementary School Badal,Jalandhar,Nakodar,206,Primary,English,79.55112412424062,36,1,2.7777777777777777,3,8.333333333333334,744.9999999999998,21,43675.0,2079.7619047619046,63.63636363636363,10,6,5,3.9499999999999997,21.000000000000007,62.48333333333333,12,6,3,Moderate
SCH0287,Govt. Senior Secondary School Bhavsar,Ferozepur,Mamdot,340,Secondary,English,82.33442945585037,32,1,3.125,1,3.125,635.2999999999998,19,43260.0,2276.842105263158,57.57575757575758,10,6,5,4.017857142857143,19.642857142857135,68.48333333333333,15,5,0,Low
SCH0288,Govt. Middle School Goyal,Amritsar,Amritsar-Ii,200,Secondary,Hindi,83.60761706414382,37,4,10.81081081081081,4,10.81081081081081,583.2999999999998,18,39569.0,2198.277777777778,54.54545454545455,7,5,5,3.066666666666667,38.666666666666664,64.5735294117647,17,6,3,Moderate
SCH0289,Govt. Elementary School Mohanty,Ferozepur,Mamdot,345,Higher Secondary,Hindi,80.8775980286075,35,0,0.0,2,5.714285714285714,667.7999999999998,20,41304.0,2065.2,60.60606060606061,9,7,5,3.1666666666666665,36.66666666666667,59.434615384615384,13,5,2,Moderate
SCH0290,Govt. Primary School Mander,Jalandhar,Phillaur,187,Secondary,Punjabi,79.39622330980775,24,1,4.166666666666667,2,8.333333333333334,953.9999999999997,28,52247.0,1865.9642857142858,84.84848484848484,10,8,5,3.2000000000000006,35.999999999999986,73.553125,16,6,3,Moderate
SCH0291,Govt. Elementary School Seth,Sangrur,Sunam,139,Higher Secondary,Punjabi,85.31839648970377,27,3,11.11111111111111,2,7.407407407407407,717.0999999999997,21,47437.0,2258.904761904762,63.63636363636363,10,9,5,3.3000000000000003,33.99999999999999,63.629999999999995,15,6,2,Moderate
SCH0292,Govt. Middle School Deo,Sangrur,Sunam,82,Upper Primary,English,79.23656990282082,35,3,8.571428571428571,0,0.0,432.69999999999993,13,33943.0,2611.0,39.39393939393939,8,6,5,3.8166666666666664,23.66666666666667,74.071875,16,6,3,Moderate
SCH0293,Govt. Primary School Wadhwa,Jalandhar,Phillaur,329,Higher Secondary,English,75.92867747080531,26,0,0.0,0,0.0,597.5999999999999,17,41021.0,2413.0,51.515151515151516,8,5,5,3.5999999999999996,28.000000000000007,64.34375,16,5,2,Moderate
SCH0294,Govt. Primary School Arora,Moga,Moga-I,429,Upper Primary,Hindi,82.8902786949941,43,4,9.30232558139535,2,4.651162790697675,484.99999999999983,15,27188.0,1812.5333333333333,45.45454545454545,8,7,5,4.147619047619048,17.04761904761904,70.71249999999999,8,4,2,Moderate
SCH0295,Govt. Primary School Sule,Bathinda,Bathinda,270,Primary,Hindi,80.48147471680105,39,3,7.6923076923076925,0,0.0,782.3999999999997,23,45230.0,1966.5217391304348,69.6969696969697,11,7,5,3.6500000000000004,26.999999999999993,67.77666666666667,15,5,1,Low
SCH0296,Govt. Senior Secondary School Dash,Patiala,Samana,403,Higher Secondary,Hindi,86.46289272256955,26,0,0.0,1,3.8461538461538463,441.09999999999997,12,27803.0,2316.9166666666665,36.36363636363637,8,6,5,2.3333333333333335,53.33333333333333,67.8,17,6,2,Moderate
SCH0297,Govt. Middle School Narayanan,Ludhiana,Doraha,312,Upper Primary,English,83.34813184199437,23,1,4.3478260869565215,0,0.0,745.7999999999997,22,46770.0,2125.909090909091,66.66666666666667,10,9,5,3.833333333333333,23.33333333333334,61.7,1,1,1,Low
SCH0298,Govt. Senior Secondary School Sibal,Amritsar,Amritsar-Ii,424,Primary,Hindi,79.88942034902787,39,2,5.128205128205129,0,0.0,636.7999999999997,20,50558.0,2527.9,60.60606060606061,9,7,5,3.6666666666666665,26.666666666666668,71.96785714285714,14,5,1,Low
SCH0299,Govt. Elementary School Sane,Patiala,Nabha,404,Upper Primary,Hindi,77.44317253467666,34,0,0.0,1,2.9411764705882355,654.0,17,36081.0,2122.4117647058824,51.515151515151516,10,7,5,3.0,40.0,74.28888888888889,9,4,3,Moderate
SCH0300,Govt. Middle School Chaudhary,Bathinda,Talwandi Sabo,232,Primary,English,81.7189243445584,24,0,0.0,0,0.0,692.9999999999998,20,44731.0,2236.55,60.60606060606061,9,8,5,3.95,20.999999999999996,64.75416666666666,12,6,0,Low
SCH0301,Govt. Elementary School Loke,Sangrur,Dhuri,207,Primary,English,80.6341776907876,38,2,5.2631578947368425,2,5.2631578947368425,653.0,20,29845.0,1492.25,60.60606060606061,10,6,5,4.016666666666667,19.666666666666668,65.86666666666667,15,6,0,Low
SCH0302,Govt. Middle School Sama,Amritsar,Tarn Taran,151,Upper Primary,English,81.60515868659323,32,3,9.375,1,3.125,915.2999999999996,27,51206.0,1896.5185185185185,81.81818181818181,11,8,5,4.05050505050505,18.989898989898997,60.332352941176474,17,6,2,Moderate
SCH0303,Govt. Elementary School Bava,Jalandhar,Unknown,443,Primary,Hindi,81.7542239268854,33,1,3.0303030303030303,0,0.0,712.9999999999998,21,38909.0,1852.8095238095239,63.63636363636363,10,7,5,3.3000000000000003,33.99999999999999,68.52666666666667,15,6,0,Low
SCH0304,Govt. Senior Secondary School Dubey,Sangrur,Dhuri,40,Higher Secondary,English,83.76496359739537,31,2,6.451612903225806,2,6.451612903225806,612.8999999999997,19,33170.0,1745.7894736842106,57.57575757575758,9,6,5,1.8333333333333333,63.333333333333336,65.6375,8,5,2,Moderate
SCH0305,Govt. Senior Secondary School Mane,Jalandhar,Unknown,87,Secondary,English,81.7292913617008,32,1,3.125,1,3.125,343.19999999999993,10,20265.0,2026.5,30.303030303030305,8,6,5,3.75,25.0,71.64545454545454,11,6,1,Low
SCH0306,Govt. Elementary School Bhardwaj,Patiala,Unknown,375,Primary,Hindi,83.95865599742932,32,2,6.25,3,9.375,592.8999999999997,18,34486.0,1915.888888888889,54.54545454545455,10,5,5,3.1666666666666665,36.66666666666667,70.34117647058824,17,5,2,Moderate
SCH0307,Govt. Elementary School Wali,Unknown,Rajpura,44,Secondary,Punjabi,83.62570159466837,41,3,7.317073170731708,2,4.878048780487805,593.8999999999999,19,34293.0,1804.8947368421052,57.57575757575758,9,8,5,3.8333333333333335,23.333333333333332,54.975,12,4,2,Moderate
SCH0308,Govt. Middle School Butala,Amritsar,Amritsar-Ii,236,Primary,Hindi,78.39303726702964,28,0,0.0,3,10.714285714285714,789.3999999999996,24,41966.0,1748.5833333333333,72.72727272727273,11,8,5,3.6666666666666665,26.666666666666668,69.81818181818181,11,6,2,Moderate
SCH0309,Govt. Primary School Garde,Ferozepur,Zira,368,Upper Primary,Hindi,81.42831267421492,45,3,6.666666666666667,1,2.2222222222222223,800.5999999999999,23,49261.0,2141.782608695652,69.6969696969697,8,6,5,3.4166666666666665,31.666666666666668,62.8125,12,6,1,Low
SCH0310,Govt. Elementary School Nair,Sangrur,Malerkotla,409,Upper Primary,Punjabi,79.44845638744168,32,1,3.125,0,0.0,502.5999999999999,15,25533.0,1702.2,45.45454545454545,7,5,5,3.35,33.0,59.38333333333333,12,5,3,Moderate
SCH0311,Govt. Elementary School Sarkar,Amritsar,Amritsar-Ii,425,Higher Secondary,Hindi,79.53273321961613,34,1,2.9411764705882355,1,2.9411764705882355,551.2999999999998,16,29536.0,1846.0,48.484848484848484,10,8,5,4.142857142857143,17.142857142857135,62.14545454545455,11,5,3,Moderate
SCH0312,Govt. Primary School Sagar,Patiala,Samana,370,Secondary,English,78.39796134096737,37,1,2.7027027027027026,2,5.405405405405405,552.9999999999999,17,37534.0,2207.8823529411766,51.515151515151516,10,8,5,2.8333333333333335,43.33333333333333,73.76500000000001,20,6,3,Moderate
SCH0313,Govt. Senior Secondary School Behl,Patiala,Nabha,422,Primary,Punjabi,81.76509248900717,37,3,8.108108108108109,1,2.7027027027027026,500.1999999999999,14,43090.0,3077.8571428571427,42.42424242424242,7,6,5,3.5,30.0,71.33181818181818,11,6,2,Moderate
SCH0314,Govt. Middle School Kakar,Patiala,Rajpura,366,Primary,Hindi,82.18187385760221,36,2,5.555555555555555,2,5.555555555555555,604.1999999999998,18,40324.0,2240.222222222222,54.54545454545455,9,7,5,3.4,32.0,56.16538461538461,13,5,1,Low
SCH0315,Govt. Primary School Chakraborty,Ferozepur,Unknown,319,Higher Secondary,Punjabi,79.53973959580694,31,1,3.225806451612903,2,6.451612903225806,771.6999999999997,22,50355.0,2288.8636363636365,66.66666666666667,10,8,5,4.2,15.999999999999996,68.26250000000002,8,5,2,Moderate
SCH0316,Govt. Elementary School Dhingra,Unknown,Doraha,150,Primary,Hindi,79.07965350953482,25,0,0.0,0,0.0,611.1999999999999,18,46555.0,2586.3888888888887,54.54545454545455,10,7,5,3.65,27.0,59.666666666666664,9,5,2,Moderate
SCH0317,Govt. Middle School Purohit,Ferozepur,Unknown,399,Upper Primary,Hindi,83.9968511072746,46,2,4.3478260869565215,2,4.3478260869565215,538.6999999999998,15,32892.0,2192.8,45.45454545454545,8,8,5,3.2166666666666663,35.66666666666667,65.485,10,4,1,Low
SCH0318,Govt. Elementary School Rout,Jalandhar,Nakodar,240,Primary,Hindi,79.81834491748296,25,1,4.0,2,8.0,803.3999999999997,24,58058.0,2419.0833333333335,72.72727272727273,8,8,5,3.6000000000000005,27.99999999999999,66.63928571428572,14,5,2,Moderate
SCH0319,Govt. Primary School Bassi,Ludhiana,Ludhiana-Ii,84,Primary,Hindi,84.05878206547843,40,2,5.0,2,5.0,638.4999999999998,20,41848.0,2092.4,60.60606060606061,10,7,5,4.3,14.000000000000004,58.24722222222223,18,5,1,Low
SCH0320,Govt. Middle School Dave,Amritsar,Amritsar-I,402,Primary,English,82.94388396936712,41,4,9.75609756097561,1,2.4390243902439024,609.9999999999998,18,33777.0,1876.5,54.54545454545455,9,7,5,3.2,35.99999999999999,71.58636363636364,11,5,2,Moderate
SCH0321,Govt. Primary School Nayak,Jalandhar,Nakodar,104,Secondary,Punjabi,74.69891641005944,36,0,0.0,1,2.7777777777777777,965.6999999999997,29,70070.0,2416.206896551724,87.87878787878788,11,9,5,2.822727272727273,43.54545454545454,79.94642857142857,14,4,2,Moderate
SCH0322,Govt. Primary School Tak,Moga,Nihal Singh Wala,179,Secondary,Hindi,83.72061767251265,27,0,0.0,1,3.7037037037037037,702.0999999999998,20,36621.0,1831.05,60.60606060606061,7,8,5,3.6138888888888885,27.72222222222223,57.925,10,5,1,Low
SCH0323,Govt. Middle School Kapoor,Moga,Moga-I,295,Upper Primary,Hindi,82.79072574386889,32,2,6.25,1,3.125,1046.8999999999996,31,63106.0,2035.6774193548388,93.93939393939394,11,9,5,4.2,15.999999999999996,62.553125000000016,16,5,1,Low
SCH0324,Govt. Primary School Sundaram,Amritsar,Amritsar-Ii,419,Primary,Punjabi,82.19991112964134,24,1,4.166666666666667,0,0.0,878.1999999999997,25,64486.0,2579.44,75.75757575757575,9,8,5,2.8333333333333335,43.33333333333333,62.32857142857143,7,4,2,Moderate
SCH0325,Govt. Elementary School Babu,Moga,Nihal Singh Wala,116,Primary,Hindi,77.71481521828528,29,0,0.0,0,0.0,826.6999999999997,25,58522.0,2340.88,75.75757575757575,9,7,5,3.4999999999999996,30.00000000000001,69.30714285714286,14,6,1,Low
SCH0326,Govt. Primary School Balasubramanian,Ferozepur,Makhu,178,Secondary,Hindi,84.13277650934374,30,3,10.0,2,6.666666666666667,599.8999999999999,17,36233.0,2131.3529411764707,51.515151515151516,9,7,5,3.6000000000000005,27.99999999999999,70.99583333333334,12,5,3,Moderate
SCH0327,Govt. Middle School Muni,Ludhiana,Machhiwara,75,Secondary,Hindi,78.80108101397086,30,0,0.0,0,0.0,767.3999999999996,22,55961.0,2543.681818181818,66.66666666666667,8,7,5,3.65,27.0,63.45416666666667,12,5,1,Low
SCH0328,Govt. Senior Secondary School Sarraf,Sangrur,Sangrur,228,Secondary,Hindi,81.9309872221102,35,2,5.714285714285714,2,5.714285714285714,794.6999999999998,25,44805.0,1792.2,75.75757575757575,9,7,5,3.0,40.0,66.08214285714284,14,5,1,Low
SCH0329,Govt. Elementary School Modi,Sangrur,Unknown,415,Upper Primary,Hindi,81.27361754447611,38,1,2.6315789473684212,3,7.894736842105263,555.1999999999998,17,28912.0,1700.7058823529412,51.515151515151516,8,8,5,3.928571428571429,21.428571428571423,61.57857142857142,14,6,3,Moderate
SCH0330,Govt. Middle School Badami,Unknown,Moga-I,211,Higher Secondary,Hindi,80.16032938986233,40,4,10.0,1,2.5,528.2999999999998,17,44549.0,2620.529411764706,51.515151515151516,11,6,5,3.857142857142857,22.857142857142854,69.97941176470589,17,6,2,Moderate
SCH0331,Govt. Primary School Raju,Patiala,Unknown,291,Upper Primary,Hindi,81.40350818390318,41,1,2.4390243902439024,3,7.317073170731708,707.8999999999997,21,55850.0,2659.5238095238096,63.63636363636363,9,8,5,3.333333333333333,33.333333333333336,61.9625,8,4,2,Moderate
SCH0332,Govt. Senior Secondary School Lad,Ferozepur,Makhu,274,Primary,Punjabi,86.06569824703051,37,2,5.405405405405405,2,5.405405405405405,960.2999999999997,28,50781.0,1813.607142857143,84.84848484848484,9,8,5,4.0,20.0,70.98333333333333,12,5,0,Low
SCH0333,Govt. Middle School Warrior,Amritsar,Amritsar-I,262,Upper Primary,Punjabi,79.47942022288603,37,1,2.7027027027027026,1,2.7027027027027026,893.9999999999997,27,51685.0,1914.2592592592594,81.81818181818181,11,9,3,1.0,66.66666666666667,63.733333333333334,9,6,2,Moderate
SCH0334,Govt. Senior Secondary School Gole,Moga,Bagha Purana,271,Primary,Hindi,77.71025860040953,27,2,7.407407407407407,0,0.0,730.1999999999997,21,47328.0,2253.714285714286,63.63636363636363,11,7,5,3.668434343434343,26.631313131313135,73.03333333333333,18,6,2,Moderate
SCH0335,Govt. Primary School Kota,Amritsar,Amritsar-Ii,94,Higher Secondary,Hindi,82.67458039676492,31,2,6.451612903225806,1,3.225806451612903,729.5999999999997,21,51280.0,2441.904761904762,63.63636363636363,8,7,5,3.6666666666666665,26.666666666666668,59.0529411764706,17,5,1,Low
SCH0336,Govt. Middle School Sridhar,Sangrur,Malerkotla,277,Primary,Hindi,81.97991773547012,44,2,4.545454545454546,2,4.545454545454546,435.6999999999999,13,29316.0,2255.076923076923,39.39393939393939,7,6,5,4.4,11.999999999999993,62.57307692307692,13,5,2,Moderate
SCH0337,Govt. Elementary School Bora,Ludhiana,Ludhiana-Ii,207,Upper Primary,English,77.5851210516797,47,2,4.25531914893617,2,4.25531914893617,877.8999999999997,25,60339.0,2413.56,75.75757575757575,11,7,5,3.666666666666667,26.666666666666664,73.66818181818181,11,6,1,Low
SCH0338,Govt. Senior Secondary School Wali,Bathinda,Unknown,55,Higher Secondary,Punjabi,84.81918294394018,29,1,3.4482758620689653,2,6.896551724137931,707.4999999999998,21,57047.0,2716.5238095238096,63.63636363636363,10,8,5,3.9166666666666665,21.666666666666668,64.28333333333335,12,6,1,Low
SCH0339,Govt. Elementary School Zacharia,Jalandhar,Jalandhar-I,46,Upper Primary,Punjabi,79.11523082890928,40,2,5.0,1,2.5,997.6999999999996,28,62327.0,2225.964285714286,84.84848484848484,11,7,5,3.666666666666666,26.66666666666668,62.57727272727273,11,5,2,Moderate
SCH0340,Govt. Elementary School Manda,Bathinda,Bathinda,51,Upper Primary,Punjabi,84.51112422481337,40,0,0.0,2,5.0,734.4999999999998,22,63385.0,2881.1363636363635,66.66666666666667,8,7,5,4.0,20.0,62.10333333333333,15,5,1,Low
SCH0341,Govt. Elementary School Virk,Moga,Moga-I,61,Primary,Punjabi,83.084032981381,43,3,6.976744186046512,1,2.3255813953488373,768.6999999999998,23,45135.0,1962.391304347826,69.6969696969697,11,8,5,3.8499999999999996,23.000000000000007,61.646153846153844,13,6,2,Moderate
SCH0342,Govt. Senior Secondary School Kashyap,Sangrur,Sangrur,235,Upper Primary,Punjabi,82.76135729738583,27,4,14.814814814814815,2,7.407407407407407,959.9999999999997,29,54502.0,1879.3793103448277,87.87878787878788,10,7,,,,64.955,10,4,2,Moderate
SCH0343,Govt. Elementary School Bassi,Jalandhar,Jalandhar-I,354,Upper Primary,Hindi,81.28753207782853,32,0,0.0,2,6.25,616.3999999999997,18,34369.0,1909.388888888889,54.54545454545455,9,7,5,3.4,32.0,64.98055555555555,18,6,1,Low
SCH0344,Govt. Senior Secondary School Bala,Sangrur,Sangrur,84,Upper Primary,Hindi,82.67617641138436,37,4,10.81081081081081,1,2.7027027027027026,594.8999999999999,17,28819.0,1695.235294117647,51.515151515151516,7,7,5,3.404761904761905,31.904761904761898,67.515,10,4,2,Moderate
SCH0345,Govt. Elementary School Mangal,Ludhiana,Machhiwara,440,Higher Secondary,Hindi,79.84614026535105,30,0,0.0,0,0.0,638.3999999999999,19,43571.0,2293.2105263157896,57.57575757575758,9,6,5,3.1666666666666665,36.66666666666667,61.974999999999994,12,5,3,Moderate
SCH0346,Govt. Primary School Peri,Moga,Nihal Singh Wala,178,Secondary,English,86.32112041576639,26,2,7.6923076923076925,0,0.0,556.5999999999999,16,41882.0,2617.625,48.484848484848484,9,6,5,3.0,40.0,66.5,12,6,3,Moderate
SCH0347,Govt. Primary School Mall,Ludhiana,Machhiwara,311,Upper Primary,Hindi,80.36268493466758,44,1,2.272727272727273,0,0.0,626.5999999999998,19,54015.0,2842.8947368421054,57.57575757575758,9,7,5,4.166666666666666,16.66666666666668,67.34411764705884,17,5,0,Low
SCH0348,Govt. Elementary School Sarraf,Bathinda,Bathinda,431,Upper Primary,Hindi,83.65610899989012,41,3,7.317073170731708,1,2.4390243902439024,1042.8999999999996,30,58164.0,1938.8,90.9090909090909,11,5,5,4.75,5.0,59.6625,12,6,2,Moderate
SCH0349,Govt. Primary School Jaggi,Jalandhar,Jalandhar-Ii,343,Secondary,English,82.43717748799445,16,0,0.0,0,0.0,650.4999999999998,20,36087.0,1804.35,60.60606060606061,7,6,5,2.5,50.0,73.28571428571429,7,2,1,Low
SCH0350,Govt. Primary School Mann,Jalandhar,Unknown,292,Upper Primary,Hindi,79.63263514495166,20,0,0.0,0,0.0,512.1999999999998,15,29314.0,1954.2666666666667,45.45454545454545,8,5,5,4.0,20.0,61.207142857142856,14,6,3,Moderate
SCH0351,Govt. Senior Secondary School Morar,Patiala,Patiala,309,Secondary,English,80.06190276654506,31,3,9.67741935483871,0,0.0,1052.8999999999996,30,86373.0,2879.1,90.9090909090909,11,8,5,4.1,18.000000000000007,61.26764705882351,17,5,2,Moderate
SCH0352,Govt. Middle School Jayaraman,Unknown,Nakodar,70,Upper Primary,English,88.65382225172478,32,3,9.375,4,12.5,679.5999999999998,20,41559.0,2077.95,60.60606060606061,9,7,5,3.75,25.0,64.7107142857143,14,5,2,Moderate
SCH0353,Govt. Elementary School Parikh,Ferozepur,Ferozepur,212,Upper Primary,Punjabi,80.18376259845873,27,2,7.407407407407407,1,3.7037037037037037,587.8999999999999,18,35255.0,1958.611111111111,54.54545454545455,10,7,5,3.9999999999999996,20.000000000000007,68.58999999999999,10,4,1,Low
SCH0354,Govt. Senior Secondary School Kakar,Moga,Moga-Ii,402,Secondary,English,85.88546285009862,36,1,2.7777777777777777,3,8.333333333333334,948.3999999999996,27,52195.0,1933.148148148148,81.81818181818181,10,9,5,3.4047619047619047,31.90476190476191,64.71538461538462,13,6,1,Low
SCH0355,Govt. Primary School Tripathi,Unknown,Jalandhar-Ii,413,Higher Secondary,English,85.2589922048617,33,3,9.090909090909092,3,9.090909090909092,750.6999999999998,22,44790.0,2035.909090909091,66.66666666666667,10,9,5,3.55,29.000000000000007,66.55312500000001,16,6,2,Moderate
SCH0356,Govt. Middle School Brahmbhatt,Patiala,Patiala,294,Primary,Punjabi,83.74468030636504,20,0,0.0,1,5.0,474.59999999999985,14,25603.0,1828.7857142857142,42.42424242424242,8,6,5,3.5666666666666664,28.666666666666675,67.165625,16,6,1,Low
SCH0357,Govt. Middle School Bhatti,Moga,Nihal Singh Wala,45,Upper Primary,Punjabi,79.06292000620327,19,0,0.0,0,0.0,740.4999999999998,23,48900.0,2126.086956521739,69.6969696969697,10,7,5,3.6666666666666665,26.666666666666668,67.21842105263158,19,6,1,Low
SCH0358,Govt. Elementary School Panchal,Ludhiana,Ludhiana-I,237,Higher Secondary,Punjabi,81.46537358915661,34,6,17.647058823529413,0,0.0,734.7999999999997,20,42186.0,2109.3,60.60606060606061,9,7,5,4.5,10.0,60.125,12,5,2,Moderate
SCH0359,Govt. Primary School Bhavsar,Moga,Nihal Singh Wala,91,Upper Primary,Punjabi,77.91467211286046,31,1,3.225806451612903,3,9.67741935483871,500.1999999999999,16,29825.0,1864.0625,48.484848484848484,10,6,5,3.1666666666666665,36.66666666666667,61.626666666666665,15,5,5,High
SCH0360,Govt. Senior Secondary School Bhat,Bathinda,Bathinda,203,Primary,Hindi,82.29074455215445,30,5,16.666666666666668,1,3.3333333333333335,507.8999999999999,15,27000.0,1800.0,45.45454545454545,8,7,5,3.519047619047619,29.61904761904762,60.29,10,5,3,Moderate
SCH0361,Govt. Elementary School Bumb,Amritsar,Amritsar-I,213,Higher Secondary,Hindi,79.88154158877046,37,2,5.405405405405405,0,0.0,750.2999999999997,23,48824.0,2122.782608695652,69.6969696969697,8,7,5,3.6666666666666665,26.666666666666668,61.080555555555556,18,5,2,Moderate
SCH0362,Govt. Elementary School Sinha,Ferozepur,Zira,67,Upper Primary,Hindi,77.61201503327808,21,1,4.761904761904762,0,0.0,477.0999999999999,15,30553.0,2036.8666666666666,45.45454545454545,9,8,5,4.0,20.0,70.13666666666667,15,5,2,Moderate
SCH0363,Govt. Elementary School Sankar,Bathinda,Rampura Phul,192,Primary,English,82.2289947995045,35,2,5.714285714285714,3,8.571428571428571,688.9999999999999,20,45396.0,2269.8,60.60606060606061,10,7,5,4.0,20.0,63.625000000000014,10,5,1,Low
SCH0364,Govt. Primary School Chowdhury,Ludhiana,Machhiwara,84,Higher Secondary,English,88.48693453894022,44,3,6.818181818181818,7,15.909090909090908,937.8999999999999,28,72714.0,2596.9285714285716,84.84848484848484,11,8,5,3.5,30.0,57.94545454545455,11,5,2,Moderate
SCH0365,Govt. Middle School Bhavsar,Amritsar,Unknown,99,Higher Secondary,Hindi,82.4926369995786,32,1,3.125,2,6.25,723.8999999999997,21,43436.0,2068.3809523809523,63.63636363636363,8,7,5,4.25,15.0,63.52916666666667,12,5,1,Low
SCH0366,Govt. Primary School Hari,Ferozepur,Zira,229,Secondary,Punjabi,80.12821279251034,33,0,0.0,3,9.090909090909092,747.2999999999998,22,63938.0,2906.2727272727275,66.66666666666667,10,8,5,3.583333333333333,28.333333333333336,66.64333333333333,15,4,1,Low
SCH0367,Govt. Primary School Vala,Bathinda,Unknown,177,Upper Primary,English,81.44102417026782,34,1,2.9411764705882355,1,2.9411764705882355,828.4999999999998,22,42774.0,1944.2727272727273,66.66666666666667,10,8,5,3.0000000000000004,39.999999999999986,69.8,12,5,1,Low
SCH0368,Govt. Elementary School Raman,Ferozepur,Zira,323,Higher Secondary,Punjabi,82.04539939640205,33,1,3.0303030303030303,3,9.090909090909092,882.7999999999997,26,49450.0,1901.923076923077,78.78787878787878,9,9,5,3.5714285714285716,28.571428571428566,57.89545454545455,11,6,2,Moderate
SCH0369,Govt. Senior Secondary School Naik,Patiala,Rajpura,193,Primary,Punjabi,77.42252991713495,25,1,4.0,0,0.0,802.5999999999998,24,52164.0,2173.5,72.72727272727273,10,8,5,3.25,35.0,62.877272727272725,11,4,2,Moderate
SCH0370,Govt. Primary School Pant,Jalandhar,Jalandhar-Ii,148,Upper Primary,Punjabi,81.85580090583154,36,3,8.333333333333334,2,5.555555555555555,620.0999999999998,18,39107.0,2172.6111111111113,54.54545454545455,9,9,5,2.8333333333333335,43.33333333333333,63.239285714285714,14,5,3,Moderate
SCH0371,Govt. Elementary School Baral,Patiala,Nabha,344,Primary,English,80.1492320707726,21,0,0.0,0,0.0,790.8999999999999,23,47193.0,2051.8695652173915,69.6969696969697,9,7,5,3.4583333333333335,30.833333333333332,69.52272727272727,11,5,0,Low
SCH0372,Govt. Senior Secondary School Mody,Sangrur,Sangrur,442,Higher Secondary,Hindi,79.8889923996021,30,0,0.0,0,0.0,583.3999999999999,17,34500.0,2029.4117647058824,51.515151515151516,11,7,5,3.85,22.999999999999996,63.083333333333336,15,6,3,Moderate
SCH0373,Govt. Middle School Soman,Amritsar,Amritsar-I,328,Secondary,English,82.44243407559928,43,1,2.3255813953488373,1,2.3255813953488373,639.4999999999998,18,39443.0,2191.277777777778,54.54545454545455,9,7,5,3.4166666666666665,31.666666666666668,67.34444444444445,18,5,0,Low
SCH0374,Govt. Elementary School Yohannan,Ferozepur,Mamdot,332,Primary,Hindi,79.1057820494317,31,1,3.225806451612903,1,3.225806451612903,711.5999999999998,21,46504.0,2214.4761904761904,63.63636363636363,10,8,,,,61.39444444444444,9,2,2,Moderate
SCH0375,Govt. Primary School Karan,Ferozepur,Ferozepur,242,Secondary,English,82.98584396270755,33,1,3.0303030303030303,2,6.0606060606060606,732.7999999999997,21,47626.0,2267.904761904762,63.63636363636363,8,8,5,3.75,25.0,67.08888888888889,9,4,1,Low
SCH0376,Govt. Elementary School Talwar,Moga,Moga-I,212,Secondary,Punjabi,81.9934917069518,36,3,8.333333333333334,1,2.7777777777777777,873.3999999999997,25,49326.0,1973.04,75.75757575757575,8,7,5,2.8333333333333335,43.33333333333333,59.93333333333333,9,4,3,Moderate
SCH0377,Govt. Middle School Gandhi,Patiala,Nabha,193,Higher Secondary,Punjabi,80.70017362764884,33,2,6.0606060606060606,1,3.0303030303030303,534.3999999999999,15,34459.0,2297.266666666667,45.45454545454545,9,8,5,3.833333333333333,23.33333333333334,60.50882352941177,17,6,2,Moderate
SCH0378,Govt. Middle School Mitter,Amritsar,Amritsar-Ii,266,Higher Secondary,Hindi,80.15242595532473,43,1,2.3255813953488373,2,4.651162790697675,675.3999999999997,20,43946.0,2197.3,60.60606060606061,9,9,5,2.5,50.0,59.653571428571425,14,6,2,Moderate
SCH0379,Govt. Primary School Balay,Jalandhar,Jalandhar-I,199,Higher Secondary,Hindi,79.96373236430139,38,0,0.0,1,2.6315789473684212,560.2999999999998,16,36518.0,2282.375,48.484848484848484,8,6,5,4.1499999999999995,17.00000000000001,60.96153846153846,13,6,2,Moderate
SCH0380,Govt. Middle School Minhas,Ludhiana,Ludhiana-Ii,56,Secondary,Punjabi,82.8746580596584,33,3,9.090909090909092,1,3.0303030303030303,563.7999999999998,16,32065.0,2004.0625,48.484848484848484,8,8,5,3.2,35.99999999999999,69.11875,16,5,3,Moderate
SCH0381,Govt. Elementary School Varma,Unknown,Ferozepur,388,Secondary,Punjabi,82.49951815517193,36,1,2.7777777777777777,0,0.0,621.1999999999998,18,48579.0,2698.8333333333335,54.54545454545455,9,8,5,4.0,20.0,65.14333333333335,15,6,0,Low
SCH0382,Govt. Primary School Lanka,Moga,Bagha Purana,123,Secondary,Punjabi,82.42289730760635,38,3,7.894736842105263,3,7.894736842105263,564.3999999999999,17,40512.0,2383.0588235294117,51.515151515151516,9,4,5,3.1,38.0,72.05357142857143,14,6,4,High
SCH0383,Govt. Senior Secondary School Sama,Ludhiana,Ludhiana-Ii,332,Upper Primary,English,81.67286269374135,27,2,7.407407407407407,1,3.7037037037037037,739.1999999999997,21,35290.0,1680.4761904761904,63.63636363636363,10,6,5,3.5,30.0,65.94333333333333,15,6,1,Low
SCH0384,Govt. Senior Secondary School Parekh,Ferozepur,Ferozepur,439,Primary,Hindi,84.82567813030397,36,4,11.11111111111111,2,5.555555555555555,618.1999999999998,17,45883.0,2699.0,51.515151515151516,8,7,5,4.25,15.0,66.49117647058823,17,6,2,Moderate
SCH0385,Govt. Middle School Mane,Ludhiana,Ludhiana-Ii,169,Secondary,Punjabi,77.38783792081583,45,1,2.2222222222222223,0,0.0,531.3999999999999,15,28839.0,1922.6,45.45454545454545,6,6,5,2.95,40.99999999999999,71.30588235294118,17,6,3,Moderate
SCH0386,Govt. Elementary School Sama,Moga,Nihal Singh Wala,169,Secondary,Punjabi,79.59332810317687,33,0,0.0,2,6.0606060606060606,1127.3,32,81777.0,2555.53125,96.96969696969697,11,7,5,2.3,54.0,63.94500000000001,20,4,3,Moderate
SCH0387,Govt. Middle School Varty,Moga,Bagha Purana,192,Higher Secondary,English,81.93947632166243,35,1,2.857142857142857,1,2.857142857142857,791.6999999999997,23,65882.0,2864.4347826086955,69.6969696969697,10,7,5,4.5,10.0,73.0375,4,3,0,Low
SCH0388,Govt. Elementary School Saini,Bathinda,Rampura Phul,136,Upper Primary,Hindi,82.14901311556346,37,1,2.7027027027027026,3,8.108108108108109,814.5999999999998,22,49559.0,2252.681818181818,66.66666666666667,10,7,5,3.4833333333333334,30.333333333333332,66.75357142857142,14,5,1,Low
SCH0389,Govt. Primary School Borra,Ludhiana,Machhiwara,191,Higher Secondary,Hindi,78.42103241889106,23,0,0.0,1,4.3478260869565215,587.1999999999999,18,35242.0,1957.888888888889,54.54545454545455,10,6,5,2.7333333333333334,45.33333333333333,61.65833333333333,12,3,3,Moderate
SCH0390,Govt. Middle School Dutt,Patiala,Samana,411,Higher Secondary,Hindi,76.34142545201759,25,1,4.0,1,4.0,770.1999999999997,24,55301.0,2304.2083333333335,72.72727272727273,10,9,5,3.2333333333333334,35.33333333333333,61.746428571428574,14,5,2,Moderate
SCH0391,Govt. Senior Secondary School Lad,Jalandhar,Nakodar,89,Secondary,English,80.55916029378356,24,1,4.166666666666667,0,0.0,615.8999999999999,18,48107.0,2672.6111111111113,54.54545454545455,9,8,5,4.0,20.0,65.96923076923078,13,6,0,Low
SCH0392,Govt. Middle School Kara,Amritsar,Amritsar-Ii,221,Secondary,Hindi,81.5176725695316,39,1,2.5641025641025643,2,5.128205128205129,923.3999999999997,27,51312.0,1900.4444444444443,81.81818181818181,11,6,5,2.333333333333333,53.333333333333336,66.89375000000001,16,5,1,Low
SCH0393,Govt. Senior Secondary School Bava,Bathinda,Talwandi Sabo,100,Primary,Punjabi,81.25510321715657,40,0,0.0,3,7.5,623.0999999999998,18,40441.0,2246.722222222222,54.54545454545455,9,7,5,3.5500000000000003,28.999999999999993,65.6107142857143,14,5,1,Low
SCH0394,Govt. Senior Secondary School Bala,Bathinda,Talwandi Sabo,67,Upper Primary,Hindi,81.51189467272742,48,3,6.25,0,0.0,695.4999999999998,20,49299.0,2464.95,60.60606060606061,7,7,5,4.5,10.0,72.07222222222224,18,5,0,Low
SCH0395,Govt. Elementary School Bose,Sangrur,Sunam,201,Upper Primary,Hindi,83.75433248595459,38,2,5.2631578947368425,2,5.2631578947368425,453.89999999999986,14,26024.0,1858.857142857143,42.42424242424242,8,6,5,3.9333333333333336,21.33333333333333,70.05333333333334,15,5,1,Low
SCH0396,Govt. Senior Secondary School Deshmukh,Moga,Moga-I,42,Upper Primary,Hindi,81.26950474191221,34,2,5.882352941176471,1,2.9411764705882355,626.6999999999998,20,38734.0,1936.7,60.60606060606061,10,8,5,3.6,28.0,68.36500000000001,10,5,0,Low
SCH0397,Govt. Elementary School Raghavan,Sangrur,Sangrur,106,Higher Secondary,Punjabi,83.14965032318705,39,2,5.128205128205129,2,5.128205128205129,833.4999999999997,25,54620.0,2184.8,75.75757575757575,10,7,5,4.5,10.0,65.76249999999999,8,4,0,Low
SCH0398,Govt. Primary School Narasimhan,Patiala,Samana,47,Upper Primary,Hindi,83.48429640581641,25,0,0.0,3,12.0,779.4999999999997,23,49106.0,2135.0434782608695,69.6969696969697,9,8,5,3.5500000000000003,28.999999999999993,56.628571428571426,7,4,2,Moderate
SCH0399,Govt. Middle School Konda,Patiala,Samana,199,Higher Secondary,Punjabi,84.22388096782655,30,1,3.3333333333333335,0,0.0,765.6999999999997,23,43304.0,1882.7826086956522,69.6969696969697,10,8,5,2.5,50.0,69.28000000000002,15,5,1,Low
SCH0400,Govt. Senior Secondary School Sastry,Bathinda,Rampura Phul,273,Secondary,Punjabi,82.5326253895222,38,4,10.526315789473685,3,7.894736842105263,341.59999999999997,10,14906.0,1490.6,30.303030303030305,7,6,5,3.833333333333333,23.33333333333334,69.76666666666667,12,4,3,Moderate
SCH0401,Govt. Senior Secondary School Sunder,Moga,Moga-Ii,124,Higher Secondary,Hindi,79.63957036559961,28,1,3.5714285714285716,0,0.0,781.1999999999998,22,56511.0,2568.681818181818,66.66666666666667,10,7,5,3.083333333333333,38.333333333333336,64.96666666666665,15,5,2,Moderate
SCH0402,Govt. Primary School Chakraborty,Patiala,Patiala,341,Primary,English,80.13507877879377,41,0,0.0,2,4.878048780487805,597.5999999999999,17,40428.0,2378.1176470588234,51.515151515151516,7,7,5,3.65,27.0,67.22941176470589,17,6,1,Low
SCH0403,Govt. Primary School Garde,Ludhiana,Ludhiana-I,378,Primary,Punjabi,81.38655920707458,29,2,6.896551724137931,2,6.896551724137931,486.09999999999985,15,33004.0,2200.266666666667,45.45454545454545,9,7,5,3.7619047619047623,24.761904761904752,71.55000000000001,10,4,2,Moderate
SCH0404,Govt. Primary School Keer,Amritsar,Ajnala,282,Upper Primary,Punjabi,80.29734645163089,33,0,0.0,1,3.0303030303030303,777.6999999999997,22,48160.0,2189.090909090909,66.66666666666667,9,6,5,3.75,25.0,62.695833333333326,12,4,1,Low
SCH0405,Govt. Primary School Agarwal,Bathinda,Maur,254,Primary,Punjabi,81.91284088502017,46,2,4.3478260869565215,3,6.521739130434782,771.0999999999997,23,46851.0,2037.0,69.6969696969697,9,8,5,3.333333333333333,33.333333333333336,65.41666666666667,12,5,1,Low
SCH0406,Govt. Senior Secondary School Bhattacharyya,Sangrur,Sunam,351,Secondary,Punjabi,79.16227243576172,38,1,2.6315789473684212,0,0.0,820.5999999999997,23,48214.0,2096.2608695652175,69.6969696969697,10,8,5,3.5,30.0,56.62142857142857,7,3,2,Moderate
SCH0407,Govt. Elementary School Mitter,Bathinda,Maur,60,Upper Primary,Punjabi,79.69892419199356,37,1,2.7027027027027026,0,0.0,406.7999999999999,12,28130.0,2344.1666666666665,36.36363636363637,9,6,5,3.0,40.0,69.42307692307692,13,6,3,Moderate
SCH0408,Govt. Primary School Salvi,Ludhiana,Ludhiana-I,96,Higher Secondary,Punjabi,78.40101712608617,34,1,2.9411764705882355,0,0.0,747.6999999999997,22,58202.0,2645.5454545454545,66.66666666666667,11,6,5,4.0,20.0,65.70909090909092,11,5,1,Low
SCH0409,Govt. Primary School Puri,Amritsar,Unknown,369,Secondary,Hindi,82.60547096498644,34,0,0.0,0,0.0,615.4999999999998,18,37813.0,2100.722222222222,54.54545454545455,8,7,5,3.8333333333333335,23.333333333333332,64.705,20,5,0,Low
SCH0410,Govt. Primary School Bath,Ludhiana,Unknown,224,Secondary,Punjabi,82.20022733792827,37,3,8.108108108108109,0,0.0,492.1999999999999,14,31615.0,2258.214285714286,42.42424242424242,7,6,5,3.3333333333333335,33.33333333333333,69.53055555555555,18,6,2,Moderate
SCH0411,Govt. Elementary School Narayanan,Ludhiana,Ludhiana-Ii,379,Secondary,English,80.00500566007203,39,1,2.5641025641025643,2,5.128205128205129,843.3999999999996,25,57348.0,2293.92,75.75757575757575,11,8,5,3.076190476190476,38.47619047619048,67.53999999999999,10,4,1,Low
SCH0412,Govt. Elementary School Anand,Amritsar,Ajnala,215,Higher Secondary,Punjabi,83.47286526206389,35,1,2.857142857142857,3,8.571428571428571,732.4999999999998,22,50528.0,2296.7272727272725,66.66666666666667,10,8,5,3.4166666666666665,31.666666666666668,70.35000000000001,13,5,1,Low
SCH0413,Govt. Primary School Bhatnagar,Sangrur,Dhuri,372,Upper Primary,Hindi,83.24106049658606,29,2,6.896551724137931,3,10.344827586206897,772.5999999999997,22,46427.0,2110.318181818182,66.66666666666667,9,8,5,3.5,30.0,76.31666666666666,9,6,1,Low
SCH0414,Govt. Elementary School Goyal,Amritsar,Tarn Taran,342,Higher Secondary,Hindi,80.71370567999723,38,0,0.0,2,5.2631578947368425,540.2999999999998,17,27868.0,1639.2941176470588,51.515151515151516,8,6,5,3.9999999999999996,20.000000000000007,68.13076923076923,13,5,1,Low
SCH0415,Govt. Elementary School Mandal,Ludhiana,Unknown,287,Primary,English,82.2582230132218,40,3,7.5,0,0.0,798.5999999999997,22,43388.0,1972.1818181818182,66.66666666666667,9,7,4,4.0,0.0,70.86666666666667,9,4,1,Low
SCH0416,Govt. Middle School Batra,Moga,Moga-I,400,Upper Primary,Hindi,81.82132834872164,26,0,0.0,2,7.6923076923076925,484.6999999999999,16,30041.0,1877.5625,48.484848484848484,7,7,5,3.8154761904761902,23.690476190476197,72.225,10,5,2,Moderate
SCH0417,Govt. Elementary School Ahuja,Amritsar,Tarn Taran,378,Higher Secondary,Hindi,80.34152548530231,24,1,4.166666666666667,3,12.5,483.49999999999983,14,26782.0,1913.0,42.42424242424242,9,6,5,3.333333333333333,33.333333333333336,69.66052631578945,19,5,2,Moderate
SCH0418,Govt. Senior Secondary School Comar,Ludhiana,Unknown,369,Higher Secondary,Punjabi,82.80995824286637,26,1,3.8461538461538463,0,0.0,562.0999999999998,18,45485.0,2526.9444444444443,54.54545454545455,10,5,5,3.25,35.0,76.30769230769232,13,5,0,Low
SCH0419,Govt. Elementary School Sarkar,Moga,Moga-Ii,209,Primary,Hindi,82.49491089569028,38,2,5.2631578947368425,3,7.894736842105263,895.6999999999996,26,54227.0,2085.653846153846,78.78787878787878,10,7,5,4.1000000000000005,17.99999999999999,64.99166666666666,12,5,1,Low
SCH0420,Govt. Elementary School Nair,Amritsar,Tarn Taran,267,Higher Secondary,Punjabi,82.29100451244189,28,1,3.5714285714285716,1,3.5714285714285716,657.8999999999999,19,43878.0,2309.3684210526317,57.57575757575758,9,7,5,3.9642857142857144,20.71428571428571,65.86333333333333,15,5,0,Low
SCH0421,Govt. Primary School Behl,Sangrur,Sangrur,92,Primary,Hindi,82.2658393895826,31,1,3.225806451612903,2,6.451612903225806,765.4999999999997,22,57763.0,2625.590909090909,66.66666666666667,11,8,5,3.75,25.0,66.88461538461539,13,5,1,Low
SCH0422,Govt. Primary School Rajan,Bathinda,Maur,375,Secondary,Punjabi,86.42459720111403,29,5,17.24137931034483,2,6.896551724137931,707.6999999999997,22,54544.0,2479.2727272727275,66.66666666666667,9,8,5,3.3,34.00000000000001,63.5,11,5,2,Moderate
SCH0423,Govt. Senior Secondary School Master,Moga,Unknown,406,Higher Secondary,English,79.37158443297685,39,3,7.6923076923076925,1,2.5641025641025643,694.9999999999998,21,47290.0,2251.904761904762,63.63636363636363,8,8,5,4.05,19.000000000000004,64.37916666666666,12,5,2,Moderate
SCH0424,Govt. Elementary School Baral,Bathinda,Rampura Phul,399,Upper Primary,Hindi,81.71855591039359,37,1,2.7027027027027026,0,0.0,793.7999999999998,24,59914.0,2496.4166666666665,72.72727272727273,10,6,5,2.4166666666666665,51.66666666666667,70.92499999999998,16,6,1,Low
SCH0425,Govt. Senior Secondary School Wason,Patiala,Nabha,101,Higher Secondary,Punjabi,78.40165671723385,28,2,7.142857142857143,1,3.5714285714285716,614.1999999999998,18,43515.0,2417.5,54.54545454545455,9,8,5,3.2,35.99999999999999,66.92857142857143,14,6,3,Moderate
SCH0426,Govt. Elementary School Andra,Ferozepur,Ferozepur,364,Primary,Hindi,78.17877845740536,34,2,5.882352941176471,0,0.0,684.2999999999998,20,46875.0,2343.75,60.60606060606061,11,7,5,3.5,30.0,69.45000000000002,17,5,1,Low
SCH0427,Govt. Elementary School Mangat,Jalandhar,Phillaur,42,Primary,Punjabi,78.8440898154713,23,1,4.3478260869565215,1,4.3478260869565215,666.2999999999998,20,56330.0,2816.5,60.60606060606061,9,8,5,4.166666666666666,16.66666666666668,62.160000000000004,10,5,2,Moderate
SCH0428,Govt. Middle School Swamy,Jalandhar,Jalandhar-Ii,414,Primary,Punjabi,81.81801531281546,42,3,7.142857142857143,1,2.380952380952381,610.1999999999998,18,45463.0,2525.722222222222,54.54545454545455,9,7,5,3.8333333333333335,23.333333333333332,63.639999999999986,10,5,1,Low
SCH0429,Govt. Elementary School Narain,Ferozepur,Zira,180,Secondary,Hindi,80.50839977126364,45,1,2.2222222222222223,1,2.2222222222222223,542.3999999999999,16,42987.0,2686.6875,48.484848484848484,9,6,5,4.0,20.0,64.10666666666667,15,6,1,Low
SCH0430,Govt. Senior Secondary School Dutt,Ferozepur,Makhu,399,Secondary,Hindi,83.84992938405415,37,2,5.405405405405405,3,8.108108108108109,748.3999999999997,23,42306.0,1839.391304347826,69.6969696969697,11,6,5,3.696428571428571,26.071428571428577,59.06333333333334,15,6,2,Moderate
SCH0431,Govt. Middle School Sarin,Bathinda,Rampura Phul,384,Upper Primary,English,81.08404875680321,35,1,2.857142857142857,2,5.714285714285714,741.6999999999998,22,45789.0,2081.318181818182,66.66666666666667,9,8,5,3.833333333333334,23.33333333333332,66.75,8,5,0,Low
SCH0432,Govt. Elementary School Sura,Sangrur,Dhuri,385,Secondary,Hindi,81.03361251293718,30,3,10.0,0,0.0,488.8999999999999,14,26911.0,1922.2142857142858,42.42424242424242,6,7,5,4.0,20.0,65.45833333333333,12,4,2,Moderate
SCH0433,Govt. Senior Secondary School Hayre,Amritsar,Amritsar-I,235,Primary,English,86.9207730226542,32,2,6.25,2,6.25,586.2999999999998,17,40242.0,2367.176470588235,51.515151515151516,10,8,5,3.75,25.0,64.24545454545455,11,6,2,Moderate
SCH0434,Govt. Primary School Bandi,Jalandhar,Jalandhar-I,393,Upper Primary,Punjabi,78.4786023813804,34,1,2.9411764705882355,1,2.9411764705882355,796.9999999999997,24,55712.0,2321.3333333333335,72.72727272727273,11,8,5,3.4,32.0,69.32727272727273,11,6,1,Low
SCH0435,Govt. Middle School Rama,Amritsar,Amritsar-Ii,420,Higher Secondary,Punjabi,82.68579301831895,29,1,3.4482758620689653,1,3.4482758620689653,715.7999999999997,20,45002.0,2250.1,60.60606060606061,9,6,5,3.1666666666666665,36.66666666666667,66.35277777777777,18,5,1,Low
SCH0436,Govt. Primary School Joshi,Ferozepur,Unknown,253,Secondary,English,83.55351001512797,40,0,0.0,2,5.0,763.9999999999997,23,43914.0,1909.304347826087,69.6969696969697,9,7,5,3.333333333333333,33.333333333333336,61.41666666666668,6,4,1,Low
SCH0437,Govt. Senior Secondary School Loyal,Patiala,Rajpura,155,Secondary,Hindi,81.0096203292392,27,1,3.7037037037037037,1,3.7037037037037037,642.7999999999998,19,54381.0,2862.157894736842,57.57575757575758,8,8,4,1.0,75.0,63.68333333333333,18,5,1,Low
SCH0438,Govt. Senior Secondary School Chacko,Bathinda,Talwandi Sabo,130,Primary,Punjabi,82.14664433106263,33,2,6.0606060606060606,2,6.0606060606060606,495.89999999999986,14,32406.0,2314.714285714286,42.42424242424242,8,8,5,3.9761904761904763,20.476190476190474,63.61764705882354,17,6,2,Moderate
SCH0439,Govt. Middle School Sankar,Ferozepur,Unknown,259,Secondary,Punjabi,86.83250983107355,35,2,5.714285714285714,2,5.714285714285714,667.8999999999997,18,48559.0,2697.722222222222,54.54545454545455,8,7,5,3.75,25.0,69.14333333333335,15,4,0,Low
SCH0440,Govt. Middle School Devan,Jalandhar,Jalandhar-I,118,Primary,Hindi,81.22223317005513,37,0,0.0,2,5.405405405405405,970.3999999999996,27,53655.0,1987.2222222222222,81.81818181818181,9,8,5,4.333333333333333,13.33333333333334,65.50625000000001,16,6,0,Low
SCH0441,Govt. Primary School Gara,Moga,Moga-I,441,Upper Primary,Hindi,82.96999807641637,38,5,13.157894736842104,0,0.0,541.8999999999999,16,35550.0,2221.875,48.484848484848484,10,8,5,3.8392857142857144,23.21428571428571,64.79411764705883,17,5,2,Moderate
SCH0442,Govt. Middle School Karpe,Ferozepur,Mamdot,87,Upper Primary,Hindi,80.2970780561187,27,0,0.0,3,11.11111111111111,461.5999999999999,14,31567.0,2254.785714285714,42.42424242424242,8,8,5,3.0,40.0,69.125,10,3,3,Moderate
SCH0443,Govt. Senior Secondary School Chakrabarti,Sangrur,Sangrur,98,Higher Secondary,English,81.00679421289861,36,1,2.7777777777777777,2,5.555555555555555,910.9999999999997,26,61059.0,2348.423076923077,78.78787878787878,8,6,5,3.404761904761905,31.904761904761898,65.42307692307692,13,5,0,Low
SCH0444,Govt. Middle School Setty,Ferozepur,Ferozepur,237,Secondary,Hindi,83.15699920692741,35,1,2.857142857142857,3,8.571428571428571,818.3999999999997,24,44944.0,1872.6666666666667,72.72727272727273,8,7,5,1.6666666666666665,66.66666666666667,68.61944444444445,18,6,2,Moderate
SCH0445,Govt. Primary School Wason,Sangrur,Dhuri,62,Upper Primary,Hindi,78.93052028343573,33,0,0.0,0,0.0,946.6999999999996,27,64303.0,2381.5925925925926,81.81818181818181,9,9,5,3.083333333333333,38.333333333333336,70.32,15,5,2,Moderate
SCH0446,Govt. Elementary School Kala,Ludhiana,Ludhiana-I,147,Upper Primary,Hindi,79.34921493597,39,1,2.5641025641025643,1,2.5641025641025643,646.6999999999998,18,46750.0,2597.222222222222,54.54545454545455,7,7,5,3.4166666666666665,31.666666666666668,59.84375,8,5,2,Moderate
SCH0447,Govt. Middle School Dash,Ferozepur,Unknown,422,Primary,Punjabi,86.26198218339312,27,3,11.11111111111111,2,7.407407407407407,857.6999999999997,24,79593.0,3316.375,72.72727272727273,10,8,5,3.3500000000000005,32.999999999999986,71.15,9,3,2,Moderate
SCH0448,Govt. Senior Secondary School Sandal,Ludhiana,Ludhiana-Ii,446,Primary,Punjabi,80.79410117264558,42,6,14.285714285714286,1,2.380952380952381,804.7999999999997,24,51188.0,2132.8333333333335,72.72727272727273,10,7,5,3.3333333333333335,33.33333333333333,69.01153846153846,13,6,1,Low
SCH0449,Govt. Primary School Keer,Ferozepur,Mamdot,362,Secondary,Hindi,81.72479806140846,38,4,10.526315789473685,1,2.6315789473684212,634.8999999999997,18,40881.0,2271.1666666666665,54.54545454545455,8,9,5,3.1666666666666665,36.66666666666667,68.99090909090908,11,6,2,Moderate
SCH0450,Govt. Primary School Kurian,Amritsar,Amritsar-I,398,Secondary,English,84.41912261399257,28,1,3.5714285714285716,0,0.0,583.2999999999998,18,37021.0,2056.722222222222,54.54545454545455,9,6,5,3.75,25.0,74.97777777777777,9,3,0,Low
SCH0451,Govt. Primary School Dasgupta,Amritsar,Ajnala,431,Higher Secondary,Hindi,85.00452200328854,40,5,12.5,5,12.5,600.4999999999998,18,33586.0,1865.888888888889,54.54545454545455,9,7,5,3.8,24.000000000000004,66.79285714285714,7,4,2,Moderate
SCH0452,Govt. Senior Secondary School Jaggi,Patiala,Nabha,422,Secondary,English,79.80121757815547,32,0,0.0,1,3.125,840.8999999999997,24,57575.0,2398.9583333333335,72.72727272727273,11,8,5,3.5119047619047623,29.761904761904752,69.11666666666666,12,6,1,Low
SCH0453,Govt. Primary School Mahal,Unknown,Ludhiana-Ii,103,Higher Secondary,English,77.95481737553735,19,0,0.0,0,0.0,345.99999999999994,9,29184.0,3242.6666666666665,27.272727272727273,7,6,5,3.5,30.0,65.35333333333334,15,5,2,Moderate
SCH0454,Govt. Senior Secondary School Bala,Patiala,Rajpura,370,Upper Primary,English,79.43757417303479,29,3,10.344827586206897,0,0.0,855.5999999999997,25,53393.0,2135.72,75.75757575757575,11,7,5,4.0,20.0,65.93181818181819,11,6,2,Moderate
SCH0455,Govt. Elementary School Borah,Patiala,Patiala,132,Primary,Punjabi,80.75946686312325,33,2,6.0606060606060606,2,6.0606060606060606,787.7999999999997,23,52959.0,2302.5652173913045,69.6969696969697,11,8,5,4.166666666666666,16.66666666666668,69.92777777777776,18,5,1,Low
SCH0456,Govt. Middle School Bhatnagar,Bathinda,Bathinda,168,Higher Secondary,Hindi,80.54488403111074,29,2,6.896551724137931,2,6.896551724137931,815.6999999999997,24,41579.0,1732.4583333333333,72.72727272727273,10,8,5,3.142857142857143,37.142857142857146,66.76153846153846,13,6,2,Moderate
SCH0457,Govt. Elementary School Varty,Amritsar,Ajnala,357,Upper Primary,English,78.5001119881558,30,0,0.0,2,6.666666666666667,697.0999999999998,19,46933.0,2470.157894736842,57.57575757575758,8,7,5,3.433333333333333,31.333333333333336,69.045,10,6,2,Moderate
SCH0458,Govt. Senior Secondary School Murty,Jalandhar,Nakodar,201,Upper Primary,Punjabi,85.09899635181844,33,3,9.090909090909092,2,6.0606060606060606,558.2999999999998,16,28379.0,1773.6875,48.484848484848484,9,5,5,2.9166666666666665,41.66666666666667,70.71875,8,4,4,High
SCH0459,Govt. Elementary School Mani,Bathinda,Rampura Phul,108,Secondary,English,82.59210880789747,27,1,3.7037037037037037,1,3.7037037037037037,398.2999999999999,12,27756.0,2313.0,36.36363636363637,6,6,5,3.25,35.0,70.065625,16,6,1,Low
SCH0460,Govt. Senior Secondary School Solanki,Sangrur,Sangrur,129,Primary,Hindi,78.86863441091954,35,0,0.0,1,2.857142857142857,452.1,13,23428.0,1802.1538461538462,39.39393939393939,8,5,5,2.5,50.0,64.72,10,4,3,Moderate
SCH0461,Govt. Primary School Ramachandran,Bathinda,Bathinda,412,Primary,Hindi,80.75082734757677,17,0,0.0,0,0.0,966.5999999999996,29,60834.0,2097.7241379310344,87.87878787878788,10,8,5,3.9999999999999996,20.000000000000007,67.11923076923077,13,6,0,Low
SCH0462,Govt. Senior Secondary School Gulati,Ferozepur,Zira,58,Higher Secondary,Hindi,82.26473971180353,37,2,5.405405405405405,1,2.7027027027027026,703.2999999999997,21,40337.0,1920.8095238095239,63.63636363636363,8,9,5,4.666666666666666,6.6666666666666785,59.18333333333334,6,5,1,Low
SCH0463,Govt. Primary School Rajagopalan,Bathinda,Maur,277,Primary,Hindi,80.35812431977399,38,1,2.6315789473684212,3,7.894736842105263,726.2999999999997,21,35987.0,1713.6666666666667,63.63636363636363,10,7,5,4.0,20.0,63.35416666666666,12,6,2,Moderate
SCH0464,Govt. Elementary School Khalsa,Jalandhar,Jalandhar-Ii,268,Upper Primary,Punjabi,81.29625682892186,36,0,0.0,1,2.7777777777777777,812.2999999999997,24,54328.0,2263.6666666666665,72.72727272727273,11,7,5,4.25,15.0,68.8111111111111,9,4,0,Low
SCH0465,Govt. Senior Secondary School Banerjee,Patiala,Rajpura,158,Secondary,English,82.55149529127809,36,1,2.7777777777777777,3,8.333333333333334,722.0999999999997,21,44930.0,2139.5238095238096,63.63636363636363,10,8,5,3.55,29.000000000000007,68.83749999999999,12,5,1,Low
SCH0466,Govt. Middle School Chand,Ferozepur,Mamdot,272,Primary,Hindi,83.48931827847312,34,1,2.9411764705882355,3,8.823529411764707,642.9999999999998,19,40862.0,2150.6315789473683,57.57575757575758,9,6,5,3.2861111111111114,34.27777777777777,67.41764705882353,17,6,1,Low
SCH0467,Govt. Elementary School Krishnan,Bathinda,Rampura Phul,336,Upper Primary,Punjabi,78.814281671004,24,0,0.0,2,8.333333333333334,640.9999999999998,18,49558.0,2753.222222222222,54.54545454545455,9,7,5,3.3333333333333335,33.33333333333333,62.378125,16,5,3,Moderate
SCH0468,Govt. Middle School Mishra,Bathinda,Talwandi Sabo,154,Secondary,Punjabi,77.61647319969337,32,0,0.0,0,0.0,828.5999999999997,25,50868.0,2034.72,75.75757575757575,10,7,5,2.75,45.0,62.103571428571435,14,4,3,Moderate
SCH0469,Govt. Middle School Gera,Ludhiana,Ludhiana-Ii,265,Primary,Hindi,79.61486296506136,38,2,5.2631578947368425,2,5.2631578947368425,579.8999999999999,18,32046.0,1780.3333333333333,54.54545454545455,9,6,5,3.9166666666666665,21.666666666666668,64.82499999999999,18,5,1,Low
SCH0470,Govt. Elementary School Handa,Jalandhar,Nakodar,348,Primary,Punjabi,86.33630648310493,26,2,7.6923076923076925,3,11.538461538461538,400.3999999999999,11,22779.0,2070.818181818182,33.333333333333336,7,4,5,3.0,40.0,70.37916666666666,12,5,4,High
SCH0471,Govt. Elementary School Chad,Sangrur,Unknown,285,Upper Primary,Punjabi,79.58346662668596,35,0,0.0,0,0.0,688.7999999999997,19,37594.0,1978.6315789473683,57.57575757575758,9,8,5,3.3499999999999996,33.00000000000001,56.85,8,5,2,Moderate
SCH0472,Govt. Senior Secondary School Nazareth,Jalandhar,Unknown,108,Primary,English,84.26795933497334,31,1,3.225806451612903,1,3.225806451612903,449.8999999999999,12,30136.0,2511.3333333333335,36.36363636363637,7,5,5,4.5,10.0,67.90666666666667,15,4,1,Low
SCH0473,Govt. Middle School Nori,Jalandhar,Phillaur,346,Primary,Hindi,77.89179287349712,30,1,3.3333333333333335,0,0.0,609.4999999999999,18,41795.0,2321.9444444444443,54.54545454545455,8,6,5,3.8333333333333335,23.333333333333332,64.06333333333333,15,5,1,Low
SCH0474,Govt. Senior Secondary School Borra,Sangrur,Dhuri,286,Higher Secondary,Hindi,82.10092379328566,46,1,2.1739130434782608,2,4.3478260869565215,765.7999999999997,21,60093.0,2861.5714285714284,63.63636363636363,11,8,5,3.285714285714286,34.28571428571428,61.78888888888889,9,6,1,Low
SCH0475,Govt. Primary School Prakash,Bathinda,Maur,410,Higher Secondary,Punjabi,84.61997365736904,36,4,11.11111111111111,3,8.333333333333334,701.2999999999998,21,41145.0,1959.2857142857142,63.63636363636363,11,6,5,3.1666666666666665,36.66666666666667,63.70769230769231,13,6,3,Moderate
SCH0476,Govt. Primary School Chowdhury,Jalandhar,Jalandhar-I,48,Higher Secondary,Hindi,74.78177238755787,35,1,2.857142857142857,0,0.0,712.3999999999997,22,48936.0,2224.3636363636365,66.66666666666667,8,7,5,4.004761904761905,19.904761904761905,67.56538461538462,13,6,1,Low
SCH0477,Govt. Primary School Gupta,Ludhiana,Ludhiana-I,87,Upper Primary,Punjabi,84.57448314893813,21,0,0.0,1,4.761904761904762,979.7999999999996,28,60439.0,2158.535714285714,84.84848484848484,9,7,5,2.9333333333333336,41.33333333333333,68.76000000000002,5,4,1,Low
SCH0478,Govt. Elementary School Padmanabhan,Ferozepur,Makhu,62,Higher Secondary,Punjabi,84.93899554520394,30,0,0.0,4,13.333333333333334,555.9999999999999,16,26699.0,1668.6875,48.484848484848484,10,4,5,3.9999999999999996,20.000000000000007,66.45,13,6,2,Moderate
SCH0479,Govt. Primary School Tank,Moga,Moga-I,257,Higher Secondary,Hindi,84.86034555125428,45,4,8.88888888888889,1,2.2222222222222223,600.3999999999999,17,28350.0,1667.6470588235295,51.515151515151516,9,5,5,3.1,38.0,64.95,8,4,3,Moderate
SCH0480,Govt. Primary School Brar,Unknown,Makhu,136,Primary,Punjabi,81.5092609002463,41,1,2.4390243902439024,2,4.878048780487805,499.89999999999986,16,38474.0,2404.625,48.484848484848484,8,7,5,4.333333333333333,13.33333333333334,67.88888888888889,9,5,1,Low
SCH0481,Govt. Middle School Bhatti,Patiala,Samana,249,Upper Primary,Hindi,81.24218603137004,26,2,7.6923076923076925,2,7.6923076923076925,796.2999999999997,24,49937.0,2080.7083333333335,72.72727272727273,9,7,5,4.1,18.000000000000007,70.7392857142857,14,5,2,Moderate
SCH0482,Govt. Elementary School Sibal,Ferozepur,Makhu,353,Higher Secondary,Hindi,83.46826558152597,36,2,5.555555555555555,2,5.555555555555555,669.0999999999999,20,34044.0,1702.2,60.60606060606061,11,6,5,3.4000000000000004,31.999999999999993,62.847619047619034,21,6,1,Low
SCH0483,Govt. Middle School Varkey,Sangrur,Sunam,229,Higher Secondary,Punjabi,79.85349766667909,25,0,0.0,0,0.0,624.6999999999999,19,45902.0,2415.8947368421054,57.57575757575758,10,8,5,3.3333333333333335,33.33333333333333,70.51818181818182,11,5,1,Low
SCH0484,Govt. Elementary School Hayre,Jalandhar,Jalandhar-I,422,Upper Primary,Hindi,81.257694960969,49,3,6.122448979591836,2,4.081632653061225,495.5999999999999,14,40283.0,2877.3571428571427,42.42424242424242,9,7,5,2.6666666666666665,46.66666666666667,60.36666666666667,12,6,3,Moderate
SCH0485,Govt. Senior Secondary School Gola,Ludhiana,Ludhiana-Ii,239,Primary,Hindi,81.43508252956357,39,3,7.6923076923076925,2,5.128205128205129,699.5999999999998,22,53187.0,2417.590909090909,66.66666666666667,11,9,5,4.25,15.0,72.82727272727273,11,6,1,Low
SCH0486,Govt. Primary School Johal,Ferozepur,Ferozepur,72,Secondary,Punjabi,81.70977041017525,41,2,4.878048780487805,0,0.0,814.0999999999997,24,52687.0,2195.2916666666665,72.72727272727273,11,8,5,2.05,59.0,66.26071428571427,14,6,1,Low
SCH0487,Govt. Senior Secondary School Keer,Bathinda,Bathinda,436,Higher Secondary,Hindi,83.49712323469637,33,1,3.0303030303030303,1,3.0303030303030303,545.9999999999999,16,28135.0,1758.4375,48.484848484848484,9,7,5,3.6,28.0,65.81000000000002,10,6,1,Low
SCH0488,Govt. Primary School Nayak,Bathinda,Maur,57,Upper Primary,Punjabi,85.67745019269496,34,5,14.705882352941176,2,5.882352941176471,537.0999999999998,15,32435.0,2162.3333333333335,45.45454545454545,9,6,5,3.3,34.00000000000001,61.346875,16,6,3,Moderate
SCH0489,Govt. Elementary School Pant,Jalandhar,Jalandhar-I,181,Secondary,Hindi,81.09475565962549,41,2,4.878048780487805,3,7.317073170731708,785.9999999999998,24,49452.0,2060.5,72.72727272727273,10,6,5,4.017857142857143,19.642857142857135,61.661538461538456,13,6,2,Moderate
SCH0490,Govt. Middle School Dutta,Ludhiana,Ludhiana-I,86,Secondary,Hindi,78.71210445243965,38,2,5.2631578947368425,0,0.0,628.1999999999998,19,38121.0,2006.3684210526317,57.57575757575758,10,7,5,3.483333333333334,30.333333333333325,67.52727272727273,11,6,1,Low
SCH0491,Govt. Primary School Raman,Unknown,Dhuri,334,Upper Primary,Hindi,80.74880922232623,32,2,6.25,1,3.125,542.3999999999999,16,29301.0,1831.3125,48.484848484848484,9,6,5,3.166666666666667,36.666666666666664,63.05555555555556,18,5,3,Moderate
SCH0492,Govt. Middle School Dalal,Bathinda,Rampura Phul,99,Secondary,Punjabi,79.80549645577469,34,1,2.9411764705882355,1,2.9411764705882355,469.9999999999999,14,26387.0,1884.7857142857142,42.42424242424242,9,5,5,3.5,30.0,64.89500000000001,20,6,2,Moderate
SCH0493,Govt. Primary School Bhattacharyya,Sangrur,Sunam,427,Higher Secondary,English,81.25595534808679,38,1,2.6315789473684212,2,5.2631578947368425,721.8999999999997,20,48898.0,2444.9,60.60606060606061,9,5,5,3.1071428571428568,37.85714285714287,58.10555555555556,9,5,2,Moderate
SCH0494,Govt. Senior Secondary School Kurian,Amritsar,Tarn Taran,364,Upper Primary,Punjabi,81.43368931849271,33,3,9.090909090909092,0,0.0,784.2999999999997,22,47786.0,2172.090909090909,66.66666666666667,11,8,5,2.083333333333333,58.333333333333336,63.41,15,6,2,Moderate
SCH0495,Govt. Elementary School Sandal,Moga,Moga-I,398,Upper Primary,English,78.91725673097004,39,1,2.5641025641025643,0,0.0,797.0999999999997,24,57311.0,2387.9583333333335,72.72727272727273,9,7,5,3.7428571428571424,25.14285714285715,64.38333333333333,12,5,1,Low
SCH0496,Govt. Middle School Hayre,Amritsar,Amritsar-Ii,283,Upper Primary,Hindi,79.94593268818879,31,4,12.903225806451612,0,0.0,971.8999999999996,27,66919.0,2478.4814814814813,81.81818181818181,10,9,5,3.428571428571428,31.428571428571438,59.43,15,5,2,Moderate
SCH0497,Govt. Senior Secondary School Wali,Sangrur,Sunam,160,Secondary,Hindi,81.98973755763458,26,1,3.8461538461538463,1,3.8461538461538463,513.5999999999999,15,33788.0,2252.5333333333333,45.45454545454545,9,6,5,3.333333333333333,33.333333333333336,55.01428571428572,7,6,2,Moderate
SCH0498,Govt. Elementary School Pillay,Moga,Moga-Ii,438,Primary,Hindi,77.68666892479273,26,1,3.8461538461538463,0,0.0,992.6999999999996,31,69431.0,2239.7096774193546,93.93939393939394,11,9,5,2.666666666666667,46.666666666666664,68.31153846153846,13,6,2,Moderate
SCH0499,Govt. Middle School Oak,Ludhiana,Machhiwara,230,Higher Secondary,Hindi,76.68507847796522,26,2,7.6923076923076925,0,0.0,685.8999999999997,19,42987.0,2262.4736842105262,57.57575757575758,8,8,5,3.0,40.0,64.44375,8,3,3,Moderate
SCH0500,Govt. Elementary School Kala,Bathinda,Talwandi Sabo,153,Upper Primary,Hindi,83.89342941661201,27,2,7.407407407407407,2,7.407407407407407,921.2999999999997,28,66071.0,2359.6785714285716,84.84848484848484,10,9,5,4.25,15.0,60.36363636363637,11,5,3,Moderate
SCH0501,Govt. Primary School Devi,Ludhiana,Doraha,241,Upper Primary,Punjabi,83.41422035552168,34,2,5.882352941176471,1,2.9411764705882355,559.6999999999999,16,31413.0,1963.3125,48.484848484848484,8,5,5,4.25,15.0,62.85000000000001,18,6,2,Moderate
SCH0502,Govt. Middle School Yogi,Moga,Moga-I,46,Higher Secondary,English,79.17022608760306,37,2,5.405405405405405,2,5.405405405405405,469.8999999999999,15,26937.0,1795.8,45.45454545454545,9,5,5,3.6666666666666665,26.666666666666668,66.6975,20,6,2,Moderate
SCH0503,Govt. Elementary School Lala,Jalandhar,Nakodar,161,Secondary,Punjabi,79.9227377470875,36,1,2.7777777777777777,3,8.333333333333334,511.3999999999998,15,48321.0,3221.4,45.45454545454545,6,7,5,3.9999999999999996,20.000000000000007,68.22727272727273,11,3,3,Moderate
SCH0504,Govt. Senior Secondary School Barad,Moga,Bagha Purana,245,Upper Primary,English,80.56836069692096,39,0,0.0,0,0.0,670.6999999999998,19,34073.0,1793.3157894736842,57.57575757575758,10,6,5,3.8333333333333335,23.333333333333332,65.52083333333333,12,4,0,Low
SCH0505,Govt. Primary School Chakraborty,Patiala,Rajpura,235,Upper Primary,Punjabi,82.10731064481205,20,1,5.0,1,5.0,603.9999999999999,17,34393.0,2023.1176470588234,51.515151515151516,9,5,5,3.0666666666666664,38.66666666666667,71.41111111111111,18,5,2,Moderate
SCH0506,Govt. Primary School Parekh,Jalandhar,Nakodar,442,Secondary,Hindi,85.02120602864503,37,2,5.405405405405405,2,5.405405405405405,679.0999999999998,21,42168.0,2008.0,63.63636363636363,10,8,5,3.8000000000000003,23.999999999999993,68.3125,12,6,0,Low
SCH0507,Govt. Middle School Gola,Ludhiana,Ludhiana-Ii,170,Primary,English,83.7621394058843,31,3,9.67741935483871,1,3.225806451612903,656.8999999999999,19,46222.0,2432.7368421052633,57.57575757575758,11,8,5,4.0,20.0,68.35,6,5,1,Low
SCH0508,Govt. Senior Secondary School Kara,Bathinda,Rampura Phul,50,Secondary,Hindi,84.64415510330838,37,2,5.405405405405405,3,8.108108108108109,913.2999999999996,27,60904.0,2255.703703703704,81.81818181818181,9,7,5,2.6666666666666665,46.66666666666667,67.80454545454546,11,4,2,Moderate
SCH0509,Govt. Elementary School Maharaj,Jalandhar,Nakodar,221,Higher Secondary,Punjabi,81.26304817772711,33,1,3.0303030303030303,1,3.0303030303030303,579.4999999999998,17,39383.0,2316.6470588235293,51.515151515151516,9,6,5,3.666666666666666,26.66666666666668,73.0,6,3,1,Low
SCH0510,Govt. Middle School Kant,Bathinda,Talwandi Sabo,363,Upper Primary,Hindi,81.61314260776922,28,2,7.142857142857143,0,0.0,585.9999999999999,18,43795.0,2433.0555555555557,54.54545454545455,10,7,5,2.5,50.0,66.33125000000001,16,5,2,Moderate
SCH0511,Govt. Middle School Kuruvilla,Ferozepur,Ferozepur,80,Upper Primary,Hindi,80.38128566725607,38,5,13.157894736842104,1,2.6315789473684212,661.9999999999998,20,47787.0,2389.35,60.60606060606061,8,7,5,3.5,30.0,69.23,10,6,1,Low
SCH0512,Govt. Elementary School Chana,Ferozepur,Makhu,267,Secondary,Hindi,82.70688600985447,36,1,2.7777777777777777,0,0.0,451.5999999999999,14,28621.0,2044.357142857143,42.42424242424242,7,6,5,3.1333333333333333,37.33333333333333,63.83,10,5,2,Moderate
SCH0513,Govt. Primary School Sachdeva,Ludhiana,Ludhiana-Ii,412,Secondary,Punjabi,83.37638906847525,36,2,5.555555555555555,3,8.333333333333334,671.4999999999998,20,51353.0,2567.65,60.60606060606061,9,7,5,4.0,20.0,62.383333333333326,9,5,2,Moderate
SCH0514,Govt. Primary School Mahal,Amritsar,Amritsar-I,72,Higher Secondary,Hindi,79.02858443106871,28,0,0.0,0,0.0,890.3999999999996,26,64762.0,2490.846153846154,78.78787878787878,8,8,5,3.3000000000000003,33.99999999999999,63.3078947368421,19,6,2,Moderate
SCH0515,Govt. Elementary School Rattan,Amritsar,Amritsar-I,174,Primary,Hindi,82.17447605021283,45,1,2.2222222222222223,2,4.444444444444445,742.0999999999997,22,34657.0,1575.3181818181818,66.66666666666667,9,5,5,2.833333333333333,43.333333333333336,68.46111111111111,9,4,1,Low
SCH0516,Govt. Middle School Misra,Bathinda,Talwandi Sabo,360,Upper Primary,English,81.15789524501578,26,0,0.0,3,11.538461538461538,612.2999999999998,17,28762.0,1691.8823529411766,51.515151515151516,10,8,5,3.9999999999999996,20.000000000000007,75.4875,8,4,2,Moderate
SCH0517,Govt. Senior Secondary School Mangat,Sangrur,Dhuri,316,Higher Secondary,Punjabi,82.36815217088807,25,1,4.0,2,8.0,512.6999999999999,15,34207.0,2280.4666666666667,45.45454545454545,8,7,5,3.666666666666667,26.666666666666664,61.43928571428571,14,4,3,Moderate
SCH0518,Govt. Elementary School Sibal,Ferozepur,Makhu,217,Upper Primary,Punjabi,79.53062253587355,38,2,5.2631578947368425,3,7.894736842105263,695.0999999999998,21,38498.0,1833.2380952380952,63.63636363636363,10,6,5,2.3333333333333335,53.33333333333333,68.64642857142857,14,5,3,Moderate
SCH0519,Govt. Elementary School Palan,Unknown,Maur,195,Upper Primary,Punjabi,81.72644377462252,38,2,5.2631578947368425,2,5.2631578947368425,605.3,19,34211.0,1800.578947368421,57.57575757575758,9,7,5,3.0,40.0,67.59,15,6,1,Low
SCH0520,Govt. Primary School Banerjee,Sangrur,Malerkotla,44,Secondary,Hindi,82.75901300647514,32,1,3.125,3,9.375,937.7999999999995,29,65151.0,2246.5862068965516,87.87878787878788,10,8,5,3.1666666666666665,36.66666666666667,63.119230769230775,13,6,3,Moderate
SCH0521,Govt. Senior Secondary School Sharaf,Ferozepur,Mamdot,242,Higher Secondary,Punjabi,80.19506945753764,27,1,3.7037037037037037,2,7.407407407407407,498.4999999999999,13,34223.0,2632.5384615384614,39.39393939393939,7,5,5,3.3333333333333335,33.33333333333333,74.45833333333333,12,6,2,Moderate
SCH0522,Govt. Primary School Lalla,Patiala,Samana,185,Secondary,English,80.95093484194699,29,1,3.4482758620689653,1,3.4482758620689653,539.1999999999999,15,47317.0,3154.4666666666667,45.45454545454545,8,7,5,4.0,20.0,71.21666666666667,12,6,1,Low
SCH0523,Govt. Primary School Hora,Amritsar,Tarn Taran,356,Higher Secondary,Hindi,80.02716094585422,31,1,3.225806451612903,0,0.0,634.1999999999998,18,34792.0,1932.888888888889,54.54545454545455,9,5,5,4.033333333333333,19.333333333333336,69.62,10,6,0,Low
SCH0524,Govt. Primary School Sabharwal,Ludhiana,Ludhiana-Ii,92,Upper Primary,Hindi,82.43407333637383,34,0,0.0,1,2.9411764705882355,543.1999999999998,16,39760.0,2485.0,48.484848484848484,8,6,5,3.357142857142857,32.857142857142854,62.16875,16,5,2,Moderate
SCH0525,Govt. Elementary School Karpe,Ludhiana,Machhiwara,151,Secondary,Punjabi,81.09189100616464,31,3,9.67741935483871,1,3.225806451612903,564.7999999999998,17,40964.0,2409.6470588235293,51.515151515151516,10,6,5,3.5833333333333335,28.333333333333332,63.59,15,5,2,Moderate
SCH0526,Govt. Elementary School Raman,Ludhiana,Unknown,81,Upper Primary,Punjabi,81.06825847200031,33,0,0.0,1,3.0303030303030303,474.59999999999985,14,25651.0,1832.2142857142858,42.42424242424242,9,6,5,2.9642857142857144,40.71428571428571,59.872727272727275,11,4,3,Moderate
SCH0527,Govt. Senior Secondary School Bath,Jalandhar,Jalandhar-Ii,168,Primary,Punjabi,82.63870187288593,29,2,6.896551724137931,0,0.0,579.3999999999999,17,31401.0,1847.1176470588234,51.515151515151516,8,7,5,3.45,30.999999999999993,65.06666666666668,12,6,1,Low
SCH0528,Govt. Senior Secondary School Sunder,Patiala,Patiala,141,Primary,English,82.53160402363551,37,2,5.405405405405405,0,0.0,708.4999999999999,21,43283.0,2061.095238095238,63.63636363636363,9,6,5,4.0,20.0,68.81666666666666,12,5,0,Low
SCH0529,Govt. Middle School Ganguly,Moga,Moga-Ii,362,Primary,Punjabi,83.31940521044781,34,2,5.882352941176471,4,11.764705882352942,481.5999999999999,15,31860.0,2124.0,45.45454545454545,7,6,5,3.0,40.0,68.0423076923077,13,5,3,Moderate
SCH0530,Govt. Middle School Kata,Patiala,Patiala,160,Secondary,Punjabi,81.61777148101244,30,2,6.666666666666667,0,0.0,650.1999999999998,18,31986.0,1777.0,54.54545454545455,9,8,5,3.5833333333333335,28.333333333333332,62.19444444444444,9,4,1,Low
SCH0531,Govt. Senior Secondary School Acharya,Patiala,Patiala,61,Higher Secondary,Punjabi,84.18872489060115,21,2,9.523809523809524,1,4.761904761904762,1121.4999999999998,32,67497.0,2109.28125,96.96969696969697,11,9,5,3.333333333333333,33.333333333333336,70.21875,8,4,1,Low
SCH0532,Govt. Primary School Sahni,Patiala,Unknown,295,Secondary,Hindi,77.31024596355405,24,0,0.0,0,0.0,693.9999999999998,21,43218.0,2058.0,63.63636363636363,10,7,5,3.2,35.99999999999999,69.18181818181819,11,6,2,Moderate
SCH0533,Govt. Elementary School Tailor,Amritsar,Amritsar-Ii,289,Secondary,Punjabi,81.68771043907405,33,1,3.0303030303030303,0,0.0,732.3999999999997,20,47268.0,2363.4,60.60606060606061,11,7,5,3.6333333333333333,27.333333333333332,56.268750000000004,16,5,1,Low
SCH0534,Govt. Elementary School Pau,Ferozepur,Makhu,410,Primary,Hindi,79.79210501721629,44,2,4.545454545454546,0,0.0,689.5999999999998,20,46683.0,2334.15,60.60606060606061,9,6,5,3.088636363636364,38.22727272727273,73.45769230769231,13,5,2,Moderate
SCH0535,Govt. Elementary School Viswanathan,Sangrur,Sunam,330,Secondary,Hindi,86.25473979209755,42,2,4.761904761904762,2,4.761904761904762,655.0999999999998,19,36556.0,1924.0,57.57575757575758,9,5,5,3.0357142857142856,39.28571428571429,67.81111111111112,9,3,1,Low
SCH0536,Govt. Middle School Chandran,Jalandhar,Jalandhar-I,311,Secondary,Hindi,78.70619262172478,50,2,4.0,1,2.0,667.9999999999998,20,43361.0,2168.05,60.60606060606061,9,7,5,4.016666666666667,19.666666666666668,67.72272727272728,22,4,1,Low
SCH0537,Govt. Senior Secondary School Jayaraman,Ferozepur,Zira,49,Secondary,Punjabi,81.63582520376924,29,2,6.896551724137931,1,3.4482758620689653,838.2999999999997,25,59431.0,2377.24,75.75757575757575,9,9,5,2.0,60.0,64.45666666666666,15,5,1,Low
SCH0538,Govt. Middle School Wali,Ferozepur,Zira,308,Upper Primary,English,81.58005343791966,24,1,4.166666666666667,2,8.333333333333334,775.4999999999998,23,47975.0,2085.8695652173915,69.6969696969697,10,7,5,3.5,30.0,70.43529411764706,17,4,1,Low
SCH0539,Govt. Senior Secondary School Kalita,Amritsar,Amritsar-I,307,Primary,Punjabi,81.43346735633905,27,2,7.407407407407407,1,3.7037037037037037,844.5999999999997,24,53948.0,2247.8333333333335,72.72727272727273,9,8,5,5.0,0.0,58.375,10,4,2,Moderate
SCH0540,Govt. Elementary School Dugal,Patiala,Patiala,288,Primary,Hindi,83.12375015545243,49,5,10.204081632653061,2,4.081632653061225,669.2999999999998,20,36428.0,1821.4,60.60606060606061,9,8,5,3.1333333333333333,37.33333333333333,64.81538461538462,13,5,2,Moderate
SCH0541,Govt. Senior Secondary School Badami,Bathinda,Bathinda,227,Primary,Punjabi,80.8720633887954,31,0,0.0,0,0.0,796.8999999999999,23,42459.0,1846.0434782608695,69.6969696969697,8,6,5,3.1666666666666665,36.66666666666667,69.65833333333333,18,5,1,Low
SCH0542,Govt. Primary School Balasubramanian,Sangrur,Sangrur,224,Higher Secondary,English,80.65754695610711,32,0,0.0,1,3.125,783.6999999999997,22,53039.0,2410.8636363636365,66.66666666666667,9,5,5,3.766666666666667,24.66666666666666,76.60000000000001,11,5,0,Low
SCH0543,Govt. Primary School Dey,Ludhiana,Ludhiana-I,195,Upper Primary,Hindi,82.83674444032702,40,5,12.5,2,5.0,879.4999999999997,26,59707.0,2296.423076923077,78.78787878787878,11,8,5,3.642857142857143,27.142857142857146,66.75,13,4,1,Low
SCH0544,Govt. Senior Secondary School Khalsa,Ferozepur,Zira,138,Upper Primary,Hindi,78.36506073922996,28,0,0.0,0,0.0,878.9999999999997,26,55371.0,2129.653846153846,78.78787878787878,9,9,5,3.5500000000000003,28.999999999999993,60.58214285714286,14,6,2,Moderate
SCH0545,Govt. Elementary School Prabhakar,Ferozepur,Ferozepur,432,Secondary,Hindi,83.87933970782382,26,4,15.384615384615385,1,3.8461538461538463,675.4999999999998,20,43983.0,2199.15,60.60606060606061,9,6,5,3.4166666666666665,31.666666666666668,67.21538461538461,13,5,1,Low
SCH0546,Govt. Elementary School Prabhakar,Jalandhar,Phillaur,298,Upper Primary,English,81.96566100298075,46,7,15.217391304347826,0,0.0,597.6999999999998,17,33305.0,1959.1176470588234,51.515151515151516,8,5,5,4.0,20.0,68.42083333333333,12,5,2,Moderate
SCH0547,Govt. Middle School Lad,Moga,Bagha Purana,251,Higher Secondary,Hindi,80.31135561700408,41,2,4.878048780487805,2,4.878048780487805,585.8999999999999,17,49401.0,2905.9411764705883,51.515151515151516,7,6,5,3.65,27.0,69.72380952380952,21,5,1,Low
SCH0548,Govt. Elementary School Yohannan,Patiala,Rajpura,432,Secondary,Punjabi,85.67408210042483,35,2,5.714285714285714,3,8.571428571428571,623.2999999999998,19,42377.0,2230.3684210526317,57.57575757575758,9,6,5,2.9999999999999996,40.000000000000014,70.91153846153847,13,5,2,Moderate
SCH0549,Govt. Middle School Krishnamurthy,Ludhiana,Unknown,185,Upper Primary,Hindi,79.46298415315512,35,0,0.0,0,0.0,479.89999999999986,14,36497.0,2606.9285714285716,42.42424242424242,7,6,4,3.0,25.0,70.57692307692308,13,6,2,Moderate
SCH0550,Govt. Senior Secondary School Mittal,Patiala,Unknown,51,Secondary,Punjabi,81.71060399388898,37,2,5.405405405405405,2,5.405405405405405,613.8999999999999,18,45350.0,2519.4444444444443,54.54545454545455,9,5,5,4.0,20.0,64.82857142857142,14,5,0,Low
SCH0551,Govt. Middle School Tara,Moga,Unknown,110,Upper Primary,Punjabi,81.49755315801852,40,3,7.5,2,5.0,758.6999999999997,23,58752.0,2554.4347826086955,69.6969696969697,10,7,5,2.1666666666666665,56.66666666666667,62.71071428571428,14,5,3,Moderate
SCH0552,Govt. Primary School Bhavsar,Patiala,Patiala,410,Higher Secondary,English,82.48557911860779,32,3,9.375,1,3.125,584.3999999999999,18,41004.0,2278.0,54.54545454545455,8,5,5,3.9107142857142856,21.78571428571429,67.64285714285714,21,6,1,Low
SCH0553,Govt. Elementary School Brar,Ludhiana,Machhiwara,80,Secondary,Punjabi,85.1886012877803,24,2,8.333333333333334,1,4.166666666666667,980.0999999999996,30,68785.0,2292.8333333333335,90.9090909090909,9,9,5,3.1333333333333333,37.33333333333333,65.66428571428573,14,6,2,Moderate
SCH0554,Govt. Primary School Din,Patiala,Patiala,364,Higher Secondary,Hindi,82.37178149428846,33,1,3.0303030303030303,1,3.0303030303030303,819.5999999999997,25,43616.0,1744.64,75.75757575757575,9,8,5,3.5833333333333335,28.333333333333332,69.27380952380952,21,6,0,Low
SCH0555,Govt. Elementary School Mukhopadhyay,Jalandhar,Nakodar,297,Upper Primary,Hindi,80.87270519501206,45,2,4.444444444444445,0,0.0,582.5999999999999,17,38110.0,2241.764705882353,51.515151515151516,9,8,5,4.1,18.000000000000007,64.58823529411767,17,6,1,Low
SCH0556,Govt. Middle School Dar,Amritsar,Unknown,261,Higher Secondary,Hindi,79.01660681203882,36,3,8.333333333333334,1,2.7777777777777777,546.4999999999998,17,28000.0,1647.0588235294117,51.515151515151516,10,6,5,3.7222222222222223,25.555555555555554,63.150000000000006,8,4,4,High
SCH0557,Govt. Senior Secondary School Raghavan,Ludhiana,Machhiwara,174,Higher Secondary,Punjabi,79.36865985316274,32,0,0.0,1,3.125,516.1999999999999,16,24588.0,1536.75,48.484848484848484,9,7,5,3.25,35.0,64.24107142857143,28,6,2,Moderate
SCH0558,Govt. Senior Secondary School Morar,Patiala,Rajpura,242,Upper Primary,English,80.85371114038442,35,1,2.857142857142857,3,8.571428571428571,838.2999999999997,25,61164.0,2446.56,75.75757575757575,11,7,5,4.266666666666667,14.666666666666668,66.12692307692308,13,4,1,Low
SCH0559,Govt. Elementary School Bera,Ferozepur,Makhu,390,Primary,English,78.60962931696105,36,2,5.555555555555555,1,2.7777777777777777,574.1999999999998,17,38742.0,2278.9411764705883,51.515151515151516,11,8,5,3.833333333333333,23.33333333333334,65.19285714285715,14,5,2,Moderate
SCH0560,Govt. Senior Secondary School Rajagopalan,Patiala,Samana,216,Primary,Hindi,80.76823458806703,39,0,0.0,4,10.256410256410257,587.1999999999998,18,38170.0,2120.5555555555557,54.54545454545455,10,6,5,3.6500000000000004,26.999999999999993,70.24333333333334,15,6,1,Low
SCH0561,Govt. Middle School Mishra,Unknown,Sunam,265,Upper Primary,Punjabi,85.53295456396025,32,2,6.25,1,3.125,618.8999999999997,17,51982.0,3057.764705882353,51.515151515151516,9,8,5,2.1666666666666665,56.66666666666667,78.66363636363636,11,6,2,Moderate
SCH0562,Govt. Middle School Andra,Amritsar,Unknown,164,Upper Primary,Punjabi,83.10633626141625,26,2,7.6923076923076925,1,3.8461538461538463,787.0999999999997,24,64210.0,2675.4166666666665,72.72727272727273,11,9,5,3.5,30.0,65.79444444444444,18,5,1,Low
SCH0563,Govt. Senior Secondary School Nayak,Unknown,Talwandi Sabo,281,Upper Primary,Hindi,79.58062334606372,19,1,5.2631578947368425,0,0.0,488.4999999999999,14,38183.0,2727.3571428571427,42.42424242424242,9,3,5,3.4166666666666665,31.666666666666668,66.70416666666667,12,6,2,Moderate
SCH0564,Govt. Primary School Nair,Bathinda,Talwandi Sabo,358,Upper Primary,Hindi,82.51563741576592,26,3,11.538461538461538,0,0.0,617.4999999999999,18,38117.0,2117.6111111111113,54.54545454545455,10,5,5,3.845238095238095,23.095238095238102,67.74999999999999,11,6,1,Low
SCH0565,Govt. Middle School Kibe,Ludhiana,Unknown,127,Upper Primary,Punjabi,81.86736275829851,36,2,5.555555555555555,1,2.7777777777777777,672.3999999999997,19,45419.0,2390.4736842105262,57.57575757575758,9,6,5,3.3333333333333335,33.33333333333333,69.50666666666667,15,6,0,Low
SCH0566,Govt. Primary School Ramachandran,Amritsar,Tarn Taran,378,Secondary,Punjabi,82.59386302970144,33,1,3.0303030303030303,3,9.090909090909092,484.39999999999986,15,26446.0,1763.0666666666666,45.45454545454545,9,7,5,3.164285714285714,36.714285714285715,66.46315789473685,19,5,3,Moderate
SCH0567,Govt. Elementary School Sawhney,Patiala,Rajpura,300,Primary,Hindi,83.14523475168184,44,4,9.090909090909092,2,4.545454545454546,541.7999999999998,17,34093.0,2005.4705882352941,51.515151515151516,11,6,5,3.0952380952380953,38.09523809523809,66.58666666666667,15,5,3,Moderate
SCH0568,Govt. Primary School Zachariah,Amritsar,Unknown,141,Higher Secondary,Hindi,81.20091126303396,44,0,0.0,1,2.272727272727273,596.1999999999998,19,55997.0,2947.2105263157896,57.57575757575758,8,6,5,3.6428571428571432,27.14285714285713,67.49117647058823,17,6,0,Low
SCH0569,Govt. Middle School Gill,Bathinda,Rampura Phul,290,Upper Primary,English,79.64280908181,30,0,0.0,1,3.3333333333333335,722.6999999999998,21,45929.0,2187.095238095238,63.63636363636363,8,8,5,3.2,35.99999999999999,75.83235294117648,17,6,2,Moderate
SCH0570,Govt. Primary School Padmanabhan,Patiala,Samana,71,Higher Secondary,English,77.38831393357827,39,0,0.0,1,2.5641025641025643,614.0999999999998,18,41436.0,2302.0,54.54545454545455,9,8,5,4.166666666666666,16.66666666666668,60.35882352941176,17,6,2,Moderate
SCH0571,Govt. Elementary School Gaba,Patiala,Nabha,214,Upper Primary,Hindi,75.16317319416906,36,2,5.555555555555555,1,2.7777777777777777,450.0999999999999,14,31656.0,2261.1428571428573,42.42424242424242,10,7,5,3.9166666666666665,21.666666666666668,68.62916666666666,12,5,2,Moderate
SCH0572,Govt. Middle School Dey,Patiala,Rajpura,163,Higher Secondary,Hindi,83.36859687875032,33,2,6.0606060606060606,1,3.0303030303030303,644.0999999999998,19,48364.0,2545.4736842105262,57.57575757575758,8,7,5,2.5000000000000004,49.999999999999986,65.178125,16,5,1,Low
SCH0573,Govt. Middle School Thakkar,Patiala,Nabha,337,Upper Primary,Hindi,81.54387637238706,37,1,2.7027027027027026,2,5.405405405405405,640.4999999999998,18,42665.0,2370.277777777778,54.54545454545455,10,8,5,4.25,15.0,70.21538461538462,13,5,0,Low
SCH0574,Govt. Primary School Deep,Jalandhar,Phillaur,434,Upper Primary,Hindi,78.71543523426324,32,1,3.125,0,0.0,802.1999999999997,24,47080.0,1961.6666666666667,72.72727272727273,11,7,5,3.8333333333333335,23.333333333333332,63.675,8,5,1,Low
SCH0575,Govt. Middle School Nair,Ludhiana,Doraha,251,Secondary,Hindi,80.61898243414778,27,1,3.7037037037037037,1,3.7037037037037037,615.2999999999998,17,45961.0,2703.5882352941176,51.515151515151516,9,7,4,3.5,12.5,69.71388888888889,18,5,1,Low
SCH0576,Govt. Senior Secondary School Tripathi,Unknown,Amritsar-Ii,134,Secondary,Hindi,79.51079419190928,31,2,6.451612903225806,0,0.0,637.1999999999999,19,45165.0,2377.1052631578946,57.57575757575758,10,7,5,4.0,20.0,65.22333333333333,15,6,1,Low
SCH0577,Govt. Elementary School Magar,Ludhiana,Doraha,80,Higher Secondary,English,85.02419447035282,22,2,9.090909090909092,1,4.545454545454546,655.0999999999998,20,44004.0,2200.2,60.60606060606061,8,8,5,4.5,10.0,63.08636363636364,11,6,2,Moderate
SCH0578,Govt. Primary School Narasimhan,Jalandhar,Phillaur,291,Upper Primary,Punjabi,82.56447138760608,34,1,2.9411764705882355,0,0.0,427.1999999999999,12,38132.0,3177.6666666666665,36.36363636363637,6,5,5,4.25,15.0,65.57142857142858,14,6,1,Low
SCH0579,Govt. Primary School Puri,Bathinda,Talwandi Sabo,153,Upper Primary,Punjabi,81.75025498269284,40,2,5.0,2,5.0,571.3999999999999,17,38670.0,2274.705882352941,51.515151515151516,9,7,5,3.0,40.0,64.1470588235294,17,6,2,Moderate
SCH0580,Govt. Primary School Apte,Sangrur,Malerkotla,274,Higher Secondary,Punjabi,80.85122913923966,32,2,6.25,0,0.0,617.1999999999998,18,42615.0,2367.5,54.54545454545455,8,5,5,3.6666666666666665,26.666666666666668,59.30555555555556,9,4,1,Low
SCH0581,Govt. Elementary School Srivastava,Moga,Nihal Singh Wala,353,Primary,Punjabi,84.05893908831409,31,3,9.67741935483871,3,9.67741935483871,629.0999999999998,18,37543.0,2085.722222222222,54.54545454545455,10,8,5,3.333333333333333,33.333333333333336,63.908695652173925,23,6,2,Moderate
SCH0582,Govt. Primary School Tiwari,Unknown,Rajpura,416,Higher Secondary,Punjabi,85.29943725448669,25,0,0.0,2,8.0,739.4999999999998,23,37807.0,1643.7826086956522,69.6969696969697,8,6,5,4.25,15.0,67.36666666666666,6,4,1,Low
SCH0583,Govt. Middle School Dara,Ferozepur,Makhu,436,Higher Secondary,Punjabi,78.00218833886312,30,2,6.666666666666667,1,3.3333333333333335,978.0999999999997,29,78378.0,2702.689655172414,87.87878787878788,11,8,5,3.45,30.999999999999993,62.79375000000001,16,4,2,Moderate
SCH0584,Govt. Senior Secondary School Sahota,Jalandhar,Phillaur,370,Primary,English,79.80232960845935,45,2,4.444444444444445,2,4.444444444444445,688.1999999999998,22,47399.0,2154.5,66.66666666666667,10,7,5,4.0,20.0,59.824999999999996,14,6,2,Moderate
SCH0585,Govt. Primary School Bala,Sangrur,Sangrur,131,Upper Primary,Hindi,83.05717250634692,42,1,2.380952380952381,0,0.0,779.6999999999997,23,42923.0,1866.2173913043478,69.6969696969697,10,4,5,4.0,20.0,62.34166666666666,18,6,1,Low
SCH0586,Govt. Elementary School Tailor,Amritsar,Amritsar-I,98,Secondary,Hindi,82.03756353526305,46,2,4.3478260869565215,0,0.0,567.9999999999999,17,37344.0,2196.705882352941,51.515151515151516,10,7,5,4.142857142857143,17.142857142857135,63.959999999999994,10,4,1,Low
SCH0587,Govt. Senior Secondary School Verma,Jalandhar,Phillaur,321,Upper Primary,Hindi,82.46222647741199,26,1,3.8461538461538463,0,0.0,623.8,18,49313.0,2739.6111111111113,54.54545454545455,8,7,5,4.1499999999999995,17.00000000000001,70.93,10,6,0,Low
SCH0588,Govt. Senior Secondary School Sahota,Jalandhar,Jalandhar-I,254,Higher Secondary,Hindi,83.68651505331044,46,3,6.521739130434782,1,2.1739130434782608,635.0999999999998,19,33355.0,1755.5263157894738,57.57575757575758,9,6,5,3.75,25.0,63.0,11,4,1,Low
SCH0589,Govt. Elementary School Sarraf,Patiala,Patiala,358,Primary,Punjabi,82.65563121289492,26,2,7.6923076923076925,0,0.0,700.4999999999998,22,45222.0,2055.5454545454545,66.66666666666667,7,7,5,2.9999999999999996,40.000000000000014,64.26249999999999,12,4,2,Moderate
SCH0590,Govt. Elementary School Khare,Sangrur,Unknown,151,Higher Secondary,Hindi,84.46375300231684,30,2,6.666666666666667,0,0.0,659.5999999999999,20,44540.0,2227.0,60.60606060606061,10,7,5,3.6805555555555554,26.388888888888893,63.46874999999999,16,5,0,Low
SCH0591,Govt. Senior Secondary School Anand,Ludhiana,Unknown,320,Upper Primary,English,86.0947605176582,37,2,5.405405405405405,1,2.7027027027027026,635.8,18,37781.0,2098.9444444444443,54.54545454545455,9,7,5,3.1666666666666665,36.66666666666667,67.64444444444443,9,5,1,Low
SCH0592,Govt. Primary School Ray,Ludhiana,Unknown,56,Secondary,Punjabi,80.95304888568432,34,5,14.705882352941176,2,5.882352941176471,898.0999999999996,27,54750.0,2027.7777777777778,81.81818181818181,11,7,5,3.2000000000000006,35.999999999999986,68.634375,16,5,2,Moderate
SCH0593,Govt. Middle School Iyer,Jalandhar,Jalandhar-Ii,384,Upper Primary,Punjabi,80.91798433350272,42,3,7.142857142857143,1,2.380952380952381,763.3999999999997,23,52353.0,2276.217391304348,69.6969696969697,9,8,5,3.696428571428571,26.071428571428577,62.36052631578948,19,6,2,Moderate
SCH0594,Govt. Primary School Murthy,Bathinda,Rampura Phul,228,Primary,Hindi,83.24847061220139,23,0,0.0,0,0.0,624.6999999999998,18,31058.0,1725.4444444444443,54.54545454545455,8,7,5,4.0,20.0,68.79117647058824,17,6,0,Low
SCH0595,Govt. Primary School Char,Amritsar,Ajnala,208,Upper Primary,Hindi,80.92201943925055,33,2,6.0606060606060606,1,3.0303030303030303,630.9999999999999,19,47626.0,2506.6315789473683,57.57575757575758,9,7,5,3.0,40.0,69.60000000000001,11,4,1,Low
SCH0596,Govt. Middle School Tank,Amritsar,Tarn Taran,410,Secondary,Hindi,82.3104864919337,24,1,4.166666666666667,1,4.166666666666667,628.1999999999998,19,42219.0,2222.0526315789475,57.57575757575758,9,7,5,3.3333333333333335,33.33333333333333,69.07272727272726,11,5,0,Low
SCH0597,Govt. Senior Secondary School Zacharia,Moga,Moga-Ii,354,Higher Secondary,Hindi,83.4958888428788,36,2,5.555555555555555,1,2.7777777777777777,552.5999999999998,16,40300.0,2518.75,48.484848484848484,9,7,4,3.0,25.0,64.27727272727272,11,5,1,Low
SCH0598,Govt. Primary School Warrior,Bathinda,Maur,40,Higher Secondary,Hindi,85.24443354942261,35,3,8.571428571428571,3,8.571428571428571,762.9999999999998,22,39584.0,1799.2727272727273,66.66666666666667,10,7,5,3.75,25.0,68.30000000000001,16,4,2,Moderate
SCH0599,Govt. Senior Secondary School Vala,Ferozepur,Mamdot,63,Upper Primary,English,80.93549014358317,26,2,7.6923076923076925,2,7.6923076923076925,672.6999999999998,21,45002.0,2142.9523809523807,63.63636363636363,9,8,5,3.6,28.0,62.852777777777774,18,6,3,Moderate
SCH0600,Govt. Primary School Sandhu,Amritsar,Ajnala,193,Secondary,English,81.90161186667557,25,0,0.0,0,0.0,787.4999999999997,23,50274.0,2185.8260869565215,69.6969696969697,10,6,5,3.111111111111111,37.77777777777778,72.55416666666666,12,6,1,Low
